#include "lvgl.h"

#ifndef LV_ATTRIBUTE_MEM_ALIGN
#define LV_ATTRIBUTE_MEM_ALIGN
#endif

#ifndef LV_ATTRIBUTE_IMAGE_BUBBLE
#define LV_ATTRIBUTE_IMAGE_BUBBLE
#endif

const LV_ATTRIBUTE_MEM_ALIGN LV_ATTRIBUTE_LARGE_CONST LV_ATTRIBUTE_IMAGE_BUBBLE uint8_t Bubble_map[] = {
    0x00, 0x00, 0x00, 0x00, 0x00, 0x00, 0x00, 0x00, 0x00, 0x00, 0x00, 0x00, 0x00, 0x00, 0x00, 0x00,
  0x00, 0x00, 0x00, 0x00, 0x00, 0x00, 0x00, 0x00, 0x00, 0x00, 0x00, 0x00, 0x00, 0x00, 0x00, 0x00,
  0x00, 0x00, 0x00, 0x00, 0x00, 0x00, 0x00, 0x00, 0x00, 0x00, 0x00, 0x00, 0x00, 0x00, 0x00, 0x00,
  0x00, 0x00, 0x00, 0x00, 0x00, 0x00, 0x00, 0x00, 0x00, 0x00, 0x00, 0x00, 0x00, 0x00, 0x00, 0x00,
  0x00, 0x00, 0x00, 0x00, 0xff, 0xff, 0xff, 0x01, 0xb6, 0xb6, 0xb6, 0x07, 0x00, 0x00, 0x00, 0x00,
  0xc5, 0xc5, 0xc5, 0x77, 0xd7, 0xd7, 0xd7, 0xff, 0xc6, 0xc6, 0xc6, 0xfb, 0xc7, 0xc7, 0xc7, 0xff,
  0xc7, 0xc7, 0xc7, 0xff, 0xc7, 0xc7, 0xc7, 0xff, 0xc7, 0xc7, 0xc7, 0xff, 0xc7, 0xc7, 0xc7, 0xff,
  0xc7, 0xc7, 0xc7, 0xff, 0xc7, 0xc7, 0xc7, 0xff, 0xc7, 0xc7, 0xc7, 0xff, 0xc7, 0xc7, 0xc7, 0xff,
  0xc7, 0xc7, 0xc7, 0xff, 0xc7, 0xc7, 0xc7, 0xff, 0xc7, 0xc7, 0xc7, 0xff, 0xc7, 0xc7, 0xc7, 0xff,
  0xc7, 0xc7, 0xc7, 0xff, 0xc7, 0xc7, 0xc7, 0xff, 0xc7, 0xc7, 0xc7, 0xff, 0xc7, 0xc7, 0xc7, 0xff,
  0xc7, 0xc7, 0xc7, 0xff, 0xc7, 0xc7, 0xc7, 0xff, 0xc7, 0xc7, 0xc7, 0xff, 0xc7, 0xc7, 0xc7, 0xff,
  0xc7, 0xc7, 0xc7, 0xff, 0xc7, 0xc7, 0xc7, 0xff, 0xc7, 0xc7, 0xc7, 0xff, 0xc7, 0xc7, 0xc7, 0xff,
  0xc7, 0xc7, 0xc7, 0xff, 0xc7, 0xc7, 0xc7, 0xff, 0xc7, 0xc7, 0xc7, 0xff, 0xc7, 0xc7, 0xc7, 0xff,
  0xc7, 0xc7, 0xc7, 0xff, 0xc7, 0xc7, 0xc7, 0xff, 0xc7, 0xc7, 0xc7, 0xff, 0xc7, 0xc7, 0xc7, 0xff,
  0xc7, 0xc7, 0xc7, 0xff, 0xc7, 0xc7, 0xc7, 0xff, 0xc7, 0xc7, 0xc7, 0xff, 0xc7, 0xc7, 0xc7, 0xff,
  0xc7, 0xc7, 0xc7, 0xff, 0xc7, 0xc7, 0xc7, 0xff, 0xc7, 0xc7, 0xc7, 0xff, 0xc7, 0xc7, 0xc7, 0xff,
  0xc7, 0xc7, 0xc7, 0xff, 0xc7, 0xc7, 0xc7, 0xff, 0xc7, 0xc7, 0xc7, 0xff, 0xc7, 0xc7, 0xc7, 0xff,
  0xc7, 0xc7, 0xc7, 0xff, 0xc7, 0xc7, 0xc7, 0xff, 0xc7, 0xc7, 0xc7, 0xff, 0xc7, 0xc7, 0xc7, 0xff,
  0xc7, 0xc7, 0xc7, 0xff, 0xc7, 0xc7, 0xc7, 0xff, 0xc7, 0xc7, 0xc7, 0xff, 0xc7, 0xc7, 0xc7, 0xff,
  0xc7, 0xc7, 0xc7, 0xff, 0xc7, 0xc7, 0xc7, 0xff, 0xc7, 0xc7, 0xc7, 0xff, 0xc7, 0xc7, 0xc7, 0xff,
  0xc7, 0xc7, 0xc7, 0xff, 0xc7, 0xc7, 0xc7, 0xff, 0xc7, 0xc7, 0xc7, 0xff, 0xc7, 0xc7, 0xc7, 0xff,
  0xc7, 0xc7, 0xc7, 0xff, 0xc7, 0xc7, 0xc7, 0xff, 0xc7, 0xc7, 0xc7, 0xff, 0xc7, 0xc7, 0xc7, 0xff,
  0xc7, 0xc7, 0xc7, 0xff, 0xc7, 0xc7, 0xc7, 0xff, 0xc7, 0xc7, 0xc7, 0xff, 0xc7, 0xc7, 0xc7, 0xff,
  0xc7, 0xc7, 0xc7, 0xff, 0xc7, 0xc7, 0xc7, 0xff, 0xc7, 0xc7, 0xc7, 0xff, 0xc5, 0xc5, 0xc5, 0xfc,
  0xd4, 0xd4, 0xd4, 0xff, 0xc6, 0xc6, 0xc6, 0xac, 0x00, 0x00, 0x00, 0x00, 0xff, 0xff, 0xff, 0x03,
  0xff, 0xff, 0xff, 0x01, 0x00, 0x00, 0x00, 0x00, 0x00, 0x00, 0x00, 0x00, 0x00, 0x00, 0x00, 0x00,
  0x00, 0x00, 0x00, 0x00, 0x00, 0x00, 0x00, 0x00, 0x00, 0x00, 0x00, 0x00, 0x00, 0x00, 0x00, 0x00,
  0x00, 0x00, 0x00, 0x00, 0x00, 0x00, 0x00, 0x00, 0x00, 0x00, 0x00, 0x00, 0x00, 0x00, 0x00, 0x00,
  0x00, 0x00, 0x00, 0x00, 0x00, 0x00, 0x00, 0x00, 0x00, 0x00, 0x00, 0x00, 0x00, 0x00, 0x00, 0x00,
  0x00, 0x00, 0x00, 0x00, 0x00, 0x00, 0x00, 0x00, 0x00, 0x00, 0x00, 0x00, 0x00, 0x00, 0x00, 0x00,
  0x00, 0x00, 0x00, 0x00, 0x00, 0x00, 0x00, 0x01, 0x00, 0x00, 0x00, 0x00, 0x00, 0x00, 0x00, 0x00,
  0xc6, 0xc6, 0xc6, 0x83, 0xc8, 0xc8, 0xc8, 0xcc, 0xc9, 0xc9, 0xc9, 0xfe, 0xc3, 0xc3, 0xc3, 0xfd,
  0xc3, 0xc3, 0xc3, 0xff, 0xc3, 0xc3, 0xc3, 0xff, 0xc3, 0xc3, 0xc3, 0xff, 0xc3, 0xc3, 0xc3, 0xff,
  0xc3, 0xc3, 0xc3, 0xff, 0xc3, 0xc3, 0xc3, 0xff, 0xc3, 0xc3, 0xc3, 0xff, 0xc3, 0xc3, 0xc3, 0xff,
  0xc3, 0xc3, 0xc3, 0xff, 0xc3, 0xc3, 0xc3, 0xff, 0xc3, 0xc3, 0xc3, 0xff, 0xc3, 0xc3, 0xc3, 0xff,
  0xc3, 0xc3, 0xc3, 0xff, 0xc3, 0xc3, 0xc3, 0xff, 0xc3, 0xc3, 0xc3, 0xff, 0xc3, 0xc3, 0xc3, 0xff,
  0xc3, 0xc3, 0xc3, 0xff, 0xc3, 0xc3, 0xc3, 0xff, 0xc3, 0xc3, 0xc3, 0xff, 0xc3, 0xc3, 0xc3, 0xff,
  0xc3, 0xc3, 0xc3, 0xff, 0xc3, 0xc3, 0xc3, 0xff, 0xc3, 0xc3, 0xc3, 0xff, 0xc3, 0xc3, 0xc3, 0xff,
  0xc3, 0xc3, 0xc3, 0xff, 0xc3, 0xc3, 0xc3, 0xff, 0xc3, 0xc3, 0xc3, 0xff, 0xc3, 0xc3, 0xc3, 0xff,
  0xc3, 0xc3, 0xc3, 0xff, 0xc3, 0xc3, 0xc3, 0xff, 0xc3, 0xc3, 0xc3, 0xff, 0xc3, 0xc3, 0xc3, 0xff,
  0xc3, 0xc3, 0xc3, 0xff, 0xc3, 0xc3, 0xc3, 0xff, 0xc3, 0xc3, 0xc3, 0xff, 0xc3, 0xc3, 0xc3, 0xff,
  0xc3, 0xc3, 0xc3, 0xff, 0xc3, 0xc3, 0xc3, 0xff, 0xc3, 0xc3, 0xc3, 0xff, 0xc3, 0xc3, 0xc3, 0xff,
  0xc3, 0xc3, 0xc3, 0xff, 0xc3, 0xc3, 0xc3, 0xff, 0xc3, 0xc3, 0xc3, 0xff, 0xc3, 0xc3, 0xc3, 0xff,
  0xc3, 0xc3, 0xc3, 0xff, 0xc3, 0xc3, 0xc3, 0xff, 0xc3, 0xc3, 0xc3, 0xff, 0xc3, 0xc3, 0xc3, 0xff,
  0xc3, 0xc3, 0xc3, 0xff, 0xc3, 0xc3, 0xc3, 0xff, 0xc3, 0xc3, 0xc3, 0xff, 0xc3, 0xc3, 0xc3, 0xff,
  0xc3, 0xc3, 0xc3, 0xff, 0xc3, 0xc3, 0xc3, 0xff, 0xc3, 0xc3, 0xc3, 0xff, 0xc3, 0xc3, 0xc3, 0xff,
  0xc3, 0xc3, 0xc3, 0xff, 0xc3, 0xc3, 0xc3, 0xff, 0xc3, 0xc3, 0xc3, 0xff, 0xc3, 0xc3, 0xc3, 0xff,
  0xc3, 0xc3, 0xc3, 0xff, 0xc3, 0xc3, 0xc3, 0xff, 0xc3, 0xc3, 0xc3, 0xff, 0xc3, 0xc3, 0xc3, 0xff,
  0xc3, 0xc3, 0xc3, 0xff, 0xc3, 0xc3, 0xc3, 0xff, 0xc3, 0xc3, 0xc3, 0xff, 0xc3, 0xc3, 0xc3, 0xff,
  0xc3, 0xc3, 0xc3, 0xff, 0xc3, 0xc3, 0xc3, 0xff, 0xc3, 0xc3, 0xc3, 0xff, 0xc3, 0xc3, 0xc3, 0xff,
  0xc2, 0xc2, 0xc2, 0xfe, 0xc8, 0xc8, 0xc8, 0xfe, 0xc3, 0xc3, 0xc3, 0xe0, 0xc6, 0xc6, 0xc6, 0x96,
  0xd0, 0xd0, 0xd0, 0x0b, 0x00, 0x00, 0x00, 0x00, 0xff, 0xff, 0xff, 0x01, 0x00, 0x00, 0x00, 0x00,
  0x00, 0x00, 0x00, 0x00, 0x00, 0x00, 0x00, 0x00, 0x00, 0x00, 0x00, 0x00, 0x00, 0x00, 0x00, 0x00,
  0x00, 0x00, 0x00, 0x00, 0x00, 0x00, 0x00, 0x00, 0x00, 0x00, 0x00, 0x00, 0x00, 0x00, 0x00, 0x00,
  0x00, 0x00, 0x00, 0x00, 0x00, 0x00, 0x00, 0x00, 0x00, 0x00, 0x00, 0x00, 0x00, 0x00, 0x00, 0x00,
  0x00, 0x00, 0x00, 0x00, 0x00, 0x00, 0x00, 0x00, 0x00, 0x00, 0x00, 0x00, 0x00, 0x00, 0x00, 0x00,
  0x00, 0x00, 0x00, 0x00, 0xff, 0xff, 0xff, 0x01, 0x00, 0x00, 0x00, 0x01, 0xc3, 0xc3, 0xc3, 0x11,
  0xd3, 0xd3, 0xd3, 0x3a, 0xc4, 0xc4, 0xc4, 0xf6, 0xd9, 0xd9, 0xd9, 0xff, 0xd1, 0xd1, 0xd1, 0xfd,
  0xd2, 0xd2, 0xd2, 0xff, 0xd2, 0xd2, 0xd2, 0xff, 0xd2, 0xd2, 0xd2, 0xff, 0xd2, 0xd2, 0xd2, 0xff,
  0xd2, 0xd2, 0xd2, 0xff, 0xd2, 0xd2, 0xd2, 0xff, 0xd2, 0xd2, 0xd2, 0xff, 0xd2, 0xd2, 0xd2, 0xff,
  0xd2, 0xd2, 0xd2, 0xff, 0xd2, 0xd2, 0xd2, 0xff, 0xd2, 0xd2, 0xd2, 0xff, 0xd2, 0xd2, 0xd2, 0xff,
  0xd2, 0xd2, 0xd2, 0xff, 0xd2, 0xd2, 0xd2, 0xff, 0xd2, 0xd2, 0xd2, 0xff, 0xd2, 0xd2, 0xd2, 0xff,
  0xd2, 0xd2, 0xd2, 0xff, 0xd2, 0xd2, 0xd2, 0xff, 0xd2, 0xd2, 0xd2, 0xff, 0xd2, 0xd2, 0xd2, 0xff,
  0xd2, 0xd2, 0xd2, 0xff, 0xd2, 0xd2, 0xd2, 0xff, 0xd2, 0xd2, 0xd2, 0xff, 0xd2, 0xd2, 0xd2, 0xff,
  0xd2, 0xd2, 0xd2, 0xff, 0xd2, 0xd2, 0xd2, 0xff, 0xd2, 0xd2, 0xd2, 0xff, 0xd2, 0xd2, 0xd2, 0xff,
  0xd2, 0xd2, 0xd2, 0xff, 0xd2, 0xd2, 0xd2, 0xff, 0xd2, 0xd2, 0xd2, 0xff, 0xd2, 0xd2, 0xd2, 0xff,
  0xd2, 0xd2, 0xd2, 0xff, 0xd2, 0xd2, 0xd2, 0xff, 0xd2, 0xd2, 0xd2, 0xff, 0xd2, 0xd2, 0xd2, 0xff,
  0xd2, 0xd2, 0xd2, 0xff, 0xd2, 0xd2, 0xd2, 0xff, 0xd2, 0xd2, 0xd2, 0xff, 0xd2, 0xd2, 0xd2, 0xff,
  0xd2, 0xd2, 0xd2, 0xff, 0xd2, 0xd2, 0xd2, 0xff, 0xd2, 0xd2, 0xd2, 0xff, 0xd2, 0xd2, 0xd2, 0xff,
  0xd2, 0xd2, 0xd2, 0xff, 0xd2, 0xd2, 0xd2, 0xff, 0xd2, 0xd2, 0xd2, 0xff, 0xd2, 0xd2, 0xd2, 0xff,
  0xd2, 0xd2, 0xd2, 0xff, 0xd2, 0xd2, 0xd2, 0xff, 0xd2, 0xd2, 0xd2, 0xff, 0xd2, 0xd2, 0xd2, 0xff,
  0xd2, 0xd2, 0xd2, 0xff, 0xd2, 0xd2, 0xd2, 0xff, 0xd2, 0xd2, 0xd2, 0xff, 0xd2, 0xd2, 0xd2, 0xff,
  0xd2, 0xd2, 0xd2, 0xff, 0xd2, 0xd2, 0xd2, 0xff, 0xd2, 0xd2, 0xd2, 0xff, 0xd2, 0xd2, 0xd2, 0xff,
  0xd2, 0xd2, 0xd2, 0xff, 0xd2, 0xd2, 0xd2, 0xff, 0xd2, 0xd2, 0xd2, 0xff, 0xd2, 0xd2, 0xd2, 0xff,
  0xd2, 0xd2, 0xd2, 0xff, 0xd2, 0xd2, 0xd2, 0xff, 0xd2, 0xd2, 0xd2, 0xff, 0xd2, 0xd2, 0xd2, 0xff,
  0xd2, 0xd2, 0xd2, 0xff, 0xd2, 0xd2, 0xd2, 0xff, 0xd2, 0xd2, 0xd2, 0xff, 0xd2, 0xd2, 0xd2, 0xff,
  0xd2, 0xd2, 0xd2, 0xff, 0xd2, 0xd2, 0xd2, 0xff, 0xd1, 0xd1, 0xd1, 0xfe, 0xd4, 0xd4, 0xd4, 0xff,
  0xd3, 0xd3, 0xd3, 0xff, 0xd1, 0xd1, 0xd1, 0x54, 0xc8, 0xc8, 0xc8, 0x1c, 0x7f, 0x7f, 0x7f, 0x02,
  0xff, 0xff, 0xff, 0x01, 0x00, 0x00, 0x00, 0x00, 0x00, 0x00, 0x00, 0x00, 0x00, 0x00, 0x00, 0x00,
  0x00, 0x00, 0x00, 0x00, 0x00, 0x00, 0x00, 0x00, 0x00, 0x00, 0x00, 0x00, 0x00, 0x00, 0x00, 0x00,
  0x00, 0x00, 0x00, 0x00, 0x00, 0x00, 0x00, 0x00, 0x00, 0x00, 0x00, 0x00, 0x00, 0x00, 0x00, 0x00,
  0x00, 0x00, 0x00, 0x00, 0x00, 0x00, 0x00, 0x00, 0x00, 0x00, 0x00, 0x00, 0x00, 0x00, 0x00, 0x00,
  0x00, 0x00, 0x00, 0x00, 0x00, 0x00, 0x00, 0x00, 0xbf, 0xbf, 0xbf, 0x04, 0x00, 0x00, 0x00, 0x00,
  0xc4, 0xc4, 0xc4, 0x53, 0xda, 0xda, 0xda, 0xff, 0xc1, 0xc1, 0xc1, 0xf9, 0xe3, 0xe3, 0xe3, 0xfd,
  0xff, 0xff, 0xff, 0xff, 0xff, 0xff, 0xff, 0xff, 0xff, 0xff, 0xff, 0xff, 0xff, 0xff, 0xff, 0xff,
  0xff, 0xff, 0xff, 0xff, 0xff, 0xff, 0xff, 0xff, 0xff, 0xff, 0xff, 0xff, 0xff, 0xff, 0xff, 0xff,
  0xff, 0xff, 0xff, 0xff, 0xff, 0xff, 0xff, 0xff, 0xff, 0xff, 0xff, 0xff, 0xff, 0xff, 0xff, 0xff,
  0xff, 0xff, 0xff, 0xff, 0xff, 0xff, 0xff, 0xff, 0xff, 0xff, 0xff, 0xff, 0xff, 0xff, 0xff, 0xff,
  0xff, 0xff, 0xff, 0xff, 0xff, 0xff, 0xff, 0xff, 0xff, 0xff, 0xff, 0xff, 0xff, 0xff, 0xff, 0xff,
  0xff, 0xff, 0xff, 0xff, 0xff, 0xff, 0xff, 0xff, 0xff, 0xff, 0xff, 0xff, 0xff, 0xff, 0xff, 0xff,
  0xff, 0xff, 0xff, 0xff, 0xff, 0xff, 0xff, 0xff, 0xff, 0xff, 0xff, 0xff, 0xff, 0xff, 0xff, 0xff,
  0xff, 0xff, 0xff, 0xff, 0xff, 0xff, 0xff, 0xff, 0xff, 0xff, 0xff, 0xff, 0xff, 0xff, 0xff, 0xff,
  0xff, 0xff, 0xff, 0xff, 0xff, 0xff, 0xff, 0xff, 0xff, 0xff, 0xff, 0xff, 0xff, 0xff, 0xff, 0xff,
  0xff, 0xff, 0xff, 0xff, 0xff, 0xff, 0xff, 0xff, 0xff, 0xff, 0xff, 0xff, 0xff, 0xff, 0xff, 0xff,
  0xff, 0xff, 0xff, 0xff, 0xff, 0xff, 0xff, 0xff, 0xff, 0xff, 0xff, 0xff, 0xff, 0xff, 0xff, 0xff,
  0xff, 0xff, 0xff, 0xff, 0xff, 0xff, 0xff, 0xff, 0xff, 0xff, 0xff, 0xff, 0xff, 0xff, 0xff, 0xff,
  0xff, 0xff, 0xff, 0xff, 0xff, 0xff, 0xff, 0xff, 0xff, 0xff, 0xff, 0xff, 0xff, 0xff, 0xff, 0xff,
  0xff, 0xff, 0xff, 0xff, 0xff, 0xff, 0xff, 0xff, 0xff, 0xff, 0xff, 0xff, 0xff, 0xff, 0xff, 0xff,
  0xff, 0xff, 0xff, 0xff, 0xff, 0xff, 0xff, 0xff, 0xff, 0xff, 0xff, 0xff, 0xff, 0xff, 0xff, 0xff,
  0xff, 0xff, 0xff, 0xff, 0xff, 0xff, 0xff, 0xff, 0xff, 0xff, 0xff, 0xff, 0xff, 0xff, 0xff, 0xff,
  0xff, 0xff, 0xff, 0xff, 0xff, 0xff, 0xff, 0xff, 0xff, 0xff, 0xff, 0xff, 0xff, 0xff, 0xff, 0xff,
  0xff, 0xff, 0xff, 0xff, 0xff, 0xff, 0xff, 0xff, 0xff, 0xff, 0xff, 0xff, 0xff, 0xff, 0xff, 0xff,
  0xff, 0xff, 0xff, 0xff, 0xff, 0xff, 0xff, 0xff, 0xff, 0xff, 0xff, 0xff, 0xff, 0xff, 0xff, 0xff,
  0xee, 0xee, 0xee, 0xfe, 0xc2, 0xc2, 0xc2, 0xf7, 0xdb, 0xdb, 0xdb, 0xff, 0xc5, 0xc5, 0xc5, 0x86,
  0x00, 0x00, 0x00, 0x00, 0xbf, 0xbf, 0xbf, 0x04, 0x00, 0x00, 0x00, 0x00, 0x00, 0x00, 0x00, 0x00,
  0x00, 0x00, 0x00, 0x00, 0x00, 0x00, 0x00, 0x00, 0x00, 0x00, 0x00, 0x00, 0x00, 0x00, 0x00, 0x00,
  0x00, 0x00, 0x00, 0x00, 0x00, 0x00, 0x00, 0x00, 0x00, 0x00, 0x00, 0x00, 0x00, 0x00, 0x00, 0x00,
  0x00, 0x00, 0x00, 0x00, 0x00, 0x00, 0x00, 0x00, 0x00, 0x00, 0x00, 0x00, 0x00, 0x00, 0x00, 0x00,
  0x00, 0x00, 0x00, 0x00, 0x00, 0x00, 0x00, 0x00, 0x00, 0x00, 0x00, 0x00, 0xbf, 0xbf, 0xbf, 0x04,
  0x00, 0x00, 0x00, 0x00, 0xc5, 0xc5, 0xc5, 0x50, 0xd2, 0xd2, 0xd2, 0xfe, 0xc1, 0xc1, 0xc1, 0xfc,
  0xe3, 0xe3, 0xe3, 0xff, 0xff, 0xff, 0xff, 0xff, 0xfe, 0xfe, 0xfe, 0xff, 0xff, 0xff, 0xff, 0xff,
  0xff, 0xff, 0xff, 0xff, 0xff, 0xff, 0xff, 0xff, 0xff, 0xff, 0xff, 0xff, 0xff, 0xff, 0xff, 0xff,
  0xff, 0xff, 0xff, 0xff, 0xff, 0xff, 0xff, 0xff, 0xff, 0xff, 0xff, 0xff, 0xff, 0xff, 0xff, 0xff,
  0xff, 0xff, 0xff, 0xff, 0xff, 0xff, 0xff, 0xff, 0xff, 0xff, 0xff, 0xff, 0xff, 0xff, 0xff, 0xff,
  0xff, 0xff, 0xff, 0xff, 0xff, 0xff, 0xff, 0xff, 0xff, 0xff, 0xff, 0xff, 0xff, 0xff, 0xff, 0xff,
  0xff, 0xff, 0xff, 0xff, 0xff, 0xff, 0xff, 0xff, 0xff, 0xff, 0xff, 0xff, 0xff, 0xff, 0xff, 0xff,
  0xff, 0xff, 0xff, 0xff, 0xff, 0xff, 0xff, 0xff, 0xff, 0xff, 0xff, 0xff, 0xff, 0xff, 0xff, 0xff,
  0xff, 0xff, 0xff, 0xff, 0xff, 0xff, 0xff, 0xff, 0xff, 0xff, 0xff, 0xff, 0xff, 0xff, 0xff, 0xff,
  0xff, 0xff, 0xff, 0xff, 0xff, 0xff, 0xff, 0xff, 0xff, 0xff, 0xff, 0xff, 0xff, 0xff, 0xff, 0xff,
  0xff, 0xff, 0xff, 0xff, 0xff, 0xff, 0xff, 0xff, 0xff, 0xff, 0xff, 0xff, 0xff, 0xff, 0xff, 0xff,
  0xff, 0xff, 0xff, 0xff, 0xff, 0xff, 0xff, 0xff, 0xff, 0xff, 0xff, 0xff, 0xff, 0xff, 0xff, 0xff,
  0xff, 0xff, 0xff, 0xff, 0xff, 0xff, 0xff, 0xff, 0xff, 0xff, 0xff, 0xff, 0xff, 0xff, 0xff, 0xff,
  0xff, 0xff, 0xff, 0xff, 0xff, 0xff, 0xff, 0xff, 0xff, 0xff, 0xff, 0xff, 0xff, 0xff, 0xff, 0xff,
  0xff, 0xff, 0xff, 0xff, 0xff, 0xff, 0xff, 0xff, 0xff, 0xff, 0xff, 0xff, 0xff, 0xff, 0xff, 0xff,
  0xff, 0xff, 0xff, 0xff, 0xff, 0xff, 0xff, 0xff, 0xff, 0xff, 0xff, 0xff, 0xff, 0xff, 0xff, 0xff,
  0xff, 0xff, 0xff, 0xff, 0xff, 0xff, 0xff, 0xff, 0xff, 0xff, 0xff, 0xff, 0xff, 0xff, 0xff, 0xff,
  0xff, 0xff, 0xff, 0xff, 0xff, 0xff, 0xff, 0xff, 0xff, 0xff, 0xff, 0xff, 0xff, 0xff, 0xff, 0xff,
  0xff, 0xff, 0xff, 0xff, 0xff, 0xff, 0xff, 0xff, 0xff, 0xff, 0xff, 0xff, 0xff, 0xff, 0xff, 0xff,
  0xff, 0xff, 0xff, 0xff, 0xff, 0xff, 0xff, 0xff, 0xff, 0xff, 0xff, 0xff, 0xfe, 0xfe, 0xfe, 0xff,
  0xff, 0xff, 0xff, 0xff, 0xee, 0xee, 0xee, 0xff, 0xc2, 0xc2, 0xc2, 0xfb, 0xd5, 0xd5, 0xd5, 0xfe,
  0xc5, 0xc5, 0xc5, 0x81, 0x00, 0x00, 0x00, 0x00, 0xbf, 0xbf, 0xbf, 0x04, 0x00, 0x00, 0x00, 0x00,
  0x00, 0x00, 0x00, 0x00, 0x00, 0x00, 0x00, 0x00, 0x00, 0x00, 0x00, 0x00, 0x00, 0x00, 0x00, 0x00,
  0x00, 0x00, 0x00, 0x00, 0x00, 0x00, 0x00, 0x00, 0x00, 0x00, 0x00, 0x00, 0x00, 0x00, 0x00, 0x00,
  0x00, 0x00, 0x00, 0x00, 0x00, 0x00, 0x00, 0x00, 0x00, 0x00, 0x00, 0x00, 0x00, 0x00, 0x00, 0x00,
  0x00, 0x00, 0x00, 0x00, 0x00, 0x00, 0x00, 0x00, 0x00, 0x00, 0x00, 0x00, 0x00, 0x00, 0x00, 0x00,
  0xbf, 0xbf, 0xbf, 0x04, 0x00, 0x00, 0x00, 0x00, 0xc5, 0xc5, 0xc5, 0x50, 0xd3, 0xd3, 0xd3, 0xff,
  0xc1, 0xc1, 0xc1, 0xfc, 0xe3, 0xe3, 0xe3, 0xff, 0xff, 0xff, 0xff, 0xff, 0xfe, 0xfe, 0xfe, 0xff,
  0xff, 0xff, 0xff, 0xff, 0xff, 0xff, 0xff, 0xff, 0xff, 0xff, 0xff, 0xff, 0xff, 0xff, 0xff, 0xff,
  0xff, 0xff, 0xff, 0xff, 0xff, 0xff, 0xff, 0xff, 0xff, 0xff, 0xff, 0xff, 0xff, 0xff, 0xff, 0xff,
  0xff, 0xff, 0xff, 0xff, 0xff, 0xff, 0xff, 0xff, 0xff, 0xff, 0xff, 0xff, 0xff, 0xff, 0xff, 0xff,
  0xff, 0xff, 0xff, 0xff, 0xff, 0xff, 0xff, 0xff, 0xff, 0xff, 0xff, 0xff, 0xff, 0xff, 0xff, 0xff,
  0xff, 0xff, 0xff, 0xff, 0xff, 0xff, 0xff, 0xff, 0xff, 0xff, 0xff, 0xff, 0xff, 0xff, 0xff, 0xff,
  0xff, 0xff, 0xff, 0xff, 0xff, 0xff, 0xff, 0xff, 0xff, 0xff, 0xff, 0xff, 0xff, 0xff, 0xff, 0xff,
  0xff, 0xff, 0xff, 0xff, 0xff, 0xff, 0xff, 0xff, 0xff, 0xff, 0xff, 0xff, 0xff, 0xff, 0xff, 0xff,
  0xff, 0xff, 0xff, 0xff, 0xff, 0xff, 0xff, 0xff, 0xff, 0xff, 0xff, 0xff, 0xff, 0xff, 0xff, 0xff,
  0xff, 0xff, 0xff, 0xff, 0xff, 0xff, 0xff, 0xff, 0xff, 0xff, 0xff, 0xff, 0xff, 0xff, 0xff, 0xff,
  0xff, 0xff, 0xff, 0xff, 0xff, 0xff, 0xff, 0xff, 0xff, 0xff, 0xff, 0xff, 0xff, 0xff, 0xff, 0xff,
  0xff, 0xff, 0xff, 0xff, 0xff, 0xff, 0xff, 0xff, 0xff, 0xff, 0xff, 0xff, 0xff, 0xff, 0xff, 0xff,
  0xff, 0xff, 0xff, 0xff, 0xff, 0xff, 0xff, 0xff, 0xff, 0xff, 0xff, 0xff, 0xff, 0xff, 0xff, 0xff,
  0xff, 0xff, 0xff, 0xff, 0xff, 0xff, 0xff, 0xff, 0xff, 0xff, 0xff, 0xff, 0xff, 0xff, 0xff, 0xff,
  0xff, 0xff, 0xff, 0xff, 0xff, 0xff, 0xff, 0xff, 0xff, 0xff, 0xff, 0xff, 0xff, 0xff, 0xff, 0xff,
  0xff, 0xff, 0xff, 0xff, 0xff, 0xff, 0xff, 0xff, 0xff, 0xff, 0xff, 0xff, 0xff, 0xff, 0xff, 0xff,
  0xff, 0xff, 0xff, 0xff, 0xff, 0xff, 0xff, 0xff, 0xff, 0xff, 0xff, 0xff, 0xff, 0xff, 0xff, 0xff,
  0xff, 0xff, 0xff, 0xff, 0xff, 0xff, 0xff, 0xff, 0xff, 0xff, 0xff, 0xff, 0xff, 0xff, 0xff, 0xff,
  0xff, 0xff, 0xff, 0xff, 0xff, 0xff, 0xff, 0xff, 0xff, 0xff, 0xff, 0xff, 0xff, 0xff, 0xff, 0xff,
  0xfe, 0xfe, 0xfe, 0xff, 0xff, 0xff, 0xff, 0xff, 0xee, 0xee, 0xee, 0xff, 0xc2, 0xc2, 0xc2, 0xfb,
  0xd6, 0xd6, 0xd6, 0xff, 0xc6, 0xc6, 0xc6, 0x82, 0x00, 0x00, 0x00, 0x00, 0xbf, 0xbf, 0xbf, 0x04,
  0x00, 0x00, 0x00, 0x00, 0x00, 0x00, 0x00, 0x00, 0x00, 0x00, 0x00, 0x00, 0x00, 0x00, 0x00, 0x00,
  0x00, 0x00, 0x00, 0x00, 0x00, 0x00, 0x00, 0x00, 0x00, 0x00, 0x00, 0x00, 0x00, 0x00, 0x00, 0x00,
  0x00, 0x00, 0x00, 0x00, 0x00, 0x00, 0x00, 0x00, 0x00, 0x00, 0x00, 0x00, 0x00, 0x00, 0x00, 0x00,
  0x00, 0x00, 0x00, 0x00, 0x00, 0x00, 0x00, 0x00, 0x00, 0x00, 0x00, 0x00, 0x00, 0x00, 0x00, 0x00,
  0x00, 0x00, 0x00, 0x00, 0xbf, 0xbf, 0xbf, 0x04, 0x00, 0x00, 0x00, 0x00, 0xc5, 0xc5, 0xc5, 0x50,
  0xd3, 0xd3, 0xd3, 0xff, 0xc1, 0xc1, 0xc1, 0xfc, 0xe3, 0xe3, 0xe3, 0xff, 0xff, 0xff, 0xff, 0xff,
  0xfe, 0xfe, 0xfe, 0xff, 0xff, 0xff, 0xff, 0xff, 0xff, 0xff, 0xff, 0xff, 0xff, 0xff, 0xff, 0xff,
  0xff, 0xff, 0xff, 0xff, 0xff, 0xff, 0xff, 0xff, 0xff, 0xff, 0xff, 0xff, 0xff, 0xff, 0xff, 0xff,
  0xff, 0xff, 0xff, 0xff, 0xff, 0xff, 0xff, 0xff, 0xff, 0xff, 0xff, 0xff, 0xff, 0xff, 0xff, 0xff,
  0xff, 0xff, 0xff, 0xff, 0xff, 0xff, 0xff, 0xff, 0xff, 0xff, 0xff, 0xff, 0xff, 0xff, 0xff, 0xff,
  0xff, 0xff, 0xff, 0xff, 0xff, 0xff, 0xff, 0xff, 0xff, 0xff, 0xff, 0xff, 0xff, 0xff, 0xff, 0xff,
  0xff, 0xff, 0xff, 0xff, 0xff, 0xff, 0xff, 0xff, 0xff, 0xff, 0xff, 0xff, 0xff, 0xff, 0xff, 0xff,
  0xff, 0xff, 0xff, 0xff, 0xff, 0xff, 0xff, 0xff, 0xff, 0xff, 0xff, 0xff, 0xff, 0xff, 0xff, 0xff,
  0xff, 0xff, 0xff, 0xff, 0xff, 0xff, 0xff, 0xff, 0xff, 0xff, 0xff, 0xff, 0xff, 0xff, 0xff, 0xff,
  0xff, 0xff, 0xff, 0xff, 0xff, 0xff, 0xff, 0xff, 0xff, 0xff, 0xff, 0xff, 0xff, 0xff, 0xff, 0xff,
  0xff, 0xff, 0xff, 0xff, 0xff, 0xff, 0xff, 0xff, 0xff, 0xff, 0xff, 0xff, 0xff, 0xff, 0xff, 0xff,
  0xff, 0xff, 0xff, 0xff, 0xff, 0xff, 0xff, 0xff, 0xff, 0xff, 0xff, 0xff, 0xff, 0xff, 0xff, 0xff,
  0xff, 0xff, 0xff, 0xff, 0xff, 0xff, 0xff, 0xff, 0xff, 0xff, 0xff, 0xff, 0xff, 0xff, 0xff, 0xff,
  0xff, 0xff, 0xff, 0xff, 0xff, 0xff, 0xff, 0xff, 0xff, 0xff, 0xff, 0xff, 0xff, 0xff, 0xff, 0xff,
  0xff, 0xff, 0xff, 0xff, 0xff, 0xff, 0xff, 0xff, 0xff, 0xff, 0xff, 0xff, 0xff, 0xff, 0xff, 0xff,
  0xff, 0xff, 0xff, 0xff, 0xff, 0xff, 0xff, 0xff, 0xff, 0xff, 0xff, 0xff, 0xff, 0xff, 0xff, 0xff,
  0xff, 0xff, 0xff, 0xff, 0xff, 0xff, 0xff, 0xff, 0xff, 0xff, 0xff, 0xff, 0xff, 0xff, 0xff, 0xff,
  0xff, 0xff, 0xff, 0xff, 0xff, 0xff, 0xff, 0xff, 0xff, 0xff, 0xff, 0xff, 0xff, 0xff, 0xff, 0xff,
  0xff, 0xff, 0xff, 0xff, 0xff, 0xff, 0xff, 0xff, 0xff, 0xff, 0xff, 0xff, 0xff, 0xff, 0xff, 0xff,
  0xff, 0xff, 0xff, 0xff, 0xfe, 0xfe, 0xfe, 0xff, 0xff, 0xff, 0xff, 0xff, 0xee, 0xee, 0xee, 0xff,
  0xc2, 0xc2, 0xc2, 0xfb, 0xd6, 0xd6, 0xd6, 0xff, 0xc6, 0xc6, 0xc6, 0x82, 0x00, 0x00, 0x00, 0x00,
  0xbf, 0xbf, 0xbf, 0x04, 0x00, 0x00, 0x00, 0x00, 0x00, 0x00, 0x00, 0x00, 0x00, 0x00, 0x00, 0x00,
  0x00, 0x00, 0x00, 0x00, 0x00, 0x00, 0x00, 0x00, 0x00, 0x00, 0x00, 0x00, 0x00, 0x00, 0x00, 0x00,
  0x00, 0x00, 0x00, 0x00, 0x00, 0x00, 0x00, 0x00, 0x00, 0x00, 0x00, 0x00, 0x00, 0x00, 0x00, 0x00,
  0x00, 0x00, 0x00, 0x00, 0x00, 0x00, 0x00, 0x00, 0x00, 0x00, 0x00, 0x00, 0x00, 0x00, 0x00, 0x00,
  0x00, 0x00, 0x00, 0x00, 0x00, 0x00, 0x00, 0x00, 0xbf, 0xbf, 0xbf, 0x04, 0x00, 0x00, 0x00, 0x00,
  0xc5, 0xc5, 0xc5, 0x50, 0xd3, 0xd3, 0xd3, 0xff, 0xc1, 0xc1, 0xc1, 0xfc, 0xe3, 0xe3, 0xe3, 0xff,
  0xff, 0xff, 0xff, 0xff, 0xfe, 0xfe, 0xfe, 0xff, 0xff, 0xff, 0xff, 0xff, 0xff, 0xff, 0xff, 0xff,
  0xff, 0xff, 0xff, 0xff, 0xff, 0xff, 0xff, 0xff, 0xff, 0xff, 0xff, 0xff, 0xff, 0xff, 0xff, 0xff,
  0xff, 0xff, 0xff, 0xff, 0xff, 0xff, 0xff, 0xff, 0xff, 0xff, 0xff, 0xff, 0xff, 0xff, 0xff, 0xff,
  0xff, 0xff, 0xff, 0xff, 0xff, 0xff, 0xff, 0xff, 0xff, 0xff, 0xff, 0xff, 0xff, 0xff, 0xff, 0xff,
  0xff, 0xff, 0xff, 0xff, 0xff, 0xff, 0xff, 0xff, 0xff, 0xff, 0xff, 0xff, 0xff, 0xff, 0xff, 0xff,
  0xff, 0xff, 0xff, 0xff, 0xff, 0xff, 0xff, 0xff, 0xff, 0xff, 0xff, 0xff, 0xff, 0xff, 0xff, 0xff,
  0xff, 0xff, 0xff, 0xff, 0xff, 0xff, 0xff, 0xff, 0xff, 0xff, 0xff, 0xff, 0xff, 0xff, 0xff, 0xff,
  0xff, 0xff, 0xff, 0xff, 0xff, 0xff, 0xff, 0xff, 0xff, 0xff, 0xff, 0xff, 0xff, 0xff, 0xff, 0xff,
  0xff, 0xff, 0xff, 0xff, 0xff, 0xff, 0xff, 0xff, 0xff, 0xff, 0xff, 0xff, 0xff, 0xff, 0xff, 0xff,
  0xff, 0xff, 0xff, 0xff, 0xff, 0xff, 0xff, 0xff, 0xff, 0xff, 0xff, 0xff, 0xff, 0xff, 0xff, 0xff,
  0xff, 0xff, 0xff, 0xff, 0xff, 0xff, 0xff, 0xff, 0xff, 0xff, 0xff, 0xff, 0xff, 0xff, 0xff, 0xff,
  0xff, 0xff, 0xff, 0xff, 0xff, 0xff, 0xff, 0xff, 0xff, 0xff, 0xff, 0xff, 0xff, 0xff, 0xff, 0xff,
  0xff, 0xff, 0xff, 0xff, 0xff, 0xff, 0xff, 0xff, 0xff, 0xff, 0xff, 0xff, 0xff, 0xff, 0xff, 0xff,
  0xff, 0xff, 0xff, 0xff, 0xff, 0xff, 0xff, 0xff, 0xff, 0xff, 0xff, 0xff, 0xff, 0xff, 0xff, 0xff,
  0xff, 0xff, 0xff, 0xff, 0xff, 0xff, 0xff, 0xff, 0xff, 0xff, 0xff, 0xff, 0xff, 0xff, 0xff, 0xff,
  0xff, 0xff, 0xff, 0xff, 0xff, 0xff, 0xff, 0xff, 0xff, 0xff, 0xff, 0xff, 0xff, 0xff, 0xff, 0xff,
  0xff, 0xff, 0xff, 0xff, 0xff, 0xff, 0xff, 0xff, 0xff, 0xff, 0xff, 0xff, 0xff, 0xff, 0xff, 0xff,
  0xff, 0xff, 0xff, 0xff, 0xff, 0xff, 0xff, 0xff, 0xff, 0xff, 0xff, 0xff, 0xff, 0xff, 0xff, 0xff,
  0xff, 0xff, 0xff, 0xff, 0xff, 0xff, 0xff, 0xff, 0xfe, 0xfe, 0xfe, 0xff, 0xff, 0xff, 0xff, 0xff,
  0xee, 0xee, 0xee, 0xff, 0xc2, 0xc2, 0xc2, 0xfb, 0xd6, 0xd6, 0xd6, 0xff, 0xc6, 0xc6, 0xc6, 0x82,
  0x00, 0x00, 0x00, 0x00, 0xbf, 0xbf, 0xbf, 0x04, 0x00, 0x00, 0x00, 0x00, 0x00, 0x00, 0x00, 0x00,
  0x00, 0x00, 0x00, 0x00, 0x00, 0x00, 0x00, 0x00, 0x00, 0x00, 0x00, 0x00, 0x00, 0x00, 0x00, 0x00,
  0x00, 0x00, 0x00, 0x00, 0x00, 0x00, 0x00, 0x00, 0x00, 0x00, 0x00, 0x00, 0x00, 0x00, 0x00, 0x00,
  0x00, 0x00, 0x00, 0x00, 0x00, 0x00, 0x00, 0x00, 0x00, 0x00, 0x00, 0x00, 0x00, 0x00, 0x00, 0x00,
  0x00, 0x00, 0x00, 0x00, 0x00, 0x00, 0x00, 0x00, 0x00, 0x00, 0x00, 0x00, 0xbf, 0xbf, 0xbf, 0x04,
  0x00, 0x00, 0x00, 0x00, 0xc5, 0xc5, 0xc5, 0x50, 0xd3, 0xd3, 0xd3, 0xff, 0xc1, 0xc1, 0xc1, 0xfc,
  0xe3, 0xe3, 0xe3, 0xff, 0xff, 0xff, 0xff, 0xff, 0xfe, 0xfe, 0xfe, 0xff, 0xff, 0xff, 0xff, 0xff,
  0xff, 0xff, 0xff, 0xff, 0xff, 0xff, 0xff, 0xff, 0xff, 0xff, 0xff, 0xff, 0xff, 0xff, 0xff, 0xff,
  0xff, 0xff, 0xff, 0xff, 0xff, 0xff, 0xff, 0xff, 0xff, 0xff, 0xff, 0xff, 0xff, 0xff, 0xff, 0xff,
  0xff, 0xff, 0xff, 0xff, 0xff, 0xff, 0xff, 0xff, 0xff, 0xff, 0xff, 0xff, 0xff, 0xff, 0xff, 0xff,
  0xff, 0xff, 0xff, 0xff, 0xff, 0xff, 0xff, 0xff, 0xff, 0xff, 0xff, 0xff, 0xff, 0xff, 0xff, 0xff,
  0xff, 0xff, 0xff, 0xff, 0xff, 0xff, 0xff, 0xff, 0xff, 0xff, 0xff, 0xff, 0xff, 0xff, 0xff, 0xff,
  0xff, 0xff, 0xff, 0xff, 0xff, 0xff, 0xff, 0xff, 0xff, 0xff, 0xff, 0xff, 0xff, 0xff, 0xff, 0xff,
  0xff, 0xff, 0xff, 0xff, 0xff, 0xff, 0xff, 0xff, 0xff, 0xff, 0xff, 0xff, 0xff, 0xff, 0xff, 0xff,
  0xff, 0xff, 0xff, 0xff, 0xff, 0xff, 0xff, 0xff, 0xff, 0xff, 0xff, 0xff, 0xff, 0xff, 0xff, 0xff,
  0xff, 0xff, 0xff, 0xff, 0xff, 0xff, 0xff, 0xff, 0xff, 0xff, 0xff, 0xff, 0xff, 0xff, 0xff, 0xff,
  0xff, 0xff, 0xff, 0xff, 0xff, 0xff, 0xff, 0xff, 0xff, 0xff, 0xff, 0xff, 0xff, 0xff, 0xff, 0xff,
  0xff, 0xff, 0xff, 0xff, 0xff, 0xff, 0xff, 0xff, 0xff, 0xff, 0xff, 0xff, 0xff, 0xff, 0xff, 0xff,
  0xff, 0xff, 0xff, 0xff, 0xff, 0xff, 0xff, 0xff, 0xff, 0xff, 0xff, 0xff, 0xff, 0xff, 0xff, 0xff,
  0xff, 0xff, 0xff, 0xff, 0xff, 0xff, 0xff, 0xff, 0xff, 0xff, 0xff, 0xff, 0xff, 0xff, 0xff, 0xff,
  0xff, 0xff, 0xff, 0xff, 0xff, 0xff, 0xff, 0xff, 0xff, 0xff, 0xff, 0xff, 0xff, 0xff, 0xff, 0xff,
  0xff, 0xff, 0xff, 0xff, 0xff, 0xff, 0xff, 0xff, 0xff, 0xff, 0xff, 0xff, 0xff, 0xff, 0xff, 0xff,
  0xff, 0xff, 0xff, 0xff, 0xff, 0xff, 0xff, 0xff, 0xff, 0xff, 0xff, 0xff, 0xff, 0xff, 0xff, 0xff,
  0xff, 0xff, 0xff, 0xff, 0xff, 0xff, 0xff, 0xff, 0xff, 0xff, 0xff, 0xff, 0xff, 0xff, 0xff, 0xff,
  0xff, 0xff, 0xff, 0xff, 0xff, 0xff, 0xff, 0xff, 0xff, 0xff, 0xff, 0xff, 0xfe, 0xfe, 0xfe, 0xff,
  0xff, 0xff, 0xff, 0xff, 0xee, 0xee, 0xee, 0xff, 0xc2, 0xc2, 0xc2, 0xfb, 0xd6, 0xd6, 0xd6, 0xff,
  0xc6, 0xc6, 0xc6, 0x82, 0x00, 0x00, 0x00, 0x00, 0xbf, 0xbf, 0xbf, 0x04, 0x00, 0x00, 0x00, 0x00,
  0x00, 0x00, 0x00, 0x00, 0x00, 0x00, 0x00, 0x00, 0x00, 0x00, 0x00, 0x00, 0x00, 0x00, 0x00, 0x00,
  0x00, 0x00, 0x00, 0x00, 0x00, 0x00, 0x00, 0x00, 0x00, 0x00, 0x00, 0x00, 0x00, 0x00, 0x00, 0x00,
  0x00, 0x00, 0x00, 0x00, 0x00, 0x00, 0x00, 0x00, 0x00, 0x00, 0x00, 0x00, 0x00, 0x00, 0x00, 0x00,
  0x00, 0x00, 0x00, 0x00, 0x00, 0x00, 0x00, 0x00, 0x00, 0x00, 0x00, 0x00, 0x00, 0x00, 0x00, 0x00,
  0xbf, 0xbf, 0xbf, 0x04, 0x00, 0x00, 0x00, 0x00, 0xc5, 0xc5, 0xc5, 0x50, 0xd3, 0xd3, 0xd3, 0xff,
  0xc1, 0xc1, 0xc1, 0xfc, 0xe3, 0xe3, 0xe3, 0xff, 0xff, 0xff, 0xff, 0xff, 0xfe, 0xfe, 0xfe, 0xff,
  0xff, 0xff, 0xff, 0xff, 0xff, 0xff, 0xff, 0xff, 0xff, 0xff, 0xff, 0xff, 0xff, 0xff, 0xff, 0xff,
  0xff, 0xff, 0xff, 0xff, 0xff, 0xff, 0xff, 0xff, 0xff, 0xff, 0xff, 0xff, 0xff, 0xff, 0xff, 0xff,
  0xff, 0xff, 0xff, 0xff, 0xff, 0xff, 0xff, 0xff, 0xff, 0xff, 0xff, 0xff, 0xff, 0xff, 0xff, 0xff,
  0xff, 0xff, 0xff, 0xff, 0xff, 0xff, 0xff, 0xff, 0xff, 0xff, 0xff, 0xff, 0xff, 0xff, 0xff, 0xff,
  0xff, 0xff, 0xff, 0xff, 0xff, 0xff, 0xff, 0xff, 0xff, 0xff, 0xff, 0xff, 0xff, 0xff, 0xff, 0xff,
  0xff, 0xff, 0xff, 0xff, 0xff, 0xff, 0xff, 0xff, 0xff, 0xff, 0xff, 0xff, 0xff, 0xff, 0xff, 0xff,
  0xff, 0xff, 0xff, 0xff, 0xff, 0xff, 0xff, 0xff, 0xff, 0xff, 0xff, 0xff, 0xff, 0xff, 0xff, 0xff,
  0xff, 0xff, 0xff, 0xff, 0xff, 0xff, 0xff, 0xff, 0xff, 0xff, 0xff, 0xff, 0xff, 0xff, 0xff, 0xff,
  0xff, 0xff, 0xff, 0xff, 0xff, 0xff, 0xff, 0xff, 0xff, 0xff, 0xff, 0xff, 0xff, 0xff, 0xff, 0xff,
  0xff, 0xff, 0xff, 0xff, 0xff, 0xff, 0xff, 0xff, 0xff, 0xff, 0xff, 0xff, 0xff, 0xff, 0xff, 0xff,
  0xff, 0xff, 0xff, 0xff, 0xff, 0xff, 0xff, 0xff, 0xff, 0xff, 0xff, 0xff, 0xff, 0xff, 0xff, 0xff,
  0xff, 0xff, 0xff, 0xff, 0xff, 0xff, 0xff, 0xff, 0xff, 0xff, 0xff, 0xff, 0xff, 0xff, 0xff, 0xff,
  0xff, 0xff, 0xff, 0xff, 0xff, 0xff, 0xff, 0xff, 0xff, 0xff, 0xff, 0xff, 0xff, 0xff, 0xff, 0xff,
  0xff, 0xff, 0xff, 0xff, 0xff, 0xff, 0xff, 0xff, 0xff, 0xff, 0xff, 0xff, 0xff, 0xff, 0xff, 0xff,
  0xff, 0xff, 0xff, 0xff, 0xff, 0xff, 0xff, 0xff, 0xff, 0xff, 0xff, 0xff, 0xff, 0xff, 0xff, 0xff,
  0xff, 0xff, 0xff, 0xff, 0xff, 0xff, 0xff, 0xff, 0xff, 0xff, 0xff, 0xff, 0xff, 0xff, 0xff, 0xff,
  0xff, 0xff, 0xff, 0xff, 0xff, 0xff, 0xff, 0xff, 0xff, 0xff, 0xff, 0xff, 0xff, 0xff, 0xff, 0xff,
  0xff, 0xff, 0xff, 0xff, 0xff, 0xff, 0xff, 0xff, 0xff, 0xff, 0xff, 0xff, 0xff, 0xff, 0xff, 0xff,
  0xfe, 0xfe, 0xfe, 0xff, 0xff, 0xff, 0xff, 0xff, 0xee, 0xee, 0xee, 0xff, 0xc2, 0xc2, 0xc2, 0xfb,
  0xd6, 0xd6, 0xd6, 0xff, 0xc6, 0xc6, 0xc6, 0x82, 0x00, 0x00, 0x00, 0x00, 0xbf, 0xbf, 0xbf, 0x04,
  0x00, 0x00, 0x00, 0x00, 0x00, 0x00, 0x00, 0x00, 0x00, 0x00, 0x00, 0x00, 0x00, 0x00, 0x00, 0x00,
  0x00, 0x00, 0x00, 0x00, 0x00, 0x00, 0x00, 0x00, 0x00, 0x00, 0x00, 0x00, 0x00, 0x00, 0x00, 0x00,
  0x00, 0x00, 0x00, 0x00, 0x00, 0x00, 0x00, 0x00, 0x00, 0x00, 0x00, 0x00, 0x00, 0x00, 0x00, 0x00,
  0x00, 0x00, 0x00, 0x00, 0x00, 0x00, 0x00, 0x00, 0x00, 0x00, 0x00, 0x00, 0x00, 0x00, 0x00, 0x00,
  0x00, 0x00, 0x00, 0x00, 0xbf, 0xbf, 0xbf, 0x04, 0x00, 0x00, 0x00, 0x00, 0xc5, 0xc5, 0xc5, 0x50,
  0xd3, 0xd3, 0xd3, 0xff, 0xc1, 0xc1, 0xc1, 0xfc, 0xe3, 0xe3, 0xe3, 0xff, 0xff, 0xff, 0xff, 0xff,
  0xfe, 0xfe, 0xfe, 0xff, 0xff, 0xff, 0xff, 0xff, 0xff, 0xff, 0xff, 0xff, 0xff, 0xff, 0xff, 0xff,
  0xff, 0xff, 0xff, 0xff, 0xff, 0xff, 0xff, 0xff, 0xff, 0xff, 0xff, 0xff, 0xff, 0xff, 0xff, 0xff,
  0xff, 0xff, 0xff, 0xff, 0xff, 0xff, 0xff, 0xff, 0xff, 0xff, 0xff, 0xff, 0xff, 0xff, 0xff, 0xff,
  0xff, 0xff, 0xff, 0xff, 0xff, 0xff, 0xff, 0xff, 0xff, 0xff, 0xff, 0xff, 0xff, 0xff, 0xff, 0xff,
  0xff, 0xff, 0xff, 0xff, 0xff, 0xff, 0xff, 0xff, 0xff, 0xff, 0xff, 0xff, 0xff, 0xff, 0xff, 0xff,
  0xff, 0xff, 0xff, 0xff, 0xff, 0xff, 0xff, 0xff, 0xff, 0xff, 0xff, 0xff, 0xff, 0xff, 0xff, 0xff,
  0xff, 0xff, 0xff, 0xff, 0xff, 0xff, 0xff, 0xff, 0xff, 0xff, 0xff, 0xff, 0xff, 0xff, 0xff, 0xff,
  0xff, 0xff, 0xff, 0xff, 0xff, 0xff, 0xff, 0xff, 0xff, 0xff, 0xff, 0xff, 0xff, 0xff, 0xff, 0xff,
  0xff, 0xff, 0xff, 0xff, 0xff, 0xff, 0xff, 0xff, 0xff, 0xff, 0xff, 0xff, 0xff, 0xff, 0xff, 0xff,
  0xff, 0xff, 0xff, 0xff, 0xff, 0xff, 0xff, 0xff, 0xff, 0xff, 0xff, 0xff, 0xff, 0xff, 0xff, 0xff,
  0xff, 0xff, 0xff, 0xff, 0xff, 0xff, 0xff, 0xff, 0xff, 0xff, 0xff, 0xff, 0xff, 0xff, 0xff, 0xff,
  0xff, 0xff, 0xff, 0xff, 0xff, 0xff, 0xff, 0xff, 0xff, 0xff, 0xff, 0xff, 0xff, 0xff, 0xff, 0xff,
  0xff, 0xff, 0xff, 0xff, 0xff, 0xff, 0xff, 0xff, 0xff, 0xff, 0xff, 0xff, 0xff, 0xff, 0xff, 0xff,
  0xff, 0xff, 0xff, 0xff, 0xff, 0xff, 0xff, 0xff, 0xff, 0xff, 0xff, 0xff, 0xff, 0xff, 0xff, 0xff,
  0xff, 0xff, 0xff, 0xff, 0xff, 0xff, 0xff, 0xff, 0xff, 0xff, 0xff, 0xff, 0xff, 0xff, 0xff, 0xff,
  0xff, 0xff, 0xff, 0xff, 0xff, 0xff, 0xff, 0xff, 0xff, 0xff, 0xff, 0xff, 0xff, 0xff, 0xff, 0xff,
  0xff, 0xff, 0xff, 0xff, 0xff, 0xff, 0xff, 0xff, 0xff, 0xff, 0xff, 0xff, 0xff, 0xff, 0xff, 0xff,
  0xff, 0xff, 0xff, 0xff, 0xff, 0xff, 0xff, 0xff, 0xff, 0xff, 0xff, 0xff, 0xff, 0xff, 0xff, 0xff,
  0xff, 0xff, 0xff, 0xff, 0xfe, 0xfe, 0xfe, 0xff, 0xff, 0xff, 0xff, 0xff, 0xee, 0xee, 0xee, 0xff,
  0xc2, 0xc2, 0xc2, 0xfb, 0xd6, 0xd6, 0xd6, 0xff, 0xc6, 0xc6, 0xc6, 0x82, 0x00, 0x00, 0x00, 0x00,
  0xbf, 0xbf, 0xbf, 0x04, 0x00, 0x00, 0x00, 0x00, 0x00, 0x00, 0x00, 0x00, 0x00, 0x00, 0x00, 0x00,
  0x00, 0x00, 0x00, 0x00, 0x00, 0x00, 0x00, 0x00, 0x00, 0x00, 0x00, 0x00, 0x00, 0x00, 0x00, 0x00,
  0x00, 0x00, 0x00, 0x00, 0x00, 0x00, 0x00, 0x00, 0x00, 0x00, 0x00, 0x00, 0x00, 0x00, 0x00, 0x00,
  0x00, 0x00, 0x00, 0x00, 0x00, 0x00, 0x00, 0x00, 0x00, 0x00, 0x00, 0x00, 0x00, 0x00, 0x00, 0x00,
  0x00, 0x00, 0x00, 0x00, 0x00, 0x00, 0x00, 0x00, 0xbf, 0xbf, 0xbf, 0x04, 0x00, 0x00, 0x00, 0x00,
  0xc5, 0xc5, 0xc5, 0x50, 0xd3, 0xd3, 0xd3, 0xff, 0xc1, 0xc1, 0xc1, 0xfc, 0xe3, 0xe3, 0xe3, 0xff,
  0xff, 0xff, 0xff, 0xff, 0xfe, 0xfe, 0xfe, 0xff, 0xff, 0xff, 0xff, 0xff, 0xff, 0xff, 0xff, 0xff,
  0xff, 0xff, 0xff, 0xff, 0xff, 0xff, 0xff, 0xff, 0xff, 0xff, 0xff, 0xff, 0xff, 0xff, 0xff, 0xff,
  0xff, 0xff, 0xff, 0xff, 0xff, 0xff, 0xff, 0xff, 0xff, 0xff, 0xff, 0xff, 0xff, 0xff, 0xff, 0xff,
  0xff, 0xff, 0xff, 0xff, 0xff, 0xff, 0xff, 0xff, 0xff, 0xff, 0xff, 0xff, 0xff, 0xff, 0xff, 0xff,
  0xff, 0xff, 0xff, 0xff, 0xff, 0xff, 0xff, 0xff, 0xff, 0xff, 0xff, 0xff, 0xff, 0xff, 0xff, 0xff,
  0xff, 0xff, 0xff, 0xff, 0xff, 0xff, 0xff, 0xff, 0xff, 0xff, 0xff, 0xff, 0xff, 0xff, 0xff, 0xff,
  0xff, 0xff, 0xff, 0xff, 0xff, 0xff, 0xff, 0xff, 0xff, 0xff, 0xff, 0xff, 0xff, 0xff, 0xff, 0xff,
  0xff, 0xff, 0xff, 0xff, 0xff, 0xff, 0xff, 0xff, 0xff, 0xff, 0xff, 0xff, 0xff, 0xff, 0xff, 0xff,
  0xff, 0xff, 0xff, 0xff, 0xff, 0xff, 0xff, 0xff, 0xff, 0xff, 0xff, 0xff, 0xff, 0xff, 0xff, 0xff,
  0xff, 0xff, 0xff, 0xff, 0xff, 0xff, 0xff, 0xff, 0xff, 0xff, 0xff, 0xff, 0xff, 0xff, 0xff, 0xff,
  0xff, 0xff, 0xff, 0xff, 0xff, 0xff, 0xff, 0xff, 0xff, 0xff, 0xff, 0xff, 0xff, 0xff, 0xff, 0xff,
  0xff, 0xff, 0xff, 0xff, 0xff, 0xff, 0xff, 0xff, 0xff, 0xff, 0xff, 0xff, 0xff, 0xff, 0xff, 0xff,
  0xff, 0xff, 0xff, 0xff, 0xff, 0xff, 0xff, 0xff, 0xff, 0xff, 0xff, 0xff, 0xff, 0xff, 0xff, 0xff,
  0xff, 0xff, 0xff, 0xff, 0xff, 0xff, 0xff, 0xff, 0xff, 0xff, 0xff, 0xff, 0xff, 0xff, 0xff, 0xff,
  0xff, 0xff, 0xff, 0xff, 0xff, 0xff, 0xff, 0xff, 0xff, 0xff, 0xff, 0xff, 0xff, 0xff, 0xff, 0xff,
  0xff, 0xff, 0xff, 0xff, 0xff, 0xff, 0xff, 0xff, 0xff, 0xff, 0xff, 0xff, 0xff, 0xff, 0xff, 0xff,
  0xff, 0xff, 0xff, 0xff, 0xff, 0xff, 0xff, 0xff, 0xff, 0xff, 0xff, 0xff, 0xff, 0xff, 0xff, 0xff,
  0xff, 0xff, 0xff, 0xff, 0xff, 0xff, 0xff, 0xff, 0xff, 0xff, 0xff, 0xff, 0xff, 0xff, 0xff, 0xff,
  0xff, 0xff, 0xff, 0xff, 0xff, 0xff, 0xff, 0xff, 0xfe, 0xfe, 0xfe, 0xff, 0xff, 0xff, 0xff, 0xff,
  0xee, 0xee, 0xee, 0xff, 0xc2, 0xc2, 0xc2, 0xfb, 0xd6, 0xd6, 0xd6, 0xff, 0xc6, 0xc6, 0xc6, 0x82,
  0x00, 0x00, 0x00, 0x00, 0xbf, 0xbf, 0xbf, 0x04, 0x00, 0x00, 0x00, 0x00, 0x00, 0x00, 0x00, 0x00,
  0x00, 0x00, 0x00, 0x00, 0x00, 0x00, 0x00, 0x00, 0x00, 0x00, 0x00, 0x00, 0x00, 0x00, 0x00, 0x00,
  0x00, 0x00, 0x00, 0x00, 0x00, 0x00, 0x00, 0x00, 0x00, 0x00, 0x00, 0x00, 0x00, 0x00, 0x00, 0x00,
  0x00, 0x00, 0x00, 0x00, 0x00, 0x00, 0x00, 0x00, 0x00, 0x00, 0x00, 0x00, 0x00, 0x00, 0x00, 0x00,
  0x00, 0x00, 0x00, 0x00, 0x00, 0x00, 0x00, 0x00, 0x00, 0x00, 0x00, 0x00, 0xbf, 0xbf, 0xbf, 0x04,
  0x00, 0x00, 0x00, 0x00, 0xc5, 0xc5, 0xc5, 0x50, 0xd3, 0xd3, 0xd3, 0xff, 0xc1, 0xc1, 0xc1, 0xfc,
  0xe3, 0xe3, 0xe3, 0xff, 0xff, 0xff, 0xff, 0xff, 0xfe, 0xfe, 0xfe, 0xff, 0xff, 0xff, 0xff, 0xff,
  0xff, 0xff, 0xff, 0xff, 0xff, 0xff, 0xff, 0xff, 0xff, 0xff, 0xff, 0xff, 0xff, 0xff, 0xff, 0xff,
  0xff, 0xff, 0xff, 0xff, 0xff, 0xff, 0xff, 0xff, 0xff, 0xff, 0xff, 0xff, 0xff, 0xff, 0xff, 0xff,
  0xff, 0xff, 0xff, 0xff, 0xff, 0xff, 0xff, 0xff, 0xff, 0xff, 0xff, 0xff, 0xff, 0xff, 0xff, 0xff,
  0xff, 0xff, 0xff, 0xff, 0xff, 0xff, 0xff, 0xff, 0xff, 0xff, 0xff, 0xff, 0xff, 0xff, 0xff, 0xff,
  0xff, 0xff, 0xff, 0xff, 0xff, 0xff, 0xff, 0xff, 0xff, 0xff, 0xff, 0xff, 0xff, 0xff, 0xff, 0xff,
  0xff, 0xff, 0xff, 0xff, 0xff, 0xff, 0xff, 0xff, 0xff, 0xff, 0xff, 0xff, 0xff, 0xff, 0xff, 0xff,
  0xff, 0xff, 0xff, 0xff, 0xff, 0xff, 0xff, 0xff, 0xff, 0xff, 0xff, 0xff, 0xff, 0xff, 0xff, 0xff,
  0xff, 0xff, 0xff, 0xff, 0xff, 0xff, 0xff, 0xff, 0xff, 0xff, 0xff, 0xff, 0xff, 0xff, 0xff, 0xff,
  0xff, 0xff, 0xff, 0xff, 0xff, 0xff, 0xff, 0xff, 0xff, 0xff, 0xff, 0xff, 0xff, 0xff, 0xff, 0xff,
  0xff, 0xff, 0xff, 0xff, 0xff, 0xff, 0xff, 0xff, 0xff, 0xff, 0xff, 0xff, 0xff, 0xff, 0xff, 0xff,
  0xff, 0xff, 0xff, 0xff, 0xff, 0xff, 0xff, 0xff, 0xff, 0xff, 0xff, 0xff, 0xff, 0xff, 0xff, 0xff,
  0xff, 0xff, 0xff, 0xff, 0xff, 0xff, 0xff, 0xff, 0xff, 0xff, 0xff, 0xff, 0xff, 0xff, 0xff, 0xff,
  0xff, 0xff, 0xff, 0xff, 0xff, 0xff, 0xff, 0xff, 0xff, 0xff, 0xff, 0xff, 0xff, 0xff, 0xff, 0xff,
  0xff, 0xff, 0xff, 0xff, 0xff, 0xff, 0xff, 0xff, 0xff, 0xff, 0xff, 0xff, 0xff, 0xff, 0xff, 0xff,
  0xff, 0xff, 0xff, 0xff, 0xff, 0xff, 0xff, 0xff, 0xff, 0xff, 0xff, 0xff, 0xff, 0xff, 0xff, 0xff,
  0xff, 0xff, 0xff, 0xff, 0xff, 0xff, 0xff, 0xff, 0xff, 0xff, 0xff, 0xff, 0xff, 0xff, 0xff, 0xff,
  0xff, 0xff, 0xff, 0xff, 0xff, 0xff, 0xff, 0xff, 0xff, 0xff, 0xff, 0xff, 0xff, 0xff, 0xff, 0xff,
  0xff, 0xff, 0xff, 0xff, 0xff, 0xff, 0xff, 0xff, 0xff, 0xff, 0xff, 0xff, 0xfe, 0xfe, 0xfe, 0xff,
  0xff, 0xff, 0xff, 0xff, 0xee, 0xee, 0xee, 0xff, 0xc2, 0xc2, 0xc2, 0xfb, 0xd6, 0xd6, 0xd6, 0xff,
  0xc6, 0xc6, 0xc6, 0x82, 0x00, 0x00, 0x00, 0x00, 0xbf, 0xbf, 0xbf, 0x04, 0x00, 0x00, 0x00, 0x00,
  0x00, 0x00, 0x00, 0x00, 0x00, 0x00, 0x00, 0x00, 0x00, 0x00, 0x00, 0x00, 0x00, 0x00, 0x00, 0x00,
  0x00, 0x00, 0x00, 0x00, 0x00, 0x00, 0x00, 0x00, 0x00, 0x00, 0x00, 0x00, 0x00, 0x00, 0x00, 0x00,
  0x00, 0x00, 0x00, 0x00, 0x00, 0x00, 0x00, 0x00, 0x00, 0x00, 0x00, 0x00, 0x00, 0x00, 0x00, 0x00,
  0x00, 0x00, 0x00, 0x00, 0x00, 0x00, 0x00, 0x00, 0x00, 0x00, 0x00, 0x00, 0x00, 0x00, 0x00, 0x00,
  0xbf, 0xbf, 0xbf, 0x04, 0xff, 0xff, 0xff, 0x01, 0xc4, 0xc4, 0xc4, 0x53, 0xd3, 0xd3, 0xd3, 0xff,
  0xc1, 0xc1, 0xc1, 0xfc, 0xe3, 0xe3, 0xe3, 0xff, 0xff, 0xff, 0xff, 0xff, 0xfe, 0xfe, 0xfe, 0xff,
  0xff, 0xff, 0xff, 0xff, 0xff, 0xff, 0xff, 0xff, 0xff, 0xff, 0xff, 0xff, 0xff, 0xff, 0xff, 0xff,
  0xff, 0xff, 0xff, 0xff, 0xff, 0xff, 0xff, 0xff, 0xff, 0xff, 0xff, 0xff, 0xff, 0xff, 0xff, 0xff,
  0xff, 0xff, 0xff, 0xff, 0xff, 0xff, 0xff, 0xff, 0xff, 0xff, 0xff, 0xff, 0xff, 0xff, 0xff, 0xff,
  0xff, 0xff, 0xff, 0xff, 0xff, 0xff, 0xff, 0xff, 0xff, 0xff, 0xff, 0xff, 0xff, 0xff, 0xff, 0xff,
  0xff, 0xff, 0xff, 0xff, 0xff, 0xff, 0xff, 0xff, 0xff, 0xff, 0xff, 0xff, 0xff, 0xff, 0xff, 0xff,
  0xff, 0xff, 0xff, 0xff, 0xff, 0xff, 0xff, 0xff, 0xff, 0xff, 0xff, 0xff, 0xff, 0xff, 0xff, 0xff,
  0xff, 0xff, 0xff, 0xff, 0xff, 0xff, 0xff, 0xff, 0xff, 0xff, 0xff, 0xff, 0xff, 0xff, 0xff, 0xff,
  0xff, 0xff, 0xff, 0xff, 0xff, 0xff, 0xff, 0xff, 0xff, 0xff, 0xff, 0xff, 0xff, 0xff, 0xff, 0xff,
  0xff, 0xff, 0xff, 0xff, 0xff, 0xff, 0xff, 0xff, 0xff, 0xff, 0xff, 0xff, 0xff, 0xff, 0xff, 0xff,
  0xff, 0xff, 0xff, 0xff, 0xff, 0xff, 0xff, 0xff, 0xff, 0xff, 0xff, 0xff, 0xff, 0xff, 0xff, 0xff,
  0xff, 0xff, 0xff, 0xff, 0xff, 0xff, 0xff, 0xff, 0xff, 0xff, 0xff, 0xff, 0xff, 0xff, 0xff, 0xff,
  0xff, 0xff, 0xff, 0xff, 0xff, 0xff, 0xff, 0xff, 0xff, 0xff, 0xff, 0xff, 0xff, 0xff, 0xff, 0xff,
  0xff, 0xff, 0xff, 0xff, 0xff, 0xff, 0xff, 0xff, 0xff, 0xff, 0xff, 0xff, 0xff, 0xff, 0xff, 0xff,
  0xff, 0xff, 0xff, 0xff, 0xff, 0xff, 0xff, 0xff, 0xff, 0xff, 0xff, 0xff, 0xff, 0xff, 0xff, 0xff,
  0xff, 0xff, 0xff, 0xff, 0xff, 0xff, 0xff, 0xff, 0xff, 0xff, 0xff, 0xff, 0xff, 0xff, 0xff, 0xff,
  0xff, 0xff, 0xff, 0xff, 0xff, 0xff, 0xff, 0xff, 0xff, 0xff, 0xff, 0xff, 0xff, 0xff, 0xff, 0xff,
  0xff, 0xff, 0xff, 0xff, 0xff, 0xff, 0xff, 0xff, 0xff, 0xff, 0xff, 0xff, 0xff, 0xff, 0xff, 0xff,
  0xff, 0xff, 0xff, 0xff, 0xff, 0xff, 0xff, 0xff, 0xff, 0xff, 0xff, 0xff, 0xff, 0xff, 0xff, 0xff,
  0xfe, 0xfe, 0xfe, 0xff, 0xff, 0xff, 0xff, 0xff, 0xee, 0xee, 0xee, 0xff, 0xc2, 0xc2, 0xc2, 0xfb,
  0xd6, 0xd6, 0xd6, 0xff, 0xc6, 0xc6, 0xc6, 0x82, 0x00, 0x00, 0x00, 0x00, 0xbf, 0xbf, 0xbf, 0x04,
  0x00, 0x00, 0x00, 0x00, 0x00, 0x00, 0x00, 0x00, 0x00, 0x00, 0x00, 0x00, 0x00, 0x00, 0x00, 0x00,
  0x00, 0x00, 0x00, 0x00, 0x00, 0x00, 0x00, 0x00, 0x00, 0x00, 0x00, 0x00, 0x00, 0x00, 0x00, 0x00,
  0x00, 0x00, 0x00, 0x00, 0x00, 0x00, 0x00, 0x00, 0x00, 0x00, 0x00, 0x00, 0x00, 0x00, 0x00, 0x00,
  0x00, 0x00, 0x00, 0x00, 0x00, 0x00, 0x00, 0x00, 0x00, 0x00, 0x00, 0x00, 0x00, 0x00, 0x00, 0x00,
  0x00, 0x00, 0x00, 0x00, 0xbf, 0xbf, 0xbf, 0x04, 0x00, 0x00, 0x00, 0x00, 0xc3, 0xc3, 0xc3, 0x45,
  0xd4, 0xd4, 0xd4, 0xff, 0xc1, 0xc1, 0xc1, 0xfc, 0xe3, 0xe3, 0xe3, 0xff, 0xff, 0xff, 0xff, 0xff,
  0xfe, 0xfe, 0xfe, 0xff, 0xff, 0xff, 0xff, 0xff, 0xff, 0xff, 0xff, 0xff, 0xff, 0xff, 0xff, 0xff,
  0xff, 0xff, 0xff, 0xff, 0xff, 0xff, 0xff, 0xff, 0xff, 0xff, 0xff, 0xff, 0xff, 0xff, 0xff, 0xff,
  0xff, 0xff, 0xff, 0xff, 0xff, 0xff, 0xff, 0xff, 0xff, 0xff, 0xff, 0xff, 0xff, 0xff, 0xff, 0xff,
  0xff, 0xff, 0xff, 0xff, 0xff, 0xff, 0xff, 0xff, 0xff, 0xff, 0xff, 0xff, 0xff, 0xff, 0xff, 0xff,
  0xff, 0xff, 0xff, 0xff, 0xff, 0xff, 0xff, 0xff, 0xff, 0xff, 0xff, 0xff, 0xff, 0xff, 0xff, 0xff,
  0xff, 0xff, 0xff, 0xff, 0xff, 0xff, 0xff, 0xff, 0xff, 0xff, 0xff, 0xff, 0xff, 0xff, 0xff, 0xff,
  0xff, 0xff, 0xff, 0xff, 0xff, 0xff, 0xff, 0xff, 0xff, 0xff, 0xff, 0xff, 0xff, 0xff, 0xff, 0xff,
  0xff, 0xff, 0xff, 0xff, 0xff, 0xff, 0xff, 0xff, 0xff, 0xff, 0xff, 0xff, 0xff, 0xff, 0xff, 0xff,
  0xff, 0xff, 0xff, 0xff, 0xff, 0xff, 0xff, 0xff, 0xff, 0xff, 0xff, 0xff, 0xff, 0xff, 0xff, 0xff,
  0xff, 0xff, 0xff, 0xff, 0xff, 0xff, 0xff, 0xff, 0xff, 0xff, 0xff, 0xff, 0xff, 0xff, 0xff, 0xff,
  0xff, 0xff, 0xff, 0xff, 0xff, 0xff, 0xff, 0xff, 0xff, 0xff, 0xff, 0xff, 0xff, 0xff, 0xff, 0xff,
  0xff, 0xff, 0xff, 0xff, 0xff, 0xff, 0xff, 0xff, 0xff, 0xff, 0xff, 0xff, 0xff, 0xff, 0xff, 0xff,
  0xff, 0xff, 0xff, 0xff, 0xff, 0xff, 0xff, 0xff, 0xff, 0xff, 0xff, 0xff, 0xff, 0xff, 0xff, 0xff,
  0xff, 0xff, 0xff, 0xff, 0xff, 0xff, 0xff, 0xff, 0xff, 0xff, 0xff, 0xff, 0xff, 0xff, 0xff, 0xff,
  0xff, 0xff, 0xff, 0xff, 0xff, 0xff, 0xff, 0xff, 0xff, 0xff, 0xff, 0xff, 0xff, 0xff, 0xff, 0xff,
  0xff, 0xff, 0xff, 0xff, 0xff, 0xff, 0xff, 0xff, 0xff, 0xff, 0xff, 0xff, 0xff, 0xff, 0xff, 0xff,
  0xff, 0xff, 0xff, 0xff, 0xff, 0xff, 0xff, 0xff, 0xff, 0xff, 0xff, 0xff, 0xff, 0xff, 0xff, 0xff,
  0xff, 0xff, 0xff, 0xff, 0xff, 0xff, 0xff, 0xff, 0xff, 0xff, 0xff, 0xff, 0xff, 0xff, 0xff, 0xff,
  0xff, 0xff, 0xff, 0xff, 0xfe, 0xfe, 0xfe, 0xff, 0xff, 0xff, 0xff, 0xff, 0xee, 0xee, 0xee, 0xff,
  0xc2, 0xc2, 0xc2, 0xfb, 0xd6, 0xd6, 0xd6, 0xff, 0xc6, 0xc6, 0xc6, 0x82, 0x00, 0x00, 0x00, 0x00,
  0xbf, 0xbf, 0xbf, 0x04, 0x00, 0x00, 0x00, 0x00, 0x00, 0x00, 0x00, 0x00, 0x00, 0x00, 0x00, 0x00,
  0x00, 0x00, 0x00, 0x00, 0x00, 0x00, 0x00, 0x00, 0x00, 0x00, 0x00, 0x00, 0x00, 0x00, 0x00, 0x00,
  0x00, 0x00, 0x00, 0x00, 0x00, 0x00, 0x00, 0x00, 0x00, 0x00, 0x00, 0x00, 0x00, 0x00, 0x00, 0x00,
  0x00, 0x00, 0x00, 0x00, 0x00, 0x00, 0x00, 0x00, 0x00, 0x00, 0x00, 0x00, 0x00, 0x00, 0x00, 0x00,
  0x00, 0x00, 0x00, 0x00, 0xff, 0xff, 0xff, 0x01, 0xff, 0xff, 0xff, 0x02, 0xc4, 0xc4, 0xc4, 0x0d,
  0xc7, 0xc7, 0xc7, 0x8a, 0xcf, 0xcf, 0xcf, 0xff, 0xc0, 0xc0, 0xc0, 0xfd, 0xe3, 0xe3, 0xe3, 0xff,
  0xff, 0xff, 0xff, 0xff, 0xfe, 0xfe, 0xfe, 0xff, 0xff, 0xff, 0xff, 0xff, 0xff, 0xff, 0xff, 0xff,
  0xff, 0xff, 0xff, 0xff, 0xff, 0xff, 0xff, 0xff, 0xff, 0xff, 0xff, 0xff, 0xff, 0xff, 0xff, 0xff,
  0xff, 0xff, 0xff, 0xff, 0xff, 0xff, 0xff, 0xff, 0xff, 0xff, 0xff, 0xff, 0xff, 0xff, 0xff, 0xff,
  0xff, 0xff, 0xff, 0xff, 0xff, 0xff, 0xff, 0xff, 0xff, 0xff, 0xff, 0xff, 0xff, 0xff, 0xff, 0xff,
  0xff, 0xff, 0xff, 0xff, 0xff, 0xff, 0xff, 0xff, 0xff, 0xff, 0xff, 0xff, 0xff, 0xff, 0xff, 0xff,
  0xff, 0xff, 0xff, 0xff, 0xff, 0xff, 0xff, 0xff, 0xff, 0xff, 0xff, 0xff, 0xff, 0xff, 0xff, 0xff,
  0xff, 0xff, 0xff, 0xff, 0xff, 0xff, 0xff, 0xff, 0xff, 0xff, 0xff, 0xff, 0xff, 0xff, 0xff, 0xff,
  0xff, 0xff, 0xff, 0xff, 0xff, 0xff, 0xff, 0xff, 0xff, 0xff, 0xff, 0xff, 0xff, 0xff, 0xff, 0xff,
  0xff, 0xff, 0xff, 0xff, 0xff, 0xff, 0xff, 0xff, 0xff, 0xff, 0xff, 0xff, 0xff, 0xff, 0xff, 0xff,
  0xff, 0xff, 0xff, 0xff, 0xff, 0xff, 0xff, 0xff, 0xff, 0xff, 0xff, 0xff, 0xff, 0xff, 0xff, 0xff,
  0xff, 0xff, 0xff, 0xff, 0xff, 0xff, 0xff, 0xff, 0xff, 0xff, 0xff, 0xff, 0xff, 0xff, 0xff, 0xff,
  0xff, 0xff, 0xff, 0xff, 0xff, 0xff, 0xff, 0xff, 0xff, 0xff, 0xff, 0xff, 0xff, 0xff, 0xff, 0xff,
  0xff, 0xff, 0xff, 0xff, 0xff, 0xff, 0xff, 0xff, 0xff, 0xff, 0xff, 0xff, 0xff, 0xff, 0xff, 0xff,
  0xff, 0xff, 0xff, 0xff, 0xff, 0xff, 0xff, 0xff, 0xff, 0xff, 0xff, 0xff, 0xff, 0xff, 0xff, 0xff,
  0xff, 0xff, 0xff, 0xff, 0xff, 0xff, 0xff, 0xff, 0xff, 0xff, 0xff, 0xff, 0xff, 0xff, 0xff, 0xff,
  0xff, 0xff, 0xff, 0xff, 0xff, 0xff, 0xff, 0xff, 0xff, 0xff, 0xff, 0xff, 0xff, 0xff, 0xff, 0xff,
  0xff, 0xff, 0xff, 0xff, 0xff, 0xff, 0xff, 0xff, 0xff, 0xff, 0xff, 0xff, 0xff, 0xff, 0xff, 0xff,
  0xff, 0xff, 0xff, 0xff, 0xff, 0xff, 0xff, 0xff, 0xff, 0xff, 0xff, 0xff, 0xff, 0xff, 0xff, 0xff,
  0xff, 0xff, 0xff, 0xff, 0xff, 0xff, 0xff, 0xff, 0xfe, 0xfe, 0xfe, 0xff, 0xff, 0xff, 0xff, 0xff,
  0xee, 0xee, 0xee, 0xff, 0xc2, 0xc2, 0xc2, 0xfb, 0xd6, 0xd6, 0xd6, 0xff, 0xc6, 0xc6, 0xc6, 0x82,
  0x00, 0x00, 0x00, 0x00, 0xbf, 0xbf, 0xbf, 0x04, 0x00, 0x00, 0x00, 0x00, 0x00, 0x00, 0x00, 0x00,
  0x00, 0x00, 0x00, 0x00, 0x00, 0x00, 0x00, 0x00, 0x00, 0x00, 0x00, 0x00, 0x00, 0x00, 0x00, 0x00,
  0x00, 0x00, 0x00, 0x00, 0x00, 0x00, 0x00, 0x00, 0x00, 0x00, 0x00, 0x00, 0x00, 0x00, 0x00, 0x00,
  0x00, 0x00, 0x00, 0x00, 0x00, 0x00, 0x00, 0x00, 0x00, 0x00, 0x00, 0x00, 0x00, 0x00, 0x00, 0x00,
  0x00, 0x00, 0x00, 0x00, 0x00, 0x00, 0x00, 0x00, 0xff, 0xff, 0xff, 0x03, 0xff, 0xff, 0xff, 0x02,
  0xcd, 0xcd, 0xcd, 0x34, 0xd2, 0xd2, 0xd2, 0xff, 0xc7, 0xc7, 0xc7, 0xff, 0xc2, 0xc2, 0xc2, 0xff,
  0xe4, 0xe4, 0xe4, 0xff, 0xff, 0xff, 0xff, 0xff, 0xfe, 0xfe, 0xfe, 0xff, 0xff, 0xff, 0xff, 0xff,
  0xff, 0xff, 0xff, 0xff, 0xff, 0xff, 0xff, 0xff, 0xff, 0xff, 0xff, 0xff, 0xff, 0xff, 0xff, 0xff,
  0xff, 0xff, 0xff, 0xff, 0xff, 0xff, 0xff, 0xff, 0xff, 0xff, 0xff, 0xff, 0xff, 0xff, 0xff, 0xff,
  0xff, 0xff, 0xff, 0xff, 0xff, 0xff, 0xff, 0xff, 0xff, 0xff, 0xff, 0xff, 0xff, 0xff, 0xff, 0xff,
  0xff, 0xff, 0xff, 0xff, 0xff, 0xff, 0xff, 0xff, 0xff, 0xff, 0xff, 0xff, 0xff, 0xff, 0xff, 0xff,
  0xff, 0xff, 0xff, 0xff, 0xff, 0xff, 0xff, 0xff, 0xff, 0xff, 0xff, 0xff, 0xff, 0xff, 0xff, 0xff,
  0xff, 0xff, 0xff, 0xff, 0xff, 0xff, 0xff, 0xff, 0xff, 0xff, 0xff, 0xff, 0xff, 0xff, 0xff, 0xff,
  0xff, 0xff, 0xff, 0xff, 0xff, 0xff, 0xff, 0xff, 0xff, 0xff, 0xff, 0xff, 0xff, 0xff, 0xff, 0xff,
  0xff, 0xff, 0xff, 0xff, 0xff, 0xff, 0xff, 0xff, 0xff, 0xff, 0xff, 0xff, 0xff, 0xff, 0xff, 0xff,
  0xff, 0xff, 0xff, 0xff, 0xff, 0xff, 0xff, 0xff, 0xff, 0xff, 0xff, 0xff, 0xff, 0xff, 0xff, 0xff,
  0xff, 0xff, 0xff, 0xff, 0xff, 0xff, 0xff, 0xff, 0xff, 0xff, 0xff, 0xff, 0xff, 0xff, 0xff, 0xff,
  0xff, 0xff, 0xff, 0xff, 0xff, 0xff, 0xff, 0xff, 0xff, 0xff, 0xff, 0xff, 0xff, 0xff, 0xff, 0xff,
  0xff, 0xff, 0xff, 0xff, 0xff, 0xff, 0xff, 0xff, 0xff, 0xff, 0xff, 0xff, 0xff, 0xff, 0xff, 0xff,
  0xff, 0xff, 0xff, 0xff, 0xff, 0xff, 0xff, 0xff, 0xff, 0xff, 0xff, 0xff, 0xff, 0xff, 0xff, 0xff,
  0xff, 0xff, 0xff, 0xff, 0xff, 0xff, 0xff, 0xff, 0xff, 0xff, 0xff, 0xff, 0xff, 0xff, 0xff, 0xff,
  0xff, 0xff, 0xff, 0xff, 0xff, 0xff, 0xff, 0xff, 0xff, 0xff, 0xff, 0xff, 0xff, 0xff, 0xff, 0xff,
  0xff, 0xff, 0xff, 0xff, 0xff, 0xff, 0xff, 0xff, 0xff, 0xff, 0xff, 0xff, 0xff, 0xff, 0xff, 0xff,
  0xff, 0xff, 0xff, 0xff, 0xff, 0xff, 0xff, 0xff, 0xff, 0xff, 0xff, 0xff, 0xff, 0xff, 0xff, 0xff,
  0xff, 0xff, 0xff, 0xff, 0xff, 0xff, 0xff, 0xff, 0xff, 0xff, 0xff, 0xff, 0xfe, 0xfe, 0xfe, 0xff,
  0xff, 0xff, 0xff, 0xff, 0xee, 0xee, 0xee, 0xff, 0xc2, 0xc2, 0xc2, 0xfb, 0xd6, 0xd6, 0xd6, 0xff,
  0xc6, 0xc6, 0xc6, 0x82, 0x00, 0x00, 0x00, 0x00, 0xbf, 0xbf, 0xbf, 0x04, 0x00, 0x00, 0x00, 0x00,
  0x00, 0x00, 0x00, 0x00, 0x00, 0x00, 0x00, 0x00, 0x00, 0x00, 0x00, 0x00, 0x00, 0x00, 0x00, 0x00,
  0x00, 0x00, 0x00, 0x00, 0x00, 0x00, 0x00, 0x00, 0x00, 0x00, 0x00, 0x00, 0x00, 0x00, 0x00, 0x00,
  0x00, 0x00, 0x00, 0x00, 0x00, 0x00, 0x00, 0x00, 0x00, 0x00, 0x00, 0x00, 0x00, 0x00, 0x00, 0x00,
  0xff, 0xff, 0xff, 0x01, 0xff, 0xff, 0xff, 0x01, 0xdf, 0xdf, 0xdf, 0x08, 0x00, 0x00, 0x00, 0x00,
  0xcf, 0xcf, 0xcf, 0x3b, 0xd8, 0xd8, 0xd8, 0xe8, 0xc5, 0xc5, 0xc5, 0xfa, 0xc6, 0xc6, 0xc6, 0xff,
  0xe2, 0xe2, 0xe2, 0xff, 0xfc, 0xfc, 0xfc, 0xff, 0xff, 0xff, 0xff, 0xff, 0xff, 0xff, 0xff, 0xff,
  0xff, 0xff, 0xff, 0xff, 0xff, 0xff, 0xff, 0xff, 0xff, 0xff, 0xff, 0xff, 0xff, 0xff, 0xff, 0xff,
  0xff, 0xff, 0xff, 0xff, 0xff, 0xff, 0xff, 0xff, 0xff, 0xff, 0xff, 0xff, 0xff, 0xff, 0xff, 0xff,
  0xff, 0xff, 0xff, 0xff, 0xff, 0xff, 0xff, 0xff, 0xff, 0xff, 0xff, 0xff, 0xff, 0xff, 0xff, 0xff,
  0xff, 0xff, 0xff, 0xff, 0xff, 0xff, 0xff, 0xff, 0xff, 0xff, 0xff, 0xff, 0xff, 0xff, 0xff, 0xff,
  0xff, 0xff, 0xff, 0xff, 0xff, 0xff, 0xff, 0xff, 0xff, 0xff, 0xff, 0xff, 0xff, 0xff, 0xff, 0xff,
  0xff, 0xff, 0xff, 0xff, 0xff, 0xff, 0xff, 0xff, 0xff, 0xff, 0xff, 0xff, 0xff, 0xff, 0xff, 0xff,
  0xff, 0xff, 0xff, 0xff, 0xff, 0xff, 0xff, 0xff, 0xff, 0xff, 0xff, 0xff, 0xff, 0xff, 0xff, 0xff,
  0xff, 0xff, 0xff, 0xff, 0xff, 0xff, 0xff, 0xff, 0xff, 0xff, 0xff, 0xff, 0xff, 0xff, 0xff, 0xff,
  0xff, 0xff, 0xff, 0xff, 0xff, 0xff, 0xff, 0xff, 0xff, 0xff, 0xff, 0xff, 0xff, 0xff, 0xff, 0xff,
  0xff, 0xff, 0xff, 0xff, 0xff, 0xff, 0xff, 0xff, 0xff, 0xff, 0xff, 0xff, 0xff, 0xff, 0xff, 0xff,
  0xff, 0xff, 0xff, 0xff, 0xff, 0xff, 0xff, 0xff, 0xff, 0xff, 0xff, 0xff, 0xff, 0xff, 0xff, 0xff,
  0xff, 0xff, 0xff, 0xff, 0xff, 0xff, 0xff, 0xff, 0xff, 0xff, 0xff, 0xff, 0xff, 0xff, 0xff, 0xff,
  0xff, 0xff, 0xff, 0xff, 0xff, 0xff, 0xff, 0xff, 0xff, 0xff, 0xff, 0xff, 0xff, 0xff, 0xff, 0xff,
  0xff, 0xff, 0xff, 0xff, 0xff, 0xff, 0xff, 0xff, 0xff, 0xff, 0xff, 0xff, 0xff, 0xff, 0xff, 0xff,
  0xff, 0xff, 0xff, 0xff, 0xff, 0xff, 0xff, 0xff, 0xff, 0xff, 0xff, 0xff, 0xff, 0xff, 0xff, 0xff,
  0xff, 0xff, 0xff, 0xff, 0xff, 0xff, 0xff, 0xff, 0xff, 0xff, 0xff, 0xff, 0xff, 0xff, 0xff, 0xff,
  0xff, 0xff, 0xff, 0xff, 0xff, 0xff, 0xff, 0xff, 0xff, 0xff, 0xff, 0xff, 0xff, 0xff, 0xff, 0xff,
  0xff, 0xff, 0xff, 0xff, 0xff, 0xff, 0xff, 0xff, 0xff, 0xff, 0xff, 0xff, 0xff, 0xff, 0xff, 0xff,
  0xfe, 0xfe, 0xfe, 0xff, 0xff, 0xff, 0xff, 0xff, 0xee, 0xee, 0xee, 0xff, 0xc2, 0xc2, 0xc2, 0xfb,
  0xd6, 0xd6, 0xd6, 0xff, 0xc6, 0xc6, 0xc6, 0x82, 0x00, 0x00, 0x00, 0x00, 0xbf, 0xbf, 0xbf, 0x04,
  0x00, 0x00, 0x00, 0x00, 0x00, 0x00, 0x00, 0x00, 0x00, 0x00, 0x00, 0x00, 0x00, 0x00, 0x00, 0x00,
  0x00, 0x00, 0x00, 0x00, 0x00, 0x00, 0x00, 0x00, 0x00, 0x00, 0x00, 0x00, 0x00, 0x00, 0x00, 0x00,
  0x00, 0x00, 0x00, 0x00, 0x00, 0x00, 0x00, 0x00, 0xff, 0xff, 0xff, 0x01, 0xff, 0xff, 0xff, 0x01,
  0xaa, 0xaa, 0xaa, 0x03, 0xcc, 0xcc, 0xcc, 0x05, 0xcc, 0xcc, 0xcc, 0x05, 0x00, 0x00, 0x00, 0x00,
  0xcf, 0xcf, 0xcf, 0x85, 0xd6, 0xd6, 0xd6, 0xdc, 0xd3, 0xd3, 0xd3, 0xff, 0xf3, 0xf3, 0xf3, 0xfe,
  0xf4, 0xf4, 0xf4, 0xff, 0xfb, 0xfb, 0xfb, 0xff, 0xff, 0xff, 0xff, 0xff, 0xff, 0xff, 0xff, 0xff,
  0xff, 0xff, 0xff, 0xff, 0xff, 0xff, 0xff, 0xff, 0xff, 0xff, 0xff, 0xff, 0xff, 0xff, 0xff, 0xff,
  0xff, 0xff, 0xff, 0xff, 0xff, 0xff, 0xff, 0xff, 0xff, 0xff, 0xff, 0xff, 0xff, 0xff, 0xff, 0xff,
  0xff, 0xff, 0xff, 0xff, 0xff, 0xff, 0xff, 0xff, 0xff, 0xff, 0xff, 0xff, 0xff, 0xff, 0xff, 0xff,
  0xff, 0xff, 0xff, 0xff, 0xff, 0xff, 0xff, 0xff, 0xff, 0xff, 0xff, 0xff, 0xff, 0xff, 0xff, 0xff,
  0xff, 0xff, 0xff, 0xff, 0xff, 0xff, 0xff, 0xff, 0xff, 0xff, 0xff, 0xff, 0xff, 0xff, 0xff, 0xff,
  0xff, 0xff, 0xff, 0xff, 0xff, 0xff, 0xff, 0xff, 0xff, 0xff, 0xff, 0xff, 0xff, 0xff, 0xff, 0xff,
  0xff, 0xff, 0xff, 0xff, 0xff, 0xff, 0xff, 0xff, 0xff, 0xff, 0xff, 0xff, 0xff, 0xff, 0xff, 0xff,
  0xff, 0xff, 0xff, 0xff, 0xff, 0xff, 0xff, 0xff, 0xff, 0xff, 0xff, 0xff, 0xff, 0xff, 0xff, 0xff,
  0xff, 0xff, 0xff, 0xff, 0xff, 0xff, 0xff, 0xff, 0xff, 0xff, 0xff, 0xff, 0xff, 0xff, 0xff, 0xff,
  0xff, 0xff, 0xff, 0xff, 0xff, 0xff, 0xff, 0xff, 0xff, 0xff, 0xff, 0xff, 0xff, 0xff, 0xff, 0xff,
  0xff, 0xff, 0xff, 0xff, 0xff, 0xff, 0xff, 0xff, 0xff, 0xff, 0xff, 0xff, 0xff, 0xff, 0xff, 0xff,
  0xff, 0xff, 0xff, 0xff, 0xff, 0xff, 0xff, 0xff, 0xff, 0xff, 0xff, 0xff, 0xff, 0xff, 0xff, 0xff,
  0xff, 0xff, 0xff, 0xff, 0xff, 0xff, 0xff, 0xff, 0xff, 0xff, 0xff, 0xff, 0xff, 0xff, 0xff, 0xff,
  0xff, 0xff, 0xff, 0xff, 0xff, 0xff, 0xff, 0xff, 0xff, 0xff, 0xff, 0xff, 0xff, 0xff, 0xff, 0xff,
  0xff, 0xff, 0xff, 0xff, 0xff, 0xff, 0xff, 0xff, 0xff, 0xff, 0xff, 0xff, 0xff, 0xff, 0xff, 0xff,
  0xff, 0xff, 0xff, 0xff, 0xff, 0xff, 0xff, 0xff, 0xff, 0xff, 0xff, 0xff, 0xff, 0xff, 0xff, 0xff,
  0xff, 0xff, 0xff, 0xff, 0xff, 0xff, 0xff, 0xff, 0xff, 0xff, 0xff, 0xff, 0xff, 0xff, 0xff, 0xff,
  0xff, 0xff, 0xff, 0xff, 0xff, 0xff, 0xff, 0xff, 0xff, 0xff, 0xff, 0xff, 0xff, 0xff, 0xff, 0xff,
  0xff, 0xff, 0xff, 0xff, 0xfe, 0xfe, 0xfe, 0xff, 0xff, 0xff, 0xff, 0xff, 0xee, 0xee, 0xee, 0xff,
  0xc2, 0xc2, 0xc2, 0xfb, 0xd6, 0xd6, 0xd6, 0xff, 0xc6, 0xc6, 0xc6, 0x82, 0x00, 0x00, 0x00, 0x00,
  0xbf, 0xbf, 0xbf, 0x04, 0x00, 0x00, 0x00, 0x00, 0x00, 0x00, 0x00, 0x00, 0x00, 0x00, 0x00, 0x00,
  0x00, 0x00, 0x00, 0x00, 0x00, 0x00, 0x00, 0x00, 0x00, 0x00, 0x00, 0x00, 0x00, 0x00, 0x00, 0x00,
  0x00, 0x00, 0x00, 0x00, 0xff, 0xff, 0xff, 0x01, 0xff, 0xff, 0xff, 0x01, 0xff, 0xff, 0xff, 0x01,
  0xff, 0xff, 0xff, 0x02, 0x00, 0x00, 0x00, 0x00, 0x00, 0x00, 0x00, 0x00, 0xff, 0xff, 0xff, 0x04,
  0xcf, 0xcf, 0xcf, 0x67, 0xc8, 0xc8, 0xc8, 0xd7, 0xdb, 0xdb, 0xdb, 0xff, 0xe5, 0xe5, 0xe5, 0xfb,
  0xff, 0xff, 0xff, 0xff, 0xff, 0xff, 0xff, 0xff, 0xff, 0xff, 0xff, 0xff, 0xff, 0xff, 0xff, 0xff,
  0xff, 0xff, 0xff, 0xff, 0xff, 0xff, 0xff, 0xff, 0xff, 0xff, 0xff, 0xff, 0xff, 0xff, 0xff, 0xff,
  0xff, 0xff, 0xff, 0xff, 0xff, 0xff, 0xff, 0xff, 0xff, 0xff, 0xff, 0xff, 0xff, 0xff, 0xff, 0xff,
  0xff, 0xff, 0xff, 0xff, 0xff, 0xff, 0xff, 0xff, 0xff, 0xff, 0xff, 0xff, 0xff, 0xff, 0xff, 0xff,
  0xff, 0xff, 0xff, 0xff, 0xff, 0xff, 0xff, 0xff, 0xff, 0xff, 0xff, 0xff, 0xff, 0xff, 0xff, 0xff,
  0xff, 0xff, 0xff, 0xff, 0xff, 0xff, 0xff, 0xff, 0xff, 0xff, 0xff, 0xff, 0xff, 0xff, 0xff, 0xff,
  0xff, 0xff, 0xff, 0xff, 0xff, 0xff, 0xff, 0xff, 0xff, 0xff, 0xff, 0xff, 0xff, 0xff, 0xff, 0xff,
  0xff, 0xff, 0xff, 0xff, 0xff, 0xff, 0xff, 0xff, 0xff, 0xff, 0xff, 0xff, 0xff, 0xff, 0xff, 0xff,
  0xff, 0xff, 0xff, 0xff, 0xff, 0xff, 0xff, 0xff, 0xff, 0xff, 0xff, 0xff, 0xff, 0xff, 0xff, 0xff,
  0xff, 0xff, 0xff, 0xff, 0xff, 0xff, 0xff, 0xff, 0xff, 0xff, 0xff, 0xff, 0xff, 0xff, 0xff, 0xff,
  0xff, 0xff, 0xff, 0xff, 0xff, 0xff, 0xff, 0xff, 0xff, 0xff, 0xff, 0xff, 0xff, 0xff, 0xff, 0xff,
  0xff, 0xff, 0xff, 0xff, 0xff, 0xff, 0xff, 0xff, 0xff, 0xff, 0xff, 0xff, 0xff, 0xff, 0xff, 0xff,
  0xff, 0xff, 0xff, 0xff, 0xff, 0xff, 0xff, 0xff, 0xff, 0xff, 0xff, 0xff, 0xff, 0xff, 0xff, 0xff,
  0xff, 0xff, 0xff, 0xff, 0xff, 0xff, 0xff, 0xff, 0xff, 0xff, 0xff, 0xff, 0xff, 0xff, 0xff, 0xff,
  0xff, 0xff, 0xff, 0xff, 0xff, 0xff, 0xff, 0xff, 0xff, 0xff, 0xff, 0xff, 0xff, 0xff, 0xff, 0xff,
  0xff, 0xff, 0xff, 0xff, 0xff, 0xff, 0xff, 0xff, 0xff, 0xff, 0xff, 0xff, 0xff, 0xff, 0xff, 0xff,
  0xff, 0xff, 0xff, 0xff, 0xff, 0xff, 0xff, 0xff, 0xff, 0xff, 0xff, 0xff, 0xff, 0xff, 0xff, 0xff,
  0xff, 0xff, 0xff, 0xff, 0xff, 0xff, 0xff, 0xff, 0xff, 0xff, 0xff, 0xff, 0xff, 0xff, 0xff, 0xff,
  0xff, 0xff, 0xff, 0xff, 0xff, 0xff, 0xff, 0xff, 0xff, 0xff, 0xff, 0xff, 0xff, 0xff, 0xff, 0xff,
  0xff, 0xff, 0xff, 0xff, 0xff, 0xff, 0xff, 0xff, 0xfe, 0xfe, 0xfe, 0xff, 0xff, 0xff, 0xff, 0xff,
  0xee, 0xee, 0xee, 0xff, 0xc2, 0xc2, 0xc2, 0xfb, 0xd6, 0xd6, 0xd6, 0xff, 0xc6, 0xc6, 0xc6, 0x82,
  0x00, 0x00, 0x00, 0x00, 0xbf, 0xbf, 0xbf, 0x04, 0x00, 0x00, 0x00, 0x00, 0x00, 0x00, 0x00, 0x00,
  0x00, 0x00, 0x00, 0x00, 0x00, 0x00, 0x00, 0x00, 0x00, 0x00, 0x00, 0x00, 0x00, 0x00, 0x00, 0x00,
  0x00, 0x00, 0x00, 0x00, 0xff, 0xff, 0xff, 0x01, 0xff, 0xff, 0xff, 0x01, 0xff, 0xff, 0xff, 0x01,
  0xff, 0xff, 0xff, 0x03, 0xff, 0xff, 0xff, 0x01, 0xcc, 0xcc, 0xcc, 0x32, 0xd9, 0xd9, 0xd9, 0x4b,
  0xc9, 0xc9, 0xc9, 0x65, 0xd9, 0xd8, 0xd8, 0xff, 0xd6, 0xd6, 0xd6, 0xff, 0xe4, 0xe4, 0xe4, 0xfc,
  0xff, 0xff, 0xff, 0xff, 0xfe, 0xfe, 0xfe, 0xff, 0xfe, 0xfe, 0xfe, 0xff, 0xff, 0xff, 0xff, 0xff,
  0xff, 0xff, 0xff, 0xff, 0xff, 0xff, 0xff, 0xff, 0xff, 0xff, 0xff, 0xff, 0xff, 0xff, 0xff, 0xff,
  0xff, 0xff, 0xff, 0xff, 0xff, 0xff, 0xff, 0xff, 0xff, 0xff, 0xff, 0xff, 0xff, 0xff, 0xff, 0xff,
  0xff, 0xff, 0xff, 0xff, 0xff, 0xff, 0xff, 0xff, 0xff, 0xff, 0xff, 0xff, 0xff, 0xff, 0xff, 0xff,
  0xff, 0xff, 0xff, 0xff, 0xff, 0xff, 0xff, 0xff, 0xff, 0xff, 0xff, 0xff, 0xff, 0xff, 0xff, 0xff,
  0xff, 0xff, 0xff, 0xff, 0xff, 0xff, 0xff, 0xff, 0xff, 0xff, 0xff, 0xff, 0xff, 0xff, 0xff, 0xff,
  0xff, 0xff, 0xff, 0xff, 0xff, 0xff, 0xff, 0xff, 0xff, 0xff, 0xff, 0xff, 0xff, 0xff, 0xff, 0xff,
  0xff, 0xff, 0xff, 0xff, 0xff, 0xff, 0xff, 0xff, 0xff, 0xff, 0xff, 0xff, 0xff, 0xff, 0xff, 0xff,
  0xff, 0xff, 0xff, 0xff, 0xff, 0xff, 0xff, 0xff, 0xff, 0xff, 0xff, 0xff, 0xff, 0xff, 0xff, 0xff,
  0xff, 0xff, 0xff, 0xff, 0xff, 0xff, 0xff, 0xff, 0xff, 0xff, 0xff, 0xff, 0xff, 0xff, 0xff, 0xff,
  0xff, 0xff, 0xff, 0xff, 0xff, 0xff, 0xff, 0xff, 0xff, 0xff, 0xff, 0xff, 0xff, 0xff, 0xff, 0xff,
  0xff, 0xff, 0xff, 0xff, 0xff, 0xff, 0xff, 0xff, 0xff, 0xff, 0xff, 0xff, 0xff, 0xff, 0xff, 0xff,
  0xff, 0xff, 0xff, 0xff, 0xff, 0xff, 0xff, 0xff, 0xff, 0xff, 0xff, 0xff, 0xff, 0xff, 0xff, 0xff,
  0xff, 0xff, 0xff, 0xff, 0xff, 0xff, 0xff, 0xff, 0xff, 0xff, 0xff, 0xff, 0xff, 0xff, 0xff, 0xff,
  0xff, 0xff, 0xff, 0xff, 0xff, 0xff, 0xff, 0xff, 0xff, 0xff, 0xff, 0xff, 0xff, 0xff, 0xff, 0xff,
  0xff, 0xff, 0xff, 0xff, 0xff, 0xff, 0xff, 0xff, 0xff, 0xff, 0xff, 0xff, 0xff, 0xff, 0xff, 0xff,
  0xff, 0xff, 0xff, 0xff, 0xff, 0xff, 0xff, 0xff, 0xff, 0xff, 0xff, 0xff, 0xff, 0xff, 0xff, 0xff,
  0xff, 0xff, 0xff, 0xff, 0xff, 0xff, 0xff, 0xff, 0xff, 0xff, 0xff, 0xff, 0xff, 0xff, 0xff, 0xff,
  0xff, 0xff, 0xff, 0xff, 0xff, 0xff, 0xff, 0xff, 0xff, 0xff, 0xff, 0xff, 0xff, 0xff, 0xff, 0xff,
  0xff, 0xff, 0xff, 0xff, 0xff, 0xff, 0xff, 0xff, 0xff, 0xff, 0xff, 0xff, 0xfe, 0xfe, 0xfe, 0xff,
  0xff, 0xff, 0xff, 0xff, 0xee, 0xee, 0xee, 0xff, 0xc2, 0xc2, 0xc2, 0xfb, 0xd6, 0xd6, 0xd6, 0xff,
  0xc6, 0xc6, 0xc6, 0x82, 0x00, 0x00, 0x00, 0x00, 0xbf, 0xbf, 0xbf, 0x04, 0x00, 0x00, 0x00, 0x00,
  0x00, 0x00, 0x00, 0x00, 0x00, 0x00, 0x00, 0x00, 0x00, 0x00, 0x00, 0x00, 0x00, 0x00, 0x00, 0x00,
  0x00, 0x00, 0x00, 0x00, 0xff, 0xff, 0xff, 0x01, 0xff, 0xff, 0xff, 0x01, 0xff, 0xff, 0xff, 0x01,
  0xff, 0xff, 0xff, 0x03, 0xdf, 0xdf, 0xdf, 0x08, 0x00, 0x00, 0x00, 0x00, 0xc9, 0xc9, 0xc9, 0xa7,
  0xe4, 0xe4, 0xe4, 0xff, 0xd1, 0xd1, 0xd1, 0xff, 0xc7, 0xc7, 0xc7, 0xfb, 0xef, 0xef, 0xef, 0xfe,
  0xff, 0xff, 0xff, 0xff, 0xfd, 0xfd, 0xfd, 0xff, 0xff, 0xff, 0xff, 0xff, 0xff, 0xff, 0xff, 0xff,
  0xff, 0xff, 0xff, 0xff, 0xff, 0xff, 0xff, 0xff, 0xff, 0xff, 0xff, 0xff, 0xff, 0xff, 0xff, 0xff,
  0xff, 0xff, 0xff, 0xff, 0xff, 0xff, 0xff, 0xff, 0xff, 0xff, 0xff, 0xff, 0xff, 0xff, 0xff, 0xff,
  0xff, 0xff, 0xff, 0xff, 0xff, 0xff, 0xff, 0xff, 0xff, 0xff, 0xff, 0xff, 0xff, 0xff, 0xff, 0xff,
  0xff, 0xff, 0xff, 0xff, 0xff, 0xff, 0xff, 0xff, 0xff, 0xff, 0xff, 0xff, 0xff, 0xff, 0xff, 0xff,
  0xff, 0xff, 0xff, 0xff, 0xff, 0xff, 0xff, 0xff, 0xff, 0xff, 0xff, 0xff, 0xff, 0xff, 0xff, 0xff,
  0xff, 0xff, 0xff, 0xff, 0xff, 0xff, 0xff, 0xff, 0xff, 0xff, 0xff, 0xff, 0xff, 0xff, 0xff, 0xff,
  0xff, 0xff, 0xff, 0xff, 0xff, 0xff, 0xff, 0xff, 0xff, 0xff, 0xff, 0xff, 0xff, 0xff, 0xff, 0xff,
  0xff, 0xff, 0xff, 0xff, 0xff, 0xff, 0xff, 0xff, 0xff, 0xff, 0xff, 0xff, 0xff, 0xff, 0xff, 0xff,
  0xff, 0xff, 0xff, 0xff, 0xff, 0xff, 0xff, 0xff, 0xff, 0xff, 0xff, 0xff, 0xff, 0xff, 0xff, 0xff,
  0xff, 0xff, 0xff, 0xff, 0xff, 0xff, 0xff, 0xff, 0xff, 0xff, 0xff, 0xff, 0xff, 0xff, 0xff, 0xff,
  0xff, 0xff, 0xff, 0xff, 0xff, 0xff, 0xff, 0xff, 0xff, 0xff, 0xff, 0xff, 0xff, 0xff, 0xff, 0xff,
  0xff, 0xff, 0xff, 0xff, 0xff, 0xff, 0xff, 0xff, 0xff, 0xff, 0xff, 0xff, 0xff, 0xff, 0xff, 0xff,
  0xff, 0xff, 0xff, 0xff, 0xff, 0xff, 0xff, 0xff, 0xff, 0xff, 0xff, 0xff, 0xff, 0xff, 0xff, 0xff,
  0xff, 0xff, 0xff, 0xff, 0xff, 0xff, 0xff, 0xff, 0xff, 0xff, 0xff, 0xff, 0xff, 0xff, 0xff, 0xff,
  0xff, 0xff, 0xff, 0xff, 0xff, 0xff, 0xff, 0xff, 0xff, 0xff, 0xff, 0xff, 0xff, 0xff, 0xff, 0xff,
  0xff, 0xff, 0xff, 0xff, 0xff, 0xff, 0xff, 0xff, 0xff, 0xff, 0xff, 0xff, 0xff, 0xff, 0xff, 0xff,
  0xff, 0xff, 0xff, 0xff, 0xff, 0xff, 0xff, 0xff, 0xff, 0xff, 0xff, 0xff, 0xff, 0xff, 0xff, 0xff,
  0xff, 0xff, 0xff, 0xff, 0xff, 0xff, 0xff, 0xff, 0xff, 0xff, 0xff, 0xff, 0xff, 0xff, 0xff, 0xff,
  0xff, 0xff, 0xff, 0xff, 0xff, 0xff, 0xff, 0xff, 0xff, 0xff, 0xff, 0xff, 0xff, 0xff, 0xff, 0xff,
  0xfe, 0xfe, 0xfe, 0xff, 0xff, 0xff, 0xff, 0xff, 0xee, 0xee, 0xee, 0xff, 0xc2, 0xc2, 0xc2, 0xfb,
  0xd6, 0xd6, 0xd6, 0xff, 0xc6, 0xc6, 0xc6, 0x82, 0x00, 0x00, 0x00, 0x00, 0xbf, 0xbf, 0xbf, 0x04,
  0x00, 0x00, 0x00, 0x00, 0x00, 0x00, 0x00, 0x00, 0x00, 0x00, 0x00, 0x00, 0x00, 0x00, 0x00, 0x00,
  0x00, 0x00, 0x00, 0x00, 0xff, 0xff, 0xff, 0x01, 0xff, 0xff, 0xff, 0x01, 0xff, 0xff, 0xff, 0x02,
  0xff, 0xff, 0xff, 0x03, 0xff, 0xff, 0xff, 0x06, 0x00, 0x00, 0x00, 0x01, 0xc7, 0xc7, 0xc7, 0xaa,
  0xce, 0xce, 0xce, 0xf1, 0xd3, 0xd3, 0xd3, 0xf6, 0xf9, 0xf9, 0xf9, 0xfc, 0xf7, 0xf7, 0xf7, 0xff,
  0xfc, 0xfc, 0xfc, 0xff, 0xfe, 0xfe, 0xfe, 0xff, 0xff, 0xff, 0xff, 0xff, 0xff, 0xff, 0xff, 0xff,
  0xff, 0xff, 0xff, 0xff, 0xff, 0xff, 0xff, 0xff, 0xff, 0xff, 0xff, 0xff, 0xff, 0xff, 0xff, 0xff,
  0xff, 0xff, 0xff, 0xff, 0xff, 0xff, 0xff, 0xff, 0xff, 0xff, 0xff, 0xff, 0xff, 0xff, 0xff, 0xff,
  0xff, 0xff, 0xff, 0xff, 0xff, 0xff, 0xff, 0xff, 0xff, 0xff, 0xff, 0xff, 0xff, 0xff, 0xff, 0xff,
  0xff, 0xff, 0xff, 0xff, 0xff, 0xff, 0xff, 0xff, 0xff, 0xff, 0xff, 0xff, 0xff, 0xff, 0xff, 0xff,
  0xff, 0xff, 0xff, 0xff, 0xff, 0xff, 0xff, 0xff, 0xff, 0xff, 0xff, 0xff, 0xff, 0xff, 0xff, 0xff,
  0xff, 0xff, 0xff, 0xff, 0xff, 0xff, 0xff, 0xff, 0xff, 0xff, 0xff, 0xff, 0xff, 0xff, 0xff, 0xff,
  0xff, 0xff, 0xff, 0xff, 0xff, 0xff, 0xff, 0xff, 0xff, 0xff, 0xff, 0xff, 0xff, 0xff, 0xff, 0xff,
  0xff, 0xff, 0xff, 0xff, 0xff, 0xff, 0xff, 0xff, 0xff, 0xff, 0xff, 0xff, 0xff, 0xff, 0xff, 0xff,
  0xff, 0xff, 0xff, 0xff, 0xff, 0xff, 0xff, 0xff, 0xff, 0xff, 0xff, 0xff, 0xff, 0xff, 0xff, 0xff,
  0xff, 0xff, 0xff, 0xff, 0xff, 0xff, 0xff, 0xff, 0xff, 0xff, 0xff, 0xff, 0xff, 0xff, 0xff, 0xff,
  0xff, 0xff, 0xff, 0xff, 0xff, 0xff, 0xff, 0xff, 0xff, 0xff, 0xff, 0xff, 0xff, 0xff, 0xff, 0xff,
  0xff, 0xff, 0xff, 0xff, 0xff, 0xff, 0xff, 0xff, 0xff, 0xff, 0xff, 0xff, 0xff, 0xff, 0xff, 0xff,
  0xff, 0xff, 0xff, 0xff, 0xff, 0xff, 0xff, 0xff, 0xff, 0xff, 0xff, 0xff, 0xff, 0xff, 0xff, 0xff,
  0xff, 0xff, 0xff, 0xff, 0xff, 0xff, 0xff, 0xff, 0xff, 0xff, 0xff, 0xff, 0xff, 0xff, 0xff, 0xff,
  0xff, 0xff, 0xff, 0xff, 0xff, 0xff, 0xff, 0xff, 0xff, 0xff, 0xff, 0xff, 0xff, 0xff, 0xff, 0xff,
  0xff, 0xff, 0xff, 0xff, 0xff, 0xff, 0xff, 0xff, 0xff, 0xff, 0xff, 0xff, 0xff, 0xff, 0xff, 0xff,
  0xff, 0xff, 0xff, 0xff, 0xff, 0xff, 0xff, 0xff, 0xff, 0xff, 0xff, 0xff, 0xff, 0xff, 0xff, 0xff,
  0xff, 0xff, 0xff, 0xff, 0xff, 0xff, 0xff, 0xff, 0xff, 0xff, 0xff, 0xff, 0xff, 0xff, 0xff, 0xff,
  0xff, 0xff, 0xff, 0xff, 0xff, 0xff, 0xff, 0xff, 0xff, 0xff, 0xff, 0xff, 0xff, 0xff, 0xff, 0xff,
  0xff, 0xff, 0xff, 0xff, 0xfe, 0xfe, 0xfe, 0xff, 0xff, 0xff, 0xff, 0xff, 0xee, 0xee, 0xee, 0xff,
  0xc2, 0xc2, 0xc2, 0xfb, 0xd6, 0xd6, 0xd6, 0xff, 0xc6, 0xc6, 0xc6, 0x82, 0x00, 0x00, 0x00, 0x00,
  0xbf, 0xbf, 0xbf, 0x04, 0x00, 0x00, 0x00, 0x00, 0x00, 0x00, 0x00, 0x00, 0x00, 0x00, 0x00, 0x00,
  0x00, 0x00, 0x00, 0x00, 0x00, 0x00, 0x00, 0x00, 0xff, 0xff, 0xff, 0x01, 0xff, 0xff, 0xff, 0x01,
  0xff, 0xff, 0xff, 0x02, 0xcc, 0xcc, 0xcc, 0x05, 0xda, 0xda, 0xda, 0x07, 0xcc, 0xcc, 0xcc, 0x0a,
  0xc5, 0xc5, 0xc5, 0x31, 0xcc, 0xcc, 0xcc, 0xc5, 0xe0, 0xe0, 0xe0, 0xff, 0xe3, 0xe3, 0xe3, 0xf9,
  0xfe, 0xfe, 0xfe, 0xff, 0xff, 0xff, 0xff, 0xff, 0xff, 0xff, 0xff, 0xff, 0xff, 0xff, 0xff, 0xff,
  0xff, 0xff, 0xff, 0xff, 0xff, 0xff, 0xff, 0xff, 0xff, 0xff, 0xff, 0xff, 0xff, 0xff, 0xff, 0xff,
  0xff, 0xff, 0xff, 0xff, 0xff, 0xff, 0xff, 0xff, 0xff, 0xff, 0xff, 0xff, 0xff, 0xff, 0xff, 0xff,
  0xff, 0xff, 0xff, 0xff, 0xff, 0xff, 0xff, 0xff, 0xff, 0xff, 0xff, 0xff, 0xff, 0xff, 0xff, 0xff,
  0xff, 0xff, 0xff, 0xff, 0xff, 0xff, 0xff, 0xff, 0xff, 0xff, 0xff, 0xff, 0xff, 0xff, 0xff, 0xff,
  0xff, 0xff, 0xff, 0xff, 0xff, 0xff, 0xff, 0xff, 0xff, 0xff, 0xff, 0xff, 0xff, 0xff, 0xff, 0xff,
  0xff, 0xff, 0xff, 0xff, 0xff, 0xff, 0xff, 0xff, 0xff, 0xff, 0xff, 0xff, 0xff, 0xff, 0xff, 0xff,
  0xff, 0xff, 0xff, 0xff, 0xff, 0xff, 0xff, 0xff, 0xff, 0xff, 0xff, 0xff, 0xff, 0xff, 0xff, 0xff,
  0xff, 0xff, 0xff, 0xff, 0xff, 0xff, 0xff, 0xff, 0xff, 0xff, 0xff, 0xff, 0xff, 0xff, 0xff, 0xff,
  0xff, 0xff, 0xff, 0xff, 0xff, 0xff, 0xff, 0xff, 0xff, 0xff, 0xff, 0xff, 0xff, 0xff, 0xff, 0xff,
  0xff, 0xff, 0xff, 0xff, 0xff, 0xff, 0xff, 0xff, 0xff, 0xff, 0xff, 0xff, 0xff, 0xff, 0xff, 0xff,
  0xff, 0xff, 0xff, 0xff, 0xff, 0xff, 0xff, 0xff, 0xff, 0xff, 0xff, 0xff, 0xff, 0xff, 0xff, 0xff,
  0xff, 0xff, 0xff, 0xff, 0xff, 0xff, 0xff, 0xff, 0xff, 0xff, 0xff, 0xff, 0xff, 0xff, 0xff, 0xff,
  0xff, 0xff, 0xff, 0xff, 0xff, 0xff, 0xff, 0xff, 0xff, 0xff, 0xff, 0xff, 0xff, 0xff, 0xff, 0xff,
  0xff, 0xff, 0xff, 0xff, 0xff, 0xff, 0xff, 0xff, 0xff, 0xff, 0xff, 0xff, 0xff, 0xff, 0xff, 0xff,
  0xff, 0xff, 0xff, 0xff, 0xff, 0xff, 0xff, 0xff, 0xff, 0xff, 0xff, 0xff, 0xff, 0xff, 0xff, 0xff,
  0xff, 0xff, 0xff, 0xff, 0xff, 0xff, 0xff, 0xff, 0xff, 0xff, 0xff, 0xff, 0xff, 0xff, 0xff, 0xff,
  0xff, 0xff, 0xff, 0xff, 0xff, 0xff, 0xff, 0xff, 0xff, 0xff, 0xff, 0xff, 0xff, 0xff, 0xff, 0xff,
  0xff, 0xff, 0xff, 0xff, 0xff, 0xff, 0xff, 0xff, 0xff, 0xff, 0xff, 0xff, 0xff, 0xff, 0xff, 0xff,
  0xff, 0xff, 0xff, 0xff, 0xff, 0xff, 0xff, 0xff, 0xff, 0xff, 0xff, 0xff, 0xff, 0xff, 0xff, 0xff,
  0xff, 0xff, 0xff, 0xff, 0xff, 0xff, 0xff, 0xff, 0xfe, 0xfe, 0xfe, 0xff, 0xff, 0xff, 0xff, 0xff,
  0xee, 0xee, 0xee, 0xff, 0xc2, 0xc2, 0xc2, 0xfb, 0xd6, 0xd6, 0xd6, 0xff, 0xc6, 0xc6, 0xc6, 0x82,
  0x00, 0x00, 0x00, 0x00, 0xbf, 0xbf, 0xbf, 0x04, 0x00, 0x00, 0x00, 0x00, 0x00, 0x00, 0x00, 0x00,
  0x00, 0x00, 0x00, 0x00, 0x00, 0x00, 0x00, 0x00, 0x00, 0x00, 0x00, 0x00, 0xff, 0xff, 0xff, 0x01,
  0xff, 0xff, 0xff, 0x02, 0xff, 0xff, 0xff, 0x04, 0xd4, 0xd4, 0xd4, 0x06, 0xe2, 0xe2, 0xe2, 0x09,
  0xcc, 0xcc, 0xcc, 0x0f, 0x00, 0x00, 0x00, 0x00, 0xc9, 0xc9, 0xc9, 0x64, 0xd4, 0xd4, 0xd4, 0xbf,
  0xd5, 0xd5, 0xd5, 0xff, 0xe5, 0xe5, 0xe5, 0xfe, 0xef, 0xef, 0xef, 0xff, 0xfd, 0xfd, 0xfd, 0xff,
  0xff, 0xff, 0xff, 0xff, 0xff, 0xff, 0xff, 0xff, 0xff, 0xff, 0xff, 0xff, 0xff, 0xff, 0xff, 0xff,
  0xff, 0xff, 0xff, 0xff, 0xff, 0xff, 0xff, 0xff, 0xff, 0xff, 0xff, 0xff, 0xff, 0xff, 0xff, 0xff,
  0xff, 0xff, 0xff, 0xff, 0xff, 0xff, 0xff, 0xff, 0xff, 0xff, 0xff, 0xff, 0xff, 0xff, 0xff, 0xff,
  0xff, 0xff, 0xff, 0xff, 0xff, 0xff, 0xff, 0xff, 0xff, 0xff, 0xff, 0xff, 0xff, 0xff, 0xff, 0xff,
  0xff, 0xff, 0xff, 0xff, 0xff, 0xff, 0xff, 0xff, 0xff, 0xff, 0xff, 0xff, 0xff, 0xff, 0xff, 0xff,
  0xff, 0xff, 0xff, 0xff, 0xff, 0xff, 0xff, 0xff, 0xff, 0xff, 0xff, 0xff, 0xff, 0xff, 0xff, 0xff,
  0xff, 0xff, 0xff, 0xff, 0xff, 0xff, 0xff, 0xff, 0xff, 0xff, 0xff, 0xff, 0xff, 0xff, 0xff, 0xff,
  0xff, 0xff, 0xff, 0xff, 0xff, 0xff, 0xff, 0xff, 0xff, 0xff, 0xff, 0xff, 0xff, 0xff, 0xff, 0xff,
  0xff, 0xff, 0xff, 0xff, 0xff, 0xff, 0xff, 0xff, 0xff, 0xff, 0xff, 0xff, 0xff, 0xff, 0xff, 0xff,
  0xff, 0xff, 0xff, 0xff, 0xff, 0xff, 0xff, 0xff, 0xff, 0xff, 0xff, 0xff, 0xff, 0xff, 0xff, 0xff,
  0xff, 0xff, 0xff, 0xff, 0xff, 0xff, 0xff, 0xff, 0xff, 0xff, 0xff, 0xff, 0xff, 0xff, 0xff, 0xff,
  0xff, 0xff, 0xff, 0xff, 0xff, 0xff, 0xff, 0xff, 0xff, 0xff, 0xff, 0xff, 0xff, 0xff, 0xff, 0xff,
  0xff, 0xff, 0xff, 0xff, 0xff, 0xff, 0xff, 0xff, 0xff, 0xff, 0xff, 0xff, 0xff, 0xff, 0xff, 0xff,
  0xff, 0xff, 0xff, 0xff, 0xff, 0xff, 0xff, 0xff, 0xff, 0xff, 0xff, 0xff, 0xff, 0xff, 0xff, 0xff,
  0xff, 0xff, 0xff, 0xff, 0xff, 0xff, 0xff, 0xff, 0xff, 0xff, 0xff, 0xff, 0xff, 0xff, 0xff, 0xff,
  0xff, 0xff, 0xff, 0xff, 0xff, 0xff, 0xff, 0xff, 0xff, 0xff, 0xff, 0xff, 0xff, 0xff, 0xff, 0xff,
  0xff, 0xff, 0xff, 0xff, 0xff, 0xff, 0xff, 0xff, 0xff, 0xff, 0xff, 0xff, 0xff, 0xff, 0xff, 0xff,
  0xff, 0xff, 0xff, 0xff, 0xff, 0xff, 0xff, 0xff, 0xff, 0xff, 0xff, 0xff, 0xff, 0xff, 0xff, 0xff,
  0xff, 0xff, 0xff, 0xff, 0xff, 0xff, 0xff, 0xff, 0xff, 0xff, 0xff, 0xff, 0xff, 0xff, 0xff, 0xff,
  0xff, 0xff, 0xff, 0xff, 0xff, 0xff, 0xff, 0xff, 0xff, 0xff, 0xff, 0xff, 0xfe, 0xfe, 0xfe, 0xff,
  0xff, 0xff, 0xff, 0xff, 0xee, 0xee, 0xee, 0xff, 0xc2, 0xc2, 0xc2, 0xfb, 0xd6, 0xd6, 0xd6, 0xff,
  0xc6, 0xc6, 0xc6, 0x82, 0x00, 0x00, 0x00, 0x00, 0xbf, 0xbf, 0xbf, 0x04, 0x00, 0x00, 0x00, 0x00,
  0x00, 0x00, 0x00, 0x00, 0x00, 0x00, 0x00, 0x00, 0x00, 0x00, 0x00, 0x00, 0xff, 0xff, 0xff, 0x01,
  0xff, 0xff, 0xff, 0x02, 0xff, 0xff, 0xff, 0x03, 0xff, 0xff, 0xff, 0x05, 0xdf, 0xdf, 0xdf, 0x08,
  0xd4, 0xd4, 0xd4, 0x0c, 0xcf, 0xcf, 0xcf, 0x10, 0xcf, 0xcf, 0xcf, 0x1b, 0xe2, 0xe2, 0xe2, 0x09,
  0xc4, 0xc4, 0xc4, 0x34, 0xd0, 0xd0, 0xd0, 0xcd, 0xc7, 0xc7, 0xc7, 0xfd, 0xd1, 0xd1, 0xd1, 0xff,
  0xe8, 0xe8, 0xe8, 0xff, 0xf7, 0xf7, 0xf7, 0xff, 0xff, 0xff, 0xff, 0xff, 0xff, 0xff, 0xff, 0xff,
  0xff, 0xff, 0xff, 0xff, 0xff, 0xff, 0xff, 0xff, 0xff, 0xff, 0xff, 0xff, 0xff, 0xff, 0xff, 0xff,
  0xff, 0xff, 0xff, 0xff, 0xff, 0xff, 0xff, 0xff, 0xff, 0xff, 0xff, 0xff, 0xff, 0xff, 0xff, 0xff,
  0xff, 0xff, 0xff, 0xff, 0xff, 0xff, 0xff, 0xff, 0xff, 0xff, 0xff, 0xff, 0xff, 0xff, 0xff, 0xff,
  0xff, 0xff, 0xff, 0xff, 0xff, 0xff, 0xff, 0xff, 0xff, 0xff, 0xff, 0xff, 0xff, 0xff, 0xff, 0xff,
  0xff, 0xff, 0xff, 0xff, 0xff, 0xff, 0xff, 0xff, 0xff, 0xff, 0xff, 0xff, 0xff, 0xff, 0xff, 0xff,
  0xff, 0xff, 0xff, 0xff, 0xff, 0xff, 0xff, 0xff, 0xff, 0xff, 0xff, 0xff, 0xff, 0xff, 0xff, 0xff,
  0xff, 0xff, 0xff, 0xff, 0xff, 0xff, 0xff, 0xff, 0xff, 0xff, 0xff, 0xff, 0xff, 0xff, 0xff, 0xff,
  0xff, 0xff, 0xff, 0xff, 0xff, 0xff, 0xff, 0xff, 0xff, 0xff, 0xff, 0xff, 0xff, 0xff, 0xff, 0xff,
  0xff, 0xff, 0xff, 0xff, 0xff, 0xff, 0xff, 0xff, 0xff, 0xff, 0xff, 0xff, 0xff, 0xff, 0xff, 0xff,
  0xff, 0xff, 0xff, 0xff, 0xff, 0xff, 0xff, 0xff, 0xff, 0xff, 0xff, 0xff, 0xff, 0xff, 0xff, 0xff,
  0xff, 0xff, 0xff, 0xff, 0xff, 0xff, 0xff, 0xff, 0xff, 0xff, 0xff, 0xff, 0xff, 0xff, 0xff, 0xff,
  0xff, 0xff, 0xff, 0xff, 0xff, 0xff, 0xff, 0xff, 0xff, 0xff, 0xff, 0xff, 0xff, 0xff, 0xff, 0xff,
  0xff, 0xff, 0xff, 0xff, 0xff, 0xff, 0xff, 0xff, 0xff, 0xff, 0xff, 0xff, 0xff, 0xff, 0xff, 0xff,
  0xff, 0xff, 0xff, 0xff, 0xff, 0xff, 0xff, 0xff, 0xff, 0xff, 0xff, 0xff, 0xff, 0xff, 0xff, 0xff,
  0xff, 0xff, 0xff, 0xff, 0xff, 0xff, 0xff, 0xff, 0xff, 0xff, 0xff, 0xff, 0xff, 0xff, 0xff, 0xff,
  0xff, 0xff, 0xff, 0xff, 0xff, 0xff, 0xff, 0xff, 0xff, 0xff, 0xff, 0xff, 0xff, 0xff, 0xff, 0xff,
  0xff, 0xff, 0xff, 0xff, 0xff, 0xff, 0xff, 0xff, 0xff, 0xff, 0xff, 0xff, 0xff, 0xff, 0xff, 0xff,
  0xff, 0xff, 0xff, 0xff, 0xff, 0xff, 0xff, 0xff, 0xff, 0xff, 0xff, 0xff, 0xff, 0xff, 0xff, 0xff,
  0xff, 0xff, 0xff, 0xff, 0xff, 0xff, 0xff, 0xff, 0xff, 0xff, 0xff, 0xff, 0xff, 0xff, 0xff, 0xff,
  0xfe, 0xfe, 0xfe, 0xff, 0xff, 0xff, 0xff, 0xff, 0xee, 0xee, 0xee, 0xff, 0xc2, 0xc2, 0xc2, 0xfb,
  0xd6, 0xd6, 0xd6, 0xff, 0xc6, 0xc6, 0xc6, 0x82, 0x00, 0x00, 0x00, 0x00, 0xbf, 0xbf, 0xbf, 0x04,
  0x00, 0x00, 0x00, 0x00, 0x00, 0x00, 0x00, 0x00, 0x00, 0x00, 0x00, 0x00, 0x00, 0x00, 0x00, 0x00,
  0xff, 0xff, 0xff, 0x01, 0xff, 0xff, 0xff, 0x02, 0xff, 0xff, 0xff, 0x04, 0xda, 0xda, 0xda, 0x07,
  0xd0, 0xd0, 0xd0, 0x0b, 0xdd, 0xdd, 0xdd, 0x0f, 0xc5, 0xc5, 0xc5, 0x16, 0xcf, 0xcf, 0xcf, 0x1b,
  0xce, 0xce, 0xce, 0x25, 0xcd, 0xcd, 0xcd, 0x1f, 0xcc, 0xcc, 0xcc, 0x38, 0xc9, 0xc9, 0xc9, 0xfe,
  0xcc, 0xcc, 0xcc, 0xfd, 0xc8, 0xc8, 0xc8, 0xfc, 0xe1, 0xe1, 0xe1, 0xff, 0xff, 0xff, 0xff, 0xff,
  0xff, 0xff, 0xff, 0xff, 0xff, 0xff, 0xff, 0xff, 0xff, 0xff, 0xff, 0xff, 0xff, 0xff, 0xff, 0xff,
  0xff, 0xff, 0xff, 0xff, 0xff, 0xff, 0xff, 0xff, 0xff, 0xff, 0xff, 0xff, 0xff, 0xff, 0xff, 0xff,
  0xff, 0xff, 0xff, 0xff, 0xff, 0xff, 0xff, 0xff, 0xff, 0xff, 0xff, 0xff, 0xff, 0xff, 0xff, 0xff,
  0xff, 0xff, 0xff, 0xff, 0xff, 0xff, 0xff, 0xff, 0xff, 0xff, 0xff, 0xff, 0xff, 0xff, 0xff, 0xff,
  0xff, 0xff, 0xff, 0xff, 0xff, 0xff, 0xff, 0xff, 0xff, 0xff, 0xff, 0xff, 0xff, 0xff, 0xff, 0xff,
  0xff, 0xff, 0xff, 0xff, 0xff, 0xff, 0xff, 0xff, 0xff, 0xff, 0xff, 0xff, 0xff, 0xff, 0xff, 0xff,
  0xff, 0xff, 0xff, 0xff, 0xff, 0xff, 0xff, 0xff, 0xff, 0xff, 0xff, 0xff, 0xff, 0xff, 0xff, 0xff,
  0xff, 0xff, 0xff, 0xff, 0xff, 0xff, 0xff, 0xff, 0xff, 0xff, 0xff, 0xff, 0xff, 0xff, 0xff, 0xff,
  0xff, 0xff, 0xff, 0xff, 0xff, 0xff, 0xff, 0xff, 0xff, 0xff, 0xff, 0xff, 0xff, 0xff, 0xff, 0xff,
  0xff, 0xff, 0xff, 0xff, 0xff, 0xff, 0xff, 0xff, 0xff, 0xff, 0xff, 0xff, 0xff, 0xff, 0xff, 0xff,
  0xff, 0xff, 0xff, 0xff, 0xff, 0xff, 0xff, 0xff, 0xff, 0xff, 0xff, 0xff, 0xff, 0xff, 0xff, 0xff,
  0xff, 0xff, 0xff, 0xff, 0xff, 0xff, 0xff, 0xff, 0xff, 0xff, 0xff, 0xff, 0xff, 0xff, 0xff, 0xff,
  0xff, 0xff, 0xff, 0xff, 0xff, 0xff, 0xff, 0xff, 0xff, 0xff, 0xff, 0xff, 0xff, 0xff, 0xff, 0xff,
  0xff, 0xff, 0xff, 0xff, 0xff, 0xff, 0xff, 0xff, 0xff, 0xff, 0xff, 0xff, 0xff, 0xff, 0xff, 0xff,
  0xff, 0xff, 0xff, 0xff, 0xff, 0xff, 0xff, 0xff, 0xff, 0xff, 0xff, 0xff, 0xff, 0xff, 0xff, 0xff,
  0xff, 0xff, 0xff, 0xff, 0xff, 0xff, 0xff, 0xff, 0xff, 0xff, 0xff, 0xff, 0xff, 0xff, 0xff, 0xff,
  0xff, 0xff, 0xff, 0xff, 0xff, 0xff, 0xff, 0xff, 0xff, 0xff, 0xff, 0xff, 0xff, 0xff, 0xff, 0xff,
  0xff, 0xff, 0xff, 0xff, 0xff, 0xff, 0xff, 0xff, 0xff, 0xff, 0xff, 0xff, 0xff, 0xff, 0xff, 0xff,
  0xff, 0xff, 0xff, 0xff, 0xff, 0xff, 0xff, 0xff, 0xff, 0xff, 0xff, 0xff, 0xff, 0xff, 0xff, 0xff,
  0xff, 0xff, 0xff, 0xff, 0xfe, 0xfe, 0xfe, 0xff, 0xff, 0xff, 0xff, 0xff, 0xee, 0xee, 0xee, 0xff,
  0xc2, 0xc2, 0xc2, 0xfb, 0xd6, 0xd6, 0xd6, 0xff, 0xc6, 0xc6, 0xc6, 0x82, 0x00, 0x00, 0x00, 0x00,
  0xbf, 0xbf, 0xbf, 0x04, 0x00, 0x00, 0x00, 0x00, 0x00, 0x00, 0x00, 0x00, 0x00, 0x00, 0x00, 0x00,
  0xff, 0xff, 0xff, 0x01, 0xff, 0xff, 0xff, 0x01, 0xff, 0xff, 0xff, 0x03, 0xcc, 0xcc, 0xcc, 0x05,
  0xc6, 0xc6, 0xc6, 0x09, 0xd7, 0xd7, 0xd7, 0x0d, 0xc9, 0xc9, 0xc9, 0x13, 0xcd, 0xcd, 0xcd, 0x1a,
  0xd5, 0xd5, 0xd5, 0x1f, 0xc9, 0xc9, 0xc9, 0x26, 0xc8, 0xc8, 0xc8, 0x2a, 0xd0, 0xd0, 0xd0, 0x37,
  0xcc, 0xcc, 0xcc, 0x47, 0xca, 0xca, 0xca, 0xd4, 0xdc, 0xdc, 0xdc, 0xff, 0xd1, 0xd1, 0xd1, 0xf9,
  0xd3, 0xd3, 0xd3, 0xfd, 0xd0, 0xd0, 0xd0, 0xff, 0xed, 0xed, 0xed, 0xff, 0xff, 0xff, 0xff, 0xff,
  0xff, 0xff, 0xff, 0xff, 0xff, 0xff, 0xff, 0xff, 0xff, 0xff, 0xff, 0xff, 0xff, 0xff, 0xff, 0xff,
  0xff, 0xff, 0xff, 0xff, 0xff, 0xff, 0xff, 0xff, 0xff, 0xff, 0xff, 0xff, 0xff, 0xff, 0xff, 0xff,
  0xff, 0xff, 0xff, 0xff, 0xff, 0xff, 0xff, 0xff, 0xff, 0xff, 0xff, 0xff, 0xff, 0xff, 0xff, 0xff,
  0xff, 0xff, 0xff, 0xff, 0xff, 0xff, 0xff, 0xff, 0xff, 0xff, 0xff, 0xff, 0xff, 0xff, 0xff, 0xff,
  0xff, 0xff, 0xff, 0xff, 0xff, 0xff, 0xff, 0xff, 0xff, 0xff, 0xff, 0xff, 0xff, 0xff, 0xff, 0xff,
  0xff, 0xff, 0xff, 0xff, 0xff, 0xff, 0xff, 0xff, 0xff, 0xff, 0xff, 0xff, 0xff, 0xff, 0xff, 0xff,
  0xff, 0xff, 0xff, 0xff, 0xff, 0xff, 0xff, 0xff, 0xff, 0xff, 0xff, 0xff, 0xff, 0xff, 0xff, 0xff,
  0xff, 0xff, 0xff, 0xff, 0xff, 0xff, 0xff, 0xff, 0xff, 0xff, 0xff, 0xff, 0xff, 0xff, 0xff, 0xff,
  0xff, 0xff, 0xff, 0xff, 0xff, 0xff, 0xff, 0xff, 0xff, 0xff, 0xff, 0xff, 0xff, 0xff, 0xff, 0xff,
  0xff, 0xff, 0xff, 0xff, 0xff, 0xff, 0xff, 0xff, 0xff, 0xff, 0xff, 0xff, 0xff, 0xff, 0xff, 0xff,
  0xff, 0xff, 0xff, 0xff, 0xff, 0xff, 0xff, 0xff, 0xff, 0xff, 0xff, 0xff, 0xff, 0xff, 0xff, 0xff,
  0xff, 0xff, 0xff, 0xff, 0xff, 0xff, 0xff, 0xff, 0xff, 0xff, 0xff, 0xff, 0xff, 0xff, 0xff, 0xff,
  0xff, 0xff, 0xff, 0xff, 0xff, 0xff, 0xff, 0xff, 0xff, 0xff, 0xff, 0xff, 0xff, 0xff, 0xff, 0xff,
  0xff, 0xff, 0xff, 0xff, 0xff, 0xff, 0xff, 0xff, 0xff, 0xff, 0xff, 0xff, 0xff, 0xff, 0xff, 0xff,
  0xff, 0xff, 0xff, 0xff, 0xff, 0xff, 0xff, 0xff, 0xff, 0xff, 0xff, 0xff, 0xff, 0xff, 0xff, 0xff,
  0xff, 0xff, 0xff, 0xff, 0xff, 0xff, 0xff, 0xff, 0xff, 0xff, 0xff, 0xff, 0xff, 0xff, 0xff, 0xff,
  0xff, 0xff, 0xff, 0xff, 0xff, 0xff, 0xff, 0xff, 0xff, 0xff, 0xff, 0xff, 0xff, 0xff, 0xff, 0xff,
  0xff, 0xff, 0xff, 0xff, 0xff, 0xff, 0xff, 0xff, 0xff, 0xff, 0xff, 0xff, 0xff, 0xff, 0xff, 0xff,
  0xff, 0xff, 0xff, 0xff, 0xff, 0xff, 0xff, 0xff, 0xfe, 0xfe, 0xfe, 0xff, 0xff, 0xff, 0xff, 0xff,
  0xee, 0xee, 0xee, 0xff, 0xc2, 0xc2, 0xc2, 0xfb, 0xd6, 0xd6, 0xd6, 0xff, 0xc6, 0xc6, 0xc6, 0x82,
  0x00, 0x00, 0x00, 0x00, 0xbf, 0xbf, 0xbf, 0x04, 0x00, 0x00, 0x00, 0x00, 0x00, 0x00, 0x00, 0x00,
  0x00, 0x00, 0x00, 0x00, 0xff, 0xff, 0xff, 0x01, 0xff, 0xff, 0xff, 0x02, 0xff, 0xff, 0xff, 0x03,
  0xd4, 0xd4, 0xd4, 0x06, 0xe5, 0xe5, 0xe5, 0x0a, 0xcf, 0xcf, 0xcf, 0x10, 0xd0, 0xd0, 0xd0, 0x16,
  0xd3, 0xd3, 0xd3, 0x1d, 0xcd, 0xcd, 0xcd, 0x24, 0xcd, 0xcd, 0xcd, 0x29, 0xce, 0xce, 0xce, 0x2f,
  0xcd, 0xcd, 0xcd, 0x33, 0xcd, 0xcd, 0xcd, 0x29, 0xc9, 0xc9, 0xc9, 0x7b, 0xd1, 0xd1, 0xd1, 0xc3,
  0xd8, 0xd8, 0xd8, 0xff, 0xcc, 0xcc, 0xcc, 0xff, 0xc4, 0xc4, 0xc4, 0xff, 0xd5, 0xd5, 0xd5, 0xff,
  0xf2, 0xf2, 0xf2, 0xff, 0xff, 0xff, 0xff, 0xff, 0xff, 0xff, 0xff, 0xff, 0xff, 0xff, 0xff, 0xff,
  0xff, 0xff, 0xff, 0xff, 0xff, 0xff, 0xff, 0xff, 0xff, 0xff, 0xff, 0xff, 0xff, 0xff, 0xff, 0xff,
  0xff, 0xff, 0xff, 0xff, 0xff, 0xff, 0xff, 0xff, 0xff, 0xff, 0xff, 0xff, 0xff, 0xff, 0xff, 0xff,
  0xff, 0xff, 0xff, 0xff, 0xff, 0xff, 0xff, 0xff, 0xff, 0xff, 0xff, 0xff, 0xff, 0xff, 0xff, 0xff,
  0xff, 0xff, 0xff, 0xff, 0xff, 0xff, 0xff, 0xff, 0xff, 0xff, 0xff, 0xff, 0xff, 0xff, 0xff, 0xff,
  0xff, 0xff, 0xff, 0xff, 0xff, 0xff, 0xff, 0xff, 0xff, 0xff, 0xff, 0xff, 0xff, 0xff, 0xff, 0xff,
  0xff, 0xff, 0xff, 0xff, 0xff, 0xff, 0xff, 0xff, 0xff, 0xff, 0xff, 0xff, 0xff, 0xff, 0xff, 0xff,
  0xff, 0xff, 0xff, 0xff, 0xff, 0xff, 0xff, 0xff, 0xff, 0xff, 0xff, 0xff, 0xff, 0xff, 0xff, 0xff,
  0xff, 0xff, 0xff, 0xff, 0xff, 0xff, 0xff, 0xff, 0xff, 0xff, 0xff, 0xff, 0xff, 0xff, 0xff, 0xff,
  0xff, 0xff, 0xff, 0xff, 0xff, 0xff, 0xff, 0xff, 0xff, 0xff, 0xff, 0xff, 0xff, 0xff, 0xff, 0xff,
  0xff, 0xff, 0xff, 0xff, 0xff, 0xff, 0xff, 0xff, 0xff, 0xff, 0xff, 0xff, 0xff, 0xff, 0xff, 0xff,
  0xff, 0xff, 0xff, 0xff, 0xff, 0xff, 0xff, 0xff, 0xff, 0xff, 0xff, 0xff, 0xff, 0xff, 0xff, 0xff,
  0xff, 0xff, 0xff, 0xff, 0xff, 0xff, 0xff, 0xff, 0xff, 0xff, 0xff, 0xff, 0xff, 0xff, 0xff, 0xff,
  0xff, 0xff, 0xff, 0xff, 0xff, 0xff, 0xff, 0xff, 0xff, 0xff, 0xff, 0xff, 0xff, 0xff, 0xff, 0xff,
  0xff, 0xff, 0xff, 0xff, 0xff, 0xff, 0xff, 0xff, 0xff, 0xff, 0xff, 0xff, 0xff, 0xff, 0xff, 0xff,
  0xff, 0xff, 0xff, 0xff, 0xff, 0xff, 0xff, 0xff, 0xff, 0xff, 0xff, 0xff, 0xff, 0xff, 0xff, 0xff,
  0xff, 0xff, 0xff, 0xff, 0xff, 0xff, 0xff, 0xff, 0xff, 0xff, 0xff, 0xff, 0xff, 0xff, 0xff, 0xff,
  0xff, 0xff, 0xff, 0xff, 0xff, 0xff, 0xff, 0xff, 0xff, 0xff, 0xff, 0xff, 0xff, 0xff, 0xff, 0xff,
  0xff, 0xff, 0xff, 0xff, 0xff, 0xff, 0xff, 0xff, 0xff, 0xff, 0xff, 0xff, 0xfe, 0xfe, 0xfe, 0xff,
  0xff, 0xff, 0xff, 0xff, 0xee, 0xee, 0xee, 0xff, 0xc2, 0xc2, 0xc2, 0xfb, 0xd6, 0xd6, 0xd6, 0xff,
  0xc6, 0xc6, 0xc6, 0x82, 0x00, 0x00, 0x00, 0x00, 0xbf, 0xbf, 0xbf, 0x04, 0x00, 0x00, 0x00, 0x00,
  0x00, 0x00, 0x00, 0x00, 0x00, 0x00, 0x00, 0x00, 0xff, 0xff, 0xff, 0x01, 0xff, 0xff, 0xff, 0x02,
  0xff, 0xff, 0xff, 0x04, 0xda, 0xda, 0xda, 0x07, 0xd4, 0xd4, 0xd4, 0x0c, 0xd4, 0xd4, 0xd4, 0x12,
  0xcd, 0xcd, 0xcd, 0x1a, 0xc8, 0xc8, 0xc8, 0x21, 0xcc, 0xcc, 0xcc, 0x28, 0xcc, 0xcc, 0xcc, 0x2d,
  0xcc, 0xcc, 0xcc, 0x32, 0xcc, 0xcc, 0xcc, 0x37, 0xcb, 0xcb, 0xcb, 0x40, 0xcd, 0xcd, 0xcd, 0x2e,
  0xca, 0xca, 0xca, 0x5c, 0xd2, 0xd2, 0xd2, 0xbc, 0xc7, 0xc7, 0xc7, 0xd2, 0xca, 0xca, 0xca, 0xff,
  0xbf, 0xbf, 0xbf, 0xfe, 0xe1, 0xe1, 0xe1, 0xff, 0xff, 0xff, 0xff, 0xff, 0xfe, 0xfe, 0xfe, 0xff,
  0xff, 0xff, 0xff, 0xff, 0xff, 0xff, 0xff, 0xff, 0xff, 0xff, 0xff, 0xff, 0xff, 0xff, 0xff, 0xff,
  0xff, 0xff, 0xff, 0xff, 0xff, 0xff, 0xff, 0xff, 0xff, 0xff, 0xff, 0xff, 0xff, 0xff, 0xff, 0xff,
  0xff, 0xff, 0xff, 0xff, 0xff, 0xff, 0xff, 0xff, 0xff, 0xff, 0xff, 0xff, 0xff, 0xff, 0xff, 0xff,
  0xff, 0xff, 0xff, 0xff, 0xff, 0xff, 0xff, 0xff, 0xff, 0xff, 0xff, 0xff, 0xff, 0xff, 0xff, 0xff,
  0xff, 0xff, 0xff, 0xff, 0xff, 0xff, 0xff, 0xff, 0xff, 0xff, 0xff, 0xff, 0xff, 0xff, 0xff, 0xff,
  0xff, 0xff, 0xff, 0xff, 0xff, 0xff, 0xff, 0xff, 0xff, 0xff, 0xff, 0xff, 0xff, 0xff, 0xff, 0xff,
  0xff, 0xff, 0xff, 0xff, 0xff, 0xff, 0xff, 0xff, 0xff, 0xff, 0xff, 0xff, 0xff, 0xff, 0xff, 0xff,
  0xff, 0xff, 0xff, 0xff, 0xff, 0xff, 0xff, 0xff, 0xff, 0xff, 0xff, 0xff, 0xff, 0xff, 0xff, 0xff,
  0xff, 0xff, 0xff, 0xff, 0xff, 0xff, 0xff, 0xff, 0xff, 0xff, 0xff, 0xff, 0xff, 0xff, 0xff, 0xff,
  0xff, 0xff, 0xff, 0xff, 0xff, 0xff, 0xff, 0xff, 0xff, 0xff, 0xff, 0xff, 0xff, 0xff, 0xff, 0xff,
  0xff, 0xff, 0xff, 0xff, 0xff, 0xff, 0xff, 0xff, 0xff, 0xff, 0xff, 0xff, 0xff, 0xff, 0xff, 0xff,
  0xff, 0xff, 0xff, 0xff, 0xff, 0xff, 0xff, 0xff, 0xff, 0xff, 0xff, 0xff, 0xff, 0xff, 0xff, 0xff,
  0xff, 0xff, 0xff, 0xff, 0xff, 0xff, 0xff, 0xff, 0xff, 0xff, 0xff, 0xff, 0xff, 0xff, 0xff, 0xff,
  0xff, 0xff, 0xff, 0xff, 0xff, 0xff, 0xff, 0xff, 0xff, 0xff, 0xff, 0xff, 0xff, 0xff, 0xff, 0xff,
  0xff, 0xff, 0xff, 0xff, 0xff, 0xff, 0xff, 0xff, 0xff, 0xff, 0xff, 0xff, 0xff, 0xff, 0xff, 0xff,
  0xff, 0xff, 0xff, 0xff, 0xff, 0xff, 0xff, 0xff, 0xff, 0xff, 0xff, 0xff, 0xff, 0xff, 0xff, 0xff,
  0xff, 0xff, 0xff, 0xff, 0xff, 0xff, 0xff, 0xff, 0xff, 0xff, 0xff, 0xff, 0xff, 0xff, 0xff, 0xff,
  0xff, 0xff, 0xff, 0xff, 0xff, 0xff, 0xff, 0xff, 0xff, 0xff, 0xff, 0xff, 0xff, 0xff, 0xff, 0xff,
  0xfe, 0xfe, 0xfe, 0xff, 0xff, 0xff, 0xff, 0xff, 0xee, 0xee, 0xee, 0xff, 0xc2, 0xc2, 0xc2, 0xfb,
  0xd6, 0xd6, 0xd6, 0xff, 0xc6, 0xc6, 0xc6, 0x82, 0x00, 0x00, 0x00, 0x00, 0xbf, 0xbf, 0xbf, 0x04,
  0x00, 0x00, 0x00, 0x00, 0x00, 0x00, 0x00, 0x00, 0x00, 0x00, 0x00, 0x00, 0xff, 0xff, 0xff, 0x01,
  0xff, 0xff, 0xff, 0x02, 0xcc, 0xcc, 0xcc, 0x05, 0xdf, 0xdf, 0xdf, 0x08, 0xd7, 0xd7, 0xd7, 0x0d,
  0xcc, 0xcc, 0xcc, 0x14, 0xd1, 0xd1, 0xd1, 0x1c, 0xcc, 0xcc, 0xcc, 0x23, 0xce, 0xce, 0xce, 0x2a,
  0xce, 0xce, 0xce, 0x2f, 0xca, 0xca, 0xca, 0x35, 0xca, 0xca, 0xca, 0x3a, 0xca, 0xca, 0xca, 0x3f,
  0xc9, 0xc9, 0xc9, 0x48, 0xcb, 0xcb, 0xcb, 0x4a, 0xca, 0xca, 0xca, 0x31, 0xc8, 0xc8, 0xc8, 0x7a,
  0xd0, 0xd0, 0xd0, 0xff, 0xc1, 0xc1, 0xc1, 0xfd, 0xe3, 0xe3, 0xe3, 0xff, 0xff, 0xff, 0xff, 0xff,
  0xfe, 0xfe, 0xfe, 0xff, 0xff, 0xff, 0xff, 0xff, 0xff, 0xff, 0xff, 0xff, 0xff, 0xff, 0xff, 0xff,
  0xff, 0xff, 0xff, 0xff, 0xff, 0xff, 0xff, 0xff, 0xff, 0xff, 0xff, 0xff, 0xff, 0xff, 0xff, 0xff,
  0xff, 0xff, 0xff, 0xff, 0xff, 0xff, 0xff, 0xff, 0xff, 0xff, 0xff, 0xff, 0xff, 0xff, 0xff, 0xff,
  0xff, 0xff, 0xff, 0xff, 0xff, 0xff, 0xff, 0xff, 0xff, 0xff, 0xff, 0xff, 0xff, 0xff, 0xff, 0xff,
  0xff, 0xff, 0xff, 0xff, 0xff, 0xff, 0xff, 0xff, 0xff, 0xff, 0xff, 0xff, 0xff, 0xff, 0xff, 0xff,
  0xff, 0xff, 0xff, 0xff, 0xff, 0xff, 0xff, 0xff, 0xff, 0xff, 0xff, 0xff, 0xff, 0xff, 0xff, 0xff,
  0xff, 0xff, 0xff, 0xff, 0xff, 0xff, 0xff, 0xff, 0xff, 0xff, 0xff, 0xff, 0xff, 0xff, 0xff, 0xff,
  0xff, 0xff, 0xff, 0xff, 0xff, 0xff, 0xff, 0xff, 0xff, 0xff, 0xff, 0xff, 0xff, 0xff, 0xff, 0xff,
  0xff, 0xff, 0xff, 0xff, 0xff, 0xff, 0xff, 0xff, 0xff, 0xff, 0xff, 0xff, 0xff, 0xff, 0xff, 0xff,
  0xff, 0xff, 0xff, 0xff, 0xff, 0xff, 0xff, 0xff, 0xff, 0xff, 0xff, 0xff, 0xff, 0xff, 0xff, 0xff,
  0xff, 0xff, 0xff, 0xff, 0xff, 0xff, 0xff, 0xff, 0xff, 0xff, 0xff, 0xff, 0xff, 0xff, 0xff, 0xff,
  0xff, 0xff, 0xff, 0xff, 0xff, 0xff, 0xff, 0xff, 0xff, 0xff, 0xff, 0xff, 0xff, 0xff, 0xff, 0xff,
  0xff, 0xff, 0xff, 0xff, 0xff, 0xff, 0xff, 0xff, 0xff, 0xff, 0xff, 0xff, 0xff, 0xff, 0xff, 0xff,
  0xff, 0xff, 0xff, 0xff, 0xff, 0xff, 0xff, 0xff, 0xff, 0xff, 0xff, 0xff, 0xff, 0xff, 0xff, 0xff,
  0xff, 0xff, 0xff, 0xff, 0xff, 0xff, 0xff, 0xff, 0xff, 0xff, 0xff, 0xff, 0xff, 0xff, 0xff, 0xff,
  0xff, 0xff, 0xff, 0xff, 0xff, 0xff, 0xff, 0xff, 0xff, 0xff, 0xff, 0xff, 0xff, 0xff, 0xff, 0xff,
  0xff, 0xff, 0xff, 0xff, 0xff, 0xff, 0xff, 0xff, 0xff, 0xff, 0xff, 0xff, 0xff, 0xff, 0xff, 0xff,
  0xff, 0xff, 0xff, 0xff, 0xff, 0xff, 0xff, 0xff, 0xff, 0xff, 0xff, 0xff, 0xff, 0xff, 0xff, 0xff,
  0xff, 0xff, 0xff, 0xff, 0xfe, 0xfe, 0xfe, 0xff, 0xff, 0xff, 0xff, 0xff, 0xee, 0xee, 0xee, 0xff,
  0xc2, 0xc2, 0xc2, 0xfb, 0xd6, 0xd6, 0xd6, 0xff, 0xc6, 0xc6, 0xc6, 0x82, 0x00, 0x00, 0x00, 0x00,
  0xbf, 0xbf, 0xbf, 0x04, 0x00, 0x00, 0x00, 0x00, 0x00, 0x00, 0x00, 0x00, 0x00, 0x00, 0x00, 0x00,
  0xff, 0xff, 0xff, 0x01, 0xff, 0xff, 0xff, 0x03, 0xcc, 0xcc, 0xcc, 0x05, 0xc6, 0xc6, 0xc6, 0x09,
  0xda, 0xda, 0xda, 0x0e, 0xd0, 0xd0, 0xd0, 0x16, 0xd3, 0xd3, 0xd3, 0x1d, 0xce, 0xce, 0xce, 0x25,
  0xca, 0xca, 0xca, 0x2c, 0xcc, 0xcc, 0xcc, 0x32, 0xcc, 0xcc, 0xcc, 0x37, 0xcc, 0xcc, 0xcc, 0x3d,
  0xc9, 0xc9, 0xc9, 0x43, 0xc9, 0xc9, 0xc9, 0x48, 0xca, 0xca, 0xca, 0x4e, 0xce, 0xce, 0xce, 0x44,
  0xc7, 0xc7, 0xc7, 0x86, 0xcf, 0xcf, 0xcf, 0xff, 0xc1, 0xc1, 0xc1, 0xfd, 0xe3, 0xe3, 0xe3, 0xff,
  0xff, 0xff, 0xff, 0xff, 0xfe, 0xfe, 0xfe, 0xff, 0xff, 0xff, 0xff, 0xff, 0xff, 0xff, 0xff, 0xff,
  0xff, 0xff, 0xff, 0xff, 0xff, 0xff, 0xff, 0xff, 0xff, 0xff, 0xff, 0xff, 0xff, 0xff, 0xff, 0xff,
  0xff, 0xff, 0xff, 0xff, 0xff, 0xff, 0xff, 0xff, 0xff, 0xff, 0xff, 0xff, 0xff, 0xff, 0xff, 0xff,
  0xff, 0xff, 0xff, 0xff, 0xff, 0xff, 0xff, 0xff, 0xff, 0xff, 0xff, 0xff, 0xff, 0xff, 0xff, 0xff,
  0xff, 0xff, 0xff, 0xff, 0xff, 0xff, 0xff, 0xff, 0xff, 0xff, 0xff, 0xff, 0xff, 0xff, 0xff, 0xff,
  0xff, 0xff, 0xff, 0xff, 0xff, 0xff, 0xff, 0xff, 0xff, 0xff, 0xff, 0xff, 0xff, 0xff, 0xff, 0xff,
  0xff, 0xff, 0xff, 0xff, 0xff, 0xff, 0xff, 0xff, 0xff, 0xff, 0xff, 0xff, 0xff, 0xff, 0xff, 0xff,
  0xff, 0xff, 0xff, 0xff, 0xff, 0xff, 0xff, 0xff, 0xff, 0xff, 0xff, 0xff, 0xff, 0xff, 0xff, 0xff,
  0xff, 0xff, 0xff, 0xff, 0xff, 0xff, 0xff, 0xff, 0xff, 0xff, 0xff, 0xff, 0xff, 0xff, 0xff, 0xff,
  0xff, 0xff, 0xff, 0xff, 0xff, 0xff, 0xff, 0xff, 0xff, 0xff, 0xff, 0xff, 0xff, 0xff, 0xff, 0xff,
  0xff, 0xff, 0xff, 0xff, 0xff, 0xff, 0xff, 0xff, 0xff, 0xff, 0xff, 0xff, 0xff, 0xff, 0xff, 0xff,
  0xff, 0xff, 0xff, 0xff, 0xff, 0xff, 0xff, 0xff, 0xff, 0xff, 0xff, 0xff, 0xff, 0xff, 0xff, 0xff,
  0xff, 0xff, 0xff, 0xff, 0xff, 0xff, 0xff, 0xff, 0xff, 0xff, 0xff, 0xff, 0xff, 0xff, 0xff, 0xff,
  0xff, 0xff, 0xff, 0xff, 0xff, 0xff, 0xff, 0xff, 0xff, 0xff, 0xff, 0xff, 0xff, 0xff, 0xff, 0xff,
  0xff, 0xff, 0xff, 0xff, 0xff, 0xff, 0xff, 0xff, 0xff, 0xff, 0xff, 0xff, 0xff, 0xff, 0xff, 0xff,
  0xff, 0xff, 0xff, 0xff, 0xff, 0xff, 0xff, 0xff, 0xff, 0xff, 0xff, 0xff, 0xff, 0xff, 0xff, 0xff,
  0xff, 0xff, 0xff, 0xff, 0xff, 0xff, 0xff, 0xff, 0xff, 0xff, 0xff, 0xff, 0xff, 0xff, 0xff, 0xff,
  0xff, 0xff, 0xff, 0xff, 0xff, 0xff, 0xff, 0xff, 0xff, 0xff, 0xff, 0xff, 0xff, 0xff, 0xff, 0xff,
  0xff, 0xff, 0xff, 0xff, 0xff, 0xff, 0xff, 0xff, 0xfe, 0xfe, 0xfe, 0xff, 0xff, 0xff, 0xff, 0xff,
  0xee, 0xee, 0xee, 0xff, 0xc2, 0xc2, 0xc2, 0xfb, 0xd6, 0xd6, 0xd6, 0xff, 0xc6, 0xc6, 0xc6, 0x82,
  0x00, 0x00, 0x00, 0x00, 0xbf, 0xbf, 0xbf, 0x04, 0x00, 0x00, 0x00, 0x00, 0x00, 0x00, 0x00, 0x00,
  0x00, 0x00, 0x00, 0x00, 0xff, 0xff, 0xff, 0x01, 0xff, 0xff, 0xff, 0x03, 0xff, 0xff, 0xff, 0x05,
  0xe2, 0xe2, 0xe2, 0x09, 0xdd, 0xdd, 0xdd, 0x0f, 0xd2, 0xd2, 0xd2, 0x17, 0xcd, 0xcd, 0xcd, 0x1f,
  0xd1, 0xd1, 0xd1, 0x27, 0xcc, 0xcc, 0xcc, 0x2d, 0xc9, 0xc9, 0xc9, 0x34, 0xcd, 0xcd, 0xcd, 0x39,
  0xca, 0xca, 0xca, 0x3f, 0xcb, 0xcb, 0xcb, 0x45, 0xcb, 0xcb, 0xcb, 0x4a, 0xcc, 0xcc, 0xcc, 0x50,
  0xce, 0xce, 0xce, 0x44, 0xc9, 0xc9, 0xc9, 0x85, 0xcf, 0xcf, 0xcf, 0xff, 0xc1, 0xc1, 0xc1, 0xfd,
  0xe3, 0xe3, 0xe3, 0xff, 0xff, 0xff, 0xff, 0xff, 0xfe, 0xfe, 0xfe, 0xff, 0xff, 0xff, 0xff, 0xff,
  0xff, 0xff, 0xff, 0xff, 0xff, 0xff, 0xff, 0xff, 0xff, 0xff, 0xff, 0xff, 0xff, 0xff, 0xff, 0xff,
  0xff, 0xff, 0xff, 0xff, 0xff, 0xff, 0xff, 0xff, 0xff, 0xff, 0xff, 0xff, 0xff, 0xff, 0xff, 0xff,
  0xff, 0xff, 0xff, 0xff, 0xff, 0xff, 0xff, 0xff, 0xff, 0xff, 0xff, 0xff, 0xff, 0xff, 0xff, 0xff,
  0xff, 0xff, 0xff, 0xff, 0xff, 0xff, 0xff, 0xff, 0xff, 0xff, 0xff, 0xff, 0xff, 0xff, 0xff, 0xff,
  0xff, 0xff, 0xff, 0xff, 0xff, 0xff, 0xff, 0xff, 0xff, 0xff, 0xff, 0xff, 0xff, 0xff, 0xff, 0xff,
  0xff, 0xff, 0xff, 0xff, 0xff, 0xff, 0xff, 0xff, 0xff, 0xff, 0xff, 0xff, 0xff, 0xff, 0xff, 0xff,
  0xff, 0xff, 0xff, 0xff, 0xff, 0xff, 0xff, 0xff, 0xff, 0xff, 0xff, 0xff, 0xff, 0xff, 0xff, 0xff,
  0xff, 0xff, 0xff, 0xff, 0xff, 0xff, 0xff, 0xff, 0xff, 0xff, 0xff, 0xff, 0xff, 0xff, 0xff, 0xff,
  0xff, 0xff, 0xff, 0xff, 0xff, 0xff, 0xff, 0xff, 0xff, 0xff, 0xff, 0xff, 0xff, 0xff, 0xff, 0xff,
  0xff, 0xff, 0xff, 0xff, 0xff, 0xff, 0xff, 0xff, 0xff, 0xff, 0xff, 0xff, 0xff, 0xff, 0xff, 0xff,
  0xff, 0xff, 0xff, 0xff, 0xff, 0xff, 0xff, 0xff, 0xff, 0xff, 0xff, 0xff, 0xff, 0xff, 0xff, 0xff,
  0xff, 0xff, 0xff, 0xff, 0xff, 0xff, 0xff, 0xff, 0xff, 0xff, 0xff, 0xff, 0xff, 0xff, 0xff, 0xff,
  0xff, 0xff, 0xff, 0xff, 0xff, 0xff, 0xff, 0xff, 0xff, 0xff, 0xff, 0xff, 0xff, 0xff, 0xff, 0xff,
  0xff, 0xff, 0xff, 0xff, 0xff, 0xff, 0xff, 0xff, 0xff, 0xff, 0xff, 0xff, 0xff, 0xff, 0xff, 0xff,
  0xff, 0xff, 0xff, 0xff, 0xff, 0xff, 0xff, 0xff, 0xff, 0xff, 0xff, 0xff, 0xff, 0xff, 0xff, 0xff,
  0xff, 0xff, 0xff, 0xff, 0xff, 0xff, 0xff, 0xff, 0xff, 0xff, 0xff, 0xff, 0xff, 0xff, 0xff, 0xff,
  0xff, 0xff, 0xff, 0xff, 0xff, 0xff, 0xff, 0xff, 0xff, 0xff, 0xff, 0xff, 0xff, 0xff, 0xff, 0xff,
  0xff, 0xff, 0xff, 0xff, 0xff, 0xff, 0xff, 0xff, 0xff, 0xff, 0xff, 0xff, 0xfe, 0xfe, 0xfe, 0xff,
  0xff, 0xff, 0xff, 0xff, 0xee, 0xee, 0xee, 0xff, 0xc2, 0xc2, 0xc2, 0xfb, 0xd6, 0xd6, 0xd6, 0xff,
  0xc6, 0xc6, 0xc6, 0x82, 0x00, 0x00, 0x00, 0x00, 0xbf, 0xbf, 0xbf, 0x04, 0x00, 0x00, 0x00, 0x00,
  0x00, 0x00, 0x00, 0x00, 0x00, 0x00, 0x00, 0x00, 0xff, 0xff, 0xff, 0x01, 0xff, 0xff, 0xff, 0x03,
  0xff, 0xff, 0xff, 0x05, 0xcc, 0xcc, 0xcc, 0x0a, 0xcf, 0xcf, 0xcf, 0x10, 0xc9, 0xc9, 0xc9, 0x18,
  0xcf, 0xcf, 0xcf, 0x20, 0xcc, 0xcc, 0xcc, 0x28, 0xc8, 0xc8, 0xc8, 0x2f, 0xca, 0xca, 0xca, 0x35,
  0xcb, 0xcb, 0xcb, 0x3b, 0xcc, 0xcc, 0xcc, 0x41, 0xcc, 0xcc, 0xcc, 0x47, 0xcc, 0xcc, 0xcc, 0x4c,
  0xcc, 0xcc, 0xcc, 0x51, 0xce, 0xce, 0xce, 0x45, 0xc8, 0xc8, 0xc8, 0x87, 0xcf, 0xcf, 0xcf, 0xff,
  0xc1, 0xc1, 0xc1, 0xfd, 0xe3, 0xe3, 0xe3, 0xff, 0xff, 0xff, 0xff, 0xff, 0xfe, 0xfe, 0xfe, 0xff,
  0xff, 0xff, 0xff, 0xff, 0xff, 0xff, 0xff, 0xff, 0xff, 0xff, 0xff, 0xff, 0xff, 0xff, 0xff, 0xff,
  0xff, 0xff, 0xff, 0xff, 0xff, 0xff, 0xff, 0xff, 0xff, 0xff, 0xff, 0xff, 0xff, 0xff, 0xff, 0xff,
  0xff, 0xff, 0xff, 0xff, 0xff, 0xff, 0xff, 0xff, 0xff, 0xff, 0xff, 0xff, 0xff, 0xff, 0xff, 0xff,
  0xff, 0xff, 0xff, 0xff, 0xff, 0xff, 0xff, 0xff, 0xff, 0xff, 0xff, 0xff, 0xff, 0xff, 0xff, 0xff,
  0xff, 0xff, 0xff, 0xff, 0xff, 0xff, 0xff, 0xff, 0xff, 0xff, 0xff, 0xff, 0xff, 0xff, 0xff, 0xff,
  0xff, 0xff, 0xff, 0xff, 0xff, 0xff, 0xff, 0xff, 0xff, 0xff, 0xff, 0xff, 0xff, 0xff, 0xff, 0xff,
  0xff, 0xff, 0xff, 0xff, 0xff, 0xff, 0xff, 0xff, 0xff, 0xff, 0xff, 0xff, 0xff, 0xff, 0xff, 0xff,
  0xff, 0xff, 0xff, 0xff, 0xff, 0xff, 0xff, 0xff, 0xff, 0xff, 0xff, 0xff, 0xff, 0xff, 0xff, 0xff,
  0xff, 0xff, 0xff, 0xff, 0xff, 0xff, 0xff, 0xff, 0xff, 0xff, 0xff, 0xff, 0xff, 0xff, 0xff, 0xff,
  0xff, 0xff, 0xff, 0xff, 0xff, 0xff, 0xff, 0xff, 0xff, 0xff, 0xff, 0xff, 0xff, 0xff, 0xff, 0xff,
  0xff, 0xff, 0xff, 0xff, 0xff, 0xff, 0xff, 0xff, 0xff, 0xff, 0xff, 0xff, 0xff, 0xff, 0xff, 0xff,
  0xff, 0xff, 0xff, 0xff, 0xff, 0xff, 0xff, 0xff, 0xff, 0xff, 0xff, 0xff, 0xff, 0xff, 0xff, 0xff,
  0xff, 0xff, 0xff, 0xff, 0xff, 0xff, 0xff, 0xff, 0xff, 0xff, 0xff, 0xff, 0xff, 0xff, 0xff, 0xff,
  0xff, 0xff, 0xff, 0xff, 0xff, 0xff, 0xff, 0xff, 0xff, 0xff, 0xff, 0xff, 0xff, 0xff, 0xff, 0xff,
  0xff, 0xff, 0xff, 0xff, 0xff, 0xff, 0xff, 0xff, 0xff, 0xff, 0xff, 0xff, 0xff, 0xff, 0xff, 0xff,
  0xff, 0xff, 0xff, 0xff, 0xff, 0xff, 0xff, 0xff, 0xff, 0xff, 0xff, 0xff, 0xff, 0xff, 0xff, 0xff,
  0xff, 0xff, 0xff, 0xff, 0xff, 0xff, 0xff, 0xff, 0xff, 0xff, 0xff, 0xff, 0xff, 0xff, 0xff, 0xff,
  0xff, 0xff, 0xff, 0xff, 0xff, 0xff, 0xff, 0xff, 0xff, 0xff, 0xff, 0xff, 0xff, 0xff, 0xff, 0xff,
  0xfe, 0xfe, 0xfe, 0xff, 0xff, 0xff, 0xff, 0xff, 0xee, 0xee, 0xee, 0xff, 0xc2, 0xc2, 0xc2, 0xfb,
  0xd6, 0xd6, 0xd6, 0xff, 0xc6, 0xc6, 0xc6, 0x82, 0x00, 0x00, 0x00, 0x00, 0xbf, 0xbf, 0xbf, 0x04,
  0x00, 0x00, 0x00, 0x00, 0x00, 0x00, 0x00, 0x00, 0x00, 0x00, 0x00, 0x00, 0xff, 0xff, 0xff, 0x01,
  0xff, 0xff, 0xff, 0x03, 0xcc, 0xcc, 0xcc, 0x05, 0xe2, 0xe2, 0xe2, 0x09, 0xcf, 0xcf, 0xcf, 0x10,
  0xd4, 0xd4, 0xd4, 0x18, 0xcf, 0xcf, 0xcf, 0x20, 0xcc, 0xcc, 0xcc, 0x28, 0xce, 0xce, 0xce, 0x2f,
  0xcb, 0xcb, 0xcb, 0x36, 0xcc, 0xcc, 0xcc, 0x3c, 0xc9, 0xc9, 0xc9, 0x43, 0xca, 0xca, 0xca, 0x49,
  0xca, 0xca, 0xca, 0x4d, 0xcd, 0xcd, 0xcd, 0x52, 0xcc, 0xcc, 0xcc, 0x46, 0xc8, 0xc8, 0xc8, 0x87,
  0xcf, 0xcf, 0xcf, 0xff, 0xc1, 0xc1, 0xc1, 0xfd, 0xe3, 0xe3, 0xe3, 0xff, 0xff, 0xff, 0xff, 0xff,
  0xfe, 0xfe, 0xfe, 0xff, 0xff, 0xff, 0xff, 0xff, 0xff, 0xff, 0xff, 0xff, 0xff, 0xff, 0xff, 0xff,
  0xff, 0xff, 0xff, 0xff, 0xff, 0xff, 0xff, 0xff, 0xff, 0xff, 0xff, 0xff, 0xff, 0xff, 0xff, 0xff,
  0xff, 0xff, 0xff, 0xff, 0xff, 0xff, 0xff, 0xff, 0xff, 0xff, 0xff, 0xff, 0xff, 0xff, 0xff, 0xff,
  0xff, 0xff, 0xff, 0xff, 0xff, 0xff, 0xff, 0xff, 0xff, 0xff, 0xff, 0xff, 0xff, 0xff, 0xff, 0xff,
  0xff, 0xff, 0xff, 0xff, 0xff, 0xff, 0xff, 0xff, 0xff, 0xff, 0xff, 0xff, 0xff, 0xff, 0xff, 0xff,
  0xff, 0xff, 0xff, 0xff, 0xff, 0xff, 0xff, 0xff, 0xff, 0xff, 0xff, 0xff, 0xff, 0xff, 0xff, 0xff,
  0xff, 0xff, 0xff, 0xff, 0xff, 0xff, 0xff, 0xff, 0xff, 0xff, 0xff, 0xff, 0xff, 0xff, 0xff, 0xff,
  0xff, 0xff, 0xff, 0xff, 0xff, 0xff, 0xff, 0xff, 0xff, 0xff, 0xff, 0xff, 0xff, 0xff, 0xff, 0xff,
  0xff, 0xff, 0xff, 0xff, 0xff, 0xff, 0xff, 0xff, 0xff, 0xff, 0xff, 0xff, 0xff, 0xff, 0xff, 0xff,
  0xff, 0xff, 0xff, 0xff, 0xff, 0xff, 0xff, 0xff, 0xff, 0xff, 0xff, 0xff, 0xff, 0xff, 0xff, 0xff,
  0xff, 0xff, 0xff, 0xff, 0xff, 0xff, 0xff, 0xff, 0xff, 0xff, 0xff, 0xff, 0xff, 0xff, 0xff, 0xff,
  0xff, 0xff, 0xff, 0xff, 0xff, 0xff, 0xff, 0xff, 0xff, 0xff, 0xff, 0xff, 0xff, 0xff, 0xff, 0xff,
  0xff, 0xff, 0xff, 0xff, 0xff, 0xff, 0xff, 0xff, 0xff, 0xff, 0xff, 0xff, 0xff, 0xff, 0xff, 0xff,
  0xff, 0xff, 0xff, 0xff, 0xff, 0xff, 0xff, 0xff, 0xff, 0xff, 0xff, 0xff, 0xff, 0xff, 0xff, 0xff,
  0xff, 0xff, 0xff, 0xff, 0xff, 0xff, 0xff, 0xff, 0xff, 0xff, 0xff, 0xff, 0xff, 0xff, 0xff, 0xff,
  0xff, 0xff, 0xff, 0xff, 0xff, 0xff, 0xff, 0xff, 0xff, 0xff, 0xff, 0xff, 0xff, 0xff, 0xff, 0xff,
  0xff, 0xff, 0xff, 0xff, 0xff, 0xff, 0xff, 0xff, 0xff, 0xff, 0xff, 0xff, 0xff, 0xff, 0xff, 0xff,
  0xff, 0xff, 0xff, 0xff, 0xff, 0xff, 0xff, 0xff, 0xff, 0xff, 0xff, 0xff, 0xff, 0xff, 0xff, 0xff,
  0xff, 0xff, 0xff, 0xff, 0xfe, 0xfe, 0xfe, 0xff, 0xff, 0xff, 0xff, 0xff, 0xee, 0xee, 0xee, 0xff,
  0xc2, 0xc2, 0xc2, 0xfb, 0xd6, 0xd6, 0xd6, 0xff, 0xc6, 0xc6, 0xc6, 0x82, 0x00, 0x00, 0x00, 0x00,
  0xbf, 0xbf, 0xbf, 0x04, 0x00, 0x00, 0x00, 0x00, 0x00, 0x00, 0x00, 0x00, 0x00, 0x00, 0x00, 0x00,
  0xff, 0xff, 0xff, 0x01, 0xff, 0xff, 0xff, 0x03, 0xcc, 0xcc, 0xcc, 0x05, 0xe2, 0xe2, 0xe2, 0x09,
  0xcf, 0xcf, 0xcf, 0x10, 0xc9, 0xc9, 0xc9, 0x18, 0xc8, 0xc8, 0xc8, 0x21, 0xcd, 0xcd, 0xcd, 0x29,
  0xc9, 0xc9, 0xc9, 0x30, 0xcc, 0xcc, 0xcc, 0x37, 0xcc, 0xcc, 0xcc, 0x3d, 0xca, 0xca, 0xca, 0x44,
  0xcb, 0xcb, 0xcb, 0x4a, 0xca, 0xca, 0xca, 0x4e, 0xca, 0xca, 0xca, 0x53, 0xcf, 0xcf, 0xcf, 0x46,
  0xc8, 0xc8, 0xc8, 0x87, 0xcf, 0xcf, 0xcf, 0xff, 0xc1, 0xc1, 0xc1, 0xfd, 0xe3, 0xe3, 0xe3, 0xff,
  0xff, 0xff, 0xff, 0xff, 0xfe, 0xfe, 0xfe, 0xff, 0xff, 0xff, 0xff, 0xff, 0xff, 0xff, 0xff, 0xff,
  0xff, 0xff, 0xff, 0xff, 0xff, 0xff, 0xff, 0xff, 0xff, 0xff, 0xff, 0xff, 0xff, 0xff, 0xff, 0xff,
  0xff, 0xff, 0xff, 0xff, 0xff, 0xff, 0xff, 0xff, 0xff, 0xff, 0xff, 0xff, 0xff, 0xff, 0xff, 0xff,
  0xff, 0xff, 0xff, 0xff, 0xff, 0xff, 0xff, 0xff, 0xff, 0xff, 0xff, 0xff, 0xff, 0xff, 0xff, 0xff,
  0xff, 0xff, 0xff, 0xff, 0xff, 0xff, 0xff, 0xff, 0xff, 0xff, 0xff, 0xff, 0xff, 0xff, 0xff, 0xff,
  0xff, 0xff, 0xff, 0xff, 0xff, 0xff, 0xff, 0xff, 0xff, 0xff, 0xff, 0xff, 0xff, 0xff, 0xff, 0xff,
  0xff, 0xff, 0xff, 0xff, 0xff, 0xff, 0xff, 0xff, 0xff, 0xff, 0xff, 0xff, 0xff, 0xff, 0xff, 0xff,
  0xff, 0xff, 0xff, 0xff, 0xff, 0xff, 0xff, 0xff, 0xff, 0xff, 0xff, 0xff, 0xff, 0xff, 0xff, 0xff,
  0xff, 0xff, 0xff, 0xff, 0xff, 0xff, 0xff, 0xff, 0xff, 0xff, 0xff, 0xff, 0xff, 0xff, 0xff, 0xff,
  0xff, 0xff, 0xff, 0xff, 0xff, 0xff, 0xff, 0xff, 0xff, 0xff, 0xff, 0xff, 0xff, 0xff, 0xff, 0xff,
  0xff, 0xff, 0xff, 0xff, 0xff, 0xff, 0xff, 0xff, 0xff, 0xff, 0xff, 0xff, 0xff, 0xff, 0xff, 0xff,
  0xff, 0xff, 0xff, 0xff, 0xff, 0xff, 0xff, 0xff, 0xff, 0xff, 0xff, 0xff, 0xff, 0xff, 0xff, 0xff,
  0xff, 0xff, 0xff, 0xff, 0xff, 0xff, 0xff, 0xff, 0xff, 0xff, 0xff, 0xff, 0xff, 0xff, 0xff, 0xff,
  0xff, 0xff, 0xff, 0xff, 0xff, 0xff, 0xff, 0xff, 0xff, 0xff, 0xff, 0xff, 0xff, 0xff, 0xff, 0xff,
  0xff, 0xff, 0xff, 0xff, 0xff, 0xff, 0xff, 0xff, 0xff, 0xff, 0xff, 0xff, 0xff, 0xff, 0xff, 0xff,
  0xff, 0xff, 0xff, 0xff, 0xff, 0xff, 0xff, 0xff, 0xff, 0xff, 0xff, 0xff, 0xff, 0xff, 0xff, 0xff,
  0xff, 0xff, 0xff, 0xff, 0xff, 0xff, 0xff, 0xff, 0xff, 0xff, 0xff, 0xff, 0xff, 0xff, 0xff, 0xff,
  0xff, 0xff, 0xff, 0xff, 0xff, 0xff, 0xff, 0xff, 0xff, 0xff, 0xff, 0xff, 0xff, 0xff, 0xff, 0xff,
  0xff, 0xff, 0xff, 0xff, 0xff, 0xff, 0xff, 0xff, 0xfe, 0xfe, 0xfe, 0xff, 0xff, 0xff, 0xff, 0xff,
  0xee, 0xee, 0xee, 0xff, 0xc2, 0xc2, 0xc2, 0xfb, 0xd6, 0xd6, 0xd6, 0xff, 0xc6, 0xc6, 0xc6, 0x82,
  0x00, 0x00, 0x00, 0x00, 0xbf, 0xbf, 0xbf, 0x04, 0x00, 0x00, 0x00, 0x00, 0x00, 0x00, 0x00, 0x00,
  0x00, 0x00, 0x00, 0x00, 0xff, 0xff, 0xff, 0x01, 0xff, 0xff, 0xff, 0x02, 0xcc, 0xcc, 0xcc, 0x05,
  0xe2, 0xe2, 0xe2, 0x09, 0xcc, 0xcc, 0xcc, 0x0f, 0xc9, 0xc9, 0xc9, 0x18, 0xc8, 0xc8, 0xc8, 0x21,
  0xcd, 0xcd, 0xcd, 0x29, 0xcf, 0xcf, 0xcf, 0x30, 0xcc, 0xcc, 0xcc, 0x37, 0xc9, 0xc9, 0xc9, 0x3e,
  0xcb, 0xcb, 0xcb, 0x45, 0xcc, 0xcc, 0xcc, 0x4b, 0xcb, 0xcb, 0xcb, 0x4f, 0xcd, 0xcd, 0xcd, 0x53,
  0xcc, 0xcc, 0xcc, 0x47, 0xc8, 0xc8, 0xc8, 0x88, 0xcf, 0xcf, 0xcf, 0xff, 0xc1, 0xc1, 0xc1, 0xfd,
  0xe3, 0xe3, 0xe3, 0xff, 0xff, 0xff, 0xff, 0xff, 0xfe, 0xfe, 0xfe, 0xff, 0xff, 0xff, 0xff, 0xff,
  0xff, 0xff, 0xff, 0xff, 0xff, 0xff, 0xff, 0xff, 0xff, 0xff, 0xff, 0xff, 0xff, 0xff, 0xff, 0xff,
  0xff, 0xff, 0xff, 0xff, 0xff, 0xff, 0xff, 0xff, 0xff, 0xff, 0xff, 0xff, 0xff, 0xff, 0xff, 0xff,
  0xff, 0xff, 0xff, 0xff, 0xff, 0xff, 0xff, 0xff, 0xff, 0xff, 0xff, 0xff, 0xff, 0xff, 0xff, 0xff,
  0xff, 0xff, 0xff, 0xff, 0xff, 0xff, 0xff, 0xff, 0xff, 0xff, 0xff, 0xff, 0xff, 0xff, 0xff, 0xff,
  0xff, 0xff, 0xff, 0xff, 0xff, 0xff, 0xff, 0xff, 0xff, 0xff, 0xff, 0xff, 0xff, 0xff, 0xff, 0xff,
  0xff, 0xff, 0xff, 0xff, 0xff, 0xff, 0xff, 0xff, 0xff, 0xff, 0xff, 0xff, 0xff, 0xff, 0xff, 0xff,
  0xff, 0xff, 0xff, 0xff, 0xff, 0xff, 0xff, 0xff, 0xff, 0xff, 0xff, 0xff, 0xff, 0xff, 0xff, 0xff,
  0xff, 0xff, 0xff, 0xff, 0xff, 0xff, 0xff, 0xff, 0xff, 0xff, 0xff, 0xff, 0xff, 0xff, 0xff, 0xff,
  0xff, 0xff, 0xff, 0xff, 0xff, 0xff, 0xff, 0xff, 0xff, 0xff, 0xff, 0xff, 0xff, 0xff, 0xff, 0xff,
  0xff, 0xff, 0xff, 0xff, 0xff, 0xff, 0xff, 0xff, 0xff, 0xff, 0xff, 0xff, 0xff, 0xff, 0xff, 0xff,
  0xff, 0xff, 0xff, 0xff, 0xff, 0xff, 0xff, 0xff, 0xff, 0xff, 0xff, 0xff, 0xff, 0xff, 0xff, 0xff,
  0xff, 0xff, 0xff, 0xff, 0xff, 0xff, 0xff, 0xff, 0xff, 0xff, 0xff, 0xff, 0xff, 0xff, 0xff, 0xff,
  0xff, 0xff, 0xff, 0xff, 0xff, 0xff, 0xff, 0xff, 0xff, 0xff, 0xff, 0xff, 0xff, 0xff, 0xff, 0xff,
  0xff, 0xff, 0xff, 0xff, 0xff, 0xff, 0xff, 0xff, 0xff, 0xff, 0xff, 0xff, 0xff, 0xff, 0xff, 0xff,
  0xff, 0xff, 0xff, 0xff, 0xff, 0xff, 0xff, 0xff, 0xff, 0xff, 0xff, 0xff, 0xff, 0xff, 0xff, 0xff,
  0xff, 0xff, 0xff, 0xff, 0xff, 0xff, 0xff, 0xff, 0xff, 0xff, 0xff, 0xff, 0xff, 0xff, 0xff, 0xff,
  0xff, 0xff, 0xff, 0xff, 0xff, 0xff, 0xff, 0xff, 0xff, 0xff, 0xff, 0xff, 0xff, 0xff, 0xff, 0xff,
  0xff, 0xff, 0xff, 0xff, 0xff, 0xff, 0xff, 0xff, 0xff, 0xff, 0xff, 0xff, 0xfe, 0xfe, 0xfe, 0xff,
  0xff, 0xff, 0xff, 0xff, 0xee, 0xee, 0xee, 0xff, 0xc2, 0xc2, 0xc2, 0xfb, 0xd6, 0xd6, 0xd6, 0xff,
  0xc6, 0xc6, 0xc6, 0x82, 0x00, 0x00, 0x00, 0x00, 0xbf, 0xbf, 0xbf, 0x04, 0x00, 0x00, 0x00, 0x00,
  0x00, 0x00, 0x00, 0x00, 0x00, 0x00, 0x00, 0x00, 0xff, 0xff, 0xff, 0x01, 0xff, 0xff, 0xff, 0x02,
  0xcc, 0xcc, 0xcc, 0x05, 0xc6, 0xc6, 0xc6, 0x09, 0xcc, 0xcc, 0xcc, 0x0f, 0xd2, 0xd2, 0xd2, 0x17,
  0xc7, 0xc7, 0xc7, 0x20, 0xcd, 0xcd, 0xcd, 0x29, 0xca, 0xca, 0xca, 0x31, 0xcc, 0xcc, 0xcc, 0x38,
  0xca, 0xca, 0xca, 0x3f, 0xcb, 0xcb, 0xcb, 0x45, 0xcc, 0xcc, 0xcc, 0x4b, 0xcb, 0xcb, 0xcb, 0x4f,
  0xcb, 0xcb, 0xcb, 0x54, 0xc9, 0xc9, 0xc9, 0x48, 0xc9, 0xc9, 0xc9, 0x89, 0xcf, 0xcf, 0xcf, 0xff,
  0xc1, 0xc1, 0xc1, 0xfd, 0xe3, 0xe3, 0xe3, 0xff, 0xff, 0xff, 0xff, 0xff, 0xfe, 0xfe, 0xfe, 0xff,
  0xff, 0xff, 0xff, 0xff, 0xff, 0xff, 0xff, 0xff, 0xff, 0xff, 0xff, 0xff, 0xff, 0xff, 0xff, 0xff,
  0xff, 0xff, 0xff, 0xff, 0xff, 0xff, 0xff, 0xff, 0xff, 0xff, 0xff, 0xff, 0xff, 0xff, 0xff, 0xff,
  0xff, 0xff, 0xff, 0xff, 0xff, 0xff, 0xff, 0xff, 0xff, 0xff, 0xff, 0xff, 0xff, 0xff, 0xff, 0xff,
  0xff, 0xff, 0xff, 0xff, 0xff, 0xff, 0xff, 0xff, 0xff, 0xff, 0xff, 0xff, 0xff, 0xff, 0xff, 0xff,
  0xff, 0xff, 0xff, 0xff, 0xff, 0xff, 0xff, 0xff, 0xff, 0xff, 0xff, 0xff, 0xff, 0xff, 0xff, 0xff,
  0xff, 0xff, 0xff, 0xff, 0xff, 0xff, 0xff, 0xff, 0xff, 0xff, 0xff, 0xff, 0xff, 0xff, 0xff, 0xff,
  0xff, 0xff, 0xff, 0xff, 0xff, 0xff, 0xff, 0xff, 0xff, 0xff, 0xff, 0xff, 0xff, 0xff, 0xff, 0xff,
  0xff, 0xff, 0xff, 0xff, 0xff, 0xff, 0xff, 0xff, 0xff, 0xff, 0xff, 0xff, 0xff, 0xff, 0xff, 0xff,
  0xff, 0xff, 0xff, 0xff, 0xff, 0xff, 0xff, 0xff, 0xff, 0xff, 0xff, 0xff, 0xff, 0xff, 0xff, 0xff,
  0xff, 0xff, 0xff, 0xff, 0xff, 0xff, 0xff, 0xff, 0xff, 0xff, 0xff, 0xff, 0xff, 0xff, 0xff, 0xff,
  0xff, 0xff, 0xff, 0xff, 0xff, 0xff, 0xff, 0xff, 0xff, 0xff, 0xff, 0xff, 0xff, 0xff, 0xff, 0xff,
  0xff, 0xff, 0xff, 0xff, 0xff, 0xff, 0xff, 0xff, 0xff, 0xff, 0xff, 0xff, 0xff, 0xff, 0xff, 0xff,
  0xff, 0xff, 0xff, 0xff, 0xff, 0xff, 0xff, 0xff, 0xff, 0xff, 0xff, 0xff, 0xff, 0xff, 0xff, 0xff,
  0xff, 0xff, 0xff, 0xff, 0xff, 0xff, 0xff, 0xff, 0xff, 0xff, 0xff, 0xff, 0xff, 0xff, 0xff, 0xff,
  0xff, 0xff, 0xff, 0xff, 0xff, 0xff, 0xff, 0xff, 0xff, 0xff, 0xff, 0xff, 0xff, 0xff, 0xff, 0xff,
  0xff, 0xff, 0xff, 0xff, 0xff, 0xff, 0xff, 0xff, 0xff, 0xff, 0xff, 0xff, 0xff, 0xff, 0xff, 0xff,
  0xff, 0xff, 0xff, 0xff, 0xff, 0xff, 0xff, 0xff, 0xff, 0xff, 0xff, 0xff, 0xff, 0xff, 0xff, 0xff,
  0xff, 0xff, 0xff, 0xff, 0xff, 0xff, 0xff, 0xff, 0xff, 0xff, 0xff, 0xff, 0xff, 0xff, 0xff, 0xff,
  0xfe, 0xfe, 0xfe, 0xff, 0xff, 0xff, 0xff, 0xff, 0xee, 0xee, 0xee, 0xff, 0xc2, 0xc2, 0xc2, 0xfb,
  0xd6, 0xd6, 0xd6, 0xff, 0xc6, 0xc6, 0xc6, 0x82, 0x00, 0x00, 0x00, 0x00, 0xbf, 0xbf, 0xbf, 0x04,
  0x00, 0x00, 0x00, 0x00, 0x00, 0x00, 0x00, 0x00, 0x00, 0x00, 0x00, 0x00, 0xff, 0xff, 0xff, 0x01,
  0xff, 0xff, 0xff, 0x02, 0xff, 0xff, 0xff, 0x04, 0xdf, 0xdf, 0xdf, 0x08, 0xda, 0xda, 0xda, 0x0e,
  0xd0, 0xd0, 0xd0, 0x16, 0xcd, 0xcd, 0xcd, 0x1f, 0xcc, 0xcc, 0xcc, 0x28, 0xca, 0xca, 0xca, 0x31,
  0xc8, 0xc8, 0xc8, 0x38, 0xce, 0xce, 0xce, 0x3f, 0xcb, 0xcb, 0xcb, 0x45, 0xc9, 0xc9, 0xc9, 0x4c,
  0xcc, 0xcc, 0xcc, 0x50, 0xcb, 0xcb, 0xcb, 0x54, 0xcd, 0xcd, 0xcd, 0x48, 0xc9, 0xc9, 0xc9, 0x89,
  0xcf, 0xcf, 0xcf, 0xff, 0xc1, 0xc1, 0xc1, 0xfd, 0xe3, 0xe3, 0xe3, 0xff, 0xff, 0xff, 0xff, 0xff,
  0xfe, 0xfe, 0xfe, 0xff, 0xff, 0xff, 0xff, 0xff, 0xff, 0xff, 0xff, 0xff, 0xff, 0xff, 0xff, 0xff,
  0xff, 0xff, 0xff, 0xff, 0xff, 0xff, 0xff, 0xff, 0xff, 0xff, 0xff, 0xff, 0xff, 0xff, 0xff, 0xff,
  0xff, 0xff, 0xff, 0xff, 0xff, 0xff, 0xff, 0xff, 0xff, 0xff, 0xff, 0xff, 0xff, 0xff, 0xff, 0xff,
  0xff, 0xff, 0xff, 0xff, 0xff, 0xff, 0xff, 0xff, 0xff, 0xff, 0xff, 0xff, 0xff, 0xff, 0xff, 0xff,
  0xff, 0xff, 0xff, 0xff, 0xff, 0xff, 0xff, 0xff, 0xff, 0xff, 0xff, 0xff, 0xff, 0xff, 0xff, 0xff,
  0xff, 0xff, 0xff, 0xff, 0xff, 0xff, 0xff, 0xff, 0xff, 0xff, 0xff, 0xff, 0xff, 0xff, 0xff, 0xff,
  0xff, 0xff, 0xff, 0xff, 0xff, 0xff, 0xff, 0xff, 0xff, 0xff, 0xff, 0xff, 0xff, 0xff, 0xff, 0xff,
  0xff, 0xff, 0xff, 0xff, 0xff, 0xff, 0xff, 0xff, 0xff, 0xff, 0xff, 0xff, 0xff, 0xff, 0xff, 0xff,
  0xff, 0xff, 0xff, 0xff, 0xff, 0xff, 0xff, 0xff, 0xff, 0xff, 0xff, 0xff, 0xff, 0xff, 0xff, 0xff,
  0xff, 0xff, 0xff, 0xff, 0xff, 0xff, 0xff, 0xff, 0xff, 0xff, 0xff, 0xff, 0xff, 0xff, 0xff, 0xff,
  0xff, 0xff, 0xff, 0xff, 0xff, 0xff, 0xff, 0xff, 0xff, 0xff, 0xff, 0xff, 0xff, 0xff, 0xff, 0xff,
  0xff, 0xff, 0xff, 0xff, 0xff, 0xff, 0xff, 0xff, 0xff, 0xff, 0xff, 0xff, 0xff, 0xff, 0xff, 0xff,
  0xff, 0xff, 0xff, 0xff, 0xff, 0xff, 0xff, 0xff, 0xff, 0xff, 0xff, 0xff, 0xff, 0xff, 0xff, 0xff,
  0xff, 0xff, 0xff, 0xff, 0xff, 0xff, 0xff, 0xff, 0xff, 0xff, 0xff, 0xff, 0xff, 0xff, 0xff, 0xff,
  0xff, 0xff, 0xff, 0xff, 0xff, 0xff, 0xff, 0xff, 0xff, 0xff, 0xff, 0xff, 0xff, 0xff, 0xff, 0xff,
  0xff, 0xff, 0xff, 0xff, 0xff, 0xff, 0xff, 0xff, 0xff, 0xff, 0xff, 0xff, 0xff, 0xff, 0xff, 0xff,
  0xff, 0xff, 0xff, 0xff, 0xff, 0xff, 0xff, 0xff, 0xff, 0xff, 0xff, 0xff, 0xff, 0xff, 0xff, 0xff,
  0xff, 0xff, 0xff, 0xff, 0xff, 0xff, 0xff, 0xff, 0xff, 0xff, 0xff, 0xff, 0xff, 0xff, 0xff, 0xff,
  0xff, 0xff, 0xff, 0xff, 0xfe, 0xfe, 0xfe, 0xff, 0xff, 0xff, 0xff, 0xff, 0xee, 0xee, 0xee, 0xff,
  0xc2, 0xc2, 0xc2, 0xfb, 0xd6, 0xd6, 0xd6, 0xff, 0xc6, 0xc6, 0xc6, 0x82, 0x00, 0x00, 0x00, 0x00,
  0xbf, 0xbf, 0xbf, 0x04, 0x00, 0x00, 0x00, 0x00, 0x00, 0x00, 0x00, 0x00, 0x00, 0x00, 0x00, 0x00,
  0xff, 0xff, 0xff, 0x01, 0xff, 0xff, 0xff, 0x02, 0xff, 0xff, 0xff, 0x04, 0xdf, 0xdf, 0xdf, 0x08,
  0xc8, 0xc8, 0xc8, 0x0e, 0xce, 0xce, 0xce, 0x15, 0xd4, 0xd4, 0xd4, 0x1e, 0xcc, 0xcc, 0xcc, 0x28,
  0xcf, 0xcf, 0xcf, 0x30, 0xcc, 0xcc, 0xcc, 0x38, 0xca, 0xca, 0xca, 0x3f, 0xcc, 0xcc, 0xcc, 0x46,
  0xcc, 0xcc, 0xcc, 0x4c, 0xc9, 0xc9, 0xc9, 0x51, 0xcc, 0xcc, 0xcc, 0x55, 0xce, 0xce, 0xce, 0x49,
  0xc9, 0xc9, 0xc9, 0x89, 0xcf, 0xcf, 0xcf, 0xff, 0xc1, 0xc1, 0xc1, 0xfd, 0xe3, 0xe3, 0xe3, 0xff,
  0xff, 0xff, 0xff, 0xff, 0xfe, 0xfe, 0xfe, 0xff, 0xff, 0xff, 0xff, 0xff, 0xff, 0xff, 0xff, 0xff,
  0xff, 0xff, 0xff, 0xff, 0xff, 0xff, 0xff, 0xff, 0xff, 0xff, 0xff, 0xff, 0xff, 0xff, 0xff, 0xff,
  0xff, 0xff, 0xff, 0xff, 0xff, 0xff, 0xff, 0xff, 0xff, 0xff, 0xff, 0xff, 0xff, 0xff, 0xff, 0xff,
  0xff, 0xff, 0xff, 0xff, 0xff, 0xff, 0xff, 0xff, 0xff, 0xff, 0xff, 0xff, 0xff, 0xff, 0xff, 0xff,
  0xff, 0xff, 0xff, 0xff, 0xff, 0xff, 0xff, 0xff, 0xff, 0xff, 0xff, 0xff, 0xff, 0xff, 0xff, 0xff,
  0xff, 0xff, 0xff, 0xff, 0xff, 0xff, 0xff, 0xff, 0xff, 0xff, 0xff, 0xff, 0xff, 0xff, 0xff, 0xff,
  0xff, 0xff, 0xff, 0xff, 0xff, 0xff, 0xff, 0xff, 0xff, 0xff, 0xff, 0xff, 0xff, 0xff, 0xff, 0xff,
  0xff, 0xff, 0xff, 0xff, 0xff, 0xff, 0xff, 0xff, 0xff, 0xff, 0xff, 0xff, 0xff, 0xff, 0xff, 0xff,
  0xff, 0xff, 0xff, 0xff, 0xff, 0xff, 0xff, 0xff, 0xff, 0xff, 0xff, 0xff, 0xff, 0xff, 0xff, 0xff,
  0xff, 0xff, 0xff, 0xff, 0xff, 0xff, 0xff, 0xff, 0xff, 0xff, 0xff, 0xff, 0xff, 0xff, 0xff, 0xff,
  0xff, 0xff, 0xff, 0xff, 0xff, 0xff, 0xff, 0xff, 0xff, 0xff, 0xff, 0xff, 0xff, 0xff, 0xff, 0xff,
  0xff, 0xff, 0xff, 0xff, 0xff, 0xff, 0xff, 0xff, 0xff, 0xff, 0xff, 0xff, 0xff, 0xff, 0xff, 0xff,
  0xff, 0xff, 0xff, 0xff, 0xff, 0xff, 0xff, 0xff, 0xff, 0xff, 0xff, 0xff, 0xff, 0xff, 0xff, 0xff,
  0xff, 0xff, 0xff, 0xff, 0xff, 0xff, 0xff, 0xff, 0xff, 0xff, 0xff, 0xff, 0xff, 0xff, 0xff, 0xff,
  0xff, 0xff, 0xff, 0xff, 0xff, 0xff, 0xff, 0xff, 0xff, 0xff, 0xff, 0xff, 0xff, 0xff, 0xff, 0xff,
  0xff, 0xff, 0xff, 0xff, 0xff, 0xff, 0xff, 0xff, 0xff, 0xff, 0xff, 0xff, 0xff, 0xff, 0xff, 0xff,
  0xff, 0xff, 0xff, 0xff, 0xff, 0xff, 0xff, 0xff, 0xff, 0xff, 0xff, 0xff, 0xff, 0xff, 0xff, 0xff,
  0xff, 0xff, 0xff, 0xff, 0xff, 0xff, 0xff, 0xff, 0xff, 0xff, 0xff, 0xff, 0xff, 0xff, 0xff, 0xff,
  0xff, 0xff, 0xff, 0xff, 0xff, 0xff, 0xff, 0xff, 0xfe, 0xfe, 0xfe, 0xff, 0xff, 0xff, 0xff, 0xff,
  0xee, 0xee, 0xee, 0xff, 0xc2, 0xc2, 0xc2, 0xfb, 0xd6, 0xd6, 0xd6, 0xff, 0xc6, 0xc6, 0xc6, 0x82,
  0x00, 0x00, 0x00, 0x00, 0xcc, 0xcc, 0xcc, 0x05, 0x00, 0x00, 0x00, 0x00, 0x00, 0x00, 0x00, 0x00,
  0x00, 0x00, 0x00, 0x00, 0x00, 0x00, 0x00, 0x00, 0xff, 0xff, 0xff, 0x02, 0xff, 0xff, 0xff, 0x04,
  0xda, 0xda, 0xda, 0x07, 0xd7, 0xd7, 0xd7, 0x0d, 0xd8, 0xd8, 0xd8, 0x14, 0xcc, 0xcc, 0xcc, 0x1e,
  0xca, 0xca, 0xca, 0x27, 0xce, 0xce, 0xce, 0x2f, 0xcc, 0xcc, 0xcc, 0x38, 0xca, 0xca, 0xca, 0x3f,
  0xcc, 0xcc, 0xcc, 0x46, 0xcc, 0xcc, 0xcc, 0x4c, 0xcc, 0xcc, 0xcc, 0x51, 0xc9, 0xc9, 0xc9, 0x55,
  0xcc, 0xcc, 0xcc, 0x4b, 0xc9, 0xc9, 0xc9, 0x8b, 0xcf, 0xcf, 0xcf, 0xff, 0xc1, 0xc1, 0xc1, 0xfd,
  0xe3, 0xe3, 0xe3, 0xff, 0xff, 0xff, 0xff, 0xff, 0xfe, 0xfe, 0xfe, 0xff, 0xff, 0xff, 0xff, 0xff,
  0xff, 0xff, 0xff, 0xff, 0xff, 0xff, 0xff, 0xff, 0xff, 0xff, 0xff, 0xff, 0xff, 0xff, 0xff, 0xff,
  0xff, 0xff, 0xff, 0xff, 0xff, 0xff, 0xff, 0xff, 0xff, 0xff, 0xff, 0xff, 0xff, 0xff, 0xff, 0xff,
  0xff, 0xff, 0xff, 0xff, 0xff, 0xff, 0xff, 0xff, 0xff, 0xff, 0xff, 0xff, 0xff, 0xff, 0xff, 0xff,
  0xff, 0xff, 0xff, 0xff, 0xff, 0xff, 0xff, 0xff, 0xff, 0xff, 0xff, 0xff, 0xff, 0xff, 0xff, 0xff,
  0xff, 0xff, 0xff, 0xff, 0xff, 0xff, 0xff, 0xff, 0xff, 0xff, 0xff, 0xff, 0xff, 0xff, 0xff, 0xff,
  0xff, 0xff, 0xff, 0xff, 0xff, 0xff, 0xff, 0xff, 0xff, 0xff, 0xff, 0xff, 0xff, 0xff, 0xff, 0xff,
  0xff, 0xff, 0xff, 0xff, 0xff, 0xff, 0xff, 0xff, 0xff, 0xff, 0xff, 0xff, 0xff, 0xff, 0xff, 0xff,
  0xff, 0xff, 0xff, 0xff, 0xff, 0xff, 0xff, 0xff, 0xff, 0xff, 0xff, 0xff, 0xff, 0xff, 0xff, 0xff,
  0xff, 0xff, 0xff, 0xff, 0xff, 0xff, 0xff, 0xff, 0xff, 0xff, 0xff, 0xff, 0xff, 0xff, 0xff, 0xff,
  0xff, 0xff, 0xff, 0xff, 0xff, 0xff, 0xff, 0xff, 0xff, 0xff, 0xff, 0xff, 0xff, 0xff, 0xff, 0xff,
  0xff, 0xff, 0xff, 0xff, 0xff, 0xff, 0xff, 0xff, 0xff, 0xff, 0xff, 0xff, 0xff, 0xff, 0xff, 0xff,
  0xff, 0xff, 0xff, 0xff, 0xff, 0xff, 0xff, 0xff, 0xff, 0xff, 0xff, 0xff, 0xff, 0xff, 0xff, 0xff,
  0xff, 0xff, 0xff, 0xff, 0xff, 0xff, 0xff, 0xff, 0xff, 0xff, 0xff, 0xff, 0xff, 0xff, 0xff, 0xff,
  0xff, 0xff, 0xff, 0xff, 0xff, 0xff, 0xff, 0xff, 0xff, 0xff, 0xff, 0xff, 0xff, 0xff, 0xff, 0xff,
  0xff, 0xff, 0xff, 0xff, 0xff, 0xff, 0xff, 0xff, 0xff, 0xff, 0xff, 0xff, 0xff, 0xff, 0xff, 0xff,
  0xff, 0xff, 0xff, 0xff, 0xff, 0xff, 0xff, 0xff, 0xff, 0xff, 0xff, 0xff, 0xff, 0xff, 0xff, 0xff,
  0xff, 0xff, 0xff, 0xff, 0xff, 0xff, 0xff, 0xff, 0xff, 0xff, 0xff, 0xff, 0xff, 0xff, 0xff, 0xff,
  0xff, 0xff, 0xff, 0xff, 0xff, 0xff, 0xff, 0xff, 0xff, 0xff, 0xff, 0xff, 0xfe, 0xfe, 0xfe, 0xff,
  0xff, 0xff, 0xff, 0xff, 0xee, 0xee, 0xee, 0xff, 0xc2, 0xc2, 0xc2, 0xfb, 0xd6, 0xd6, 0xd6, 0xff,
  0xc6, 0xc6, 0xc6, 0x83, 0x00, 0x00, 0x00, 0x00, 0xcc, 0xcc, 0xcc, 0x05, 0x00, 0x00, 0x00, 0x00,
  0x00, 0x00, 0x00, 0x00, 0x00, 0x00, 0x00, 0x00, 0xff, 0xff, 0xff, 0x01, 0xff, 0xff, 0xff, 0x02,
  0xff, 0xff, 0xff, 0x03, 0xd4, 0xd4, 0xd4, 0x06, 0xd4, 0xd4, 0xd4, 0x0c, 0xd6, 0xd6, 0xd6, 0x13,
  0xd1, 0xd1, 0xd1, 0x1c, 0xce, 0xce, 0xce, 0x25, 0xcd, 0xcd, 0xcd, 0x2e, 0xcc, 0xcc, 0xcc, 0x37,
  0xca, 0xca, 0xca, 0x3f, 0xcc, 0xcc, 0xcc, 0x46, 0xcc, 0xcc, 0xcc, 0x4c, 0xc9, 0xc9, 0xc9, 0x51,
  0xcc, 0xcc, 0xcc, 0x55, 0xcf, 0xcf, 0xcf, 0x4b, 0xc7, 0xc7, 0xc7, 0x8b, 0xce, 0xce, 0xce, 0xfd,
  0xc1, 0xc1, 0xc1, 0xfd, 0xe3, 0xe3, 0xe3, 0xff, 0xfe, 0xfe, 0xfe, 0xff, 0xfd, 0xfd, 0xfd, 0xff,
  0xfe, 0xfe, 0xfe, 0xff, 0xfe, 0xfe, 0xfe, 0xff, 0xfe, 0xfe, 0xfe, 0xff, 0xfe, 0xfe, 0xfe, 0xff,
  0xfe, 0xfe, 0xfe, 0xff, 0xfe, 0xfe, 0xfe, 0xff, 0xfe, 0xfe, 0xfe, 0xff, 0xfe, 0xfe, 0xfe, 0xff,
  0xfe, 0xfe, 0xfe, 0xff, 0xfe, 0xfe, 0xfe, 0xff, 0xfe, 0xfe, 0xfe, 0xff, 0xfe, 0xfe, 0xfe, 0xff,
  0xfe, 0xfe, 0xfe, 0xff, 0xfe, 0xfe, 0xfe, 0xff, 0xfe, 0xfe, 0xfe, 0xff, 0xfe, 0xfe, 0xfe, 0xff,
  0xfe, 0xfe, 0xfe, 0xff, 0xfe, 0xfe, 0xfe, 0xff, 0xfe, 0xfe, 0xfe, 0xff, 0xfe, 0xfe, 0xfe, 0xff,
  0xfe, 0xfe, 0xfe, 0xff, 0xfe, 0xfe, 0xfe, 0xff, 0xfe, 0xfe, 0xfe, 0xff, 0xfe, 0xfe, 0xfe, 0xff,
  0xfe, 0xfe, 0xfe, 0xff, 0xfe, 0xfe, 0xfe, 0xff, 0xfe, 0xfe, 0xfe, 0xff, 0xfe, 0xfe, 0xfe, 0xff,
  0xfe, 0xfe, 0xfe, 0xff, 0xfe, 0xfe, 0xfe, 0xff, 0xfe, 0xfe, 0xfe, 0xff, 0xfe, 0xfe, 0xfe, 0xff,
  0xfe, 0xfe, 0xfe, 0xff, 0xfe, 0xfe, 0xfe, 0xff, 0xfe, 0xfe, 0xfe, 0xff, 0xfe, 0xfe, 0xfe, 0xff,
  0xfe, 0xfe, 0xfe, 0xff, 0xfe, 0xfe, 0xfe, 0xff, 0xfe, 0xfe, 0xfe, 0xff, 0xfe, 0xfe, 0xfe, 0xff,
  0xfe, 0xfe, 0xfe, 0xff, 0xfe, 0xfe, 0xfe, 0xff, 0xfe, 0xfe, 0xfe, 0xff, 0xfe, 0xfe, 0xfe, 0xff,
  0xfe, 0xfe, 0xfe, 0xff, 0xfe, 0xfe, 0xfe, 0xff, 0xfe, 0xfe, 0xfe, 0xff, 0xfe, 0xfe, 0xfe, 0xff,
  0xfe, 0xfe, 0xfe, 0xff, 0xfe, 0xfe, 0xfe, 0xff, 0xfe, 0xfe, 0xfe, 0xff, 0xfe, 0xfe, 0xfe, 0xff,
  0xfe, 0xfe, 0xfe, 0xff, 0xfe, 0xfe, 0xfe, 0xff, 0xfe, 0xfe, 0xfe, 0xff, 0xfe, 0xfe, 0xfe, 0xff,
  0xfe, 0xfe, 0xfe, 0xff, 0xfe, 0xfe, 0xfe, 0xff, 0xfe, 0xfe, 0xfe, 0xff, 0xfe, 0xfe, 0xfe, 0xff,
  0xfe, 0xfe, 0xfe, 0xff, 0xfe, 0xfe, 0xfe, 0xff, 0xfe, 0xfe, 0xfe, 0xff, 0xfe, 0xfe, 0xfe, 0xff,
  0xfe, 0xfe, 0xfe, 0xff, 0xfe, 0xfe, 0xfe, 0xff, 0xfe, 0xfe, 0xfe, 0xff, 0xfe, 0xfe, 0xfe, 0xff,
  0xfe, 0xfe, 0xfe, 0xff, 0xfe, 0xfe, 0xfe, 0xff, 0xfe, 0xfe, 0xfe, 0xff, 0xfe, 0xfe, 0xfe, 0xff,
  0xfd, 0xfd, 0xfd, 0xff, 0xfe, 0xfe, 0xfe, 0xff, 0xed, 0xed, 0xed, 0xff, 0xc2, 0xc2, 0xc2, 0xfb,
  0xd4, 0xd4, 0xd4, 0xfc, 0xc6, 0xc6, 0xc6, 0x82, 0x00, 0x00, 0x00, 0x00, 0xcc, 0xcc, 0xcc, 0x05,
  0xff, 0xff, 0xff, 0x01, 0x00, 0x00, 0x00, 0x00, 0x00, 0x00, 0x00, 0x00, 0xff, 0xff, 0xff, 0x01,
  0xff, 0xff, 0xff, 0x01, 0xff, 0xff, 0xff, 0x03, 0xd4, 0xd4, 0xd4, 0x06, 0xd0, 0xd0, 0xd0, 0x0b,
  0xc6, 0xc6, 0xc6, 0x12, 0xd7, 0xd7, 0xd7, 0x1a, 0xc6, 0xc6, 0xc6, 0x24, 0xcc, 0xcc, 0xcc, 0x2d,
  0xcb, 0xcb, 0xcb, 0x36, 0xcc, 0xcc, 0xcc, 0x3d, 0xce, 0xce, 0xce, 0x44, 0xcc, 0xcc, 0xcc, 0x4b,
  0xcc, 0xcc, 0xcc, 0x50, 0xc9, 0xc9, 0xc9, 0x56, 0xcc, 0xcc, 0xcc, 0x4b, 0xc8, 0xc8, 0xc8, 0x90,
  0xd8, 0xd8, 0xd8, 0xff, 0xc0, 0xc0, 0xc0, 0xfd, 0xe4, 0xe4, 0xe4, 0xfe, 0xff, 0xff, 0xff, 0xff,
  0xff, 0xff, 0xff, 0xff, 0xff, 0xff, 0xff, 0xff, 0xff, 0xff, 0xff, 0xff, 0xff, 0xff, 0xff, 0xff,
  0xff, 0xff, 0xff, 0xff, 0xff, 0xff, 0xff, 0xff, 0xff, 0xff, 0xff, 0xff, 0xff, 0xff, 0xff, 0xff,
  0xff, 0xff, 0xff, 0xff, 0xff, 0xff, 0xff, 0xff, 0xff, 0xff, 0xff, 0xff, 0xff, 0xff, 0xff, 0xff,
  0xff, 0xff, 0xff, 0xff, 0xff, 0xff, 0xff, 0xff, 0xff, 0xff, 0xff, 0xff, 0xff, 0xff, 0xff, 0xff,
  0xff, 0xff, 0xff, 0xff, 0xff, 0xff, 0xff, 0xff, 0xff, 0xff, 0xff, 0xff, 0xff, 0xff, 0xff, 0xff,
  0xff, 0xff, 0xff, 0xff, 0xff, 0xff, 0xff, 0xff, 0xff, 0xff, 0xff, 0xff, 0xff, 0xff, 0xff, 0xff,
  0xff, 0xff, 0xff, 0xff, 0xff, 0xff, 0xff, 0xff, 0xff, 0xff, 0xff, 0xff, 0xff, 0xff, 0xff, 0xff,
  0xff, 0xff, 0xff, 0xff, 0xff, 0xff, 0xff, 0xff, 0xff, 0xff, 0xff, 0xff, 0xff, 0xff, 0xff, 0xff,
  0xff, 0xff, 0xff, 0xff, 0xff, 0xff, 0xff, 0xff, 0xff, 0xff, 0xff, 0xff, 0xff, 0xff, 0xff, 0xff,
  0xff, 0xff, 0xff, 0xff, 0xff, 0xff, 0xff, 0xff, 0xff, 0xff, 0xff, 0xff, 0xff, 0xff, 0xff, 0xff,
  0xff, 0xff, 0xff, 0xff, 0xff, 0xff, 0xff, 0xff, 0xff, 0xff, 0xff, 0xff, 0xff, 0xff, 0xff, 0xff,
  0xff, 0xff, 0xff, 0xff, 0xff, 0xff, 0xff, 0xff, 0xff, 0xff, 0xff, 0xff, 0xff, 0xff, 0xff, 0xff,
  0xff, 0xff, 0xff, 0xff, 0xff, 0xff, 0xff, 0xff, 0xff, 0xff, 0xff, 0xff, 0xff, 0xff, 0xff, 0xff,
  0xff, 0xff, 0xff, 0xff, 0xff, 0xff, 0xff, 0xff, 0xff, 0xff, 0xff, 0xff, 0xff, 0xff, 0xff, 0xff,
  0xff, 0xff, 0xff, 0xff, 0xff, 0xff, 0xff, 0xff, 0xff, 0xff, 0xff, 0xff, 0xff, 0xff, 0xff, 0xff,
  0xff, 0xff, 0xff, 0xff, 0xff, 0xff, 0xff, 0xff, 0xff, 0xff, 0xff, 0xff, 0xff, 0xff, 0xff, 0xff,
  0xff, 0xff, 0xff, 0xff, 0xff, 0xff, 0xff, 0xff, 0xff, 0xff, 0xff, 0xff, 0xff, 0xff, 0xff, 0xff,
  0xff, 0xff, 0xff, 0xff, 0xff, 0xff, 0xff, 0xff, 0xff, 0xff, 0xff, 0xff, 0xff, 0xff, 0xff, 0xff,
  0xff, 0xff, 0xff, 0xff, 0xff, 0xff, 0xff, 0xff, 0xff, 0xff, 0xff, 0xff, 0xf0, 0xf0, 0xf0, 0xfe,
  0xc1, 0xc1, 0xc1, 0xf8, 0xe1, 0xe1, 0xe1, 0xff, 0xc6, 0xc6, 0xc6, 0x8d, 0x00, 0x00, 0x00, 0x00,
  0xd4, 0xd4, 0xd4, 0x06, 0xff, 0xff, 0xff, 0x01, 0x00, 0x00, 0x00, 0x00, 0x00, 0x00, 0x00, 0x00,
  0xff, 0xff, 0xff, 0x01, 0xff, 0xff, 0xff, 0x01, 0xff, 0xff, 0xff, 0x03, 0xcc, 0xcc, 0xcc, 0x05,
  0xcc, 0xcc, 0xcc, 0x0a, 0xcf, 0xcf, 0xcf, 0x10, 0xd4, 0xd4, 0xd4, 0x18, 0xd0, 0xd0, 0xd0, 0x21,
  0xc9, 0xc9, 0xc9, 0x2b, 0xc9, 0xc9, 0xc9, 0x34, 0xcb, 0xcb, 0xcb, 0x3b, 0xcc, 0xcc, 0xcc, 0x42,
  0xce, 0xce, 0xce, 0x49, 0xce, 0xce, 0xce, 0x4f, 0xcb, 0xcb, 0xcb, 0x54, 0xca, 0xca, 0xca, 0x53,
  0xcb, 0xcb, 0xcb, 0x6c, 0xcd, 0xcd, 0xcd, 0x9b, 0xc4, 0xc4, 0xc4, 0xf9, 0xd6, 0xd6, 0xd6, 0xff,
  0xda, 0xda, 0xda, 0xfe, 0xdb, 0xdb, 0xdb, 0xff, 0xdb, 0xdb, 0xdb, 0xff, 0xdb, 0xdb, 0xdb, 0xff,
  0xdb, 0xdb, 0xdb, 0xff, 0xdb, 0xdb, 0xdb, 0xff, 0xdb, 0xdb, 0xdb, 0xff, 0xdb, 0xdb, 0xdb, 0xff,
  0xdb, 0xdb, 0xdb, 0xff, 0xdb, 0xdb, 0xdb, 0xff, 0xdb, 0xdb, 0xdb, 0xff, 0xdb, 0xdb, 0xdb, 0xff,
  0xdb, 0xdb, 0xdb, 0xff, 0xdb, 0xdb, 0xdb, 0xff, 0xdb, 0xdb, 0xdb, 0xff, 0xdb, 0xdb, 0xdb, 0xff,
  0xdb, 0xdb, 0xdb, 0xff, 0xdb, 0xdb, 0xdb, 0xff, 0xdb, 0xdb, 0xdb, 0xff, 0xdb, 0xdb, 0xdb, 0xff,
  0xdb, 0xdb, 0xdb, 0xff, 0xdb, 0xdb, 0xdb, 0xff, 0xdb, 0xdb, 0xdb, 0xff, 0xdb, 0xdb, 0xdb, 0xff,
  0xdb, 0xdb, 0xdb, 0xff, 0xdb, 0xdb, 0xdb, 0xff, 0xdb, 0xdb, 0xdb, 0xff, 0xdb, 0xdb, 0xdb, 0xff,
  0xdb, 0xdb, 0xdb, 0xff, 0xdb, 0xdb, 0xdb, 0xff, 0xdb, 0xdb, 0xdb, 0xff, 0xdb, 0xdb, 0xdb, 0xff,
  0xdb, 0xdb, 0xdb, 0xff, 0xdb, 0xdb, 0xdb, 0xff, 0xdb, 0xdb, 0xdb, 0xff, 0xdb, 0xdb, 0xdb, 0xff,
  0xdb, 0xdb, 0xdb, 0xff, 0xdb, 0xdb, 0xdb, 0xff, 0xdb, 0xdb, 0xdb, 0xff, 0xdb, 0xdb, 0xdb, 0xff,
  0xdb, 0xdb, 0xdb, 0xff, 0xdb, 0xdb, 0xdb, 0xff, 0xdb, 0xdb, 0xdb, 0xff, 0xdb, 0xdb, 0xdb, 0xff,
  0xdb, 0xdb, 0xdb, 0xff, 0xdb, 0xdb, 0xdb, 0xff, 0xdb, 0xdb, 0xdb, 0xff, 0xdb, 0xdb, 0xdb, 0xff,
  0xdb, 0xdb, 0xdb, 0xff, 0xdb, 0xdb, 0xdb, 0xff, 0xdb, 0xdb, 0xdb, 0xff, 0xdb, 0xdb, 0xdb, 0xff,
  0xdb, 0xdb, 0xdb, 0xff, 0xdb, 0xdb, 0xdb, 0xff, 0xdb, 0xdb, 0xdb, 0xff, 0xdb, 0xdb, 0xdb, 0xff,
  0xdb, 0xdb, 0xdb, 0xff, 0xdb, 0xdb, 0xdb, 0xff, 0xdb, 0xdb, 0xdb, 0xff, 0xdb, 0xdb, 0xdb, 0xff,
  0xdb, 0xdb, 0xdb, 0xff, 0xdb, 0xdb, 0xdb, 0xff, 0xdb, 0xdb, 0xdb, 0xff, 0xdb, 0xdb, 0xdb, 0xff,
  0xdb, 0xdb, 0xdb, 0xff, 0xdb, 0xdb, 0xdb, 0xff, 0xdb, 0xdb, 0xdb, 0xff, 0xdb, 0xdb, 0xdb, 0xff,
  0xdb, 0xdb, 0xdb, 0xff, 0xdb, 0xdb, 0xdb, 0xff, 0xdb, 0xdb, 0xdb, 0xff, 0xdb, 0xdb, 0xdb, 0xff,
  0xdb, 0xdb, 0xdb, 0xff, 0xdb, 0xdb, 0xdb, 0xff, 0xdb, 0xdb, 0xdb, 0xff, 0xda, 0xda, 0xda, 0xfe,
  0xd8, 0xd8, 0xd8, 0xff, 0xcc, 0xcc, 0xcc, 0xff, 0xd2, 0xd2, 0xd2, 0x7d, 0xc5, 0xc5, 0xc5, 0x31,
  0xbf, 0xbf, 0xbf, 0x04, 0xbf, 0xbf, 0xbf, 0x04, 0xff, 0xff, 0xff, 0x01, 0x00, 0x00, 0x00, 0x00,
  0x00, 0x00, 0x00, 0x00, 0x00, 0x00, 0x00, 0x00, 0xff, 0xff, 0xff, 0x01, 0xff, 0xff, 0xff, 0x02,
  0xcc, 0xcc, 0xcc, 0x05, 0xdf, 0xdf, 0xdf, 0x08, 0xda, 0xda, 0xda, 0x0e, 0xd0, 0xd0, 0xd0, 0x16,
  0xcd, 0xcd, 0xcd, 0x1f, 0xcc, 0xcc, 0xcc, 0x28, 0xca, 0xca, 0xca, 0x31, 0xc9, 0xc9, 0xc9, 0x39,
  0xcb, 0xcb, 0xcb, 0x40, 0xc9, 0xc9, 0xc9, 0x48, 0xca, 0xca, 0xca, 0x4d, 0xcc, 0xcc, 0xcc, 0x51,
  0xca, 0xca, 0xca, 0x57, 0xcc, 0xcc, 0xcc, 0x56, 0xca, 0xca, 0xca, 0x57, 0xc6, 0xc6, 0xc6, 0xc8,
  0xc8, 0xc8, 0xc8, 0xed, 0xc3, 0xc3, 0xc3, 0xfe, 0xc1, 0xc1, 0xc1, 0xfe, 0xc2, 0xc2, 0xc2, 0xff,
  0xc2, 0xc2, 0xc2, 0xff, 0xc2, 0xc2, 0xc2, 0xff, 0xc2, 0xc2, 0xc2, 0xff, 0xc2, 0xc2, 0xc2, 0xff,
  0xc2, 0xc2, 0xc2, 0xff, 0xc2, 0xc2, 0xc2, 0xff, 0xc2, 0xc2, 0xc2, 0xff, 0xc2, 0xc2, 0xc2, 0xff,
  0xc2, 0xc2, 0xc2, 0xff, 0xc2, 0xc2, 0xc2, 0xff, 0xc2, 0xc2, 0xc2, 0xff, 0xc2, 0xc2, 0xc2, 0xff,
  0xc2, 0xc2, 0xc2, 0xff, 0xc2, 0xc2, 0xc2, 0xff, 0xc2, 0xc2, 0xc2, 0xff, 0xc2, 0xc2, 0xc2, 0xff,
  0xc2, 0xc2, 0xc2, 0xff, 0xc2, 0xc2, 0xc2, 0xff, 0xc2, 0xc2, 0xc2, 0xff, 0xc2, 0xc2, 0xc2, 0xff,
  0xc2, 0xc2, 0xc2, 0xff, 0xc2, 0xc2, 0xc2, 0xff, 0xc2, 0xc2, 0xc2, 0xff, 0xc2, 0xc2, 0xc2, 0xff,
  0xc2, 0xc2, 0xc2, 0xff, 0xc2, 0xc2, 0xc2, 0xff, 0xc2, 0xc2, 0xc2, 0xff, 0xc2, 0xc2, 0xc2, 0xff,
  0xc2, 0xc2, 0xc2, 0xff, 0xc2, 0xc2, 0xc2, 0xff, 0xc2, 0xc2, 0xc2, 0xff, 0xc2, 0xc2, 0xc2, 0xff,
  0xc2, 0xc2, 0xc2, 0xff, 0xc2, 0xc2, 0xc2, 0xff, 0xc2, 0xc2, 0xc2, 0xff, 0xc2, 0xc2, 0xc2, 0xff,
  0xc2, 0xc2, 0xc2, 0xff, 0xc2, 0xc2, 0xc2, 0xff, 0xc2, 0xc2, 0xc2, 0xff, 0xc2, 0xc2, 0xc2, 0xff,
  0xc2, 0xc2, 0xc2, 0xff, 0xc2, 0xc2, 0xc2, 0xff, 0xc2, 0xc2, 0xc2, 0xff, 0xc2, 0xc2, 0xc2, 0xff,
  0xc2, 0xc2, 0xc2, 0xff, 0xc2, 0xc2, 0xc2, 0xff, 0xc2, 0xc2, 0xc2, 0xff, 0xc2, 0xc2, 0xc2, 0xff,
  0xc2, 0xc2, 0xc2, 0xff, 0xc2, 0xc2, 0xc2, 0xff, 0xc2, 0xc2, 0xc2, 0xff, 0xc2, 0xc2, 0xc2, 0xff,
  0xc2, 0xc2, 0xc2, 0xff, 0xc2, 0xc2, 0xc2, 0xff, 0xc2, 0xc2, 0xc2, 0xff, 0xc2, 0xc2, 0xc2, 0xff,
  0xc2, 0xc2, 0xc2, 0xff, 0xc2, 0xc2, 0xc2, 0xff, 0xc2, 0xc2, 0xc2, 0xff, 0xc2, 0xc2, 0xc2, 0xff,
  0xc2, 0xc2, 0xc2, 0xff, 0xc2, 0xc2, 0xc2, 0xff, 0xc2, 0xc2, 0xc2, 0xff, 0xc2, 0xc2, 0xc2, 0xff,
  0xc2, 0xc2, 0xc2, 0xff, 0xc2, 0xc2, 0xc2, 0xff, 0xc2, 0xc2, 0xc2, 0xff, 0xc2, 0xc2, 0xc2, 0xff,
  0xc2, 0xc2, 0xc2, 0xff, 0xc2, 0xc2, 0xc2, 0xff, 0xc2, 0xc2, 0xc2, 0xfe, 0xc1, 0xc1, 0xc1, 0xfe,
  0xc4, 0xc4, 0xc4, 0xfe, 0xc4, 0xc4, 0xc4, 0xef, 0xc7, 0xc7, 0xc7, 0xc5, 0xc6, 0xc6, 0xc6, 0x1b,
  0x00, 0x00, 0x00, 0x00, 0xda, 0xda, 0xda, 0x07, 0xff, 0xff, 0xff, 0x03, 0xff, 0xff, 0xff, 0x01,
  0xff, 0xff, 0xff, 0x01, 0x00, 0x00, 0x00, 0x00, 0x00, 0x00, 0x00, 0x00, 0xff, 0xff, 0xff, 0x01,
  0xff, 0xff, 0xff, 0x02, 0xbf, 0xbf, 0xbf, 0x04, 0xda, 0xda, 0xda, 0x07, 0xc4, 0xc4, 0xc4, 0x0d,
  0xc9, 0xc9, 0xc9, 0x13, 0xc8, 0xc8, 0xc8, 0x1c, 0xcd, 0xcd, 0xcd, 0x24, 0xcc, 0xcc, 0xcc, 0x2d,
  0xce, 0xce, 0xce, 0x35, 0xcc, 0xcc, 0xcc, 0x3c, 0xce, 0xce, 0xce, 0x44, 0xcb, 0xcb, 0xcb, 0x4a,
  0xcb, 0xcb, 0xcb, 0x4f, 0xcb, 0xcb, 0xcb, 0x54, 0xcc, 0xcc, 0xcc, 0x5a, 0xcc, 0xcc, 0xcc, 0x64,
  0xcc, 0xcc, 0xcc, 0x55, 0xc6, 0xc6, 0xc6, 0xb5, 0xd2, 0xd2, 0xd2, 0xff, 0xc7, 0xc7, 0xc7, 0xff,
  0xc9, 0xc9, 0xc9, 0xff, 0xc9, 0xc9, 0xc9, 0xff, 0xc9, 0xc9, 0xc9, 0xff, 0xc9, 0xc9, 0xc9, 0xff,
  0xc9, 0xc9, 0xc9, 0xff, 0xc9, 0xc9, 0xc9, 0xff, 0xc9, 0xc9, 0xc9, 0xff, 0xc9, 0xc9, 0xc9, 0xff,
  0xc9, 0xc9, 0xc9, 0xff, 0xc9, 0xc9, 0xc9, 0xff, 0xc9, 0xc9, 0xc9, 0xff, 0xc9, 0xc9, 0xc9, 0xff,
  0xc9, 0xc9, 0xc9, 0xff, 0xc9, 0xc9, 0xc9, 0xff, 0xc9, 0xc9, 0xc9, 0xff, 0xc9, 0xc9, 0xc9, 0xff,
  0xc9, 0xc9, 0xc9, 0xff, 0xc9, 0xc9, 0xc9, 0xff, 0xc9, 0xc9, 0xc9, 0xff, 0xc9, 0xc9, 0xc9, 0xff,
  0xc9, 0xc9, 0xc9, 0xff, 0xc9, 0xc9, 0xc9, 0xff, 0xc9, 0xc9, 0xc9, 0xff, 0xc9, 0xc9, 0xc9, 0xff,
  0xc9, 0xc9, 0xc9, 0xff, 0xc9, 0xc9, 0xc9, 0xff, 0xc9, 0xc9, 0xc9, 0xff, 0xc9, 0xc9, 0xc9, 0xff,
  0xc9, 0xc9, 0xc9, 0xff, 0xc9, 0xc9, 0xc9, 0xff, 0xc9, 0xc9, 0xc9, 0xff, 0xc9, 0xc9, 0xc9, 0xff,
  0xc9, 0xc9, 0xc9, 0xff, 0xc9, 0xc9, 0xc9, 0xff, 0xc9, 0xc9, 0xc9, 0xff, 0xc9, 0xc9, 0xc9, 0xff,
  0xc9, 0xc9, 0xc9, 0xff, 0xc9, 0xc9, 0xc9, 0xff, 0xc9, 0xc9, 0xc9, 0xff, 0xc9, 0xc9, 0xc9, 0xff,
  0xc9, 0xc9, 0xc9, 0xff, 0xc9, 0xc9, 0xc9, 0xff, 0xc9, 0xc9, 0xc9, 0xff, 0xc9, 0xc9, 0xc9, 0xff,
  0xc9, 0xc9, 0xc9, 0xff, 0xc9, 0xc9, 0xc9, 0xff, 0xc9, 0xc9, 0xc9, 0xff, 0xc9, 0xc9, 0xc9, 0xff,
  0xc9, 0xc9, 0xc9, 0xff, 0xc9, 0xc9, 0xc9, 0xff, 0xc9, 0xc9, 0xc9, 0xff, 0xc9, 0xc9, 0xc9, 0xff,
  0xc9, 0xc9, 0xc9, 0xff, 0xc9, 0xc9, 0xc9, 0xff, 0xc9, 0xc9, 0xc9, 0xff, 0xc9, 0xc9, 0xc9, 0xff,
  0xc9, 0xc9, 0xc9, 0xff, 0xc9, 0xc9, 0xc9, 0xff, 0xc9, 0xc9, 0xc9, 0xff, 0xc9, 0xc9, 0xc9, 0xff,
  0xc9, 0xc9, 0xc9, 0xff, 0xc9, 0xc9, 0xc9, 0xff, 0xc9, 0xc9, 0xc9, 0xff, 0xc9, 0xc9, 0xc9, 0xff,
  0xc9, 0xc9, 0xc9, 0xff, 0xc9, 0xc9, 0xc9, 0xff, 0xc9, 0xc9, 0xc9, 0xff, 0xc9, 0xc9, 0xc9, 0xff,
  0xc9, 0xc9, 0xc9, 0xff, 0xc9, 0xc9, 0xc9, 0xff, 0xc9, 0xc9, 0xc9, 0xff, 0xc9, 0xc9, 0xc9, 0xff,
  0xc7, 0xc7, 0xc7, 0xff, 0xd4, 0xd4, 0xd4, 0xff, 0xc6, 0xc6, 0xc6, 0xbe, 0xff, 0xff, 0xff, 0x06,
  0xd2, 0xd2, 0xd2, 0x17, 0xd7, 0xd7, 0xd7, 0x0d, 0xd4, 0xd4, 0xd4, 0x06, 0xff, 0xff, 0xff, 0x03,
  0xff, 0xff, 0xff, 0x01, 0xff, 0xff, 0xff, 0x01, 0x00, 0x00, 0x00, 0x00, 0x00, 0x00, 0x00, 0x00,
  0xff, 0xff, 0xff, 0x01, 0xff, 0xff, 0xff, 0x01, 0xff, 0xff, 0xff, 0x03, 0xd4, 0xd4, 0xd4, 0x06,
  0xe5, 0xe5, 0xe5, 0x0a, 0xcf, 0xcf, 0xcf, 0x10, 0xd2, 0xd2, 0xd2, 0x17, 0xc7, 0xc7, 0xc7, 0x20,
  0xcc, 0xcc, 0xcc, 0x28, 0xca, 0xca, 0xca, 0x31, 0xcc, 0xcc, 0xcc, 0x38, 0xcb, 0xcb, 0xcb, 0x40,
  0xcc, 0xcc, 0xcc, 0x46, 0xcc, 0xcc, 0xcc, 0x4b, 0xcc, 0xcc, 0xcc, 0x51, 0xcd, 0xcd, 0xcd, 0x57,
  0xcb, 0xcb, 0xcb, 0x5e, 0xcc, 0xcc, 0xcc, 0x64, 0xc9, 0xc9, 0xc9, 0x7b, 0xcc, 0xcc, 0xcc, 0x8e,
  0xc9, 0xc9, 0xc9, 0x93, 0xca, 0xca, 0xca, 0x97, 0xc8, 0xc8, 0xc8, 0x9a, 0xc8, 0xc8, 0xc8, 0x9b,
  0xc9, 0xc9, 0xc9, 0x9c, 0xc9, 0xc9, 0xc9, 0x9d, 0xc9, 0xc9, 0xc9, 0x9d, 0xc9, 0xc9, 0xc9, 0x9d,
  0xc9, 0xc9, 0xc9, 0x9d, 0xc9, 0xc9, 0xc9, 0x9d, 0xc9, 0xc9, 0xc9, 0x9d, 0xc9, 0xc9, 0xc9, 0x9d,
  0xc9, 0xc9, 0xc9, 0x9d, 0xca, 0xca, 0xca, 0x9c, 0xc9, 0xc9, 0xc9, 0x9d, 0xc9, 0xc9, 0xc9, 0x9d,
  0xc9, 0xc9, 0xc9, 0x9d, 0xc9, 0xc9, 0xc9, 0x9d, 0xc9, 0xc9, 0xc9, 0x9d, 0xc9, 0xc9, 0xc9, 0x9d,
  0xc9, 0xc9, 0xc9, 0x9d, 0xc9, 0xc9, 0xc9, 0x9d, 0xc9, 0xc9, 0xc9, 0x9d, 0xc9, 0xc9, 0xc9, 0x9d,
  0xc9, 0xc9, 0xc9, 0x9d, 0xc9, 0xc9, 0xc9, 0x9d, 0xc9, 0xc9, 0xc9, 0x9d, 0xc9, 0xc9, 0xc9, 0x9d,
  0xc9, 0xc9, 0xc9, 0x9d, 0xc9, 0xc9, 0xc9, 0x9d, 0xc9, 0xc9, 0xc9, 0x9d, 0xca, 0xca, 0xca, 0x9c,
  0xc9, 0xc9, 0xc9, 0x9d, 0xca, 0xca, 0xca, 0x9c, 0xca, 0xca, 0xca, 0x9c, 0xca, 0xca, 0xca, 0x9c,
  0xca, 0xca, 0xca, 0x9c, 0xc9, 0xc9, 0xc9, 0x9d, 0xca, 0xca, 0xca, 0x9c, 0xc9, 0xc9, 0xc9, 0x9d,
  0xc9, 0xc9, 0xc9, 0x9d, 0xc9, 0xc9, 0xc9, 0x9d, 0xc9, 0xc9, 0xc9, 0x9d, 0xc9, 0xc9, 0xc9, 0x9d,
  0xc9, 0xc9, 0xc9, 0x9d, 0xc9, 0xc9, 0xc9, 0x9d, 0xc9, 0xc9, 0xc9, 0x9d, 0xca, 0xca, 0xca, 0x9c,
  0xc9, 0xc9, 0xc9, 0x9d, 0xc9, 0xc9, 0xc9, 0x9d, 0xc9, 0xc9, 0xc9, 0x9d, 0xca, 0xca, 0xca, 0x9c,
  0xc9, 0xc9, 0xc9, 0x9d, 0xc9, 0xc9, 0xc9, 0x9d, 0xc9, 0xc9, 0xc9, 0x9d, 0xc9, 0xc9, 0xc9, 0x9d,
  0xc9, 0xc9, 0xc9, 0x9d, 0xc9, 0xc9, 0xc9, 0x9d, 0xc9, 0xc9, 0xc9, 0x9d, 0xc9, 0xc9, 0xc9, 0x9d,
  0xc9, 0xc9, 0xc9, 0x9d, 0xc9, 0xc9, 0xc9, 0x9d, 0xc9, 0xc9, 0xc9, 0x9d, 0xc9, 0xc9, 0xc9, 0x9d,
  0xc9, 0xc9, 0xc9, 0x9c, 0xc9, 0xc9, 0xc9, 0x9c, 0xc8, 0xc8, 0xc8, 0x9b, 0xc9, 0xc9, 0xc9, 0x98,
  0xc9, 0xc9, 0xc9, 0x95, 0xc8, 0xc8, 0xc8, 0x92, 0xca, 0xca, 0xca, 0x8c, 0xc9, 0xc9, 0xc9, 0x85,
  0xc9, 0xc9, 0xc9, 0x7b, 0xc9, 0xc9, 0xc9, 0x6d, 0xcc, 0xcc, 0xcc, 0x60, 0xcc, 0xcc, 0xcc, 0x47,
  0xcc, 0xcc, 0xcc, 0x1e, 0xd6, 0xd6, 0xd6, 0x13, 0xd0, 0xd0, 0xd0, 0x0b, 0xd4, 0xd4, 0xd4, 0x06,
  0xff, 0xff, 0xff, 0x03, 0xff, 0xff, 0xff, 0x01, 0xff, 0xff, 0xff, 0x01, 0x00, 0x00, 0x00, 0x00,
  0x00, 0x00, 0x00, 0x00, 0x00, 0x00, 0x00, 0x00, 0xff, 0xff, 0xff, 0x01, 0xff, 0xff, 0xff, 0x02,
  0xff, 0xff, 0xff, 0x04, 0xbf, 0xbf, 0xbf, 0x08, 0xd7, 0xd7, 0xd7, 0x0d, 0xd6, 0xd6, 0xd6, 0x13,
  0xcf, 0xcf, 0xcf, 0x1b, 0xd2, 0xd2, 0xd2, 0x22, 0xcf, 0xcf, 0xcf, 0x2b, 0xcc, 0xcc, 0xcc, 0x32,
  0xca, 0xca, 0xca, 0x3a, 0xcb, 0xcb, 0xcb, 0x40, 0xce, 0xce, 0xce, 0x45, 0xcc, 0xcc, 0xcc, 0x4c,
  0xca, 0xca, 0xca, 0x53, 0xcc, 0xcc, 0xcc, 0x5a, 0xcb, 0xcb, 0xcb, 0x63, 0xc9, 0xc9, 0xc9, 0x68,
  0xc9, 0xc9, 0xc9, 0x6d, 0xcc, 0xcc, 0xcc, 0x74, 0xcc, 0xcc, 0xcc, 0x79, 0xcb, 0xcb, 0xcb, 0x7c,
  0xca, 0xca, 0xca, 0x7e, 0xcb, 0xcb, 0xcb, 0x80, 0xcd, 0xcd, 0xcd, 0x80, 0xcb, 0xcb, 0xcb, 0x81,
  0xcb, 0xcb, 0xcb, 0x81, 0xcb, 0xcb, 0xcb, 0x81, 0xca, 0xca, 0xca, 0x82, 0xca, 0xca, 0xca, 0x82,
  0xca, 0xca, 0xca, 0x82, 0xca, 0xca, 0xca, 0x82, 0xcb, 0xcb, 0xcb, 0x81, 0xca, 0xca, 0xca, 0x82,
  0xcb, 0xcb, 0xcb, 0x81, 0xcb, 0xcb, 0xcb, 0x81, 0xca, 0xca, 0xca, 0x82, 0xca, 0xca, 0xca, 0x82,
  0xca, 0xca, 0xca, 0x82, 0xca, 0xca, 0xca, 0x82, 0xca, 0xca, 0xca, 0x82, 0xca, 0xca, 0xca, 0x82,
  0xca, 0xca, 0xca, 0x82, 0xca, 0xca, 0xca, 0x82, 0xca, 0xca, 0xca, 0x82, 0xca, 0xca, 0xca, 0x82,
  0xca, 0xca, 0xca, 0x82, 0xcb, 0xcb, 0xcb, 0x81, 0xca, 0xca, 0xca, 0x82, 0xca, 0xca, 0xca, 0x82,
  0xcb, 0xcb, 0xcb, 0x81, 0xcb, 0xcb, 0xcb, 0x81, 0xcb, 0xcb, 0xcb, 0x81, 0xcb, 0xcb, 0xcb, 0x81,
  0xcb, 0xcb, 0xcb, 0x81, 0xcb, 0xcb, 0xcb, 0x81, 0xcb, 0xcb, 0xcb, 0x81, 0xcb, 0xcb, 0xcb, 0x81,
  0xcb, 0xcb, 0xcb, 0x81, 0xcb, 0xcb, 0xcb, 0x81, 0xcb, 0xcb, 0xcb, 0x81, 0xcb, 0xcb, 0xcb, 0x81,
  0xcb, 0xcb, 0xcb, 0x81, 0xcb, 0xcb, 0xcb, 0x81, 0xcb, 0xcb, 0xcb, 0x81, 0xcb, 0xcb, 0xcb, 0x81,
  0xcb, 0xcb, 0xcb, 0x81, 0xcb, 0xcb, 0xcb, 0x81, 0xcb, 0xcb, 0xcb, 0x81, 0xcb, 0xcb, 0xcb, 0x81,
  0xcb, 0xcb, 0xcb, 0x81, 0xcb, 0xcb, 0xcb, 0x81, 0xcb, 0xcb, 0xcb, 0x81, 0xcb, 0xcb, 0xcb, 0x81,
  0xcb, 0xcb, 0xcb, 0x81, 0xcb, 0xcb, 0xcb, 0x81, 0xcb, 0xcb, 0xcb, 0x81, 0xcb, 0xcb, 0xcb, 0x81,
  0xcb, 0xcb, 0xcb, 0x81, 0xcb, 0xcb, 0xcb, 0x81, 0xcb, 0xcb, 0xcb, 0x81, 0xcb, 0xcb, 0xcb, 0x81,
  0xcd, 0xcd, 0xcd, 0x80, 0xcb, 0xcb, 0xcb, 0x80, 0xca, 0xca, 0xca, 0x7f, 0xc9, 0xc9, 0xc9, 0x7d,
  0xca, 0xca, 0xca, 0x7a, 0xcb, 0xcb, 0xcb, 0x77, 0xcb, 0xcb, 0xcb, 0x72, 0xca, 0xca, 0xca, 0x6b,
  0xcd, 0xcd, 0xcd, 0x61, 0xcb, 0xcb, 0xcb, 0x54, 0xca, 0xca, 0xca, 0x44, 0xcc, 0xcc, 0xcc, 0x32,
  0xce, 0xce, 0xce, 0x25, 0xcc, 0xcc, 0xcc, 0x1e, 0xc9, 0xc9, 0xc9, 0x13, 0xd0, 0xd0, 0xd0, 0x0b,
  0xd4, 0xd4, 0xd4, 0x06, 0xff, 0xff, 0xff, 0x03, 0xff, 0xff, 0xff, 0x01, 0x00, 0x00, 0x00, 0x00,
  0x00, 0x00, 0x00, 0x00, 0x00, 0x00, 0x00, 0x00, 0x00, 0x00, 0x00, 0x00, 0xff, 0xff, 0xff, 0x01,
  0xff, 0xff, 0xff, 0x01, 0xff, 0xff, 0xff, 0x03, 0xd4, 0xd4, 0xd4, 0x06, 0xe5, 0xe5, 0xe5, 0x0a,
  0xcc, 0xcc, 0xcc, 0x0f, 0xd0, 0xd0, 0xd0, 0x16, 0xca, 0xca, 0xca, 0x1d, 0xcd, 0xcd, 0xcd, 0x24,
  0xc9, 0xc9, 0xc9, 0x2b, 0xd1, 0xd1, 0xd1, 0x32, 0xc9, 0xc9, 0xc9, 0x39, 0xca, 0xca, 0xca, 0x3f,
  0xcb, 0xcb, 0xcb, 0x45, 0xcc, 0xcc, 0xcc, 0x4c, 0xcb, 0xcb, 0xcb, 0x54, 0xcd, 0xcd, 0xcd, 0x5c,
  0xca, 0xca, 0xca, 0x66, 0xca, 0xca, 0xca, 0x6f, 0xcb, 0xcb, 0xcb, 0x76, 0xcb, 0xcb, 0xcb, 0x7b,
  0xca, 0xca, 0xca, 0x7f, 0xcb, 0xcb, 0xcb, 0x81, 0xca, 0xca, 0xca, 0x83, 0xca, 0xca, 0xca, 0x84,
  0xcb, 0xcb, 0xcb, 0x85, 0xc9, 0xc9, 0xc9, 0x86, 0xcb, 0xcb, 0xcb, 0x86, 0xcb, 0xcb, 0xcb, 0x86,
  0xca, 0xca, 0xca, 0x87, 0xca, 0xca, 0xca, 0x87, 0xca, 0xca, 0xca, 0x87, 0xca, 0xca, 0xca, 0x87,
  0xcc, 0xcc, 0xcc, 0x87, 0xcc, 0xcc, 0xcc, 0x87, 0xcc, 0xcc, 0xcc, 0x87, 0xca, 0xca, 0xca, 0x87,
  0xcc, 0xcc, 0xcc, 0x87, 0xcc, 0xcc, 0xcc, 0x87, 0xcc, 0xcc, 0xcc, 0x87, 0xcc, 0xcc, 0xcc, 0x87,
  0xcc, 0xcc, 0xcc, 0x87, 0xcc, 0xcc, 0xcc, 0x87, 0xcc, 0xcc, 0xcc, 0x87, 0xcc, 0xcc, 0xcc, 0x87,
  0xcc, 0xcc, 0xcc, 0x87, 0xcc, 0xcc, 0xcc, 0x87, 0xcc, 0xcc, 0xcc, 0x87, 0xca, 0xca, 0xca, 0x87,
  0xcb, 0xcb, 0xcb, 0x86, 0xca, 0xca, 0xca, 0x87, 0xcc, 0xcc, 0xcc, 0x87, 0xcc, 0xcc, 0xcc, 0x87,
  0xcc, 0xcc, 0xcc, 0x87, 0xcb, 0xcb, 0xcb, 0x86, 0xca, 0xca, 0xca, 0x87, 0xcc, 0xcc, 0xcc, 0x87,
  0xca, 0xca, 0xca, 0x87, 0xca, 0xca, 0xca, 0x87, 0xca, 0xca, 0xca, 0x87, 0xcb, 0xcb, 0xcb, 0x86,
  0xcb, 0xcb, 0xcb, 0x86, 0xcb, 0xcb, 0xcb, 0x86, 0xcb, 0xcb, 0xcb, 0x86, 0xcb, 0xcb, 0xcb, 0x86,
  0xc9, 0xc9, 0xc9, 0x86, 0xcb, 0xcb, 0xcb, 0x86, 0xcb, 0xcb, 0xcb, 0x86, 0xcb, 0xcb, 0xcb, 0x86,
  0xc9, 0xc9, 0xc9, 0x86, 0xcb, 0xcb, 0xcb, 0x86, 0xcb, 0xcb, 0xcb, 0x86, 0xcb, 0xcb, 0xcb, 0x86,
  0xc9, 0xc9, 0xc9, 0x86, 0xcb, 0xcb, 0xcb, 0x86, 0xcb, 0xcb, 0xcb, 0x86, 0xcb, 0xcb, 0xcb, 0x86,
  0xc9, 0xc9, 0xc9, 0x86, 0xc9, 0xc9, 0xc9, 0x86, 0xcb, 0xcb, 0xcb, 0x86, 0xcb, 0xcb, 0xcb, 0x85,
  0xc9, 0xc9, 0xc9, 0x85, 0xca, 0xca, 0xca, 0x84, 0xca, 0xca, 0xca, 0x83, 0xca, 0xca, 0xca, 0x82,
  0xcb, 0xcb, 0xcb, 0x80, 0xcc, 0xcc, 0xcc, 0x7d, 0xca, 0xca, 0xca, 0x7a, 0xca, 0xca, 0xca, 0x75,
  0xc9, 0xc9, 0xc9, 0x6e, 0xc9, 0xc9, 0xc9, 0x65, 0xca, 0xca, 0xca, 0x58, 0xca, 0xca, 0xca, 0x49,
  0xcd, 0xcd, 0xcd, 0x39, 0xc8, 0xc8, 0xc8, 0x2a, 0xcf, 0xcf, 0xcf, 0x1b, 0xd2, 0xd2, 0xd2, 0x11,
  0xcc, 0xcc, 0xcc, 0x0a, 0xff, 0xff, 0xff, 0x05, 0xff, 0xff, 0xff, 0x03, 0xff, 0xff, 0xff, 0x01,
  0x00, 0x00, 0x00, 0x00, 0x00, 0x00, 0x00, 0x00, 0x00, 0x00, 0x00, 0x00, 0x00, 0x00, 0x00, 0x00,
  0xff, 0xff, 0xff, 0x01, 0xff, 0xff, 0xff, 0x01, 0xff, 0xff, 0xff, 0x02, 0xff, 0xff, 0xff, 0x04,
  0xda, 0xda, 0xda, 0x07, 0xe7, 0xe7, 0xe7, 0x0b, 0xcf, 0xcf, 0xcf, 0x10, 0xd0, 0xd0, 0xd0, 0x16,
  0xca, 0xca, 0xca, 0x1d, 0xca, 0xca, 0xca, 0x22, 0xce, 0xce, 0xce, 0x2a, 0xcf, 0xcf, 0xcf, 0x30,
  0xcb, 0xcb, 0xcb, 0x36, 0xcc, 0xcc, 0xcc, 0x3c, 0xc9, 0xc9, 0xc9, 0x43, 0xcb, 0xcb, 0xcb, 0x4a,
  0xca, 0xca, 0xca, 0x53, 0xcc, 0xcc, 0xcc, 0x5b, 0xcc, 0xcc, 0xcc, 0x64, 0xcb, 0xcb, 0xcb, 0x6c,
  0xcb, 0xcb, 0xcb, 0x72, 0xcb, 0xcb, 0xcb, 0x76, 0xca, 0xca, 0xca, 0x79, 0xcb, 0xcb, 0xcb, 0x7b,
  0xc9, 0xc9, 0xc9, 0x7d, 0xca, 0xca, 0xca, 0x7e, 0xca, 0xca, 0xca, 0x7f, 0xca, 0xca, 0xca, 0x7f,
  0xcb, 0xcb, 0xcb, 0x80, 0xcb, 0xcb, 0xcb, 0x80, 0xcb, 0xcb, 0xcb, 0x81, 0xcb, 0xcb, 0xcb, 0x81,
  0xca, 0xca, 0xca, 0x82, 0xca, 0xca, 0xca, 0x82, 0xca, 0xca, 0xca, 0x82, 0xca, 0xca, 0xca, 0x82,
  0xca, 0xca, 0xca, 0x82, 0xca, 0xca, 0xca, 0x82, 0xcc, 0xcc, 0xcc, 0x82, 0xcc, 0xcc, 0xcc, 0x82,
  0xca, 0xca, 0xca, 0x82, 0xcc, 0xcc, 0xcc, 0x82, 0xca, 0xca, 0xca, 0x83, 0xcc, 0xcc, 0xcc, 0x82,
  0xca, 0xca, 0xca, 0x82, 0xca, 0xca, 0xca, 0x82, 0xca, 0xca, 0xca, 0x83, 0xcc, 0xcc, 0xcc, 0x82,
  0xcc, 0xcc, 0xcc, 0x82, 0xcc, 0xcc, 0xcc, 0x82, 0xcc, 0xcc, 0xcc, 0x82, 0xca, 0xca, 0xca, 0x83,
  0xca, 0xca, 0xca, 0x83, 0xca, 0xca, 0xca, 0x83, 0xca, 0xca, 0xca, 0x83, 0xca, 0xca, 0xca, 0x82,
  0xca, 0xca, 0xca, 0x83, 0xca, 0xca, 0xca, 0x83, 0xca, 0xca, 0xca, 0x82, 0xca, 0xca, 0xca, 0x82,
  0xca, 0xca, 0xca, 0x82, 0xca, 0xca, 0xca, 0x82, 0xca, 0xca, 0xca, 0x82, 0xca, 0xca, 0xca, 0x82,
  0xca, 0xca, 0xca, 0x82, 0xca, 0xca, 0xca, 0x82, 0xca, 0xca, 0xca, 0x82, 0xca, 0xca, 0xca, 0x82,
  0xca, 0xca, 0xca, 0x82, 0xca, 0xca, 0xca, 0x82, 0xca, 0xca, 0xca, 0x82, 0xca, 0xca, 0xca, 0x82,
  0xca, 0xca, 0xca, 0x82, 0xca, 0xca, 0xca, 0x82, 0xca, 0xca, 0xca, 0x82, 0xcb, 0xcb, 0xcb, 0x81,
  0xca, 0xca, 0xca, 0x82, 0xca, 0xca, 0xca, 0x82, 0xc9, 0xc9, 0xc9, 0x81, 0xc9, 0xc9, 0xc9, 0x81,
  0xcb, 0xcb, 0xcb, 0x80, 0xcb, 0xcb, 0xcb, 0x80, 0xca, 0xca, 0xca, 0x7f, 0xcc, 0xcc, 0xcc, 0x7d,
  0xcb, 0xcb, 0xcb, 0x7c, 0xca, 0xca, 0xca, 0x7a, 0xcb, 0xcb, 0xcb, 0x76, 0xc9, 0xc9, 0xc9, 0x72,
  0xc9, 0xc9, 0xc9, 0x6d, 0xca, 0xca, 0xca, 0x66, 0xc9, 0xc9, 0xc9, 0x5b, 0xcb, 0xcb, 0xcb, 0x4f,
  0xcb, 0xcb, 0xcb, 0x40, 0xca, 0xca, 0xca, 0x31, 0xc6, 0xc6, 0xc6, 0x24, 0xc9, 0xc9, 0xc9, 0x18,
  0xcc, 0xcc, 0xcc, 0x0f, 0xc6, 0xc6, 0xc6, 0x09, 0xcc, 0xcc, 0xcc, 0x05, 0xff, 0xff, 0xff, 0x02,
  0xff, 0xff, 0xff, 0x01, 0x00, 0x00, 0x00, 0x00, 0x00, 0x00, 0x00, 0x00, 0x00, 0x00, 0x00, 0x00,
  0x00, 0x00, 0x00, 0x00, 0x00, 0x00, 0x00, 0x00, 0xff, 0xff, 0xff, 0x01, 0xff, 0xff, 0xff, 0x01,
  0xff, 0xff, 0xff, 0x03, 0xcc, 0xcc, 0xcc, 0x05, 0xdf, 0xdf, 0xdf, 0x08, 0xd4, 0xd4, 0xd4, 0x0c,
  0xcf, 0xcf, 0xcf, 0x10, 0xce, 0xce, 0xce, 0x15, 0xcd, 0xcd, 0xcd, 0x1a, 0xcf, 0xcf, 0xcf, 0x20,
  0xd0, 0xd0, 0xd0, 0x26, 0xcf, 0xcf, 0xcf, 0x2b, 0xca, 0xca, 0xca, 0x31, 0xcc, 0xcc, 0xcc, 0x37,
  0xcd, 0xcd, 0xcd, 0x3e, 0xcc, 0xcc, 0xcc, 0x46, 0xca, 0xca, 0xca, 0x4e, 0xca, 0xca, 0xca, 0x57,
  0xcb, 0xcb, 0xcb, 0x5e, 0xc9, 0xc9, 0xc9, 0x65, 0xca, 0xca, 0xca, 0x6a, 0xcc, 0xcc, 0xcc, 0x6e,
  0xca, 0xca, 0xca, 0x70, 0xc9, 0xc9, 0xc9, 0x73, 0xca, 0xca, 0xca, 0x74, 0xcc, 0xcc, 0xcc, 0x75,
  0xc9, 0xc9, 0xc9, 0x77, 0xcb, 0xcb, 0xcb, 0x77, 0xcc, 0xcc, 0xcc, 0x78, 0xca, 0xca, 0xca, 0x79,
  0xca, 0xca, 0xca, 0x79, 0xcc, 0xcc, 0xcc, 0x79, 0xca, 0xca, 0xca, 0x7a, 0xcc, 0xcc, 0xcc, 0x7a,
  0xcb, 0xcb, 0xcb, 0x7b, 0xcb, 0xcb, 0xcb, 0x7b, 0xcb, 0xcb, 0xcb, 0x7b, 0xcb, 0xcb, 0xcb, 0x7b,
  0xcb, 0xcb, 0xcb, 0x7b, 0xcb, 0xcb, 0xcb, 0x7b, 0xcb, 0xcb, 0xcb, 0x7b, 0xcb, 0xcb, 0xcb, 0x7b,
  0xcb, 0xcb, 0xcb, 0x7b, 0xc9, 0xc9, 0xc9, 0x7c, 0xcb, 0xcb, 0xcb, 0x7c, 0xc9, 0xc9, 0xc9, 0x7c,
  0xc9, 0xc9, 0xc9, 0x7d, 0xcb, 0xcb, 0xcb, 0x7c, 0xcb, 0xcb, 0xcb, 0x7c, 0xcb, 0xcb, 0xcb, 0x7c,
  0xc9, 0xc9, 0xc9, 0x7d, 0xc9, 0xc9, 0xc9, 0x7d, 0xc9, 0xc9, 0xc9, 0x7d, 0xc9, 0xc9, 0xc9, 0x7d,
  0xcb, 0xcb, 0xcb, 0x7c, 0xcb, 0xcb, 0xcb, 0x7c, 0xcb, 0xcb, 0xcb, 0x7c, 0xcb, 0xcb, 0xcb, 0x7c,
  0xcb, 0xcb, 0xcb, 0x7c, 0xc9, 0xc9, 0xc9, 0x7c, 0xc9, 0xc9, 0xc9, 0x7c, 0xc9, 0xc9, 0xc9, 0x7c,
  0xcb, 0xcb, 0xcb, 0x7b, 0xcb, 0xcb, 0xcb, 0x7c, 0xc9, 0xc9, 0xc9, 0x7c, 0xcb, 0xcb, 0xcb, 0x7b,
  0xcb, 0xcb, 0xcb, 0x7b, 0xcb, 0xcb, 0xcb, 0x7b, 0xcb, 0xcb, 0xcb, 0x7b, 0xcb, 0xcb, 0xcb, 0x7c,
  0xc9, 0xc9, 0xc9, 0x7c, 0xcb, 0xcb, 0xcb, 0x7b, 0xcb, 0xcb, 0xcb, 0x7b, 0xc9, 0xc9, 0xc9, 0x7c,
  0xcb, 0xcb, 0xcb, 0x7b, 0xcb, 0xcb, 0xcb, 0x7b, 0xcb, 0xcb, 0xcb, 0x7b, 0xca, 0xca, 0xca, 0x7a,
  0xca, 0xca, 0xca, 0x7a, 0xcc, 0xcc, 0xcc, 0x79, 0xcc, 0xcc, 0xcc, 0x78, 0xcb, 0xcb, 0xcb, 0x77,
  0xcb, 0xcb, 0xcb, 0x76, 0xcc, 0xcc, 0xcc, 0x73, 0xcb, 0xcb, 0xcb, 0x71, 0xcb, 0xcb, 0xcb, 0x6d,
  0xcb, 0xcb, 0xcb, 0x68, 0xcb, 0xcb, 0xcb, 0x63, 0xcc, 0xcc, 0xcc, 0x5a, 0xcc, 0xcc, 0xcc, 0x50,
  0xca, 0xca, 0xca, 0x44, 0xcc, 0xcc, 0xcc, 0x37, 0xcd, 0xcd, 0xcd, 0x29, 0xd3, 0xd3, 0xd3, 0x1d,
  0xcc, 0xcc, 0xcc, 0x14, 0xd4, 0xd4, 0xd4, 0x0c, 0xda, 0xda, 0xda, 0x07, 0xff, 0xff, 0xff, 0x04,
  0xff, 0xff, 0xff, 0x02, 0xff, 0xff, 0xff, 0x01, 0x00, 0x00, 0x00, 0x00, 0x00, 0x00, 0x00, 0x00,
  0x00, 0x00, 0x00, 0x00, 0x00, 0x00, 0x00, 0x00, 0x00, 0x00, 0x00, 0x00, 0x00, 0x00, 0x00, 0x00,
  0xff, 0xff, 0xff, 0x01, 0xff, 0xff, 0xff, 0x02, 0xff, 0xff, 0xff, 0x03, 0xcc, 0xcc, 0xcc, 0x05,
  0xdf, 0xdf, 0xdf, 0x08, 0xd0, 0xd0, 0xd0, 0x0b, 0xda, 0xda, 0xda, 0x0e, 0xd6, 0xd6, 0xd6, 0x13,
  0xc9, 0xc9, 0xc9, 0x18, 0xd1, 0xd1, 0xd1, 0x1c, 0xc8, 0xc8, 0xc8, 0x21, 0xce, 0xce, 0xce, 0x25,
  0xce, 0xce, 0xce, 0x2a, 0xca, 0xca, 0xca, 0x31, 0xcc, 0xcc, 0xcc, 0x37, 0xca, 0xca, 0xca, 0x3f,
  0xc9, 0xc9, 0xc9, 0x47, 0xca, 0xca, 0xca, 0x4e, 0xcb, 0xcb, 0xcb, 0x54, 0xcb, 0xcb, 0xcb, 0x59,
  0xca, 0xca, 0xca, 0x5d, 0xca, 0xca, 0xca, 0x61, 0xcb, 0xcb, 0xcb, 0x63, 0xcc, 0xcc, 0xcc, 0x65,
  0xcd, 0xcd, 0xcd, 0x67, 0xcb, 0xcb, 0xcb, 0x68, 0xca, 0xca, 0xca, 0x6a, 0xcc, 0xcc, 0xcc, 0x6b,
  0xcc, 0xcc, 0xcc, 0x6b, 0xcb, 0xcb, 0xcb, 0x6c, 0xcb, 0xcb, 0xcb, 0x6d, 0xc9, 0xc9, 0xc9, 0x6e,
  0xcc, 0xcc, 0xcc, 0x6e, 0xc9, 0xc9, 0xc9, 0x6e, 0xcc, 0xcc, 0xcc, 0x6e, 0xcc, 0xcc, 0xcc, 0x6e,
  0xcc, 0xcc, 0xcc, 0x6e, 0xcc, 0xcc, 0xcc, 0x6f, 0xcc, 0xcc, 0xcc, 0x6f, 0xcc, 0xcc, 0xcc, 0x6f,
  0xca, 0xca, 0xca, 0x70, 0xca, 0xca, 0xca, 0x70, 0xcc, 0xcc, 0xcc, 0x6f, 0xca, 0xca, 0xca, 0x70,
  0xcb, 0xcb, 0xcb, 0x71, 0xcb, 0xcb, 0xcb, 0x71, 0xcb, 0xcb, 0xcb, 0x72, 0xcb, 0xcb, 0xcb, 0x72,
  0xcb, 0xcb, 0xcb, 0x72, 0xcb, 0xcb, 0xcb, 0x72, 0xc9, 0xc9, 0xc9, 0x73, 0xc9, 0xc9, 0xc9, 0x73,
  0xc9, 0xc9, 0xc9, 0x73, 0xcb, 0xcb, 0xcb, 0x72, 0xcb, 0xcb, 0xcb, 0x72, 0xcb, 0xcb, 0xcb, 0x72,
  0xcb, 0xcb, 0xcb, 0x72, 0xcb, 0xcb, 0xcb, 0x72, 0xcb, 0xcb, 0xcb, 0x72, 0xcb, 0xcb, 0xcb, 0x72,
  0xcb, 0xcb, 0xcb, 0x71, 0xcb, 0xcb, 0xcb, 0x72, 0xcb, 0xcb, 0xcb, 0x72, 0xcb, 0xcb, 0xcb, 0x72,
  0xcb, 0xcb, 0xcb, 0x72, 0xcb, 0xcb, 0xcb, 0x72, 0xcb, 0xcb, 0xcb, 0x72, 0xcb, 0xcb, 0xcb, 0x72,
  0xcb, 0xcb, 0xcb, 0x72, 0xcb, 0xcb, 0xcb, 0x72, 0xcb, 0xcb, 0xcb, 0x72, 0xc9, 0xc9, 0xc9, 0x72,
  0xcb, 0xcb, 0xcb, 0x72, 0xcb, 0xcb, 0xcb, 0x71, 0xcb, 0xcb, 0xcb, 0x71, 0xca, 0xca, 0xca, 0x70,
  0xca, 0xca, 0xca, 0x70, 0xca, 0xca, 0xca, 0x70, 0xca, 0xca, 0xca, 0x6f, 0xcb, 0xcb, 0xcb, 0x6d,
  0xcb, 0xcb, 0xcb, 0x6c, 0xca, 0xca, 0xca, 0x6a, 0xcb, 0xcb, 0xcb, 0x68, 0xc9, 0xc9, 0xc9, 0x65,
  0xcc, 0xcc, 0xcc, 0x60, 0xcc, 0xcc, 0xcc, 0x5b, 0xce, 0xce, 0xce, 0x54, 0xcc, 0xcc, 0xcc, 0x4c,
  0xcc, 0xcc, 0xcc, 0x42, 0xcc, 0xcc, 0xcc, 0x37, 0xca, 0xca, 0xca, 0x2c, 0xcf, 0xcf, 0xcf, 0x20,
  0xd2, 0xd2, 0xd2, 0x17, 0xdd, 0xdd, 0xdd, 0x0f, 0xe2, 0xe2, 0xe2, 0x09, 0xff, 0xff, 0xff, 0x05,
  0xff, 0xff, 0xff, 0x03, 0xff, 0xff, 0xff, 0x01, 0x00, 0x00, 0x00, 0x00, 0x00, 0x00, 0x00, 0x00,
  0x00, 0x00, 0x00, 0x00, 0x00, 0x00, 0x00, 0x00, 0x00, 0x00, 0x00, 0x00, 0x00, 0x00, 0x00, 0x00,
  0x00, 0x00, 0x00, 0x00, 0xff, 0xff, 0xff, 0x01, 0xff, 0xff, 0xff, 0x01, 0xff, 0xff, 0xff, 0x02,
  0xff, 0xff, 0xff, 0x03, 0xcc, 0xcc, 0xcc, 0x05, 0xda, 0xda, 0xda, 0x07, 0xcc, 0xcc, 0xcc, 0x0a,
  0xd4, 0xd4, 0xd4, 0x0c, 0xdd, 0xdd, 0xdd, 0x0f, 0xc9, 0xc9, 0xc9, 0x13, 0xdc, 0xdc, 0xdc, 0x16,
  0xc6, 0xc6, 0xc6, 0x1b, 0xd4, 0xd4, 0xd4, 0x1e, 0xcc, 0xcc, 0xcc, 0x23, 0xcd, 0xcd, 0xcd, 0x29,
  0xc8, 0xc8, 0xc8, 0x2f, 0xca, 0xca, 0xca, 0x35, 0xc7, 0xc7, 0xc7, 0x3c, 0xcc, 0xcc, 0xcc, 0x41,
  0xcb, 0xcb, 0xcb, 0x45, 0xcb, 0xcb, 0xcb, 0x4a, 0xcd, 0xcd, 0xcd, 0x4d, 0xcc, 0xcc, 0xcc, 0x50,
  0xcd, 0xcd, 0xcd, 0x52, 0xcb, 0xcb, 0xcb, 0x54, 0xcc, 0xcc, 0xcc, 0x56, 0xca, 0xca, 0xca, 0x58,
  0xce, 0xce, 0xce, 0x59, 0xcc, 0xcc, 0xcc, 0x5a, 0xcc, 0xcc, 0xcc, 0x5b, 0xca, 0xca, 0xca, 0x5c,
  0xca, 0xca, 0xca, 0x5d, 0xcd, 0xcd, 0xcd, 0x5d, 0xca, 0xca, 0xca, 0x5d, 0xcb, 0xcb, 0xcb, 0x5e,
  0xcb, 0xcb, 0xcb, 0x5e, 0xcb, 0xcb, 0xcb, 0x5e, 0xcb, 0xcb, 0xcb, 0x5e, 0xce, 0xce, 0xce, 0x5e,
  0xcb, 0xcb, 0xcb, 0x5e, 0xce, 0xce, 0xce, 0x5e, 0xcc, 0xcc, 0xcc, 0x5f, 0xc9, 0xc9, 0xc9, 0x60,
  0xc9, 0xc9, 0xc9, 0x60, 0xca, 0xca, 0xca, 0x61, 0xca, 0xca, 0xca, 0x61, 0xca, 0xca, 0xca, 0x61,
  0xca, 0xca, 0xca, 0x62, 0xcb, 0xcb, 0xcb, 0x63, 0xcb, 0xcb, 0xcb, 0x63, 0xcb, 0xcb, 0xcb, 0x63,
  0xcb, 0xcb, 0xcb, 0x63, 0xcc, 0xcc, 0xcc, 0x64, 0xcc, 0xcc, 0xcc, 0x64, 0xcc, 0xcc, 0xcc, 0x64,
  0xcc, 0xcc, 0xcc, 0x64, 0xcc, 0xcc, 0xcc, 0x64, 0xcb, 0xcb, 0xcb, 0x63, 0xcc, 0xcc, 0xcc, 0x64,
  0xcc, 0xcc, 0xcc, 0x64, 0xcb, 0xcb, 0xcb, 0x63, 0xcb, 0xcb, 0xcb, 0x63, 0xcc, 0xcc, 0xcc, 0x64,
  0xcc, 0xcc, 0xcc, 0x64, 0xcc, 0xcc, 0xcc, 0x64, 0xce, 0xce, 0xce, 0x63, 0xcc, 0xcc, 0xcc, 0x64,
  0xcc, 0xcc, 0xcc, 0x64, 0xcc, 0xcc, 0xcc, 0x64, 0xcc, 0xcc, 0xcc, 0x64, 0xcc, 0xcc, 0xcc, 0x64,
  0xcc, 0xcc, 0xcc, 0x64, 0xcc, 0xcc, 0xcc, 0x64, 0xce, 0xce, 0xce, 0x63, 0xcb, 0xcb, 0xcb, 0x63,
  0xca, 0xca, 0xca, 0x62, 0xca, 0xca, 0xca, 0x62, 0xca, 0xca, 0xca, 0x61, 0xcc, 0xcc, 0xcc, 0x60,
  0xcc, 0xcc, 0xcc, 0x5f, 0xca, 0xca, 0xca, 0x5d, 0xc9, 0xc9, 0xc9, 0x5b, 0xca, 0xca, 0xca, 0x58,
  0xcc, 0xcc, 0xcc, 0x55, 0xcc, 0xcc, 0xcc, 0x50, 0xcc, 0xcc, 0xcc, 0x4b, 0xce, 0xce, 0xce, 0x44,
  0xcc, 0xcc, 0xcc, 0x3c, 0xcd, 0xcd, 0xcd, 0x33, 0xc9, 0xc9, 0xc9, 0x2b, 0xc8, 0xc8, 0xc8, 0x21,
  0xd4, 0xd4, 0xd4, 0x18, 0xdf, 0xdf, 0xdf, 0x10, 0xd0, 0xd0, 0xd0, 0x0b, 0xb6, 0xb6, 0xb6, 0x07,
  0xff, 0xff, 0xff, 0x03, 0xff, 0xff, 0xff, 0x02, 0xff, 0xff, 0xff, 0x01, 0x00, 0x00, 0x00, 0x00,
  0x00, 0x00, 0x00, 0x00, 0x00, 0x00, 0x00, 0x00, 0x00, 0x00, 0x00, 0x00, 0x00, 0x00, 0x00, 0x00,
  0x00, 0x00, 0x00, 0x00, 0x00, 0x00, 0x00, 0x00, 0x00, 0x00, 0x00, 0x00, 0xff, 0xff, 0xff, 0x01,
  0xff, 0xff, 0xff, 0x01, 0xff, 0xff, 0xff, 0x01, 0xff, 0xff, 0xff, 0x03, 0xff, 0xff, 0xff, 0x04,
  0xff, 0xff, 0xff, 0x05, 0xda, 0xda, 0xda, 0x07, 0xe2, 0xe2, 0xe2, 0x09, 0xbf, 0xbf, 0xbf, 0x0c,
  0xc8, 0xc8, 0xc8, 0x0e, 0xd2, 0xd2, 0xd2, 0x11, 0xd8, 0xd8, 0xd8, 0x14, 0xc9, 0xc9, 0xc9, 0x18,
  0xd1, 0xd1, 0xd1, 0x1c, 0xcf, 0xcf, 0xcf, 0x20, 0xce, 0xce, 0xce, 0x25, 0xcd, 0xcd, 0xcd, 0x29,
  0xcd, 0xcd, 0xcd, 0x2e, 0xcc, 0xcc, 0xcc, 0x32, 0xcb, 0xcb, 0xcb, 0x36, 0xc9, 0xc9, 0xc9, 0x39,
  0xcc, 0xcc, 0xcc, 0x3c, 0xcd, 0xcd, 0xcd, 0x3e, 0xcb, 0xcb, 0xcb, 0x40, 0xc8, 0xc8, 0xc8, 0x42,
  0xc9, 0xc9, 0xc9, 0x43, 0xce, 0xce, 0xce, 0x44, 0xcc, 0xcc, 0xcc, 0x46, 0xcc, 0xcc, 0xcc, 0x47,
  0xc9, 0xc9, 0xc9, 0x48, 0xcd, 0xcd, 0xcd, 0x48, 0xca, 0xca, 0xca, 0x49, 0xce, 0xce, 0xce, 0x49,
  0xca, 0xca, 0xca, 0x49, 0xcb, 0xcb, 0xcb, 0x4a, 0xcb, 0xcb, 0xcb, 0x4a, 0xcb, 0xcb, 0xcb, 0x4a,
  0xcb, 0xcb, 0xcb, 0x4a, 0xce, 0xce, 0xce, 0x4a, 0xcc, 0xcc, 0xcc, 0x4b, 0xcc, 0xcc, 0xcc, 0x4b,
  0xcc, 0xcc, 0xcc, 0x4b, 0xcc, 0xcc, 0xcc, 0x4c, 0xcc, 0xcc, 0xcc, 0x4c, 0xca, 0xca, 0xca, 0x4d,
  0xca, 0xca, 0xca, 0x4d, 0xca, 0xca, 0xca, 0x4e, 0xcd, 0xcd, 0xcd, 0x4e, 0xcb, 0xcb, 0xcb, 0x4f,
  0xcc, 0xcc, 0xcc, 0x50, 0xcc, 0xcc, 0xcc, 0x50, 0xc9, 0xc9, 0xc9, 0x51, 0xcc, 0xcc, 0xcc, 0x51,
  0xcc, 0xcc, 0xcc, 0x51, 0xcc, 0xcc, 0xcc, 0x51, 0xcc, 0xcc, 0xcc, 0x51, 0xcc, 0xcc, 0xcc, 0x51,
  0xcc, 0xcc, 0xcc, 0x51, 0xcc, 0xcc, 0xcc, 0x51, 0xca, 0xca, 0xca, 0x52, 0xca, 0xca, 0xca, 0x52,
  0xca, 0xca, 0xca, 0x52, 0xca, 0xca, 0xca, 0x52, 0xcc, 0xcc, 0xcc, 0x51, 0xcc, 0xcc, 0xcc, 0x51,
  0xca, 0xca, 0xca, 0x52, 0xca, 0xca, 0xca, 0x52, 0xca, 0xca, 0xca, 0x52, 0xca, 0xca, 0xca, 0x52,
  0xca, 0xca, 0xca, 0x52, 0xca, 0xca, 0xca, 0x52, 0xcc, 0xcc, 0xcc, 0x51, 0xcc, 0xcc, 0xcc, 0x51,
  0xc9, 0xc9, 0xc9, 0x51, 0xcc, 0xcc, 0xcc, 0x50, 0xcc, 0xcc, 0xcc, 0x50, 0xcb, 0xcb, 0xcb, 0x4f,
  0xca, 0xca, 0xca, 0x4e, 0xcc, 0xcc, 0xcc, 0x4c, 0xcb, 0xcb, 0xcb, 0x4a, 0xca, 0xca, 0xca, 0x49,
  0xcc, 0xcc, 0xcc, 0x46, 0xcc, 0xcc, 0xcc, 0x42, 0xcd, 0xcd, 0xcd, 0x3e, 0xcd, 0xcd, 0xcd, 0x39,
  0xcd, 0xcd, 0xcd, 0x33, 0xd0, 0xd0, 0xd0, 0x2c, 0xce, 0xce, 0xce, 0x25, 0xcc, 0xcc, 0xcc, 0x1e,
  0xd2, 0xd2, 0xd2, 0x17, 0xcf, 0xcf, 0xcf, 0x10, 0xd0, 0xd0, 0xd0, 0x0b, 0xda, 0xda, 0xda, 0x07,
  0xff, 0xff, 0xff, 0x04, 0xff, 0xff, 0xff, 0x02, 0xff, 0xff, 0xff, 0x01, 0x00, 0x00, 0x00, 0x00,
  0x00, 0x00, 0x00, 0x00, 0x00, 0x00, 0x00, 0x00, 0x00, 0x00, 0x00, 0x00, 0x00, 0x00, 0x00, 0x00,
  0x00, 0x00, 0x00, 0x00, 0x00, 0x00, 0x00, 0x00, 0x00, 0x00, 0x00, 0x00, 0x00, 0x00, 0x00, 0x00,
  0x00, 0x00, 0x00, 0x00, 0xff, 0xff, 0xff, 0x01, 0xff, 0xff, 0xff, 0x01, 0xff, 0xff, 0xff, 0x01,
  0xff, 0xff, 0xff, 0x02, 0xff, 0xff, 0xff, 0x03, 0xff, 0xff, 0xff, 0x04, 0xcc, 0xcc, 0xcc, 0x05,
  0xda, 0xda, 0xda, 0x07, 0xdf, 0xdf, 0xdf, 0x08, 0xe2, 0xe2, 0xe2, 0x09, 0xd4, 0xd4, 0xd4, 0x0c,
  0xda, 0xda, 0xda, 0x0e, 0xd2, 0xd2, 0xd2, 0x11, 0xce, 0xce, 0xce, 0x15, 0xd4, 0xd4, 0xd4, 0x18,
  0xcf, 0xcf, 0xcf, 0x1b, 0xcd, 0xcd, 0xcd, 0x1f, 0xd0, 0xd0, 0xd0, 0x21, 0xcd, 0xcd, 0xcd, 0x24,
  0xca, 0xca, 0xca, 0x27, 0xcd, 0xcd, 0xcd, 0x29, 0xc9, 0xc9, 0xc9, 0x2b, 0xcc, 0xcc, 0xcc, 0x2d,
  0xcd, 0xcd, 0xcd, 0x2e, 0xce, 0xce, 0xce, 0x2f, 0xc9, 0xc9, 0xc9, 0x30, 0xd0, 0xd0, 0xd0, 0x31,
  0xd1, 0xd1, 0xd1, 0x32, 0xcd, 0xcd, 0xcd, 0x33, 0xcd, 0xcd, 0xcd, 0x33, 0xcd, 0xcd, 0xcd, 0x34,
  0xca, 0xca, 0xca, 0x35, 0xca, 0xca, 0xca, 0x35, 0xca, 0xca, 0xca, 0x35, 0xca, 0xca, 0xca, 0x35,
  0xca, 0xca, 0xca, 0x35, 0xca, 0xca, 0xca, 0x35, 0xce, 0xce, 0xce, 0x35, 0xcb, 0xcb, 0xcb, 0x36,
  0xcb, 0xcb, 0xcb, 0x36, 0xcf, 0xcf, 0xcf, 0x36, 0xcc, 0xcc, 0xcc, 0x37, 0xcc, 0xcc, 0xcc, 0x37,
  0xcc, 0xcc, 0xcc, 0x38, 0xcc, 0xcc, 0xcc, 0x38, 0xc9, 0xc9, 0xc9, 0x39, 0xca, 0xca, 0xca, 0x3a,
  0xcb, 0xcb, 0xcb, 0x3b, 0xcf, 0xcf, 0xcf, 0x3b, 0xcc, 0xcc, 0xcc, 0x3c, 0xcc, 0xcc, 0xcc, 0x3d,
  0xcc, 0xcc, 0xcc, 0x3c, 0xcc, 0xcc, 0xcc, 0x3c, 0xcc, 0xcc, 0xcc, 0x3d, 0xcc, 0xcc, 0xcc, 0x3d,
  0xcc, 0xcc, 0xcc, 0x3d, 0xc9, 0xc9, 0xc9, 0x3e, 0xc9, 0xc9, 0xc9, 0x3e, 0xc9, 0xc9, 0xc9, 0x3e,
  0xc9, 0xc9, 0xc9, 0x3e, 0xc9, 0xc9, 0xc9, 0x3e, 0xcc, 0xcc, 0xcc, 0x3d, 0xc9, 0xc9, 0xc9, 0x3e,
  0xc9, 0xc9, 0xc9, 0x3e, 0xc9, 0xc9, 0xc9, 0x3e, 0xc9, 0xc9, 0xc9, 0x3e, 0xc9, 0xc9, 0xc9, 0x3e,
  0xc9, 0xc9, 0xc9, 0x3e, 0xc9, 0xc9, 0xc9, 0x3e, 0xcc, 0xcc, 0xcc, 0x3d, 0xcc, 0xcc, 0xcc, 0x3d,
  0xcc, 0xcc, 0xcc, 0x3d, 0xcc, 0xcc, 0xcc, 0x3d, 0xcc, 0xcc, 0xcc, 0x3d, 0xcc, 0xcc, 0xcc, 0x3c,
  0xcb, 0xcb, 0xcb, 0x3b, 0xca, 0xca, 0xca, 0x3a, 0xcd, 0xcd, 0xcd, 0x39, 0xcc, 0xcc, 0xcc, 0x37,
  0xca, 0xca, 0xca, 0x35, 0xd1, 0xd1, 0xd1, 0x32, 0xce, 0xce, 0xce, 0x2f, 0xca, 0xca, 0xca, 0x2c,
  0xcc, 0xcc, 0xcc, 0x28, 0xcc, 0xcc, 0xcc, 0x23, 0xcc, 0xcc, 0xcc, 0x1e, 0xd6, 0xd6, 0xd6, 0x19,
  0xcc, 0xcc, 0xcc, 0x14, 0xcc, 0xcc, 0xcc, 0x0f, 0xd0, 0xd0, 0xd0, 0x0b, 0xda, 0xda, 0xda, 0x07,
  0xcc, 0xcc, 0xcc, 0x05, 0xff, 0xff, 0xff, 0x03, 0xff, 0xff, 0xff, 0x02, 0xff, 0xff, 0xff, 0x01,
  0x00, 0x00, 0x00, 0x00, 0x00, 0x00, 0x00, 0x00, 0x00, 0x00, 0x00, 0x00, 0x00, 0x00, 0x00, 0x00,
  0x00, 0x00, 0x00, 0x00, 0x00, 0x00, 0x00, 0x00, 0x00, 0x00, 0x00, 0x00, 0x00, 0x00, 0x00, 0x00,
  0x00, 0x00, 0x00, 0x00, 0x00, 0x00, 0x00, 0x00, 0x00, 0x00, 0x00, 0x00, 0x00, 0x00, 0x00, 0x00,
  0xff, 0xff, 0xff, 0x01, 0xff, 0xff, 0xff, 0x01, 0xff, 0xff, 0xff, 0x01, 0xff, 0xff, 0xff, 0x02,
  0xff, 0xff, 0xff, 0x02, 0xff, 0xff, 0xff, 0x03, 0xff, 0xff, 0xff, 0x04, 0xcc, 0xcc, 0xcc, 0x05,
  0xd4, 0xd4, 0xd4, 0x06, 0xdf, 0xdf, 0xdf, 0x08, 0xe5, 0xe5, 0xe5, 0x0a, 0xd4, 0xd4, 0xd4, 0x0c,
  0xda, 0xda, 0xda, 0x0e, 0xdf, 0xdf, 0xdf, 0x10, 0xc9, 0xc9, 0xc9, 0x13, 0xce, 0xce, 0xce, 0x15,
  0xd2, 0xd2, 0xd2, 0x17, 0xd4, 0xd4, 0xd4, 0x18, 0xcd, 0xcd, 0xcd, 0x1a, 0xcf, 0xcf, 0xcf, 0x1b,
  0xd1, 0xd1, 0xd1, 0x1c, 0xd3, 0xd3, 0xd3, 0x1d, 0xd4, 0xd4, 0xd4, 0x1e, 0xcd, 0xcd, 0xcd, 0x1f,
  0xcf, 0xcf, 0xcf, 0x20, 0xcf, 0xcf, 0xcf, 0x20, 0xca, 0xca, 0xca, 0x22, 0xca, 0xca, 0xca, 0x22,
  0xd2, 0xd2, 0xd2, 0x22, 0xd2, 0xd2, 0xd2, 0x22, 0xcc, 0xcc, 0xcc, 0x23, 0xcc, 0xcc, 0xcc, 0x23,
  0xcc, 0xcc, 0xcc, 0x23, 0xd2, 0xd2, 0xd2, 0x22, 0xd2, 0xd2, 0xd2, 0x22, 0xcc, 0xcc, 0xcc, 0x23,
  0xcc, 0xcc, 0xcc, 0x23, 0xcc, 0xcc, 0xcc, 0x23, 0xcc, 0xcc, 0xcc, 0x23, 0xcd, 0xcd, 0xcd, 0x24,
  0xcd, 0xcd, 0xcd, 0x24, 0xc7, 0xc7, 0xc7, 0x25, 0xd0, 0xd0, 0xd0, 0x26, 0xd0, 0xd0, 0xd0, 0x26,
  0xd0, 0xd0, 0xd0, 0x26, 0xca, 0xca, 0xca, 0x27, 0xcc, 0xcc, 0xcc, 0x28, 0xcc, 0xcc, 0xcc, 0x28,
  0xcc, 0xcc, 0xcc, 0x28, 0xcd, 0xcd, 0xcd, 0x29, 0xcd, 0xcd, 0xcd, 0x29, 0xcd, 0xcd, 0xcd, 0x29,
  0xcd, 0xcd, 0xcd, 0x29, 0xcd, 0xcd, 0xcd, 0x29, 0xc8, 0xc8, 0xc8, 0x2a, 0xce, 0xce, 0xce, 0x2a,
  0xce, 0xce, 0xce, 0x2a, 0xce, 0xce, 0xce, 0x2a, 0xce, 0xce, 0xce, 0x2a, 0xce, 0xce, 0xce, 0x2a,
  0xce, 0xce, 0xce, 0x2a, 0xce, 0xce, 0xce, 0x2a, 0xce, 0xce, 0xce, 0x2a, 0xcf, 0xcf, 0xcf, 0x2b,
  0xc9, 0xc9, 0xc9, 0x2b, 0xce, 0xce, 0xce, 0x2a, 0xce, 0xce, 0xce, 0x2a, 0xce, 0xce, 0xce, 0x2a,
  0xce, 0xce, 0xce, 0x2a, 0xcf, 0xcf, 0xcf, 0x2b, 0xce, 0xce, 0xce, 0x2a, 0xcd, 0xcd, 0xcd, 0x29,
  0xcd, 0xcd, 0xcd, 0x29, 0xcc, 0xcc, 0xcc, 0x28, 0xd1, 0xd1, 0xd1, 0x27, 0xd0, 0xd0, 0xd0, 0x26,
  0xce, 0xce, 0xce, 0x25, 0xcd, 0xcd, 0xcd, 0x24, 0xca, 0xca, 0xca, 0x22, 0xcd, 0xcd, 0xcd, 0x1f,
  0xca, 0xca, 0xca, 0x1d, 0xcd, 0xcd, 0xcd, 0x1a, 0xd2, 0xd2, 0xd2, 0x17, 0xd6, 0xd6, 0xd6, 0x13,
  0xcf, 0xcf, 0xcf, 0x10, 0xd4, 0xd4, 0xd4, 0x0c, 0xc6, 0xc6, 0xc6, 0x09, 0xd4, 0xd4, 0xd4, 0x06,
  0xff, 0xff, 0xff, 0x04, 0xff, 0xff, 0xff, 0x03, 0xff, 0xff, 0xff, 0x02, 0x00, 0x00, 0x00, 0x00,
  0x00, 0x00, 0x00, 0x00, 0x00, 0x00, 0x00, 0x00, 0x00, 0x00, 0x00, 0x00, 0x00, 0x00, 0x00, 0x00,
  0x00, 0x00, 0x00, 0x00, 0x00, 0x00, 0x00, 0x00, 0x00, 0x00, 0x00, 0x00, 0x00, 0x00, 0x00, 0x00,
  0x00, 0x00, 0x00, 0x00, 0x00, 0x00, 0x00, 0x00, 0x00, 0x00, 0x00, 0x00, 0x00, 0x00, 0x00, 0x00,
  0x00, 0x00, 0x00, 0x00, 0x00, 0x00, 0x00, 0x00, 0xff, 0xff, 0xff, 0x01, 0xff, 0xff, 0xff, 0x01,
  0xff, 0xff, 0xff, 0x01, 0xff, 0xff, 0xff, 0x01, 0xff, 0xff, 0xff, 0x01, 0xff, 0xff, 0xff, 0x02,
  0xff, 0xff, 0xff, 0x03, 0xff, 0xff, 0xff, 0x03, 0xbf, 0xbf, 0xbf, 0x04, 0xcc, 0xcc, 0xcc, 0x05,
  0xd4, 0xd4, 0xd4, 0x06, 0xbf, 0xbf, 0xbf, 0x08, 0xc6, 0xc6, 0xc6, 0x09, 0xe5, 0xe5, 0xe5, 0x0a,
  0xd4, 0xd4, 0xd4, 0x0c, 0xd7, 0xd7, 0xd7, 0x0d, 0xc8, 0xc8, 0xc8, 0x0e, 0xcc, 0xcc, 0xcc, 0x0f,
  0xcf, 0xcf, 0xcf, 0x10, 0xcf, 0xcf, 0xcf, 0x10, 0xd2, 0xd2, 0xd2, 0x11, 0xd4, 0xd4, 0xd4, 0x12,
  0xc9, 0xc9, 0xc9, 0x13, 0xd6, 0xd6, 0xd6, 0x13, 0xcc, 0xcc, 0xcc, 0x14, 0xcc, 0xcc, 0xcc, 0x14,
  0xd8, 0xd8, 0xd8, 0x14, 0xce, 0xce, 0xce, 0x15, 0xce, 0xce, 0xce, 0x15, 0xce, 0xce, 0xce, 0x15,
  0xce, 0xce, 0xce, 0x15, 0xce, 0xce, 0xce, 0x15, 0xce, 0xce, 0xce, 0x15, 0xce, 0xce, 0xce, 0x15,
  0xce, 0xce, 0xce, 0x15, 0xda, 0xda, 0xda, 0x15, 0xce, 0xce, 0xce, 0x15, 0xce, 0xce, 0xce, 0x15,
  0xd0, 0xd0, 0xd0, 0x16, 0xd0, 0xd0, 0xd0, 0x16, 0xd2, 0xd2, 0xd2, 0x17, 0xd2, 0xd2, 0xd2, 0x17,
  0xd2, 0xd2, 0xd2, 0x17, 0xd2, 0xd2, 0xd2, 0x17, 0xd4, 0xd4, 0xd4, 0x18, 0xd4, 0xd4, 0xd4, 0x18,
  0xcc, 0xcc, 0xcc, 0x19, 0xcc, 0xcc, 0xcc, 0x19, 0xcd, 0xcd, 0xcd, 0x1a, 0xd6, 0xd6, 0xd6, 0x19,
  0xd6, 0xd6, 0xd6, 0x19, 0xcd, 0xcd, 0xcd, 0x1a, 0xcd, 0xcd, 0xcd, 0x1a, 0xcd, 0xcd, 0xcd, 0x1a,
  0xcf, 0xcf, 0xcf, 0x1b, 0xcd, 0xcd, 0xcd, 0x1a, 0xcf, 0xcf, 0xcf, 0x1b, 0xc8, 0xc8, 0xc8, 0x1c,
  0xcf, 0xcf, 0xcf, 0x1b, 0xd1, 0xd1, 0xd1, 0x1c, 0xcf, 0xcf, 0xcf, 0x1b, 0xd1, 0xd1, 0xd1, 0x1c,
  0xd1, 0xd1, 0xd1, 0x1c, 0xcf, 0xcf, 0xcf, 0x1b, 0xcf, 0xcf, 0xcf, 0x1b, 0xc8, 0xc8, 0xc8, 0x1c,
  0xcf, 0xcf, 0xcf, 0x1b, 0xcf, 0xcf, 0xcf, 0x1b, 0xcf, 0xcf, 0xcf, 0x1b, 0xcf, 0xcf, 0xcf, 0x1b,
  0xcf, 0xcf, 0xcf, 0x1b, 0xcd, 0xcd, 0xcd, 0x1a, 0xd6, 0xd6, 0xd6, 0x19, 0xcc, 0xcc, 0xcc, 0x19,
  0xcc, 0xcc, 0xcc, 0x19, 0xd2, 0xd2, 0xd2, 0x17, 0xd0, 0xd0, 0xd0, 0x16, 0xce, 0xce, 0xce, 0x15,
  0xd6, 0xd6, 0xd6, 0x13, 0xd2, 0xd2, 0xd2, 0x11, 0xcf, 0xcf, 0xcf, 0x10, 0xd7, 0xd7, 0xd7, 0x0d,
  0xd0, 0xd0, 0xd0, 0x0b, 0xdf, 0xdf, 0xdf, 0x08, 0xb6, 0xb6, 0xb6, 0x07, 0xff, 0xff, 0xff, 0x04,
  0xff, 0xff, 0xff, 0x03, 0xff, 0xff, 0xff, 0x02, 0xff, 0xff, 0xff, 0x01, 0x00, 0x00, 0x00, 0x00,
  0x00, 0x00, 0x00, 0x00, 0x00, 0x00, 0x00, 0x00, 0x00, 0x00, 0x00, 0x00, 0x00, 0x00, 0x00, 0x00,
  0x00, 0x00, 0x00, 0x00, 0x00, 0x00, 0x00, 0x00, 0x00, 0x00, 0x00, 0x00, 0x00, 0x00, 0x00, 0x00,
  0x00, 0x00, 0x00, 0x00, 0x00, 0x00, 0x00, 0x00, 0x00, 0x00, 0x00, 0x00, 0x00, 0x00, 0x00, 0x00,
  0x00, 0x00, 0x00, 0x00, 0x00, 0x00, 0x00, 0x00, 0x00, 0x00, 0x00, 0x00, 0x00, 0x00, 0x00, 0x00,
  0x00, 0x00, 0x00, 0x00, 0x00, 0x00, 0x00, 0x00, 0xff, 0xff, 0xff, 0x01, 0xff, 0xff, 0xff, 0x01,
  0xff, 0xff, 0xff, 0x01, 0xff, 0xff, 0xff, 0x01, 0xff, 0xff, 0xff, 0x01, 0xff, 0xff, 0xff, 0x02,
  0xff, 0xff, 0xff, 0x02, 0xff, 0xff, 0xff, 0x03, 0xff, 0xff, 0xff, 0x04, 0xcc, 0xcc, 0xcc, 0x05,
  0xff, 0xff, 0xff, 0x05, 0xd4, 0xd4, 0xd4, 0x06, 0xda, 0xda, 0xda, 0x07, 0xda, 0xda, 0xda, 0x07,
  0xda, 0xda, 0xda, 0x07, 0xdf, 0xdf, 0xdf, 0x08, 0xc6, 0xc6, 0xc6, 0x09, 0xdf, 0xdf, 0xdf, 0x08,
  0xe2, 0xe2, 0xe2, 0x09, 0xcc, 0xcc, 0xcc, 0x0a, 0xe5, 0xe5, 0xe5, 0x0a, 0xe5, 0xe5, 0xe5, 0x0a,
  0xd0, 0xd0, 0xd0, 0x0b, 0xd0, 0xd0, 0xd0, 0x0b, 0xd0, 0xd0, 0xd0, 0x0b, 0xe5, 0xe5, 0xe5, 0x0a,
  0xd0, 0xd0, 0xd0, 0x0b, 0xd0, 0xd0, 0xd0, 0x0b, 0xd0, 0xd0, 0xd0, 0x0b, 0xd0, 0xd0, 0xd0, 0x0b,
  0xd0, 0xd0, 0xd0, 0x0b, 0xd0, 0xd0, 0xd0, 0x0b, 0xd0, 0xd0, 0xd0, 0x0b, 0xd0, 0xd0, 0xd0, 0x0b,
  0xd0, 0xd0, 0xd0, 0x0b, 0xe7, 0xe7, 0xe7, 0x0b, 0xd4, 0xd4, 0xd4, 0x0c, 0xd4, 0xd4, 0xd4, 0x0c,
  0xd4, 0xd4, 0xd4, 0x0c, 0xc4, 0xc4, 0xc4, 0x0d, 0xd7, 0xd7, 0xd7, 0x0d, 0xd7, 0xd7, 0xd7, 0x0d,
  0xd7, 0xd7, 0xd7, 0x0d, 0xd7, 0xd7, 0xd7, 0x0d, 0xc8, 0xc8, 0xc8, 0x0e, 0xc8, 0xc8, 0xc8, 0x0e,
  0xda, 0xda, 0xda, 0x0e, 0xda, 0xda, 0xda, 0x0e, 0xcc, 0xcc, 0xcc, 0x0f, 0xda, 0xda, 0xda, 0x0e,
  0xcc, 0xcc, 0xcc, 0x0f, 0xcc, 0xcc, 0xcc, 0x0f, 0xcf, 0xcf, 0xcf, 0x10, 0xdd, 0xdd, 0xdd, 0x0f,
  0xdd, 0xdd, 0xdd, 0x0f, 0xdd, 0xdd, 0xdd, 0x0f, 0xcf, 0xcf, 0xcf, 0x10, 0xcf, 0xcf, 0xcf, 0x10,
  0xcf, 0xcf, 0xcf, 0x10, 0xcf, 0xcf, 0xcf, 0x10, 0xcf, 0xcf, 0xcf, 0x10, 0xcf, 0xcf, 0xcf, 0x10,
  0xcf, 0xcf, 0xcf, 0x10, 0xdd, 0xdd, 0xdd, 0x0f, 0xcf, 0xcf, 0xcf, 0x10, 0xdd, 0xdd, 0xdd, 0x0f,
  0xcc, 0xcc, 0xcc, 0x0f, 0xdd, 0xdd, 0xdd, 0x0f, 0xda, 0xda, 0xda, 0x0e, 0xda, 0xda, 0xda, 0x0e,
  0xda, 0xda, 0xda, 0x0e, 0xd7, 0xd7, 0xd7, 0x0d, 0xd7, 0xd7, 0xd7, 0x0d, 0xd4, 0xd4, 0xd4, 0x0c,
  0xd4, 0xd4, 0xd4, 0x0c, 0xe5, 0xe5, 0xe5, 0x0a, 0xe2, 0xe2, 0xe2, 0x09, 0xbf, 0xbf, 0xbf, 0x08,
  0xff, 0xff, 0xff, 0x06, 0xff, 0xff, 0xff, 0x05, 0xff, 0xff, 0xff, 0x04, 0xff, 0xff, 0xff, 0x03,
  0xff, 0xff, 0xff, 0x03, 0xff, 0xff, 0xff, 0x02, 0xff, 0xff, 0xff, 0x01, 0x00, 0x00, 0x00, 0x00,
  0x00, 0x00, 0x00, 0x00, 0x00, 0x00, 0x00, 0x00, 0x00, 0x00, 0x00, 0x00, 0x00, 0x00, 0x00, 0x00,
  0x00, 0x00, 0x00, 0x00, 0x00, 0x00, 0x00, 0x00, 0x00, 0x00, 0x00, 0x00, 0x00, 0x00, 0x00, 0x00,
  0x00, 0x00, 0x00, 0x00, 0x00, 0x00, 0x00, 0x00, 0x00, 0x00, 0x00, 0x00, 0x00, 0x00, 0x00, 0x00,
  0x00, 0x00, 0x00, 0x00, 0x00, 0x00, 0x00, 0x00, 0x00, 0x00, 0x00, 0x00, 0x00, 0x00, 0x00, 0x00,
  0x00, 0x00, 0x00, 0x00, 0x00, 0x00, 0x00, 0x00, 0x00, 0x00, 0x00, 0x00, 0x00, 0x00, 0x00, 0x00,
  0x00, 0x00, 0x00, 0x00, 0x00, 0x00, 0x00, 0x00, 0x00, 0x00, 0x00, 0x00, 0x00, 0x00, 0x00, 0x00,
  0x00, 0x00, 0x00, 0x00, 0xff, 0xff, 0xff, 0x01, 0xff, 0xff, 0xff, 0x02, 0xff, 0xff, 0xff, 0x01,
  0xff, 0xff, 0xff, 0x01, 0xff, 0xff, 0xff, 0x02, 0xff, 0xff, 0xff, 0x02, 0xff, 0xff, 0xff, 0x03,
  0xff, 0xff, 0xff, 0x03, 0xff, 0xff, 0xff, 0x03, 0xbf, 0xbf, 0xbf, 0x04, 0xff, 0xff, 0xff, 0x04,
  0xff, 0xff, 0xff, 0x04, 0xcc, 0xcc, 0xcc, 0x05, 0xcc, 0xcc, 0xcc, 0x05, 0xcc, 0xcc, 0xcc, 0x05,
  0xff, 0xff, 0xff, 0x05, 0xff, 0xff, 0xff, 0x05, 0xff, 0xff, 0xff, 0x05, 0xff, 0xff, 0xff, 0x05,
  0xff, 0xff, 0xff, 0x05, 0xff, 0xff, 0xff, 0x05, 0xd4, 0xd4, 0xd4, 0x06, 0xd4, 0xd4, 0xd4, 0x06,
  0xcc, 0xcc, 0xcc, 0x05, 0xff, 0xff, 0xff, 0x05, 0xcc, 0xcc, 0xcc, 0x05, 0xff, 0xff, 0xff, 0x05,
  0xff, 0xff, 0xff, 0x05, 0xff, 0xff, 0xff, 0x05, 0xff, 0xff, 0xff, 0x05, 0xff, 0xff, 0xff, 0x05,
  0xff, 0xff, 0xff, 0x05, 0xd4, 0xd4, 0xd4, 0x06, 0xff, 0xff, 0xff, 0x05, 0xd4, 0xd4, 0xd4, 0x06,
  0xd4, 0xd4, 0xd4, 0x06, 0xff, 0xff, 0xff, 0x06, 0xda, 0xda, 0xda, 0x07, 0xd4, 0xd4, 0xd4, 0x06,
  0xda, 0xda, 0xda, 0x07, 0xda, 0xda, 0xda, 0x07, 0xda, 0xda, 0xda, 0x07, 0xda, 0xda, 0xda, 0x07,
  0xda, 0xda, 0xda, 0x07, 0xda, 0xda, 0xda, 0x07, 0xda, 0xda, 0xda, 0x07, 0xda, 0xda, 0xda, 0x07,
  0xdf, 0xdf, 0xdf, 0x08, 0xbf, 0xbf, 0xbf, 0x08, 0xdf, 0xdf, 0xdf, 0x08, 0xdf, 0xdf, 0xdf, 0x08,
  0xdf, 0xdf, 0xdf, 0x08, 0xdf, 0xdf, 0xdf, 0x08, 0xdf, 0xdf, 0xdf, 0x08, 0xdf, 0xdf, 0xdf, 0x08,
  0xdf, 0xdf, 0xdf, 0x08, 0xdf, 0xdf, 0xdf, 0x08, 0xbf, 0xbf, 0xbf, 0x08, 0xdf, 0xdf, 0xdf, 0x08,
  0xdf, 0xdf, 0xdf, 0x08, 0xda, 0xda, 0xda, 0x07, 0xda, 0xda, 0xda, 0x07, 0xbf, 0xbf, 0xbf, 0x08,
  0xda, 0xda, 0xda, 0x07, 0xda, 0xda, 0xda, 0x07, 0xff, 0xff, 0xff, 0x06, 0xd4, 0xd4, 0xd4, 0x06,
  0xd4, 0xd4, 0xd4, 0x06, 0xff, 0xff, 0xff, 0x05, 0xcc, 0xcc, 0xcc, 0x05, 0xff, 0xff, 0xff, 0x04,
  0xbf, 0xbf, 0xbf, 0x04, 0xff, 0xff, 0xff, 0x03, 0xff, 0xff, 0xff, 0x03, 0xff, 0xff, 0xff, 0x02,
  0xff, 0xff, 0xff, 0x02, 0xff, 0xff, 0xff, 0x01, 0x00, 0x00, 0x00, 0x00, 0x00, 0x00, 0x00, 0x00,
  0x00, 0x00, 0x00, 0x00, 0x00, 0x00, 0x00, 0x00, 0x00, 0x00, 0x00, 0x00, 0x00, 0x00, 0x00, 0x00,
  0x00, 0x00, 0x00, 0x00, 0x00, 0x00, 0x00, 0x00, 0x00, 0x00, 0x00, 0x00, 0x00, 0x00, 0x00, 0x00,
  0x00, 0x00, 0x00, 0x00, 0x00, 0x00, 0x00, 0x00, 0x00, 0x00, 0x00, 0x00, 0x00, 0x00, 0x00, 0x00,
  0x00, 0x00, 0x00, 0x00, 0x00, 0x00, 0x00, 0x00, 0x00, 0x00, 0x00, 0x00, 0x00, 0x00, 0x00, 0x00,
  0x00, 0x00, 0x00, 0x00, 0x00, 0x00, 0x00, 0x00, 0x00, 0x00, 0x00, 0x00, 0x00, 0x00, 0x00, 0x00,
  0x00, 0x00, 0x00, 0x00, 0x00, 0x00, 0x00, 0x00, 0x00, 0x00, 0x00, 0x00, 0x00, 0x00, 0x00, 0x00,
  0x00, 0x00, 0x00, 0x00, 0x00, 0x00, 0x00, 0x00, 0x00, 0x00, 0x00, 0x00, 0x00, 0x00, 0x00, 0x00,
  0xff, 0xff, 0xff, 0x01, 0xff, 0xff, 0xff, 0x01, 0xff, 0xff, 0xff, 0x01, 0xff, 0xff, 0xff, 0x01,
  0xff, 0xff, 0xff, 0x01, 0xff, 0xff, 0xff, 0x01, 0xff, 0xff, 0xff, 0x01, 0xff, 0xff, 0xff, 0x01,
  0xff, 0xff, 0xff, 0x01, 0xff, 0xff, 0xff, 0x01, 0xff, 0xff, 0xff, 0x01, 0xff, 0xff, 0xff, 0x02,
  0xff, 0xff, 0xff, 0x02, 0xff, 0xff, 0xff, 0x02, 0xff, 0xff, 0xff, 0x02, 0xff, 0xff, 0xff, 0x02,
  0xff, 0xff, 0xff, 0x02, 0xff, 0xff, 0xff, 0x02, 0xff, 0xff, 0xff, 0x02, 0xff, 0xff, 0xff, 0x02,
  0xff, 0xff, 0xff, 0x02, 0xff, 0xff, 0xff, 0x02, 0xff, 0xff, 0xff, 0x02, 0xff, 0xff, 0xff, 0x02,
  0xff, 0xff, 0xff, 0x02, 0xff, 0xff, 0xff, 0x02, 0xff, 0xff, 0xff, 0x02, 0xff, 0xff, 0xff, 0x02,
  0xff, 0xff, 0xff, 0x03, 0xff, 0xff, 0xff, 0x03, 0xff, 0xff, 0xff, 0x02, 0xff, 0xff, 0xff, 0x02,
  0xff, 0xff, 0xff, 0x03, 0xff, 0xff, 0xff, 0x03, 0xff, 0xff, 0xff, 0x03, 0xff, 0xff, 0xff, 0x03,
  0xff, 0xff, 0xff, 0x02, 0xff, 0xff, 0xff, 0x03, 0xff, 0xff, 0xff, 0x03, 0xff, 0xff, 0xff, 0x03,
  0xff, 0xff, 0xff, 0x03, 0xff, 0xff, 0xff, 0x03, 0xbf, 0xbf, 0xbf, 0x04, 0xff, 0xff, 0xff, 0x03,
  0xff, 0xff, 0xff, 0x03, 0xff, 0xff, 0xff, 0x03, 0xbf, 0xbf, 0xbf, 0x04, 0xff, 0xff, 0xff, 0x03,
  0xff, 0xff, 0xff, 0x03, 0xff, 0xff, 0xff, 0x03, 0xbf, 0xbf, 0xbf, 0x04, 0xbf, 0xbf, 0xbf, 0x04,
  0xbf, 0xbf, 0xbf, 0x04, 0xff, 0xff, 0xff, 0x03, 0xbf, 0xbf, 0xbf, 0x04, 0xff, 0xff, 0xff, 0x03,
  0xff, 0xff, 0xff, 0x03, 0xff, 0xff, 0xff, 0x03, 0xff, 0xff, 0xff, 0x03, 0xff, 0xff, 0xff, 0x03,
  0xff, 0xff, 0xff, 0x03, 0xff, 0xff, 0xff, 0x03, 0xff, 0xff, 0xff, 0x03, 0xff, 0xff, 0xff, 0x02,
  0xaa, 0xaa, 0xaa, 0x03, 0xff, 0xff, 0xff, 0x03, 0xff, 0xff, 0xff, 0x02, 0xff, 0xff, 0xff, 0x02,
  0xff, 0xff, 0xff, 0x02, 0xff, 0xff, 0xff, 0x01, 0xff, 0xff, 0xff, 0x01, 0xff, 0xff, 0xff, 0x01,
  0x00, 0x00, 0x00, 0x00, 0x00, 0x00, 0x00, 0x00, 0x00, 0x00, 0x00, 0x00, 0x00, 0x00, 0x00, 0x00,
  0x00, 0x00, 0x00, 0x00, 0x00, 0x00, 0x00, 0x00, 0x00, 0x00, 0x00, 0x00, 0x00, 0x00, 0x00, 0x00,
  0x00, 0x00, 0x00, 0x00, 0x00, 0x00, 0x00, 0x00, 0x00, 0x00, 0x00, 0x00, 0x00, 0x00, 0x00, 0x00,
  0x00, 0x00, 0x00, 0x00, 0x00, 0x00, 0x00, 0x00, 0x00, 0x00, 0x00, 0x00, 0x00, 0x00, 0x00, 0x00,
  0x00, 0x00, 0x00, 0x00, 0x00, 0x00, 0x00, 0x00, 0x00, 0x00, 0x00, 0x00, 0x00, 0x00, 0x00, 0x00,
  0x00, 0x00, 0x00, 0x00, 0x00, 0x00, 0x00, 0x00, 0x00, 0x00, 0x00, 0x00, 0x00, 0x00, 0x00, 0x00,
  0x00, 0x00, 0x00, 0x00, 0x00, 0x00, 0x00, 0x00, 0x00, 0x00, 0x00, 0x00, 0x00, 0x00, 0x00, 0x00,
  0x00, 0x00, 0x00, 0x00, 0x00, 0x00, 0x00, 0x00, 0x00, 0x00, 0x00, 0x00, 0x00, 0x00, 0x00, 0x00,
  0x00, 0x00, 0x00, 0x00, 0x00, 0x00, 0x00, 0x00, 0x00, 0x00, 0x00, 0x00, 0x00, 0x00, 0x00, 0x00,
  0x00, 0x00, 0x00, 0x00, 0x00, 0x00, 0x00, 0x00, 0x00, 0x00, 0x00, 0x00, 0x00, 0x00, 0x00, 0x00,
  0x00, 0x00, 0x00, 0x00, 0xff, 0xff, 0xff, 0x01, 0xff, 0xff, 0xff, 0x01, 0xff, 0xff, 0xff, 0x01,
  0x00, 0x00, 0x00, 0x00, 0x00, 0x00, 0x00, 0x00, 0xff, 0xff, 0xff, 0x01, 0x00, 0x00, 0x00, 0x00,
  0xff, 0xff, 0xff, 0x01, 0x00, 0x00, 0x00, 0x00, 0x00, 0x00, 0x00, 0x00, 0x00, 0x00, 0x00, 0x00,
  0x00, 0x00, 0x00, 0x00, 0x00, 0x00, 0x00, 0x00, 0xff, 0xff, 0xff, 0x01, 0x00, 0x00, 0x00, 0x00,
  0x00, 0x00, 0x00, 0x00, 0x00, 0x00, 0x00, 0x00, 0x00, 0x00, 0x00, 0x00, 0x00, 0x00, 0x00, 0x00,
  0x00, 0x00, 0x00, 0x00, 0x00, 0x00, 0x00, 0x00, 0x00, 0x00, 0x00, 0x00, 0x00, 0x00, 0x00, 0x00,
  0x00, 0x00, 0x00, 0x00, 0x00, 0x00, 0x00, 0x00, 0x00, 0x00, 0x00, 0x00, 0x00, 0x00, 0x00, 0x00,
  0x00, 0x00, 0x00, 0x00, 0x00, 0x00, 0x00, 0x00, 0x00, 0x00, 0x00, 0x00, 0x00, 0x00, 0x00, 0x00,
  0x00, 0x00, 0x00, 0x00, 0x00, 0x00, 0x00, 0x00, 0xff, 0xff, 0xff, 0x01, 0x01, 0x01, 0x01, 0x00,
  0x00, 0x00, 0x00, 0x00, 0xff, 0xff, 0xff, 0x01, 0xff, 0xff, 0xff, 0x01, 0xff, 0xff, 0xff, 0x01,
  0x00, 0x00, 0x00, 0x00, 0xff, 0xff, 0xff, 0x01, 0xff, 0xff, 0xff, 0x01, 0xff, 0xff, 0xff, 0x01,
  0xff, 0xff, 0xff, 0x01, 0xff, 0xff, 0xff, 0x01, 0xff, 0xff, 0xff, 0x01, 0xff, 0xff, 0xff, 0x01,
  0xff, 0xff, 0xff, 0x01, 0xff, 0xff, 0xff, 0x01, 0xff, 0xff, 0xff, 0x01, 0xff, 0xff, 0xff, 0x01,
  0xff, 0xff, 0xff, 0x01, 0xff, 0xff, 0xff, 0x01, 0xff, 0xff, 0xff, 0x01, 0xff, 0xff, 0xff, 0x01,
  0xff, 0xff, 0xff, 0x01, 0x00, 0x00, 0x00, 0x00, 0x00, 0x00, 0x00, 0x00, 0x00, 0x00, 0x00, 0x00,
  0x00, 0x00, 0x00, 0x00, 0x00, 0x00, 0x00, 0x00, 0x00, 0x00, 0x00, 0x00, 0x00, 0x00, 0x00, 0x00,
  0x00, 0x00, 0x00, 0x00, 0x00, 0x00, 0x00, 0x00, 0x00, 0x00, 0x00, 0x00, 0x00, 0x00, 0x00, 0x00,
  0x00, 0x00, 0x00, 0x00, 0x00, 0x00, 0x00, 0x00, 0x00, 0x00, 0x00, 0x00, 0x00, 0x00, 0x00, 0x00,
  0x00, 0x00, 0x00, 0x00, 0x00, 0x00, 0x00, 0x00, 0x00, 0x00, 0x00, 0x00, 0x00, 0x00, 0x00, 0x00,
  0x00, 0x00, 0x00, 0x00,
};

const lv_image_dsc_t Bubble = {
  .header.cf = LV_COLOR_FORMAT_ARGB8888,
  .header.magic = LV_IMAGE_HEADER_MAGIC,
  .header.w = 105,
  .header.h = 61,
  .data_size = 25620,
  .data = Bubble_map,
};
