#include "lvgl.h"

#ifndef LV_ATTRIBUTE_MEM_ALIGN
#define LV_ATTRIBUTE_MEM_ALIGN
#endif

#ifndef LV_ATTRIBUTE_IMAGE_GAUGE
#define LV_ATTRIBUTE_IMAGE_GAUGE
#endif

const LV_ATTRIBUTE_MEM_ALIGN LV_ATTRIBUTE_LARGE_CONST LV_ATTRIBUTE_IMAGE_GAUGE uint8_t Gauge_map[] = {
  0x00, 0x00, 0x00, 0x00, 0x00, 0x00, 0x00, 0x00, 0x00, 0x00, 0x00, 0x00, 0x00, 0x00, 0x00, 0x00,
  0x00, 0x00, 0x00, 0x00, 0x00, 0x00, 0x00, 0x00, 0x00, 0x00, 0x00, 0x00, 0x00, 0x00, 0x00, 0x00,
  0x00, 0x00, 0x00, 0x00, 0x00, 0x00, 0x00, 0x00, 0x00, 0x00, 0x00, 0x00, 0x00, 0x00, 0x00, 0x00,
  0x00, 0x00, 0x00, 0x00, 0x00, 0x00, 0x00, 0x00, 0x00, 0x00, 0x00, 0x00, 0x00, 0x00, 0x00, 0x00,
  0x00, 0x00, 0x00, 0x00, 0x00, 0x00, 0x00, 0x00, 0x00, 0x00, 0x00, 0x00, 0x00, 0x00, 0x00, 0x00,
  0x00, 0x00, 0x00, 0x00, 0x00, 0x00, 0x00, 0x00, 0x00, 0x00, 0x00, 0x00, 0x00, 0x00, 0x00, 0x00,
  0x00, 0x00, 0x00, 0x00, 0x00, 0x00, 0x00, 0x00, 0xff, 0xff, 0xff, 0x01, 0xbf, 0xbf, 0xbf, 0x04,
  0xff, 0xff, 0xff, 0x02, 0x00, 0x00, 0x00, 0x00, 0x00, 0x00, 0x00, 0x00, 0x00, 0x00, 0x00, 0x00,
  0x00, 0x00, 0x00, 0x00, 0xde, 0xd5, 0xd5, 0x1f, 0xdb, 0xd8, 0xd4, 0x48, 0xd8, 0xd4, 0xd2, 0x72,
  0xd5, 0xd2, 0xd0, 0x99, 0xd4, 0xd2, 0xd0, 0xb6, 0xd5, 0xd2, 0xcf, 0xd2, 0xd5, 0xd0, 0xce, 0xe2,
  0xd3, 0xd0, 0xcd, 0xea, 0xd3, 0xd0, 0xce, 0xf1, 0xd3, 0xd0, 0xce, 0xf1, 0xd2, 0xcf, 0xcd, 0xeb,
  0xd4, 0xd1, 0xce, 0xe0, 0xd4, 0xd1, 0xce, 0xce, 0xd4, 0xd0, 0xd0, 0xb5, 0xd5, 0xd2, 0xcf, 0x95,
  0xd9, 0xd5, 0xd2, 0x6e, 0xd8, 0xd4, 0xd4, 0x42, 0xda, 0xda, 0xd1, 0x1c, 0x00, 0x00, 0x00, 0x00,
  0x00, 0x00, 0x00, 0x00, 0x00, 0x00, 0x00, 0x00, 0x00, 0x00, 0x00, 0x00, 0xaa, 0xaa, 0xaa, 0x03,
  0xbf, 0xbf, 0xbf, 0x04, 0xff, 0xff, 0xff, 0x01, 0x00, 0x00, 0x00, 0x00, 0x00, 0x00, 0x00, 0x00,
  0x00, 0x00, 0x00, 0x00, 0x00, 0x00, 0x00, 0x00, 0x00, 0x00, 0x00, 0x00, 0x00, 0x00, 0x00, 0x00,
  0x00, 0x00, 0x00, 0x00, 0x00, 0x00, 0x00, 0x00, 0x00, 0x00, 0x00, 0x00, 0x00, 0x00, 0x00, 0x00,
  0x00, 0x00, 0x00, 0x00, 0x00, 0x00, 0x00, 0x00, 0x00, 0x00, 0x00, 0x00, 0x00, 0x00, 0x00, 0x00,
  0x00, 0x00, 0x00, 0x00, 0x00, 0x00, 0x00, 0x00, 0x00, 0x00, 0x00, 0x00, 0x00, 0x00, 0x00, 0x00,
  0x00, 0x00, 0x00, 0x00, 0x00, 0x00, 0x00, 0x00, 0x00, 0x00, 0x00, 0x00, 0x00, 0x00, 0x00, 0x00,
  0x00, 0x00, 0x00, 0x00, 0x00, 0x00, 0x00, 0x00, 0x00, 0x00, 0x00, 0x00, 0x00, 0x00, 0x00, 0x00,
  0x00, 0x00, 0x00, 0x00, 0x00, 0x00, 0x00, 0x00, 0x00, 0x00, 0x00, 0x00, 0x00, 0x00, 0x00, 0x00,
  0x00, 0x00, 0x00, 0x00, 0x00, 0x00, 0x00, 0x00, 0x00, 0x00, 0x00, 0x00, 0x00, 0x00, 0x00, 0x00,
  0x00, 0x00, 0x00, 0x00, 0x00, 0x00, 0x00, 0x00, 0x00, 0x00, 0x00, 0x00, 0x00, 0x00, 0x00, 0x00,
  0x00, 0x00, 0x00, 0x00, 0x00, 0x00, 0x00, 0x00, 0x00, 0x00, 0x00, 0x00, 0x00, 0x00, 0x00, 0x00,
  0x00, 0x00, 0x00, 0x00, 0x00, 0x00, 0x00, 0x00, 0x00, 0x00, 0x00, 0x00, 0x00, 0x00, 0x00, 0x00,
  0x00, 0x00, 0x00, 0x00, 0x00, 0x00, 0x00, 0x00, 0x00, 0x00, 0x00, 0x00, 0x00, 0x00, 0x00, 0x00,
  0xff, 0xff, 0xff, 0x02, 0xff, 0xff, 0xff, 0x03, 0x00, 0x00, 0x00, 0x00, 0x00, 0x00, 0x00, 0x00,
  0x00, 0x00, 0x00, 0x00, 0xd4, 0xd4, 0xd4, 0x18, 0xda, 0xd3, 0xd3, 0x53, 0xd7, 0xd2, 0xd2, 0x95,
  0xd6, 0xd2, 0xd1, 0xca, 0xd3, 0xd1, 0xcf, 0xf1, 0xd8, 0xd5, 0xd3, 0xff, 0xdd, 0xda, 0xd8, 0xff,
  0xdf, 0xdb, 0xd8, 0xff, 0xdf, 0xda, 0xd6, 0xff, 0xdf, 0xd7, 0xd2, 0xff, 0xdf, 0xd6, 0xd0, 0xff,
  0xdf, 0xd5, 0xcf, 0xff, 0xde, 0xd4, 0xce, 0xff, 0xde, 0xd3, 0xcd, 0xff, 0xde, 0xd4, 0xcf, 0xff,
  0xdf, 0xd5, 0xd1, 0xff, 0xe0, 0xd7, 0xd4, 0xff, 0xdf, 0xd9, 0xd6, 0xff, 0xdf, 0xdb, 0xd8, 0xff,
  0xde, 0xda, 0xd8, 0xff, 0xd5, 0xd4, 0xd2, 0xff, 0xd3, 0xd1, 0xd1, 0xef, 0xd4, 0xd2, 0xd1, 0xc8,
  0xd9, 0xd5, 0xd2, 0x8f, 0xd8, 0xd5, 0xd1, 0x4f, 0xe6, 0xda, 0xda, 0x15, 0x00, 0x00, 0x00, 0x00,
  0x00, 0x00, 0x00, 0x00, 0x00, 0x00, 0x00, 0x00, 0xff, 0xff, 0xff, 0x03, 0x7f, 0x7f, 0x7f, 0x02,
  0x00, 0x00, 0x00, 0x00, 0x00, 0x00, 0x00, 0x00, 0x00, 0x00, 0x00, 0x00, 0x00, 0x00, 0x00, 0x00,
  0x00, 0x00, 0x00, 0x00, 0x00, 0x00, 0x00, 0x00, 0x00, 0x00, 0x00, 0x00, 0x00, 0x00, 0x00, 0x00,
  0x00, 0x00, 0x00, 0x00, 0x00, 0x00, 0x00, 0x00, 0x00, 0x00, 0x00, 0x00, 0x00, 0x00, 0x00, 0x00,
  0x00, 0x00, 0x00, 0x00, 0x00, 0x00, 0x00, 0x00, 0x00, 0x00, 0x00, 0x00, 0x00, 0x00, 0x00, 0x00,
  0x00, 0x00, 0x00, 0x00, 0x00, 0x00, 0x00, 0x00, 0x00, 0x00, 0x00, 0x00, 0x00, 0x00, 0x00, 0x00,
  0x00, 0x00, 0x00, 0x00, 0x00, 0x00, 0x00, 0x00, 0x00, 0x00, 0x00, 0x00, 0x00, 0x00, 0x00, 0x00,
  0x00, 0x00, 0x00, 0x00, 0x00, 0x00, 0x00, 0x00, 0x00, 0x00, 0x00, 0x00, 0x00, 0x00, 0x00, 0x00,
  0x00, 0x00, 0x00, 0x00, 0x00, 0x00, 0x00, 0x00, 0x00, 0x00, 0x00, 0x00, 0x00, 0x00, 0x00, 0x00,
  0x00, 0x00, 0x00, 0x00, 0x00, 0x00, 0x00, 0x00, 0x00, 0x00, 0x00, 0x00, 0x00, 0x00, 0x00, 0x00,
  0x00, 0x00, 0x00, 0x00, 0x00, 0x00, 0x00, 0x00, 0x00, 0x00, 0x00, 0x00, 0x00, 0x00, 0x00, 0x00,
  0x00, 0x00, 0x00, 0x00, 0x00, 0x00, 0x00, 0x00, 0x00, 0x00, 0x00, 0x00, 0x00, 0x00, 0x00, 0x00,
  0x00, 0x00, 0x00, 0x00, 0x00, 0x00, 0x00, 0x00, 0xff, 0xff, 0xff, 0x02, 0xff, 0xaa, 0xaa, 0x03,
  0x00, 0x00, 0x00, 0x00, 0x00, 0x00, 0x00, 0x00, 0xd2, 0xd2, 0xd2, 0x11, 0xd7, 0xd4, 0xd4, 0x5b,
  0xd9, 0xd5, 0xd3, 0xb1, 0xd6, 0xd2, 0xd2, 0xf0, 0xe0, 0xdc, 0xda, 0xff, 0xe4, 0xde, 0xdd, 0xff,
  0xe2, 0xdb, 0xd6, 0xff, 0xe2, 0xd7, 0xce, 0xff, 0xe2, 0xd4, 0xca, 0xfe, 0xe0, 0xd4, 0xcc, 0xfc,
  0xdb, 0xd3, 0xcc, 0xfc, 0xd1, 0xcf, 0xcd, 0xfd, 0xc7, 0xcc, 0xd0, 0xfd, 0xbc, 0xc9, 0xd1, 0xfe,
  0xb5, 0xc7, 0xd3, 0xfe, 0xb2, 0xc6, 0xd5, 0xfe, 0xb2, 0xcb, 0xd6, 0xfe, 0xb6, 0xcb, 0xd4, 0xfe,
  0xbe, 0xcb, 0xd2, 0xfe, 0xc7, 0xce, 0xd0, 0xfd, 0xd0, 0xd0, 0xce, 0xfd, 0xdc, 0xd2, 0xcc, 0xfc,
  0xe1, 0xd2, 0xcb, 0xfc, 0xe2, 0xd2, 0xcb, 0xff, 0xe2, 0xd5, 0xd0, 0xff, 0xe0, 0xdb, 0xd6, 0xff,
  0xe4, 0xe0, 0xdc, 0xff, 0xdf, 0xdc, 0xd9, 0xff, 0xd7, 0xd3, 0xd0, 0xee, 0xd9, 0xd4, 0xd2, 0xac,
  0xdb, 0xd5, 0xd3, 0x57, 0xd7, 0xd7, 0xd7, 0x0d, 0x00, 0x00, 0x00, 0x00, 0x00, 0x00, 0x00, 0x00,
  0xff, 0xff, 0xff, 0x03, 0xff, 0xff, 0xff, 0x02, 0x00, 0x00, 0x00, 0x00, 0x00, 0x00, 0x00, 0x00,
  0x00, 0x00, 0x00, 0x00, 0x00, 0x00, 0x00, 0x00, 0x00, 0x00, 0x00, 0x00, 0x00, 0x00, 0x00, 0x00,
  0x00, 0x00, 0x00, 0x00, 0x00, 0x00, 0x00, 0x00, 0x00, 0x00, 0x00, 0x00, 0x00, 0x00, 0x00, 0x00,
  0x00, 0x00, 0x00, 0x00, 0x00, 0x00, 0x00, 0x00, 0x00, 0x00, 0x00, 0x00, 0x00, 0x00, 0x00, 0x00,
  0x00, 0x00, 0x00, 0x00, 0x00, 0x00, 0x00, 0x00, 0x00, 0x00, 0x00, 0x00, 0x00, 0x00, 0x00, 0x00,
  0x00, 0x00, 0x00, 0x00, 0x00, 0x00, 0x00, 0x00, 0x00, 0x00, 0x00, 0x00, 0x00, 0x00, 0x00, 0x00,
  0x00, 0x00, 0x00, 0x00, 0x00, 0x00, 0x00, 0x00, 0x00, 0x00, 0x00, 0x00, 0x00, 0x00, 0x00, 0x00,
  0x00, 0x00, 0x00, 0x00, 0x00, 0x00, 0x00, 0x00, 0x00, 0x00, 0x00, 0x00, 0x00, 0x00, 0x00, 0x00,
  0x00, 0x00, 0x00, 0x00, 0x00, 0x00, 0x00, 0x00, 0x00, 0x00, 0x00, 0x00, 0x00, 0x00, 0x00, 0x00,
  0x00, 0x00, 0x00, 0x00, 0x00, 0x00, 0x00, 0x00, 0x00, 0x00, 0x00, 0x00, 0x00, 0x00, 0x00, 0x00,
  0x00, 0x00, 0x00, 0x00, 0x00, 0x00, 0x00, 0x00, 0x00, 0x00, 0x00, 0x00, 0x00, 0x00, 0x00, 0x00,
  0xff, 0xff, 0xff, 0x01, 0xff, 0xff, 0xff, 0x03, 0x00, 0x00, 0x00, 0x00, 0x00, 0x00, 0x00, 0x00,
  0xda, 0xd4, 0xd4, 0x2a, 0xdc, 0xd6, 0xd5, 0x8c, 0xd8, 0xd3, 0xd3, 0xe5, 0xde, 0xdc, 0xdb, 0xff,
  0xe0, 0xdb, 0xd9, 0xff, 0xdf, 0xd5, 0xce, 0xff, 0xe1, 0xd4, 0xcb, 0xfc, 0xdc, 0xd4, 0xcd, 0xfb,
  0xc8, 0xcc, 0xd0, 0xfd, 0xa3, 0xc1, 0xd7, 0xfe, 0x7c, 0xb6, 0xdb, 0xff, 0x5a, 0xab, 0xe4, 0xff,
  0x3d, 0xa2, 0xe7, 0xff, 0x25, 0x9b, 0xeb, 0xff, 0x16, 0x97, 0xed, 0xff, 0x0d, 0x95, 0xef, 0xff,
  0x08, 0x92, 0xf0, 0xff, 0x07, 0x99, 0xf2, 0xff, 0x08, 0xb0, 0xf8, 0xff, 0x0a, 0xb0, 0xf7, 0xff,
  0x10, 0xb0, 0xf6, 0xff, 0x16, 0xb2, 0xf2, 0xff, 0x28, 0xb4, 0xf1, 0xff, 0x3d, 0xb8, 0xed, 0xff,
  0x5c, 0xbd, 0xe6, 0xff, 0x80, 0xc2, 0xdf, 0xff, 0xa4, 0xc9, 0xd7, 0xfe, 0xc9, 0xce, 0xcf, 0xfd,
  0xdf, 0xd1, 0xcd, 0xfb, 0xe2, 0xd2, 0xcb, 0xfc, 0xde, 0xd4, 0xcf, 0xff, 0xe0, 0xdc, 0xd9, 0xff,
  0xdf, 0xdc, 0xd9, 0xff, 0xd8, 0xd4, 0xd2, 0xe0, 0xd9, 0xd4, 0xd4, 0x89, 0xda, 0xd3, 0xda, 0x23,
  0x00, 0x00, 0x00, 0x00, 0x00, 0x00, 0x00, 0x00, 0xff, 0xff, 0xff, 0x03, 0xff, 0xff, 0xff, 0x01,
  0x00, 0x00, 0x00, 0x00, 0x00, 0x00, 0x00, 0x00, 0x00, 0x00, 0x00, 0x00, 0x00, 0x00, 0x00, 0x00,
  0x00, 0x00, 0x00, 0x00, 0x00, 0x00, 0x00, 0x00, 0x00, 0x00, 0x00, 0x00, 0x00, 0x00, 0x00, 0x00,
  0x00, 0x00, 0x00, 0x00, 0x00, 0x00, 0x00, 0x00, 0x00, 0x00, 0x00, 0x00, 0x00, 0x00, 0x00, 0x00,
  0x00, 0x00, 0x00, 0x00, 0x00, 0x00, 0x00, 0x00, 0x00, 0x00, 0x00, 0x00, 0x00, 0x00, 0x00, 0x00,
  0x00, 0x00, 0x00, 0x00, 0x00, 0x00, 0x00, 0x00, 0x00, 0x00, 0x00, 0x00, 0x00, 0x00, 0x00, 0x00,
  0x00, 0x00, 0x00, 0x00, 0x00, 0x00, 0x00, 0x00, 0x00, 0x00, 0x00, 0x00, 0x00, 0x00, 0x00, 0x00,
  0x00, 0x00, 0x00, 0x00, 0x00, 0x00, 0x00, 0x00, 0x00, 0x00, 0x00, 0x00, 0x00, 0x00, 0x00, 0x00,
  0x00, 0x00, 0x00, 0x00, 0x00, 0x00, 0x00, 0x00, 0x00, 0x00, 0x00, 0x00, 0x00, 0x00, 0x00, 0x00,
  0x00, 0x00, 0x00, 0x00, 0x00, 0x00, 0x00, 0x00, 0x00, 0x00, 0x00, 0x00, 0x00, 0x00, 0x00, 0x00,
  0x00, 0x00, 0x00, 0x00, 0x00, 0x00, 0x00, 0x00, 0x00, 0x00, 0x00, 0x00, 0xbf, 0xbf, 0xbf, 0x04,
  0x00, 0x00, 0x00, 0x00, 0x00, 0x00, 0x00, 0x00, 0xd5, 0xd0, 0xd0, 0x31, 0xdb, 0xd7, 0xd5, 0xa0,
  0xd7, 0xd3, 0xd2, 0xf8, 0xe1, 0xdd, 0xdc, 0xff, 0xdc, 0xd7, 0xcf, 0xff, 0xe0, 0xd3, 0xcb, 0xfc,
  0xda, 0xd1, 0xcd, 0xfc, 0xb3, 0xc6, 0xd3, 0xfe, 0x7e, 0xb5, 0xde, 0xff, 0x42, 0xa4, 0xe7, 0xff,
  0x16, 0x97, 0xed, 0xff, 0x00, 0x90, 0xf2, 0xff, 0x00, 0x8e, 0xf3, 0xff, 0x00, 0x8e, 0xf4, 0xff,
  0x00, 0x8f, 0xf4, 0xff, 0x00, 0x8f, 0xf4, 0xff, 0x00, 0x90, 0xf3, 0xff, 0x00, 0x91, 0xf3, 0xff,
  0x00, 0x90, 0xf3, 0xff, 0x01, 0x98, 0xf3, 0xff, 0x01, 0xaf, 0xfa, 0xff, 0x00, 0xaf, 0xf9, 0xff,
  0x00, 0xaf, 0xfa, 0xff, 0x00, 0xae, 0xfa, 0xff, 0x00, 0xad, 0xfb, 0xff, 0x00, 0xad, 0xfc, 0xff,
  0x00, 0xad, 0xfb, 0xff, 0x00, 0xad, 0xfb, 0xff, 0x00, 0xae, 0xf8, 0xff, 0x1a, 0xb2, 0xf4, 0xff,
  0x45, 0xb9, 0xea, 0xff, 0x7e, 0xc2, 0xe0, 0xff, 0xb9, 0xcb, 0xd4, 0xfe, 0xdb, 0xd1, 0xcc, 0xfc,
  0xdf, 0xd1, 0xca, 0xfc, 0xdc, 0xd5, 0xd2, 0xff, 0xe1, 0xdf, 0xdc, 0xff, 0xd7, 0xd4, 0xd2, 0xf4,
  0xda, 0xd5, 0xd3, 0x9a, 0xd5, 0xcf, 0xcf, 0x2b, 0x00, 0x00, 0x00, 0x00, 0x00, 0x00, 0x00, 0x00,
  0xff, 0xff, 0xff, 0x03, 0x00, 0x00, 0x00, 0x00, 0x00, 0x00, 0x00, 0x00, 0x00, 0x00, 0x00, 0x00,
  0x00, 0x00, 0x00, 0x00, 0x00, 0x00, 0x00, 0x00, 0x00, 0x00, 0x00, 0x00, 0x00, 0x00, 0x00, 0x00,
  0x00, 0x00, 0x00, 0x00, 0x00, 0x00, 0x00, 0x00, 0x00, 0x00, 0x00, 0x00, 0x00, 0x00, 0x00, 0x00,
  0x00, 0x00, 0x00, 0x00, 0x00, 0x00, 0x00, 0x00, 0x00, 0x00, 0x00, 0x00, 0x00, 0x00, 0x00, 0x00,
  0x00, 0x00, 0x00, 0x00, 0x00, 0x00, 0x00, 0x00, 0x00, 0x00, 0x00, 0x00, 0x00, 0x00, 0x00, 0x00,
  0x00, 0x00, 0x00, 0x00, 0x00, 0x00, 0x00, 0x00, 0x00, 0x00, 0x00, 0x00, 0x00, 0x00, 0x00, 0x00,
  0x00, 0x00, 0x00, 0x00, 0x00, 0x00, 0x00, 0x00, 0x00, 0x00, 0x00, 0x00, 0x00, 0x00, 0x00, 0x00,
  0x00, 0x00, 0x00, 0x00, 0x00, 0x00, 0x00, 0x00, 0x00, 0x00, 0x00, 0x00, 0x00, 0x00, 0x00, 0x00,
  0x00, 0x00, 0x00, 0x00, 0x00, 0x00, 0x00, 0x00, 0x00, 0x00, 0x00, 0x00, 0x00, 0x00, 0x00, 0x00,
  0x00, 0x00, 0x00, 0x00, 0xff, 0x7f, 0x7f, 0x02, 0xff, 0xff, 0xff, 0x01, 0x00, 0x00, 0x00, 0x00,
  0xd1, 0xd1, 0xd1, 0x1c, 0xdb, 0xd4, 0xd4, 0x97, 0xda, 0xd4, 0xd4, 0xfa, 0xdf, 0xdc, 0xdd, 0xff,
  0xdb, 0xd3, 0xcd, 0xff, 0xe3, 0xd6, 0xcb, 0xfb, 0xc6, 0xcb, 0xd0, 0xfe, 0x83, 0xb8, 0xdc, 0xff,
  0x3b, 0xa1, 0xe7, 0xff, 0x0a, 0x92, 0xf1, 0xff, 0x00, 0x8f, 0xf2, 0xff, 0x00, 0x8e, 0xf4, 0xff,
  0x00, 0x91, 0xf3, 0xff, 0x00, 0x92, 0xf2, 0xff, 0x03, 0x93, 0xf2, 0xff, 0x03, 0x93, 0xf2, 0xff,
  0x02, 0x93, 0xf1, 0xff, 0x02, 0x93, 0xf2, 0xff, 0x01, 0x92, 0xf2, 0xff, 0x01, 0x92, 0xf2, 0xff,
  0x00, 0x91, 0xf2, 0xff, 0x01, 0x98, 0xf3, 0xff, 0x03, 0xaf, 0xfa, 0xff, 0x02, 0xaf, 0xf9, 0xff,
  0x01, 0xaf, 0xf9, 0xff, 0x01, 0xaf, 0xf9, 0xff, 0x02, 0xaf, 0xf8, 0xff, 0x02, 0xb0, 0xf8, 0xff,
  0x03, 0xb0, 0xf9, 0xff, 0x03, 0xaf, 0xf9, 0xff, 0x00, 0xaf, 0xf9, 0xff, 0x00, 0xae, 0xfa, 0xff,
  0x00, 0xad, 0xfb, 0xff, 0x00, 0xad, 0xfb, 0xff, 0x0e, 0xb0, 0xf6, 0xff, 0x3e, 0xb8, 0xeb, 0xff,
  0x8a, 0xc6, 0xdd, 0xff, 0xcb, 0xd1, 0xce, 0xfd, 0xe1, 0xd0, 0xcb, 0xfb, 0xdb, 0xd2, 0xcd, 0xff,
  0xe1, 0xde, 0xdc, 0xff, 0xd8, 0xd5, 0xd2, 0xf7, 0xdb, 0xd5, 0xd2, 0x8e, 0xd0, 0xc5, 0xd0, 0x16,
  0x00, 0x00, 0x00, 0x00, 0xff, 0xff, 0xff, 0x02, 0x7f, 0x7f, 0x7f, 0x02, 0x00, 0x00, 0x00, 0x00,
  0x00, 0x00, 0x00, 0x00, 0x00, 0x00, 0x00, 0x00, 0x00, 0x00, 0x00, 0x00, 0x00, 0x00, 0x00, 0x00,
  0x00, 0x00, 0x00, 0x00, 0x00, 0x00, 0x00, 0x00, 0x00, 0x00, 0x00, 0x00, 0x00, 0x00, 0x00, 0x00,
  0x00, 0x00, 0x00, 0x00, 0x00, 0x00, 0x00, 0x00, 0x00, 0x00, 0x00, 0x00, 0x00, 0x00, 0x00, 0x00,
  0x00, 0x00, 0x00, 0x00, 0x00, 0x00, 0x00, 0x00, 0x00, 0x00, 0x00, 0x00, 0x00, 0x00, 0x00, 0x00,
  0x00, 0x00, 0x00, 0x00, 0x00, 0x00, 0x00, 0x00, 0x00, 0x00, 0x00, 0x00, 0x00, 0x00, 0x00, 0x00,
  0x00, 0x00, 0x00, 0x00, 0x00, 0x00, 0x00, 0x00, 0x00, 0x00, 0x00, 0x00, 0x00, 0x00, 0x00, 0x00,
  0x00, 0x00, 0x00, 0x00, 0x00, 0x00, 0x00, 0x00, 0x00, 0x00, 0x00, 0x00, 0x00, 0x00, 0x00, 0x00,
  0x00, 0x00, 0x00, 0x00, 0x00, 0x00, 0x00, 0x00, 0x00, 0x00, 0x00, 0x00, 0x00, 0x00, 0x00, 0x00,
  0xff, 0xff, 0xff, 0x03, 0x00, 0x00, 0x00, 0x00, 0x00, 0x00, 0x00, 0x00, 0xd9, 0xd4, 0xd2, 0x66,
  0xd9, 0xd5, 0xd3, 0xea, 0xe2, 0xdd, 0xdc, 0xff, 0xd9, 0xd1, 0xce, 0xff, 0xe0, 0xd5, 0xcc, 0xfc,
  0xbe, 0xc7, 0xd1, 0xfe, 0x6a, 0xa0, 0xdf, 0xff, 0x19, 0x7f, 0xe8, 0xff, 0x00, 0x88, 0xf2, 0xff,
  0x00, 0x8f, 0xf4, 0xff, 0x01, 0x91, 0xf2, 0xff, 0x04, 0x93, 0xf2, 0xff, 0x03, 0x93, 0xf2, 0xff,
  0x01, 0x92, 0xf2, 0xff, 0x00, 0x92, 0xf2, 0xff, 0x00, 0x92, 0xf2, 0xff, 0x00, 0x92, 0xf2, 0xff,
  0x00, 0x92, 0xf2, 0xff, 0x00, 0x92, 0xf2, 0xff, 0x00, 0x92, 0xf2, 0xff, 0x00, 0x92, 0xf2, 0xff,
  0x00, 0x91, 0xf2, 0xff, 0x01, 0x98, 0xf3, 0xff, 0x03, 0xaf, 0xfa, 0xff, 0x01, 0xaf, 0xf9, 0xff,
  0x00, 0xaf, 0xf9, 0xff, 0x00, 0xaf, 0xf9, 0xff, 0x00, 0xaf, 0xf9, 0xff, 0x00, 0xaf, 0xf9, 0xff,
  0x00, 0xaf, 0xf9, 0xff, 0x00, 0xaf, 0xf9, 0xff, 0x00, 0xaf, 0xf9, 0xff, 0x01, 0xaf, 0xf9, 0xff,
  0x03, 0xaf, 0xf9, 0xff, 0x04, 0xaf, 0xf9, 0xff, 0x00, 0xaf, 0xf9, 0xff, 0x00, 0xab, 0xfb, 0xff,
  0x00, 0xbc, 0xfb, 0xff, 0x1e, 0xcf, 0xf7, 0xff, 0x70, 0xce, 0xe4, 0xff, 0xc1, 0xd0, 0xd2, 0xfe,
  0xe2, 0xd1, 0xca, 0xfb, 0xd9, 0xd1, 0xce, 0xff, 0xe2, 0xdf, 0xdd, 0xff, 0xd8, 0xd5, 0xd4, 0xe4,
  0xd7, 0xd4, 0xd2, 0x61, 0x00, 0x00, 0x00, 0x00, 0x00, 0x00, 0x00, 0x00, 0xff, 0xff, 0xff, 0x03,
  0x00, 0x00, 0x00, 0x00, 0x00, 0x00, 0x00, 0x00, 0x00, 0x00, 0x00, 0x00, 0x00, 0x00, 0x00, 0x00,
  0x00, 0x00, 0x00, 0x00, 0x00, 0x00, 0x00, 0x00, 0x00, 0x00, 0x00, 0x00, 0x00, 0x00, 0x00, 0x00,
  0x00, 0x00, 0x00, 0x00, 0x00, 0x00, 0x00, 0x00, 0x00, 0x00, 0x00, 0x00, 0x00, 0x00, 0x00, 0x00,
  0x00, 0x00, 0x00, 0x00, 0x00, 0x00, 0x00, 0x00, 0x00, 0x00, 0x00, 0x00, 0x00, 0x00, 0x00, 0x00,
  0x00, 0x00, 0x00, 0x00, 0x00, 0x00, 0x00, 0x00, 0x00, 0x00, 0x00, 0x00, 0x00, 0x00, 0x00, 0x00,
  0x00, 0x00, 0x00, 0x00, 0x00, 0x00, 0x00, 0x00, 0x00, 0x00, 0x00, 0x00, 0x00, 0x00, 0x00, 0x00,
  0x00, 0x00, 0x00, 0x00, 0x00, 0x00, 0x00, 0x00, 0x00, 0x00, 0x00, 0x00, 0x00, 0x00, 0x00, 0x00,
  0x00, 0x00, 0x00, 0x00, 0x00, 0x00, 0x00, 0x00, 0x00, 0x00, 0x00, 0x00, 0xbf, 0xbf, 0xbf, 0x04,
  0x00, 0x00, 0x00, 0x00, 0xce, 0xc7, 0xc7, 0x25, 0xda, 0xd6, 0xd5, 0xb7, 0xe2, 0xdd, 0xde, 0xff,
  0xd8, 0xd2, 0xd2, 0xff, 0xdf, 0xd5, 0xcc, 0xfb, 0xc6, 0xca, 0xd2, 0xfe, 0x6a, 0xa0, 0xdf, 0xff,
  0x13, 0x79, 0xec, 0xff, 0x00, 0x6f, 0xef, 0xff, 0x00, 0x72, 0xee, 0xff, 0x05, 0x82, 0xef, 0xff,
  0x03, 0x94, 0xf3, 0xff, 0x00, 0x92, 0xf2, 0xff, 0x00, 0x92, 0xf2, 0xff, 0x00, 0x92, 0xf2, 0xff,
  0x00, 0x92, 0xf2, 0xff, 0x00, 0x92, 0xf2, 0xff, 0x00, 0x92, 0xf2, 0xff, 0x00, 0x92, 0xf2, 0xff,
  0x01, 0x92, 0xf2, 0xff, 0x02, 0x92, 0xf2, 0xff, 0x02, 0x93, 0xf1, 0xff, 0x03, 0x93, 0xf1, 0xff,
  0x03, 0x92, 0xf1, 0xff, 0x04, 0x99, 0xf3, 0xff, 0x06, 0xb0, 0xfa, 0xff, 0x04, 0xb0, 0xf8, 0xff,
  0x03, 0xb0, 0xf8, 0xff, 0x02, 0xaf, 0xf9, 0xff, 0x02, 0xaf, 0xf9, 0xff, 0x01, 0xaf, 0xf9, 0xff,
  0x00, 0xaf, 0xf9, 0xff, 0x00, 0xaf, 0xf9, 0xff, 0x00, 0xaf, 0xf9, 0xff, 0x00, 0xaf, 0xf9, 0xff,
  0x00, 0xaf, 0xf9, 0xff, 0x00, 0xaf, 0xf9, 0xff, 0x00, 0xaf, 0xf9, 0xff, 0x03, 0xb1, 0xf8, 0xff,
  0x04, 0xc9, 0xfd, 0xff, 0x00, 0xcd, 0xff, 0xff, 0x00, 0xcc, 0xff, 0xff, 0x14, 0xcc, 0xf9, 0xff,
  0x6f, 0xce, 0xe5, 0xff, 0xcb, 0xcf, 0xd1, 0xfe, 0xe0, 0xd0, 0xcb, 0xfb, 0xd9, 0xd5, 0xd2, 0xff,
  0xe2, 0xdd, 0xdd, 0xff, 0xda, 0xd5, 0xd3, 0xae, 0xcc, 0xcc, 0xcc, 0x1e, 0x00, 0x00, 0x00, 0x00,
  0xbf, 0xbf, 0xbf, 0x04, 0x00, 0x00, 0x00, 0x00, 0x00, 0x00, 0x00, 0x00, 0x00, 0x00, 0x00, 0x00,
  0x00, 0x00, 0x00, 0x00, 0x00, 0x00, 0x00, 0x00, 0x00, 0x00, 0x00, 0x00, 0x00, 0x00, 0x00, 0x00,
  0x00, 0x00, 0x00, 0x00, 0x00, 0x00, 0x00, 0x00, 0x00, 0x00, 0x00, 0x00, 0x00, 0x00, 0x00, 0x00,
  0x00, 0x00, 0x00, 0x00, 0x00, 0x00, 0x00, 0x00, 0x00, 0x00, 0x00, 0x00, 0x00, 0x00, 0x00, 0x00,
  0x00, 0x00, 0x00, 0x00, 0x00, 0x00, 0x00, 0x00, 0x00, 0x00, 0x00, 0x00, 0x00, 0x00, 0x00, 0x00,
  0x00, 0x00, 0x00, 0x00, 0x00, 0x00, 0x00, 0x00, 0x00, 0x00, 0x00, 0x00, 0x00, 0x00, 0x00, 0x00,
  0x00, 0x00, 0x00, 0x00, 0x00, 0x00, 0x00, 0x00, 0x00, 0x00, 0x00, 0x00, 0x00, 0x00, 0x00, 0x00,
  0x00, 0x00, 0x00, 0x00, 0xff, 0xff, 0xff, 0x01, 0xff, 0xff, 0xff, 0x02, 0x00, 0x00, 0x00, 0x00,
  0xd5, 0xd2, 0xcf, 0x55, 0xdc, 0xd7, 0xd5, 0xed, 0xe0, 0xdb, 0xd9, 0xff, 0xdb, 0xd3, 0xcc, 0xfb,
  0xd9, 0xd2, 0xcd, 0xfe, 0x84, 0xad, 0xdc, 0xff, 0x1b, 0x7d, 0xe9, 0xff, 0x00, 0x6f, 0xef, 0xff,
  0x00, 0x74, 0xef, 0xff, 0x04, 0x77, 0xee, 0xff, 0x01, 0x75, 0xee, 0xff, 0x01, 0x77, 0xee, 0xff,
  0x01, 0x8f, 0xf2, 0xff, 0x00, 0x93, 0xf2, 0xff, 0x00, 0x92, 0xf2, 0xff, 0x00, 0x92, 0xf2, 0xff,
  0x01, 0x92, 0xf2, 0xff, 0x03, 0x93, 0xf2, 0xff, 0x04, 0x93, 0xf1, 0xff, 0x04, 0x92, 0xf3, 0xff,
  0x00, 0x91, 0xf3, 0xff, 0x00, 0x90, 0xf3, 0xff, 0x00, 0x8e, 0xf4, 0xff, 0x00, 0x8e, 0xf4, 0xff,
  0x00, 0x8c, 0xf3, 0xff, 0x00, 0x94, 0xf5, 0xff, 0x00, 0xad, 0xfc, 0xff, 0x00, 0xac, 0xfc, 0xff,
  0x00, 0xad, 0xfc, 0xff, 0x00, 0xad, 0xfb, 0xff, 0x00, 0xae, 0xfa, 0xff, 0x00, 0xae, 0xf9, 0xff,
  0x02, 0xaf, 0xf8, 0xff, 0x04, 0xb0, 0xf8, 0xff, 0x03, 0xaf, 0xf8, 0xff, 0x01, 0xaf, 0xf9, 0xff,
  0x00, 0xaf, 0xf9, 0xff, 0x00, 0xaf, 0xfa, 0xff, 0x01, 0xad, 0xf8, 0xff, 0x02, 0xba, 0xfa, 0xff,
  0x01, 0xce, 0xfe, 0xff, 0x02, 0xcc, 0xfe, 0xff, 0x04, 0xcd, 0xfe, 0xff, 0x00, 0xcc, 0xff, 0xff,
  0x00, 0xcc, 0xff, 0xff, 0x1e, 0xcd, 0xf6, 0xff, 0x8e, 0xcf, 0xde, 0xff, 0xdb, 0xce, 0xcc, 0xfe,
  0xda, 0xd0, 0xcc, 0xfb, 0xdf, 0xdd, 0xdb, 0xff, 0xda, 0xd6, 0xd3, 0xe8, 0xd6, 0xd2, 0xcf, 0x4b,
  0x00, 0x00, 0x00, 0x00, 0xff, 0xaa, 0xaa, 0x03, 0xff, 0xff, 0xff, 0x01, 0x00, 0x00, 0x00, 0x00,
  0x00, 0x00, 0x00, 0x00, 0x00, 0x00, 0x00, 0x00, 0x00, 0x00, 0x00, 0x00, 0x00, 0x00, 0x00, 0x00,
  0x00, 0x00, 0x00, 0x00, 0x00, 0x00, 0x00, 0x00, 0x00, 0x00, 0x00, 0x00, 0x00, 0x00, 0x00, 0x00,
  0x00, 0x00, 0x00, 0x00, 0x00, 0x00, 0x00, 0x00, 0x00, 0x00, 0x00, 0x00, 0x00, 0x00, 0x00, 0x00,
  0x00, 0x00, 0x00, 0x00, 0x00, 0x00, 0x00, 0x00, 0x00, 0x00, 0x00, 0x00, 0x00, 0x00, 0x00, 0x00,
  0x00, 0x00, 0x00, 0x00, 0x00, 0x00, 0x00, 0x00, 0x00, 0x00, 0x00, 0x00, 0x00, 0x00, 0x00, 0x00,
  0x00, 0x00, 0x00, 0x00, 0x00, 0x00, 0x00, 0x00, 0x00, 0x00, 0x00, 0x00, 0x00, 0x00, 0x00, 0x00,
  0x7f, 0x7f, 0x7f, 0x02, 0xff, 0xff, 0xff, 0x01, 0x00, 0x00, 0x00, 0x00, 0xd6, 0xd4, 0xd0, 0x83,
  0xdf, 0xda, 0xd9, 0xff, 0xd7, 0xd2, 0xd0, 0xff, 0xdf, 0xd5, 0xcb, 0xfc, 0xb9, 0xc5, 0xd2, 0xff,
  0x3e, 0x8e, 0xe5, 0xff, 0x00, 0x6f, 0xf0, 0xff, 0x00, 0x73, 0xef, 0xff, 0x03, 0x76, 0xee, 0xff,
  0x01, 0x75, 0xee, 0xff, 0x00, 0x75, 0xee, 0xff, 0x00, 0x75, 0xee, 0xff, 0x00, 0x74, 0xed, 0xff,
  0x03, 0x85, 0xf1, 0xff, 0x02, 0x93, 0xf3, 0xff, 0x03, 0x92, 0xf2, 0xff, 0x02, 0x93, 0xf2, 0xff,
  0x00, 0x90, 0xf3, 0xff, 0x00, 0x8e, 0xf4, 0xff, 0x00, 0x8d, 0xf6, 0xff, 0x02, 0x90, 0xf2, 0xff,
  0x10, 0x95, 0xef, 0xff, 0x26, 0x9c, 0xeb, 0xff, 0x3a, 0xa3, 0xe7, 0xff, 0x4d, 0xa8, 0xe5, 0xff,
  0x57, 0xab, 0xe3, 0xff, 0x5e, 0xb1, 0xe2, 0xff, 0x5f, 0xbd, 0xe7, 0xff, 0x59, 0xbd, 0xe6, 0xff,
  0x4c, 0xba, 0xe9, 0xff, 0x3a, 0xb7, 0xee, 0xff, 0x25, 0xb4, 0xf2, 0xff, 0x10, 0xb1, 0xf5, 0xff,
  0x00, 0xaf, 0xf9, 0xff, 0x00, 0xac, 0xfc, 0xff, 0x00, 0xad, 0xfb, 0xff, 0x00, 0xae, 0xfa, 0xff,
  0x02, 0xaf, 0xf9, 0xff, 0x03, 0xaf, 0xf9, 0xff, 0x02, 0xae, 0xf8, 0xff, 0x01, 0xc5, 0xfc, 0xff,
  0x00, 0xce, 0xff, 0xff, 0x00, 0xcc, 0xff, 0xff, 0x00, 0xcc, 0xff, 0xff, 0x01, 0xcc, 0xff, 0xff,
  0x03, 0xcc, 0xff, 0xff, 0x00, 0xcc, 0xff, 0xff, 0x00, 0xcc, 0xfe, 0xff, 0x45, 0xce, 0xee, 0xff,
  0xbe, 0xd1, 0xd2, 0xff, 0xe0, 0xd0, 0xcb, 0xfb, 0xd7, 0xd5, 0xd2, 0xff, 0xdd, 0xd9, 0xd5, 0xff,
  0xd4, 0xd2, 0xce, 0x7d, 0x00, 0x00, 0x00, 0x00, 0xff, 0xff, 0xff, 0x01, 0xff, 0xff, 0xff, 0x01,
  0x00, 0x00, 0x00, 0x00, 0x00, 0x00, 0x00, 0x00, 0x00, 0x00, 0x00, 0x00, 0x00, 0x00, 0x00, 0x00,
  0x00, 0x00, 0x00, 0x00, 0x00, 0x00, 0x00, 0x00, 0x00, 0x00, 0x00, 0x00, 0x00, 0x00, 0x00, 0x00,
  0x00, 0x00, 0x00, 0x00, 0x00, 0x00, 0x00, 0x00, 0x00, 0x00, 0x00, 0x00, 0x00, 0x00, 0x00, 0x00,
  0x00, 0x00, 0x00, 0x00, 0x00, 0x00, 0x00, 0x00, 0x00, 0x00, 0x00, 0x00, 0x00, 0x00, 0x00, 0x00,
  0x00, 0x00, 0x00, 0x00, 0x00, 0x00, 0x00, 0x00, 0x00, 0x00, 0x00, 0x00, 0x00, 0x00, 0x00, 0x00,
  0x00, 0x00, 0x00, 0x00, 0x00, 0x00, 0x00, 0x00, 0x00, 0x00, 0x00, 0x00, 0xff, 0xff, 0xff, 0x02,
  0x00, 0x00, 0x00, 0x00, 0xcc, 0xcc, 0xcc, 0x05, 0xd8, 0xd4, 0xd1, 0xa7, 0xe3, 0xe0, 0xdd, 0xff,
  0xd5, 0xd1, 0xcd, 0xfc, 0xdf, 0xd4, 0xcc, 0xfe, 0x8c, 0xb0, 0xda, 0xff, 0x11, 0x7a, 0xe9, 0xff,
  0x00, 0x70, 0xef, 0xff, 0x04, 0x76, 0xef, 0xff, 0x01, 0x76, 0xee, 0xff, 0x00, 0x75, 0xee, 0xff,
  0x00, 0x75, 0xee, 0xff, 0x00, 0x75, 0xee, 0xff, 0x00, 0x75, 0xee, 0xff, 0x02, 0x74, 0xee, 0xff,
  0x06, 0x7c, 0xef, 0xff, 0x00, 0x91, 0xf4, 0xff, 0x00, 0x8e, 0xf4, 0xff, 0x00, 0x90, 0xf2, 0xff,
  0x19, 0x98, 0xed, 0xff, 0x48, 0xa6, 0xe5, 0xff, 0x7a, 0xb4, 0xdf, 0xff, 0xa4, 0xc1, 0xd6, 0xfe,
  0xbe, 0xca, 0xd1, 0xfd, 0xd3, 0xd0, 0xce, 0xfb, 0xda, 0xd3, 0xcd, 0xfb, 0xe0, 0xd3, 0xcc, 0xfb,
  0xe1, 0xd4, 0xcc, 0xfb, 0xe1, 0xd4, 0xcc, 0xfc, 0xe1, 0xd2, 0xcb, 0xfc, 0xe1, 0xd2, 0xcb, 0xfb,
  0xde, 0xd2, 0xcc, 0xfb, 0xda, 0xd1, 0xcc, 0xfb, 0xd1, 0xd0, 0xcf, 0xfb, 0xbd, 0xcd, 0xd1, 0xfd,
  0xa1, 0xc8, 0xd8, 0xfe, 0x76, 0xc2, 0xe1, 0xff, 0x46, 0xba, 0xea, 0xff, 0x16, 0xb1, 0xf4, 0xff,
  0x00, 0xae, 0xfa, 0xff, 0x00, 0xac, 0xfa, 0xff, 0x01, 0xb5, 0xfa, 0xff, 0x05, 0xcd, 0xfd, 0xff,
  0x01, 0xcc, 0xff, 0xff, 0x00, 0xcc, 0xff, 0xff, 0x00, 0xcc, 0xff, 0xff, 0x00, 0xcc, 0xff, 0xff,
  0x00, 0xcc, 0xff, 0xff, 0x02, 0xcc, 0xfe, 0xff, 0x03, 0xcd, 0xfe, 0xff, 0x00, 0xcc, 0xff, 0xff,
  0x17, 0xcc, 0xf8, 0xff, 0x92, 0xd0, 0xdd, 0xff, 0xdf, 0xcf, 0xcb, 0xfd, 0xd5, 0xd0, 0xcd, 0xfd,
  0xe5, 0xe0, 0xdd, 0xff, 0xd7, 0xd4, 0xd1, 0x9c, 0x7f, 0x7f, 0x7f, 0x02, 0x00, 0x00, 0x00, 0x00,
  0x7f, 0x7f, 0x7f, 0x02, 0x00, 0x00, 0x00, 0x00, 0x00, 0x00, 0x00, 0x00, 0x00, 0x00, 0x00, 0x00,
  0x00, 0x00, 0x00, 0x00, 0x00, 0x00, 0x00, 0x00, 0x00, 0x00, 0x00, 0x00, 0x00, 0x00, 0x00, 0x00,
  0x00, 0x00, 0x00, 0x00, 0x00, 0x00, 0x00, 0x00, 0x00, 0x00, 0x00, 0x00, 0x00, 0x00, 0x00, 0x00,
  0x00, 0x00, 0x00, 0x00, 0x00, 0x00, 0x00, 0x00, 0x00, 0x00, 0x00, 0x00, 0x00, 0x00, 0x00, 0x00,
  0x00, 0x00, 0x00, 0x00, 0x00, 0x00, 0x00, 0x00, 0x00, 0x00, 0x00, 0x00, 0x00, 0x00, 0x00, 0x00,
  0x00, 0x00, 0x00, 0x00, 0x00, 0x00, 0x00, 0x00, 0xff, 0xff, 0xff, 0x02, 0x00, 0x00, 0x00, 0x00,
  0xc4, 0xc4, 0xc4, 0x0d, 0xd8, 0xd4, 0xd2, 0xb9, 0xe3, 0xde, 0xde, 0xff, 0xda, 0xd1, 0xcd, 0xfa,
  0xd7, 0xd2, 0xcd, 0xff, 0x60, 0x9d, 0xe1, 0xff, 0x00, 0x70, 0xee, 0xff, 0x00, 0x74, 0xf0, 0xff,
  0x03, 0x76, 0xee, 0xff, 0x00, 0x75, 0xee, 0xff, 0x00, 0x75, 0xee, 0xff, 0x00, 0x75, 0xee, 0xff,
  0x00, 0x75, 0xee, 0xff, 0x01, 0x75, 0xee, 0xff, 0x03, 0x76, 0xee, 0xff, 0x00, 0x73, 0xef, 0xff,
  0x00, 0x6e, 0xf0, 0xff, 0x11, 0x8d, 0xee, 0xff, 0x4f, 0xaa, 0xe5, 0xff, 0x96, 0xbd, 0xd8, 0xff,
  0xc7, 0xcd, 0xcf, 0xfd, 0xde, 0xd2, 0xce, 0xfb, 0xe1, 0xd4, 0xcb, 0xfd, 0xe3, 0xd6, 0xcf, 0xff,
  0xe4, 0xda, 0xd5, 0xff, 0xe4, 0xdd, 0xd9, 0xff, 0xe3, 0xdf, 0xdc, 0xff, 0xe1, 0xde, 0xdd, 0xff,
  0xe0, 0xdc, 0xdd, 0xff, 0xde, 0xdb, 0xdb, 0xff, 0xdd, 0xda, 0xd9, 0xff, 0xe0, 0xdd, 0xdb, 0xff,
  0xe2, 0xde, 0xdc, 0xff, 0xe3, 0xdf, 0xdc, 0xff, 0xe4, 0xdd, 0xda, 0xff, 0xe2, 0xd9, 0xd6, 0xff,
  0xe4, 0xd4, 0xcf, 0xff, 0xe1, 0xd3, 0xc9, 0xfd, 0xde, 0xd2, 0xcc, 0xfb, 0xc6, 0xcd, 0xd0, 0xfd,
  0x92, 0xc6, 0xdc, 0xff, 0x4b, 0xb9, 0xea, 0xff, 0x0e, 0xc2, 0xf7, 0xff, 0x00, 0xce, 0xff, 0xff,
  0x00, 0xcc, 0xff, 0xff, 0x03, 0xcc, 0xff, 0xff, 0x01, 0xcc, 0xff, 0xff, 0x00, 0xcc, 0xff, 0xff,
  0x00, 0xcc, 0xff, 0xff, 0x00, 0xcc, 0xff, 0xff, 0x00, 0xcc, 0xff, 0xff, 0x04, 0xcc, 0xfe, 0xff,
  0x00, 0xcc, 0xff, 0xff, 0x00, 0xcc, 0xfd, 0xff, 0x6a, 0xcf, 0xe5, 0xff, 0xda, 0xd0, 0xcc, 0xfe,
  0xd8, 0xd0, 0xcc, 0xfb, 0xe5, 0xe1, 0xdd, 0xff, 0xd7, 0xd3, 0xd2, 0xb0, 0xd4, 0xd4, 0xd4, 0x06,
  0x00, 0x00, 0x00, 0x00, 0x7f, 0x7f, 0x7f, 0x02, 0x00, 0x00, 0x00, 0x00, 0x00, 0x00, 0x00, 0x00,
  0x00, 0x00, 0x00, 0x00, 0x00, 0x00, 0x00, 0x00, 0x00, 0x00, 0x00, 0x00, 0x00, 0x00, 0x00, 0x00,
  0x00, 0x00, 0x00, 0x00, 0x00, 0x00, 0x00, 0x00, 0x00, 0x00, 0x00, 0x00, 0x00, 0x00, 0x00, 0x00,
  0x00, 0x00, 0x00, 0x00, 0x00, 0x00, 0x00, 0x00, 0x00, 0x00, 0x00, 0x00, 0x00, 0x00, 0x00, 0x00,
  0x00, 0x00, 0x00, 0x00, 0x00, 0x00, 0x00, 0x00, 0x00, 0x00, 0x00, 0x00, 0x00, 0x00, 0x00, 0x00,
  0x00, 0x00, 0x00, 0x00, 0x7f, 0x7f, 0x7f, 0x02, 0x00, 0x00, 0x00, 0x01, 0xd4, 0xd4, 0xd4, 0x0c,
  0xd8, 0xd3, 0xd2, 0xc2, 0xe3, 0xde, 0xdc, 0xff, 0xdb, 0xd2, 0xcc, 0xfa, 0xcd, 0xce, 0xd1, 0xff,
  0x41, 0x8f, 0xe3, 0xff, 0x00, 0x6e, 0xf0, 0xff, 0x03, 0x76, 0xee, 0xff, 0x02, 0x76, 0xee, 0xff,
  0x00, 0x75, 0xee, 0xff, 0x00, 0x75, 0xee, 0xff, 0x00, 0x75, 0xee, 0xff, 0x00, 0x75, 0xee, 0xff,
  0x04, 0x76, 0xee, 0xff, 0x00, 0x73, 0xef, 0xff, 0x00, 0x6f, 0xf0, 0xff, 0x1c, 0x7f, 0xe9, 0xff,
  0x6f, 0xa5, 0xdc, 0xff, 0xbe, 0xc7, 0xd2, 0xfe, 0xdf, 0xd3, 0xcd, 0xfb, 0xdf, 0xd2, 0xca, 0xfe,
  0xdf, 0xd9, 0xd4, 0xff, 0xe2, 0xde, 0xdc, 0xff, 0xdc, 0xd8, 0xd7, 0xff, 0xd3, 0xcf, 0xcf, 0xf1,
  0xd4, 0xd0, 0xcf, 0xcb, 0xd5, 0xd0, 0xcd, 0xaa, 0xd6, 0xd2, 0xd0, 0x85, 0xd2, 0xd0, 0xce, 0x6e,
  0xd8, 0xd3, 0xd3, 0x5d, 0xd6, 0xd2, 0xcf, 0x51, 0xd1, 0xce, 0xce, 0x4f, 0xd6, 0xd1, 0xce, 0x5f,
  0xd4, 0xd1, 0xcf, 0x6b, 0xd5, 0xd1, 0xcf, 0x87, 0xd6, 0xd2, 0xcf, 0xaa, 0xd5, 0xd1, 0xce, 0xcf,
  0xd3, 0xd0, 0xcf, 0xf1, 0xdc, 0xda, 0xd7, 0xff, 0xe1, 0xdf, 0xdb, 0xff, 0xe0, 0xd9, 0xd4, 0xff,
  0xdf, 0xd1, 0xca, 0xfe, 0xdf, 0xd1, 0xca, 0xfc, 0xba, 0xd0, 0xd3, 0xfe, 0x6b, 0xcd, 0xe6, 0xff,
  0x19, 0xcd, 0xf9, 0xff, 0x00, 0xcd, 0xff, 0xff, 0x00, 0xcd, 0xfe, 0xff, 0x04, 0xcc, 0xfe, 0xff,
  0x00, 0xcc, 0xff, 0xff, 0x00, 0xcc, 0xff, 0xff, 0x00, 0xcc, 0xff, 0xff, 0x00, 0xcc, 0xff, 0xff,
  0x02, 0xcc, 0xff, 0xff, 0x02, 0xcc, 0xff, 0xff, 0x00, 0xcc, 0xff, 0xff, 0x4a, 0xcd, 0xee, 0xff,
  0xd3, 0xd0, 0xce, 0xff, 0xd9, 0xd0, 0xc9, 0xfa, 0xe2, 0xdf, 0xde, 0xff, 0xd9, 0xd3, 0xd2, 0xb6,
  0xb6, 0xda, 0xda, 0x07, 0xff, 0xff, 0xff, 0x01, 0xff, 0xff, 0xff, 0x01, 0x00, 0x00, 0x00, 0x00,
  0x00, 0x00, 0x00, 0x00, 0x00, 0x00, 0x00, 0x00, 0x00, 0x00, 0x00, 0x00, 0x00, 0x00, 0x00, 0x00,
  0x00, 0x00, 0x00, 0x00, 0x00, 0x00, 0x00, 0x00, 0x00, 0x00, 0x00, 0x00, 0x00, 0x00, 0x00, 0x00,
  0x00, 0x00, 0x00, 0x00, 0x00, 0x00, 0x00, 0x00, 0x00, 0x00, 0x00, 0x00, 0x00, 0x00, 0x00, 0x00,
  0x00, 0x00, 0x00, 0x00, 0x00, 0x00, 0x00, 0x00, 0x00, 0x00, 0x00, 0x00, 0x00, 0x00, 0x00, 0x00,
  0xff, 0xff, 0xff, 0x01, 0xff, 0xff, 0xff, 0x02, 0xd4, 0xd4, 0xd4, 0x06, 0xd7, 0xd2, 0xd0, 0xbb,
  0xe2, 0xdd, 0xdc, 0xff, 0xdb, 0xd3, 0xcc, 0xfa, 0xc8, 0xce, 0xd2, 0xff, 0x31, 0x88, 0xe5, 0xff,
  0x00, 0x6f, 0xf1, 0xff, 0x04, 0x76, 0xef, 0xff, 0x00, 0x75, 0xee, 0xff, 0x00, 0x75, 0xee, 0xff,
  0x00, 0x75, 0xee, 0xff, 0x00, 0x75, 0xee, 0xff, 0x01, 0x76, 0xee, 0xff, 0x02, 0x76, 0xee, 0xff,
  0x00, 0x70, 0xf0, 0xff, 0x14, 0x7a, 0xeb, 0xff, 0x72, 0xa5, 0xdd, 0xff, 0xcb, 0xcb, 0xcf, 0xfe,
  0xe3, 0xd6, 0xcc, 0xfb, 0xdd, 0xd4, 0xd0, 0xff, 0xe1, 0xdd, 0xdb, 0xff, 0xd8, 0xd5, 0xd3, 0xff,
  0xd6, 0xd3, 0xd1, 0xd1, 0xd7, 0xd3, 0xd0, 0x88, 0xd6, 0xd3, 0xd3, 0x46, 0xd4, 0xd4, 0xd4, 0x18,
  0x00, 0x00, 0x00, 0x00, 0x00, 0x00, 0x00, 0x00, 0x00, 0x00, 0x00, 0x00, 0x00, 0x00, 0x00, 0x00,
  0x00, 0x00, 0x00, 0x00, 0x00, 0x00, 0x00, 0x00, 0x00, 0x00, 0x00, 0x00, 0x00, 0x00, 0x00, 0x00,
  0x00, 0x00, 0x00, 0x00, 0x00, 0x00, 0x00, 0x00, 0x00, 0x00, 0x00, 0x00, 0x00, 0x00, 0x00, 0x00,
  0xdf, 0xd4, 0xd4, 0x18, 0xd9, 0xd2, 0xd2, 0x4a, 0xd9, 0xd3, 0xd3, 0x8d, 0xd7, 0xd3, 0xcf, 0xd3,
  0xda, 0xd7, 0xd5, 0xff, 0xe1, 0xde, 0xdb, 0xff, 0xdd, 0xd2, 0xcf, 0xff, 0xe1, 0xcf, 0xc9, 0xfc,
  0xc5, 0xcf, 0xd1, 0xfe, 0x6c, 0xcf, 0xe6, 0xff, 0x11, 0xcc, 0xfa, 0xff, 0x00, 0xcd, 0xff, 0xff,
  0x02, 0xcc, 0xfe, 0xff, 0x01, 0xcc, 0xfe, 0xff, 0x00, 0xcc, 0xff, 0xff, 0x00, 0xcc, 0xff, 0xff,
  0x00, 0xcc, 0xff, 0xff, 0x00, 0xcc, 0xff, 0xff, 0x03, 0xcc, 0xfe, 0xff, 0x00, 0xcc, 0xff, 0xff,
  0x3a, 0xcd, 0xf0, 0xff, 0xcc, 0xd0, 0xd8, 0xff, 0xdb, 0xd0, 0xcd, 0xfa, 0xe3, 0xe0, 0xdc, 0xff,
  0xd7, 0xd1, 0xcf, 0xb3, 0xff, 0xff, 0xff, 0x02, 0xaa, 0xaa, 0xaa, 0x03, 0xff, 0xff, 0xff, 0x01,
  0x00, 0x00, 0x00, 0x00, 0x00, 0x00, 0x00, 0x00, 0x00, 0x00, 0x00, 0x00, 0x00, 0x00, 0x00, 0x00,
  0x00, 0x00, 0x00, 0x00, 0x00, 0x00, 0x00, 0x00, 0x00, 0x00, 0x00, 0x00, 0x00, 0x00, 0x00, 0x00,
  0x00, 0x00, 0x00, 0x00, 0x00, 0x00, 0x00, 0x00, 0x00, 0x00, 0x00, 0x00, 0x00, 0x00, 0x00, 0x00,
  0x00, 0x00, 0x00, 0x00, 0x00, 0x00, 0x00, 0x00, 0x00, 0x00, 0x00, 0x00, 0xff, 0xff, 0xff, 0x01,
  0xbf, 0xbf, 0xbf, 0x04, 0x00, 0x00, 0x00, 0x00, 0xd6, 0xd1, 0xce, 0xa9, 0xe3, 0xdf, 0xde, 0xff,
  0xd9, 0xd4, 0xcc, 0xfa, 0xc9, 0xc9, 0xd2, 0xff, 0x2d, 0x7a, 0xe3, 0xff, 0x00, 0x71, 0xf1, 0xff,
  0x04, 0x77, 0xee, 0xff, 0x00, 0x75, 0xee, 0xff, 0x00, 0x75, 0xee, 0xff, 0x00, 0x75, 0xee, 0xff,
  0x00, 0x75, 0xee, 0xff, 0x03, 0x76, 0xee, 0xff, 0x00, 0x73, 0xee, 0xff, 0x00, 0x71, 0xee, 0xff,
  0x51, 0x95, 0xe1, 0xff, 0xbf, 0xc7, 0xd2, 0xff, 0xe1, 0xd5, 0xca, 0xfc, 0xdb, 0xd3, 0xcf, 0xff,
  0xe0, 0xde, 0xdb, 0xff, 0xd7, 0xd3, 0xd0, 0xf0, 0xd9, 0xd4, 0xd4, 0x97, 0xd8, 0xd3, 0xd3, 0x3b,
  0x7f, 0xff, 0xff, 0x02, 0x00, 0x00, 0x00, 0x00, 0x00, 0x00, 0x00, 0x00, 0x00, 0x00, 0x00, 0x00,
  0x00, 0x00, 0x00, 0x01, 0xff, 0xff, 0xff, 0x03, 0xbf, 0xbf, 0xbf, 0x04, 0xbf, 0xbf, 0xbf, 0x04,
  0xbf, 0xbf, 0xbf, 0x04, 0xff, 0xff, 0xff, 0x03, 0xff, 0xff, 0xff, 0x03, 0xbf, 0xbf, 0xbf, 0x04,
  0xbf, 0xbf, 0xbf, 0x04, 0xbf, 0xbf, 0xbf, 0x04, 0xff, 0xff, 0xff, 0x03, 0x00, 0x00, 0x00, 0x00,
  0x00, 0x00, 0x00, 0x00, 0x00, 0x00, 0x00, 0x00, 0x00, 0x00, 0x00, 0x00, 0xff, 0xaa, 0xff, 0x03,
  0xda, 0xd6, 0xd2, 0x3f, 0xd8, 0xd4, 0xd3, 0x9d, 0xd8, 0xd3, 0xd3, 0xf1, 0xe1, 0xde, 0xdd, 0xff,
  0xdc, 0xd1, 0xd0, 0xff, 0xe2, 0xcf, 0xca, 0xfc, 0xb8, 0xd0, 0xd5, 0xff, 0x49, 0xcd, 0xee, 0xff,
  0x00, 0xcc, 0xff, 0xff, 0x00, 0xcd, 0xfe, 0xff, 0x03, 0xcc, 0xfd, 0xff, 0x00, 0xcc, 0xff, 0xff,
  0x00, 0xcc, 0xff, 0xff, 0x00, 0xcc, 0xff, 0xff, 0x00, 0xcc, 0xfe, 0xff, 0x04, 0xcd, 0xff, 0xff,
  0x00, 0xcc, 0xf8, 0xff, 0x35, 0xc9, 0xb7, 0xff, 0xcb, 0xd1, 0xc8, 0xff, 0xd9, 0xd0, 0xcf, 0xfa,
  0xe6, 0xe1, 0xde, 0xff, 0xd2, 0xd0, 0xce, 0x9a, 0x00, 0x00, 0x00, 0x00, 0xbf, 0xbf, 0xbf, 0x04,
  0x00, 0x00, 0x00, 0x00, 0x00, 0x00, 0x00, 0x00, 0x00, 0x00, 0x00, 0x00, 0x00, 0x00, 0x00, 0x00,
  0x00, 0x00, 0x00, 0x00, 0x00, 0x00, 0x00, 0x00, 0x00, 0x00, 0x00, 0x00, 0x00, 0x00, 0x00, 0x00,
  0x00, 0x00, 0x00, 0x00, 0x00, 0x00, 0x00, 0x00, 0x00, 0x00, 0x00, 0x00, 0x00, 0x00, 0x00, 0x00,
  0x00, 0x00, 0x00, 0x00, 0x00, 0x00, 0x00, 0x00, 0x00, 0x00, 0x00, 0x00, 0xbf, 0xbf, 0xbf, 0x04,
  0x00, 0x00, 0x00, 0x00, 0xd2, 0xcf, 0xcd, 0x85, 0xe4, 0xe0, 0xde, 0xff, 0xd9, 0xd2, 0xcc, 0xfa,
  0xcf, 0xce, 0xd1, 0xff, 0x33, 0x70, 0xdf, 0xff, 0x00, 0x4f, 0xe6, 0xff, 0x06, 0x6a, 0xeb, 0xff,
  0x01, 0x77, 0xef, 0xff, 0x00, 0x75, 0xee, 0xff, 0x00, 0x75, 0xee, 0xff, 0x00, 0x75, 0xee, 0xff,
  0x03, 0x76, 0xee, 0xff, 0x00, 0x70, 0xf0, 0xff, 0x16, 0x7b, 0xea, 0xff, 0x92, 0xb2, 0xda, 0xff,
  0xe0, 0xd5, 0xcd, 0xfd, 0xda, 0xd1, 0xcd, 0xfd, 0xe0, 0xdc, 0xdb, 0xff, 0xd8, 0xd4, 0xd2, 0xef,
  0xd8, 0xd4, 0xd0, 0x85, 0xd5, 0xd5, 0xcd, 0x1f, 0x00, 0x00, 0x00, 0x00, 0x00, 0x00, 0x00, 0x00,
  0x00, 0x00, 0x00, 0x00, 0xbf, 0xbf, 0xbf, 0x04, 0xff, 0xaa, 0xaa, 0x03, 0xff, 0xff, 0xff, 0x01,
  0x00, 0x00, 0x00, 0x00, 0x00, 0x00, 0x00, 0x00, 0x00, 0x00, 0x00, 0x00, 0x00, 0x00, 0x00, 0x00,
  0x00, 0x00, 0x00, 0x00, 0x00, 0x00, 0x00, 0x00, 0x00, 0x00, 0x00, 0x00, 0x00, 0x00, 0x00, 0x00,
  0x00, 0x00, 0x00, 0x00, 0x00, 0x00, 0x00, 0x00, 0x00, 0x00, 0x00, 0x00, 0x00, 0x00, 0x00, 0x00,
  0xff, 0xff, 0xff, 0x01, 0xff, 0xff, 0xff, 0x03, 0xbf, 0xbf, 0xbf, 0x04, 0x00, 0x00, 0x00, 0x00,
  0x00, 0x00, 0x00, 0x00, 0x00, 0x00, 0x00, 0x00, 0xd7, 0xd7, 0xcf, 0x20, 0xd8, 0xd5, 0xd3, 0x8c,
  0xd9, 0xd5, 0xd5, 0xf3, 0xde, 0xdd, 0xdc, 0xff, 0xdb, 0xcf, 0xca, 0xfd, 0xdc, 0xce, 0xcc, 0xfe,
  0x89, 0xcf, 0xdf, 0xff, 0x13, 0xcc, 0xfa, 0xff, 0x00, 0xcc, 0xff, 0xff, 0x04, 0xcc, 0xfe, 0xff,
  0x00, 0xcc, 0xff, 0xff, 0x00, 0xcc, 0xfe, 0xff, 0x00, 0xcc, 0xff, 0xff, 0x03, 0xcc, 0xf8, 0xff,
  0x08, 0xc8, 0xae, 0xff, 0x00, 0xc6, 0x89, 0xff, 0x38, 0xc9, 0xa1, 0xff, 0xd1, 0xd1, 0xcd, 0xff,
  0xd9, 0xd1, 0xce, 0xfa, 0xe3, 0xe0, 0xdb, 0xff, 0xd3, 0xcf, 0xcb, 0x76, 0x00, 0x00, 0x00, 0x00,
  0xbf, 0xbf, 0xbf, 0x04, 0x00, 0x00, 0x00, 0x00, 0x00, 0x00, 0x00, 0x00, 0x00, 0x00, 0x00, 0x00,
  0x00, 0x00, 0x00, 0x00, 0x00, 0x00, 0x00, 0x00, 0x00, 0x00, 0x00, 0x00, 0x00, 0x00, 0x00, 0x00,
  0x00, 0x00, 0x00, 0x00, 0x00, 0x00, 0x00, 0x00, 0x00, 0x00, 0x00, 0x00, 0x00, 0x00, 0x00, 0x00,
  0x00, 0x00, 0x00, 0x00, 0x00, 0x00, 0x00, 0x00, 0xff, 0xff, 0xff, 0x03, 0x00, 0x00, 0x00, 0x00,
  0xd5, 0xcf, 0xcc, 0x56, 0xe1, 0xdc, 0xda, 0xff, 0xd6, 0xd1, 0xce, 0xfb, 0xd7, 0xd3, 0xcf, 0xff,
  0x42, 0x7a, 0xdf, 0xff, 0x00, 0x4f, 0xe8, 0xff, 0x05, 0x59, 0xe6, 0xff, 0x01, 0x55, 0xe6, 0xff,
  0x03, 0x68, 0xeb, 0xff, 0x01, 0x77, 0xef, 0xff, 0x01, 0x75, 0xee, 0xff, 0x04, 0x76, 0xef, 0xff,
  0x00, 0x6f, 0xef, 0xff, 0x35, 0x88, 0xe6, 0xff, 0xbd, 0xc7, 0xd2, 0xff, 0xe1, 0xd5, 0xca, 0xfc,
  0xd9, 0xd5, 0xd1, 0xff, 0xdd, 0xd8, 0xd7, 0xff, 0xda, 0xd3, 0xd3, 0x9f, 0xd0, 0xd0, 0xc8, 0x21,
  0x00, 0x00, 0x00, 0x00, 0x00, 0x00, 0x00, 0x00, 0xff, 0xff, 0xff, 0x03, 0xff, 0xff, 0xff, 0x02,
  0x00, 0x00, 0x00, 0x01, 0x00, 0x00, 0x00, 0x00, 0x00, 0x00, 0x00, 0x00, 0x00, 0x00, 0x00, 0x00,
  0x00, 0x00, 0x00, 0x00, 0x00, 0x00, 0x00, 0x00, 0x00, 0x00, 0x00, 0x00, 0x00, 0x00, 0x00, 0x00,
  0x00, 0x00, 0x00, 0x00, 0x00, 0x00, 0x00, 0x00, 0x00, 0x00, 0x00, 0x00, 0x00, 0x00, 0x00, 0x00,
  0x00, 0x00, 0x00, 0x00, 0x00, 0x00, 0x00, 0x00, 0x00, 0x00, 0x00, 0x00, 0x00, 0x00, 0x00, 0x00,
  0x00, 0x00, 0x00, 0x00, 0x00, 0x00, 0x00, 0x00, 0x00, 0x00, 0x00, 0x00, 0x00, 0x00, 0x00, 0x01,
  0xaa, 0xaa, 0xaa, 0x03, 0xff, 0xff, 0xff, 0x03, 0x00, 0x00, 0x00, 0x00, 0x00, 0x00, 0x00, 0x00,
  0xd0, 0xd0, 0xd0, 0x26, 0xd9, 0xd5, 0xd5, 0xa4, 0xdc, 0xda, 0xd8, 0xff, 0xd8, 0xd5, 0xd3, 0xff,
  0xe1, 0xcf, 0xc9, 0xfc, 0xb6, 0xcf, 0xd7, 0xff, 0x2d, 0xcd, 0xf4, 0xff, 0x00, 0xcb, 0xff, 0xff,
  0x06, 0xcc, 0xfc, 0xff, 0x00, 0xcd, 0xff, 0xff, 0x04, 0xcd, 0xf9, 0xff, 0x05, 0xc6, 0xaf, 0xff,
  0x02, 0xc6, 0x8d, 0xff, 0x06, 0xc7, 0x96, 0xff, 0x00, 0xc6, 0x8f, 0xff, 0x49, 0xc9, 0xa6, 0xff,
  0xda, 0xd1, 0xcf, 0xfe, 0xd8, 0xd2, 0xcf, 0xfb, 0xdd, 0xda, 0xd6, 0xff, 0xd4, 0xcd, 0xcd, 0x48,
  0x00, 0x00, 0x00, 0x00, 0xaa, 0xaa, 0xaa, 0x03, 0x00, 0x00, 0x00, 0x00, 0x00, 0x00, 0x00, 0x00,
  0x00, 0x00, 0x00, 0x00, 0x00, 0x00, 0x00, 0x00, 0x00, 0x00, 0x00, 0x00, 0x00, 0x00, 0x00, 0x00,
  0x00, 0x00, 0x00, 0x00, 0x00, 0x00, 0x00, 0x00, 0x00, 0x00, 0x00, 0x00, 0x00, 0x00, 0x00, 0x00,
  0x00, 0x00, 0x00, 0x00, 0xff, 0xff, 0xff, 0x02, 0x00, 0x00, 0x00, 0x01, 0xd8, 0xd0, 0xd0, 0x21,
  0xd9, 0xd4, 0xd2, 0xf0, 0xd8, 0xd3, 0xd1, 0xfd, 0xe0, 0xd7, 0xcd, 0xfd, 0x5f, 0x8b, 0xdc, 0xff,
  0x00, 0x4d, 0xe8, 0xff, 0x04, 0x59, 0xe8, 0xff, 0x01, 0x57, 0xe7, 0xff, 0x01, 0x57, 0xe7, 0xff,
  0x01, 0x56, 0xe5, 0xff, 0x05, 0x68, 0xea, 0xff, 0x05, 0x78, 0xf0, 0xff, 0x00, 0x6e, 0xf0, 0xff,
  0x4e, 0x95, 0xe3, 0xff, 0xd4, 0xd1, 0xcf, 0xff, 0xda, 0xd3, 0xcb, 0xfb, 0xe0, 0xdb, 0xda, 0xff,
  0xdb, 0xd6, 0xd2, 0xe0, 0xd6, 0xd3, 0xd3, 0x4c, 0x00, 0x00, 0x00, 0x00, 0x00, 0x00, 0x00, 0x00,
  0xbf, 0xbf, 0xbf, 0x04, 0xff, 0xff, 0xff, 0x01, 0x00, 0x00, 0x00, 0x00, 0x00, 0x00, 0x00, 0x00,
  0x00, 0x00, 0x00, 0x00, 0x00, 0x00, 0x00, 0x00, 0x00, 0x00, 0x00, 0x00, 0x00, 0x00, 0x00, 0x00,
  0x00, 0x00, 0x00, 0x00, 0x00, 0x00, 0x00, 0x00, 0x00, 0x00, 0x00, 0x00, 0x00, 0x00, 0x00, 0x00,
  0x00, 0x00, 0x00, 0x00, 0x00, 0x00, 0x00, 0x00, 0x00, 0x00, 0x00, 0x00, 0x00, 0x00, 0x00, 0x00,
  0x00, 0x00, 0x00, 0x00, 0x00, 0x00, 0x00, 0x00, 0x00, 0x00, 0x00, 0x00, 0x00, 0x00, 0x00, 0x00,
  0x00, 0x00, 0x00, 0x00, 0x00, 0x00, 0x00, 0x00, 0x00, 0x00, 0x00, 0x00, 0x00, 0x00, 0x00, 0x00,
  0x00, 0x00, 0x00, 0x00, 0x00, 0x00, 0x00, 0x00, 0x7f, 0x7f, 0x7f, 0x02, 0xbf, 0xbf, 0xbf, 0x04,
  0x00, 0x00, 0x00, 0x00, 0x00, 0x00, 0x00, 0x00, 0xd7, 0xd3, 0xd3, 0x53, 0xda, 0xd5, 0xd3, 0xe6,
  0xdf, 0xdc, 0xda, 0xff, 0xdc, 0xd0, 0xcb, 0xfb, 0xcf, 0xd0, 0xcf, 0xff, 0x46, 0xcd, 0xed, 0xff,
  0x00, 0xcb, 0xff, 0xff, 0x06, 0xcd, 0xf8, 0xff, 0x05, 0xc7, 0xad, 0xff, 0x02, 0xc7, 0x8c, 0xff,
  0x02, 0xc6, 0x96, 0xff, 0x02, 0xc7, 0x93, 0xff, 0x05, 0xc7, 0x94, 0xff, 0x00, 0xc5, 0x90, 0xff,
  0x68, 0xcb, 0xaf, 0xff, 0xe0, 0xd1, 0xcf, 0xfd, 0xd8, 0xd5, 0xd1, 0xfe, 0xd7, 0xd4, 0xd1, 0xe9,
  0xd4, 0xd4, 0xd4, 0x18, 0xff, 0xff, 0xff, 0x01, 0x7f, 0x7f, 0x7f, 0x02, 0x00, 0x00, 0x00, 0x00,
  0x00, 0x00, 0x00, 0x00, 0x00, 0x00, 0x00, 0x00, 0x00, 0x00, 0x00, 0x00, 0x00, 0x00, 0x00, 0x00,
  0x00, 0x00, 0x00, 0x00, 0x00, 0x00, 0x00, 0x00, 0x00, 0x00, 0x00, 0x00, 0x00, 0x00, 0x00, 0x00,
  0x00, 0x00, 0x00, 0x01, 0xaa, 0xaa, 0xaa, 0x03, 0xff, 0xff, 0xff, 0x01, 0xd4, 0xd0, 0xcf, 0xc0,
  0xdf, 0xda, 0xda, 0xff, 0xe0, 0xd7, 0xcb, 0xfc, 0x89, 0xa5, 0xd7, 0xff, 0x00, 0x50, 0xe6, 0xff,
  0x04, 0x58, 0xe7, 0xff, 0x01, 0x57, 0xe6, 0xff, 0x01, 0x57, 0xe7, 0xff, 0x01, 0x57, 0xe7, 0xff,
  0x02, 0x57, 0xe7, 0xff, 0x05, 0x56, 0xe6, 0xff, 0x00, 0x60, 0xeb, 0xff, 0x5c, 0x9d, 0xdf, 0xff,
  0xdd, 0xd4, 0xcc, 0xff, 0xd7, 0xd0, 0xcd, 0xfc, 0xe1, 0xde, 0xdc, 0xff, 0xd9, 0xd4, 0xd2, 0xb3,
  0xd2, 0xc7, 0xc7, 0x17, 0x00, 0x00, 0x00, 0x00, 0xff, 0xff, 0xff, 0x03, 0x7f, 0x7f, 0x7f, 0x02,
  0x00, 0x00, 0x00, 0x00, 0x00, 0x00, 0x00, 0x00, 0x00, 0x00, 0x00, 0x00, 0x00, 0x00, 0x00, 0x00,
  0x00, 0x00, 0x00, 0x00, 0x00, 0x00, 0x00, 0x00, 0x00, 0x00, 0x00, 0x00, 0x00, 0x00, 0x00, 0x00,
  0x00, 0x00, 0x00, 0x00, 0x00, 0x00, 0x00, 0x00, 0x00, 0x00, 0x00, 0x00, 0x00, 0x00, 0x00, 0x00,
  0x00, 0x00, 0x00, 0x00, 0x00, 0x00, 0x00, 0x00, 0x00, 0x00, 0x00, 0x00, 0x00, 0x00, 0x00, 0x00,
  0x00, 0x00, 0x00, 0x00, 0x00, 0x00, 0x00, 0x00, 0x00, 0x00, 0x00, 0x00, 0x00, 0x00, 0x00, 0x00,
  0x00, 0x00, 0x00, 0x00, 0x00, 0x00, 0x00, 0x00, 0x00, 0x00, 0x00, 0x00, 0x00, 0x00, 0x00, 0x00,
  0x00, 0x00, 0x00, 0x00, 0x00, 0x00, 0x00, 0x00, 0x00, 0x00, 0x00, 0x00, 0x00, 0x00, 0x00, 0x00,
  0x7f, 0x7f, 0x7f, 0x02, 0xff, 0xff, 0xff, 0x03, 0x00, 0x00, 0x00, 0x00, 0xd3, 0xd3, 0xca, 0x1d,
  0xdb, 0xd5, 0xd3, 0xba, 0xe1, 0xde, 0xdd, 0xff, 0xd8, 0xd0, 0xce, 0xfb, 0xd8, 0xd0, 0xcd, 0xff,
  0x54, 0xce, 0xe6, 0xff, 0x00, 0xc6, 0xae, 0xff, 0x06, 0xc6, 0x8c, 0xff, 0x02, 0xc7, 0x95, 0xff,
  0x02, 0xc7, 0x93, 0xff, 0x02, 0xc7, 0x93, 0xff, 0x03, 0xc7, 0x93, 0xff, 0x04, 0xc7, 0x94, 0xff,
  0x00, 0xc5, 0x90, 0xff, 0x93, 0xce, 0xbb, 0xff, 0xe0, 0xcf, 0xd0, 0xfc, 0xe0, 0xdd, 0xdb, 0xff,
  0xd4, 0xcf, 0xcf, 0xb0, 0x00, 0x00, 0x00, 0x00, 0xff, 0xff, 0xff, 0x03, 0x00, 0x00, 0x00, 0x00,
  0x00, 0x00, 0x00, 0x00, 0x00, 0x00, 0x00, 0x00, 0x00, 0x00, 0x00, 0x00, 0x00, 0x00, 0x00, 0x00,
  0x00, 0x00, 0x00, 0x00, 0x00, 0x00, 0x00, 0x00, 0x00, 0x00, 0x00, 0x00, 0x00, 0x00, 0x00, 0x00,
  0xff, 0xff, 0xff, 0x03, 0x00, 0x00, 0x00, 0x00, 0xd4, 0xcf, 0xcd, 0x6c, 0xe2, 0xde, 0xdf, 0xff,
  0xdc, 0xd3, 0xcc, 0xfb, 0xb9, 0xbf, 0xd3, 0xff, 0x10, 0x5b, 0xe3, 0xff, 0x02, 0x55, 0xe7, 0xff,
  0x03, 0x58, 0xe6, 0xff, 0x01, 0x57, 0xe7, 0xff, 0x01, 0x57, 0xe7, 0xff, 0x01, 0x57, 0xe7, 0xff,
  0x04, 0x59, 0xe7, 0xff, 0x00, 0x4e, 0xe8, 0xff, 0x59, 0x89, 0xda, 0xff, 0xde, 0xd6, 0xcc, 0xfe,
  0xd5, 0xd0, 0xce, 0xfc, 0xe2, 0xdd, 0xdb, 0xff, 0xd7, 0xd3, 0xd2, 0x8e, 0x00, 0x00, 0x00, 0x00,
  0x00, 0x00, 0x00, 0x00, 0xbf, 0xbf, 0xbf, 0x04, 0x00, 0x00, 0x00, 0x00, 0x00, 0x00, 0x00, 0x00,
  0x00, 0x00, 0x00, 0x00, 0x00, 0x00, 0x00, 0x00, 0x00, 0x00, 0x00, 0x00, 0x00, 0x00, 0x00, 0x00,
  0x00, 0x00, 0x00, 0x00, 0x00, 0x00, 0x00, 0x00, 0x00, 0x00, 0x00, 0x00, 0x00, 0x00, 0x00, 0x00,
  0x00, 0x00, 0x00, 0x00, 0x00, 0x00, 0x00, 0x00, 0x00, 0x00, 0x00, 0x00, 0x00, 0x00, 0x00, 0x00,
  0x00, 0x00, 0x00, 0x00, 0x00, 0x00, 0x00, 0x00, 0x00, 0x00, 0x00, 0x00, 0x00, 0x00, 0x00, 0x00,
  0x00, 0x00, 0x00, 0x00, 0x00, 0x00, 0x00, 0x00, 0x00, 0x00, 0x00, 0x00, 0x00, 0x00, 0x00, 0x00,
  0x00, 0x00, 0x00, 0x00, 0x00, 0x00, 0x00, 0x00, 0x00, 0x00, 0x00, 0x00, 0x00, 0x00, 0x00, 0x00,
  0x00, 0x00, 0x00, 0x00, 0x00, 0x00, 0x00, 0x00, 0x00, 0x00, 0x00, 0x00, 0x00, 0x00, 0x00, 0x00,
  0x00, 0x00, 0x00, 0x00, 0x00, 0x00, 0x00, 0x00, 0xbf, 0xbf, 0xbf, 0x04, 0x00, 0x00, 0x00, 0x00,
  0x00, 0x7f, 0x7f, 0x02, 0xd7, 0xd2, 0xd0, 0x95, 0xe2, 0xde, 0xde, 0xff, 0xd5, 0xd0, 0xce, 0xfc,
  0xdb, 0xd0, 0xcb, 0xff, 0x55, 0xca, 0xa5, 0xff, 0x00, 0xc6, 0x90, 0xff, 0x05, 0xc7, 0x94, 0xff,
  0x02, 0xc7, 0x93, 0xff, 0x02, 0xc7, 0x93, 0xff, 0x02, 0xc7, 0x93, 0xff, 0x03, 0xc7, 0x93, 0xff,
  0x01, 0xc7, 0x92, 0xff, 0x17, 0xc7, 0x96, 0xff, 0xbf, 0xd0, 0xc8, 0xff, 0xdb, 0xcf, 0xd1, 0xfb,
  0xe2, 0xde, 0xdc, 0xff, 0xd5, 0xcf, 0xcf, 0x5c, 0x00, 0x00, 0x00, 0x00, 0xff, 0xff, 0xff, 0x03,
  0x00, 0x00, 0x00, 0x00, 0x00, 0x00, 0x00, 0x00, 0x00, 0x00, 0x00, 0x00, 0x00, 0x00, 0x00, 0x00,
  0x00, 0x00, 0x00, 0x00, 0x00, 0x00, 0x00, 0x00, 0x00, 0x00, 0x00, 0x00, 0xff, 0xff, 0xff, 0x02,
  0xff, 0xff, 0xff, 0x01, 0xe1, 0xd7, 0xd7, 0x1a, 0xd7, 0xd3, 0xd1, 0xf1, 0xd9, 0xd3, 0xd1, 0xfd,
  0xda, 0xd4, 0xcc, 0xfe, 0x3b, 0x75, 0xdf, 0xff, 0x00, 0x50, 0xe8, 0xff, 0x04, 0x59, 0xe6, 0xff,
  0x01, 0x57, 0xe7, 0xff, 0x01, 0x57, 0xe7, 0xff, 0x01, 0x57, 0xe7, 0xff, 0x04, 0x59, 0xe7, 0xff,
  0x00, 0x4f, 0xe7, 0xff, 0x4e, 0x81, 0xdd, 0xff, 0xdc, 0xd5, 0xcd, 0xff, 0xd6, 0xd2, 0xcf, 0xfb,
  0xe1, 0xdc, 0xda, 0xff, 0xd5, 0xd1, 0xce, 0x7a, 0x00, 0x00, 0x00, 0x00, 0xff, 0xff, 0xff, 0x02,
  0x7f, 0x7f, 0x7f, 0x02, 0x00, 0x00, 0x00, 0x00, 0x00, 0x00, 0x00, 0x00, 0x00, 0x00, 0x00, 0x00,
  0x00, 0x00, 0x00, 0x00, 0x00, 0x00, 0x00, 0x00, 0x00, 0x00, 0x00, 0x00, 0x00, 0x00, 0x00, 0x00,
  0x00, 0x00, 0x00, 0x00, 0x00, 0x00, 0x00, 0x00, 0x00, 0x00, 0x00, 0x00, 0x00, 0x00, 0x00, 0x00,
  0x00, 0x00, 0x00, 0x00, 0x00, 0x00, 0x00, 0x00, 0x00, 0x00, 0x00, 0x00, 0x00, 0x00, 0x00, 0x00,
  0x00, 0x00, 0x00, 0x00, 0x00, 0x00, 0x00, 0x00, 0x00, 0x00, 0x00, 0x00, 0x00, 0x00, 0x00, 0x00,
  0x00, 0x00, 0x00, 0x00, 0x00, 0x00, 0x00, 0x00, 0x00, 0x00, 0x00, 0x00, 0x00, 0x00, 0x00, 0x00,
  0x00, 0x00, 0x00, 0x00, 0x00, 0x00, 0x00, 0x00, 0x00, 0x00, 0x00, 0x00, 0x00, 0x00, 0x00, 0x00,
  0x00, 0x00, 0x00, 0x00, 0x00, 0x00, 0x00, 0x00, 0x00, 0x00, 0x00, 0x00, 0x00, 0x00, 0x00, 0x00,
  0x00, 0x00, 0x00, 0x00, 0x00, 0x00, 0x00, 0x00, 0x00, 0x00, 0x00, 0x00, 0xff, 0xff, 0xff, 0x02,
  0x7f, 0x7f, 0x7f, 0x02, 0x00, 0x00, 0x00, 0x00, 0xd7, 0xcf, 0xd1, 0x81, 0xe2, 0xdc, 0xdc, 0xff,
  0xd7, 0xd1, 0xd1, 0xfb, 0xd9, 0xd2, 0xcf, 0xff, 0x49, 0xc8, 0xa7, 0xff, 0x00, 0xc5, 0x90, 0xff,
  0x06, 0xc7, 0x94, 0xff, 0x02, 0xc7, 0x93, 0xff, 0x02, 0xc7, 0x93, 0xff, 0x02, 0xc7, 0x93, 0xff,
  0x05, 0xc7, 0x94, 0xff, 0x00, 0xc7, 0x8f, 0xff, 0x47, 0xc9, 0xa5, 0xff, 0xda, 0xd1, 0xd0, 0xfd,
  0xd9, 0xd6, 0xd2, 0xfd, 0xd7, 0xd3, 0xcf, 0xe8, 0xd6, 0xd6, 0xd6, 0x13, 0x7f, 0x7f, 0x7f, 0x02,
  0xff, 0xff, 0xff, 0x01, 0x00, 0x00, 0x00, 0x00, 0x00, 0x00, 0x00, 0x00, 0x00, 0x00, 0x00, 0x00,
  0x00, 0x00, 0x00, 0x00, 0x00, 0x00, 0x00, 0x00, 0x00, 0x00, 0x00, 0x00, 0xaa, 0xaa, 0xaa, 0x03,
  0x00, 0x00, 0x00, 0x00, 0xd4, 0xce, 0xcc, 0xa2, 0xe1, 0xdd, 0xdc, 0xff, 0xe1, 0xd7, 0xce, 0xfb,
  0x80, 0x9f, 0xd9, 0xff, 0x00, 0x4f, 0xe7, 0xff, 0x04, 0x59, 0xe6, 0xff, 0x01, 0x57, 0xe7, 0xff,
  0x01, 0x57, 0xe7, 0xff, 0x01, 0x57, 0xe7, 0xff, 0x03, 0x59, 0xe7, 0xff, 0x00, 0x50, 0xe7, 0xff,
  0x34, 0x72, 0xdf, 0xff, 0xd4, 0xd1, 0xd0, 0xff, 0xd8, 0xd2, 0xce, 0xfb, 0xe2, 0xdd, 0xdb, 0xff,
  0xd4, 0xd0, 0xcc, 0x79, 0x00, 0x00, 0x00, 0x00, 0xbf, 0xbf, 0xbf, 0x04, 0xff, 0xff, 0xff, 0x01,
  0x00, 0x00, 0x00, 0x00, 0x00, 0x00, 0x00, 0x00, 0x00, 0x00, 0x00, 0x00, 0x00, 0x00, 0x00, 0x00,
  0x00, 0x00, 0x00, 0x00, 0x00, 0x00, 0x00, 0x00, 0x00, 0x00, 0x00, 0x00, 0x00, 0x00, 0x00, 0x00,
  0x00, 0x00, 0x00, 0x00, 0x00, 0x00, 0x00, 0x00, 0x00, 0x00, 0x00, 0x00, 0x00, 0x00, 0x00, 0x00,
  0x00, 0x00, 0x00, 0x00, 0x00, 0x00, 0x00, 0x00, 0x00, 0x00, 0x00, 0x00, 0x00, 0x00, 0x00, 0x00,
  0x00, 0x00, 0x00, 0x00, 0x00, 0x00, 0x00, 0x00, 0x00, 0x00, 0x00, 0x00, 0x00, 0x00, 0x00, 0x00,
  0x00, 0x00, 0x00, 0x00, 0x00, 0x00, 0x00, 0x00, 0x00, 0x00, 0x00, 0x00, 0x00, 0x00, 0x00, 0x00,
  0x00, 0x00, 0x00, 0x00, 0x00, 0x00, 0x00, 0x00, 0x00, 0x00, 0x00, 0x00, 0x00, 0x00, 0x00, 0x00,
  0x00, 0x00, 0x00, 0x00, 0x00, 0x00, 0x00, 0x00, 0x00, 0x00, 0x00, 0x00, 0x00, 0x00, 0x00, 0x00,
  0x00, 0x00, 0x00, 0x00, 0x00, 0x00, 0x00, 0x00, 0x00, 0x00, 0x00, 0x00, 0x00, 0x00, 0x00, 0x00,
  0xff, 0xff, 0xff, 0x01, 0xbf, 0xbf, 0xbf, 0x04, 0x00, 0x00, 0x00, 0x00, 0xd6, 0xd0, 0xd0, 0x83,
  0xe2, 0xdf, 0xdd, 0xff, 0xd8, 0xd0, 0xcf, 0xfb, 0xd0, 0xd1, 0xcd, 0xff, 0x2f, 0xc9, 0x9e, 0xff,
  0x00, 0xc7, 0x90, 0xff, 0x06, 0xc7, 0x94, 0xff, 0x01, 0xc7, 0x93, 0xff, 0x02, 0xc7, 0x93, 0xff,
  0x02, 0xc7, 0x93, 0xff, 0x06, 0xc7, 0x94, 0xff, 0x00, 0xc6, 0x90, 0xff, 0x8a, 0xce, 0xb9, 0xff,
  0xe0, 0xd1, 0xd0, 0xfb, 0xe3, 0xe0, 0xdb, 0xff, 0xd3, 0xd0, 0xce, 0x8e, 0x00, 0x00, 0x00, 0x00,
  0xff, 0xff, 0xff, 0x03, 0x00, 0x00, 0x00, 0x00, 0x00, 0x00, 0x00, 0x00, 0x00, 0x00, 0x00, 0x00,
  0x00, 0x00, 0x00, 0x00, 0x00, 0x00, 0x00, 0x00, 0xaa, 0xaa, 0xaa, 0x03, 0xff, 0xff, 0xff, 0x01,
  0xd9, 0xd4, 0xd4, 0x30, 0xd9, 0xd5, 0xd4, 0xfd, 0xda, 0xd2, 0xce, 0xfd, 0xc3, 0xc6, 0xd2, 0xff,
  0x15, 0x60, 0xe2, 0xff, 0x01, 0x54, 0xe7, 0xff, 0x03, 0x57, 0xe7, 0xff, 0x01, 0x57, 0xe7, 0xff,
  0x01, 0x57, 0xe7, 0xff, 0x03, 0x58, 0xe7, 0xff, 0x01, 0x54, 0xe7, 0xff, 0x17, 0x5e, 0xe3, 0xff,
  0xc0, 0xc4, 0xd2, 0xff, 0xdb, 0xd3, 0xce, 0xfb, 0xe2, 0xde, 0xdc, 0xff, 0xd5, 0xcf, 0xce, 0x8d,
  0x00, 0x00, 0x00, 0x00, 0xff, 0xff, 0xff, 0x04, 0x00, 0x00, 0x00, 0x01, 0x00, 0x00, 0x00, 0x00,
  0x00, 0x00, 0x00, 0x00, 0x00, 0x00, 0x00, 0x00, 0x00, 0x00, 0x00, 0x00, 0x00, 0x00, 0x00, 0x00,
  0x00, 0x00, 0x00, 0x00, 0x00, 0x00, 0x00, 0x00, 0x00, 0x00, 0x00, 0x00, 0x00, 0x00, 0x00, 0x00,
  0x00, 0x00, 0x00, 0x00, 0x00, 0x00, 0x00, 0x00, 0x00, 0x00, 0x00, 0x00, 0x00, 0x00, 0x00, 0x00,
  0x00, 0x00, 0x00, 0x00, 0x00, 0x00, 0x00, 0x00, 0x00, 0x00, 0x00, 0x00, 0x00, 0x00, 0x00, 0x00,
  0x00, 0x00, 0x00, 0x00, 0x00, 0x00, 0x00, 0x00, 0x00, 0x00, 0x00, 0x00, 0x00, 0x00, 0x00, 0x00,
  0x00, 0x00, 0x00, 0x00, 0x00, 0x00, 0x00, 0x00, 0x00, 0x00, 0x00, 0x00, 0x00, 0x00, 0x00, 0x00,
  0x00, 0x00, 0x00, 0x00, 0x00, 0x00, 0x00, 0x00, 0x00, 0x00, 0x00, 0x00, 0x00, 0x00, 0x00, 0x00,
  0x00, 0x00, 0x00, 0x00, 0x00, 0x00, 0x00, 0x00, 0x00, 0x00, 0x00, 0x00, 0x00, 0x00, 0x00, 0x00,
  0x00, 0x00, 0x00, 0x00, 0x00, 0x00, 0x00, 0x00, 0x00, 0x00, 0x00, 0x00, 0x00, 0x00, 0x00, 0x00,
  0x00, 0x00, 0x00, 0x00, 0xff, 0xff, 0xff, 0x01, 0xbf, 0xbf, 0xbf, 0x04, 0x00, 0x00, 0x00, 0x00,
  0xd5, 0xd1, 0xce, 0x98, 0xe2, 0xdf, 0xdc, 0xff, 0xdd, 0xd0, 0xd0, 0xfb, 0xb8, 0xd1, 0xc5, 0xff,
  0x12, 0xc6, 0x96, 0xff, 0x02, 0xc7, 0x92, 0xff, 0x03, 0xc7, 0x93, 0xff, 0x02, 0xc7, 0x93, 0xff,
  0x02, 0xc7, 0x93, 0xff, 0x04, 0xc7, 0x93, 0xff, 0x01, 0xc7, 0x91, 0xff, 0x1e, 0xc7, 0x99, 0xff,
  0xca, 0xd1, 0xcb, 0xfe, 0xd9, 0xd2, 0xd0, 0xfd, 0xd8, 0xd4, 0xd1, 0xf7, 0xd5, 0xd5, 0xce, 0x25,
  0xff, 0xff, 0xff, 0x01, 0xff, 0xff, 0xff, 0x02, 0x00, 0x00, 0x00, 0x00, 0x00, 0x00, 0x00, 0x00,
  0x00, 0x00, 0x00, 0x00, 0x00, 0x00, 0x00, 0x00, 0xaa, 0xaa, 0xaa, 0x03, 0x00, 0x00, 0x00, 0x00,
  0xd2, 0xce, 0xce, 0xad, 0xdf, 0xdb, 0xdc, 0xff, 0xe2, 0xd8, 0xce, 0xfb, 0x62, 0x8d, 0xdb, 0xff,
  0x00, 0x4e, 0xe7, 0xff, 0x04, 0x59, 0xe7, 0xff, 0x01, 0x57, 0xe7, 0xff, 0x01, 0x57, 0xe7, 0xff,
  0x01, 0x57, 0xe7, 0xff, 0x03, 0x58, 0xe6, 0xff, 0x02, 0x52, 0xe4, 0xff, 0x92, 0xab, 0xd5, 0xff,
  0xdf, 0xd6, 0xcd, 0xfc, 0xdf, 0xdb, 0xdc, 0xff, 0xd5, 0xd0, 0xcf, 0xb1, 0x00, 0x00, 0x00, 0x00,
  0xbf, 0xbf, 0xbf, 0x04, 0xff, 0xff, 0xff, 0x01, 0x00, 0x00, 0x00, 0x00, 0x00, 0x00, 0x00, 0x00,
  0x00, 0x00, 0x00, 0x00, 0x00, 0x00, 0x00, 0x00, 0x00, 0x00, 0x00, 0x00, 0x00, 0x00, 0x00, 0x00,
  0x00, 0x00, 0x00, 0x00, 0x00, 0x00, 0x00, 0x00, 0x00, 0x00, 0x00, 0x00, 0x00, 0x00, 0x00, 0x00,
  0x00, 0x00, 0x00, 0x00, 0x00, 0x00, 0x00, 0x00, 0x00, 0x00, 0x00, 0x00, 0x00, 0x00, 0x00, 0x00,
  0x00, 0x00, 0x00, 0x00, 0x00, 0x00, 0x00, 0x00, 0x00, 0x00, 0x00, 0x00, 0x00, 0x00, 0x00, 0x00,
  0x00, 0x00, 0x00, 0x00, 0xff, 0xff, 0xff, 0x01, 0x00, 0x00, 0x00, 0x01, 0x00, 0x00, 0x00, 0x00,
  0x00, 0x00, 0x00, 0x00, 0x00, 0x00, 0x00, 0x00, 0x00, 0x00, 0x00, 0x00, 0x00, 0x00, 0x00, 0x00,
  0x00, 0x00, 0x00, 0x00, 0x00, 0x00, 0x00, 0x00, 0x00, 0x00, 0x00, 0x00, 0x00, 0x00, 0x00, 0x00,
  0x00, 0x00, 0x00, 0x00, 0x00, 0x00, 0x00, 0x00, 0x00, 0x00, 0x00, 0x00, 0x00, 0x00, 0x00, 0x00,
  0x00, 0x00, 0x00, 0x00, 0x00, 0x00, 0x00, 0x00, 0x00, 0x00, 0x00, 0x00, 0x00, 0x00, 0x00, 0x00,
  0x00, 0x00, 0x00, 0x00, 0x00, 0x00, 0x00, 0x00, 0xff, 0xff, 0xff, 0x01, 0xff, 0xaa, 0xaa, 0x03,
  0xaa, 0xaa, 0xaa, 0x03, 0xd6, 0xd2, 0xce, 0xbe, 0xde, 0xdc, 0xd8, 0xff, 0xe0, 0xd0, 0xd1, 0xfc,
  0x8b, 0xce, 0xb8, 0xff, 0x00, 0xc6, 0x90, 0xff, 0x04, 0xc7, 0x94, 0xff, 0x02, 0xc7, 0x93, 0xff,
  0x02, 0xc7, 0x93, 0xff, 0x02, 0xc7, 0x93, 0xff, 0x05, 0xc7, 0x94, 0xff, 0x00, 0xc5, 0x90, 0xff,
  0x6e, 0xcc, 0xb1, 0xff, 0xe1, 0xd1, 0xd1, 0xfb, 0xe0, 0xde, 0xda, 0xff, 0xd5, 0xd0, 0xcc, 0x9e,
  0x00, 0x00, 0x00, 0x00, 0xff, 0xaa, 0xaa, 0x03, 0x00, 0x00, 0x00, 0x00, 0x00, 0x00, 0x00, 0x00,
  0x00, 0x00, 0x00, 0x00, 0xaa, 0xaa, 0xaa, 0x03, 0x00, 0x00, 0x00, 0x00, 0xd4, 0xcf, 0xcf, 0x30,
  0xd8, 0xd4, 0xd1, 0xfd, 0xdc, 0xd4, 0xcd, 0xfd, 0xba, 0xc1, 0xd2, 0xff, 0x0d, 0x5a, 0xe5, 0xff,
  0x02, 0x56, 0xe7, 0xff, 0x02, 0x57, 0xe7, 0xff, 0x01, 0x57, 0xe7, 0xff, 0x01, 0x57, 0xe7, 0xff,
  0x04, 0x59, 0xe6, 0xff, 0x00, 0x4f, 0xe7, 0xff, 0x51, 0x84, 0xdc, 0xff, 0xe0, 0xd6, 0xcd, 0xfd,
  0xd9, 0xd5, 0xd3, 0xfe, 0xd8, 0xd2, 0xd2, 0xdf, 0xd2, 0xd2, 0xd2, 0x11, 0x7f, 0x7f, 0x7f, 0x02,
  0x7f, 0x7f, 0x7f, 0x02, 0x00, 0x00, 0x00, 0x00, 0x00, 0x00, 0x00, 0x00, 0x00, 0x00, 0x00, 0x00,
  0x00, 0x00, 0x00, 0x00, 0x00, 0x00, 0x00, 0x00, 0x00, 0x00, 0x00, 0x00, 0x00, 0x00, 0x00, 0x00,
  0x00, 0x00, 0x00, 0x00, 0x00, 0x00, 0x00, 0x00, 0x00, 0x00, 0x00, 0x00, 0x00, 0x00, 0x00, 0x00,
  0x00, 0x00, 0x00, 0x00, 0x00, 0x00, 0x00, 0x00, 0x00, 0x00, 0x00, 0x00, 0x00, 0x00, 0x00, 0x00,
  0xff, 0xff, 0xff, 0x01, 0xff, 0xff, 0xff, 0x03, 0xbf, 0xbf, 0xbf, 0x04, 0xaa, 0xaa, 0xaa, 0x03,
  0x00, 0x00, 0x00, 0x00, 0x00, 0x00, 0x00, 0x00, 0x00, 0x00, 0x00, 0x00, 0xff, 0xff, 0xff, 0x01,
  0xff, 0xff, 0xff, 0x03, 0xbf, 0xbf, 0xbf, 0x04, 0xff, 0xff, 0xff, 0x02, 0x00, 0x00, 0x00, 0x01,
  0x00, 0x00, 0x00, 0x00, 0x00, 0x00, 0x00, 0x00, 0x00, 0x00, 0x00, 0x00, 0x00, 0x00, 0x00, 0x00,
  0x00, 0x00, 0x00, 0x00, 0x00, 0x00, 0x00, 0x00, 0x00, 0x00, 0x00, 0x00, 0x00, 0x00, 0x00, 0x00,
  0x00, 0x00, 0x00, 0x00, 0x00, 0x00, 0x00, 0x00, 0x00, 0x00, 0x00, 0x00, 0x00, 0x00, 0x00, 0x00,
  0x00, 0x00, 0x00, 0x00, 0x00, 0x00, 0x00, 0x00, 0x00, 0x00, 0x00, 0x00, 0xff, 0xff, 0xff, 0x02,
  0x00, 0x00, 0x00, 0x00, 0xd4, 0xc9, 0xc9, 0x18, 0xd9, 0xd4, 0xd0, 0xe8, 0xda, 0xd5, 0xd2, 0xfd,
  0xdd, 0xd1, 0xcf, 0xfd, 0x48, 0xca, 0xa6, 0xff, 0x00, 0xc6, 0x8f, 0xff, 0x04, 0xc7, 0x94, 0xff,
  0x02, 0xc7, 0x93, 0xff, 0x02, 0xc7, 0x93, 0xff, 0x03, 0xc7, 0x93, 0xff, 0x02, 0xc7, 0x92, 0xff,
  0x17, 0xc7, 0x98, 0xff, 0xc2, 0xd0, 0xc7, 0xfe, 0xda, 0xd2, 0xcf, 0xfe, 0xd6, 0xd3, 0xcf, 0xf6,
  0xcf, 0xcf, 0xcf, 0x20, 0x00, 0x00, 0x00, 0x00, 0xff, 0xff, 0xff, 0x02, 0x00, 0x00, 0x00, 0x00,
  0x00, 0x00, 0x00, 0x00, 0xff, 0xff, 0xff, 0x03, 0x00, 0x00, 0x00, 0x00, 0xd5, 0xd0, 0xd0, 0x99,
  0xe2, 0xdd, 0xdc, 0xff, 0xe2, 0xd8, 0xcc, 0xfb, 0x61, 0x8c, 0xdb, 0xff, 0x00, 0x4e, 0xe7, 0xff,
  0x04, 0x59, 0xe6, 0xff, 0x01, 0x57, 0xe7, 0xff, 0x01, 0x57, 0xe7, 0xff, 0x02, 0x58, 0xe7, 0xff,
  0x02, 0x54, 0xe7, 0xff, 0x17, 0x5f, 0xe3, 0xff, 0xc2, 0xc6, 0xd2, 0xfe, 0xdc, 0xd3, 0xce, 0xfc,
  0xdc, 0xd7, 0xd5, 0xfe, 0xd0, 0xd0, 0xcc, 0x42, 0x00, 0x00, 0x00, 0x00, 0xff, 0xff, 0xff, 0x03,
  0x00, 0x00, 0x00, 0x00, 0x00, 0x00, 0x00, 0x00, 0x00, 0x00, 0x00, 0x00, 0x00, 0x00, 0x00, 0x00,
  0x00, 0x00, 0x00, 0x00, 0x00, 0x00, 0x00, 0x00, 0x00, 0x00, 0x00, 0x00, 0x00, 0x00, 0x00, 0x00,
  0x00, 0x00, 0x00, 0x00, 0x00, 0x00, 0x00, 0x00, 0x00, 0x00, 0x00, 0x00, 0x00, 0x00, 0x00, 0x00,
  0x00, 0x00, 0x00, 0x00, 0x00, 0x00, 0x00, 0x00, 0xff, 0x7f, 0x7f, 0x02, 0xff, 0xff, 0xff, 0x03,
  0x00, 0x00, 0x00, 0x00, 0x00, 0x00, 0x00, 0x00, 0x00, 0x00, 0x00, 0x00, 0x00, 0x00, 0x00, 0x00,
  0x00, 0x00, 0x00, 0x00, 0xbf, 0xbf, 0xbf, 0x04, 0x00, 0x00, 0x01, 0x00, 0x00, 0x00, 0x00, 0x00,
  0x00, 0x00, 0x00, 0x00, 0x00, 0x00, 0x00, 0x00, 0x00, 0x00, 0x00, 0x00, 0x00, 0x00, 0x00, 0x00,
  0xbf, 0xbf, 0xbf, 0x04, 0xff, 0xff, 0xff, 0x01, 0x00, 0x00, 0x00, 0x00, 0x00, 0x00, 0x00, 0x00,
  0x00, 0x00, 0x00, 0x00, 0x00, 0x00, 0x00, 0x00, 0x00, 0x00, 0x00, 0x00, 0x00, 0x00, 0x00, 0x00,
  0x00, 0x00, 0x00, 0x00, 0x00, 0x00, 0x00, 0x00, 0x00, 0x00, 0x00, 0x00, 0x00, 0x00, 0x00, 0x00,
  0x00, 0x00, 0x00, 0x00, 0x00, 0x00, 0x00, 0x00, 0x00, 0x00, 0x00, 0x00, 0x00, 0x00, 0x00, 0x00,
  0xbf, 0xbf, 0xbf, 0x04, 0x00, 0x00, 0x00, 0x00, 0xd6, 0xcc, 0xcf, 0x51, 0xdf, 0xdb, 0xd8, 0xff,
  0xda, 0xd0, 0xcf, 0xfc, 0xba, 0xd1, 0xc6, 0xff, 0x11, 0xc6, 0x96, 0xff, 0x02, 0xc7, 0x92, 0xff,
  0x03, 0xc7, 0x93, 0xff, 0x02, 0xc7, 0x93, 0xff, 0x02, 0xc7, 0x93, 0xff, 0x06, 0xc7, 0x94, 0xff,
  0x00, 0xc6, 0x8f, 0xff, 0x6e, 0xcb, 0xb2, 0xff, 0xe3, 0xd1, 0xd2, 0xfb, 0xe3, 0xdf, 0xdb, 0xff,
  0xd4, 0xd0, 0xd0, 0x85, 0x00, 0x00, 0x00, 0x00, 0xbf, 0xbf, 0xbf, 0x04, 0x00, 0x00, 0x00, 0x00,
  0xff, 0xff, 0xff, 0x01, 0x00, 0x00, 0x00, 0x00, 0xd8, 0xd8, 0xd8, 0x14, 0xd3, 0xd0, 0xd0, 0xef,
  0xdd, 0xd6, 0xd0, 0xff, 0xc2, 0xc5, 0xd0, 0xfe, 0x12, 0x61, 0xe2, 0xff, 0x01, 0x56, 0xe8, 0xff,
  0x02, 0x58, 0xe7, 0xff, 0x01, 0x57, 0xe7, 0xff, 0x01, 0x57, 0xe7, 0xff, 0x03, 0x59, 0xe7, 0xff,
  0x00, 0x4f, 0xe7, 0xff, 0x78, 0x9a, 0xda, 0xff, 0xe1, 0xd7, 0xcc, 0xfc, 0xe1, 0xdd, 0xdc, 0xff,
  0xd2, 0xcd, 0xcc, 0x9c, 0x00, 0x00, 0x00, 0x00, 0xbf, 0xbf, 0xbf, 0x04, 0x00, 0x00, 0x00, 0x00,
  0x00, 0x00, 0x00, 0x00, 0x00, 0x00, 0x00, 0x00, 0x00, 0x00, 0x00, 0x00, 0x00, 0x00, 0x00, 0x00,
  0x00, 0x00, 0x00, 0x00, 0x00, 0x00, 0x00, 0x00, 0x00, 0x00, 0x00, 0x00, 0x00, 0x00, 0x00, 0x00,
  0x00, 0x00, 0x00, 0x00, 0x00, 0x00, 0x00, 0x00, 0x00, 0x00, 0x00, 0x00, 0x00, 0x00, 0x00, 0x00,
  0xff, 0xff, 0xff, 0x01, 0xff, 0xff, 0xff, 0x03, 0x00, 0x00, 0x00, 0x00, 0x00, 0x00, 0x00, 0x00,
  0xd2, 0xd2, 0xd2, 0x11, 0xda, 0xd6, 0xd6, 0x4c, 0xd8, 0xd4, 0xd2, 0x8a, 0xd7, 0xd3, 0xd0, 0xb5,
  0xd6, 0xd0, 0xce, 0xd1, 0xd5, 0xd0, 0xcd, 0xdc, 0xd5, 0xd0, 0xce, 0xd6, 0xd5, 0xd2, 0xcf, 0xc7,
  0xd7, 0xd2, 0xd2, 0xa6, 0xd9, 0xd5, 0xd3, 0x74, 0xdc, 0xd7, 0xd7, 0x33, 0x00, 0x00, 0x00, 0x00,
  0x00, 0x00, 0x00, 0x00, 0x00, 0x00, 0x00, 0x00, 0xaa, 0xaa, 0xaa, 0x03, 0x00, 0x00, 0x00, 0x00,
  0x00, 0x00, 0x00, 0x00, 0x00, 0x00, 0x00, 0x00, 0x00, 0x00, 0x00, 0x00, 0x00, 0x00, 0x00, 0x00,
  0x00, 0x00, 0x00, 0x00, 0x00, 0x00, 0x00, 0x00, 0x00, 0x00, 0x00, 0x00, 0x00, 0x00, 0x00, 0x00,
  0x00, 0x00, 0x00, 0x00, 0x00, 0x00, 0x00, 0x00, 0x00, 0x00, 0x00, 0x00, 0x00, 0x00, 0x00, 0x00,
  0x00, 0x00, 0x00, 0x00, 0xbf, 0xbf, 0xbf, 0x04, 0x00, 0x00, 0x00, 0x00, 0xd2, 0xcf, 0xcd, 0xaa,
  0xe0, 0xdd, 0xdb, 0xff, 0xe2, 0xd1, 0xd0, 0xfc, 0x6d, 0xcc, 0xb0, 0xff, 0x00, 0xc6, 0x90, 0xff,
  0x04, 0xc7, 0x94, 0xff, 0x02, 0xc7, 0x92, 0xff, 0x02, 0xc7, 0x93, 0xff, 0x03, 0xc8, 0x95, 0xff,
  0x01, 0xc9, 0x93, 0xff, 0x1e, 0xc6, 0x97, 0xff, 0xcb, 0xd0, 0xca, 0xfd, 0xdd, 0xd5, 0xd4, 0xff,
  0xd3, 0xd0, 0xcc, 0xe4, 0xd0, 0xd0, 0xd0, 0x0b, 0x00, 0x00, 0x00, 0x00, 0xff, 0xff, 0xff, 0x01,
  0xff, 0xff, 0xff, 0x04, 0x00, 0x00, 0x00, 0x00, 0xd4, 0xd2, 0xcf, 0x66, 0xe0, 0xdc, 0xdd, 0xff,
  0xe2, 0xd9, 0xce, 0xfb, 0x7c, 0x91, 0xd6, 0xff, 0x00, 0x38, 0xe1, 0xff, 0x06, 0x4e, 0xe5, 0xff,
  0x03, 0x55, 0xe7, 0xff, 0x01, 0x59, 0xe8, 0xff, 0x03, 0x59, 0xe7, 0xff, 0x00, 0x53, 0xe7, 0xff,
  0x1f, 0x66, 0xe1, 0xff, 0xce, 0xcb, 0xcf, 0xfe, 0xdb, 0xd5, 0xd1, 0xfd, 0xd7, 0xd2, 0xd0, 0xed,
  0xdd, 0xd2, 0xd2, 0x17, 0x7f, 0x7f, 0x7f, 0x02, 0x7f, 0x7f, 0x7f, 0x02, 0x00, 0x00, 0x00, 0x00,
  0x00, 0x00, 0x00, 0x00, 0x00, 0x00, 0x00, 0x00, 0x00, 0x00, 0x00, 0x00, 0x00, 0x00, 0x00, 0x00,
  0x00, 0x00, 0x00, 0x00, 0x00, 0x00, 0x00, 0x00, 0x00, 0x00, 0x00, 0x00, 0x00, 0x00, 0x00, 0x00,
  0x00, 0x00, 0x00, 0x00, 0x00, 0x00, 0x00, 0x00, 0x00, 0x00, 0x00, 0x00, 0xff, 0xff, 0xff, 0x02,
  0x00, 0x00, 0x00, 0x00, 0x00, 0x00, 0x00, 0x00, 0xd6, 0xd6, 0xd0, 0x26, 0xdb, 0xd6, 0xd4, 0x91,
  0xd9, 0xd5, 0xd2, 0xe7, 0xe0, 0xda, 0xd9, 0xff, 0xe4, 0xde, 0xdd, 0xff, 0xe1, 0xdc, 0xda, 0xff,
  0xde, 0xd8, 0xd5, 0xff, 0xdc, 0xd7, 0xd4, 0xff, 0xdd, 0xd8, 0xd4, 0xff, 0xdf, 0xda, 0xd7, 0xff,
  0xe3, 0xdd, 0xdc, 0xff, 0xe5, 0xdf, 0xdc, 0xff, 0xdb, 0xd5, 0xd2, 0xff, 0xda, 0xd5, 0xd1, 0xcb,
  0xdb, 0xd6, 0xd2, 0x6c, 0xbf, 0xbf, 0xbf, 0x0c, 0x00, 0x00, 0x00, 0x00, 0xff, 0xff, 0xff, 0x03,
  0x00, 0x00, 0x00, 0x01, 0x00, 0x00, 0x00, 0x00, 0x00, 0x00, 0x00, 0x00, 0x00, 0x00, 0x00, 0x00,
  0x00, 0x00, 0x00, 0x00, 0x00, 0x00, 0x00, 0x00, 0x00, 0x00, 0x00, 0x00, 0x00, 0x00, 0x00, 0x00,
  0x00, 0x00, 0x00, 0x00, 0x00, 0x00, 0x00, 0x00, 0x00, 0x00, 0x00, 0x00, 0x00, 0x00, 0x00, 0x00,
  0x00, 0x00, 0x00, 0x00, 0xff, 0xff, 0xff, 0x02, 0xff, 0xff, 0xff, 0x01, 0xd7, 0xd7, 0xd7, 0x20,
  0xd6, 0xd4, 0xd2, 0xf4, 0xdb, 0xd3, 0xd1, 0xfd, 0xc6, 0xcf, 0xca, 0xfe, 0x18, 0xc7, 0x98, 0xff,
  0x01, 0xc7, 0x92, 0xff, 0x04, 0xc8, 0x95, 0xff, 0x02, 0xc8, 0x95, 0xff, 0x03, 0xc5, 0x8d, 0xff,
  0x06, 0xbf, 0x81, 0xff, 0x00, 0xb5, 0x6d, 0xff, 0x88, 0xc7, 0xaa, 0xff, 0xe1, 0xd1, 0xd3, 0xfc,
  0xdf, 0xdc, 0xd8, 0xff, 0xd3, 0xd3, 0xd0, 0x52, 0x00, 0x00, 0x00, 0x00, 0xbf, 0xbf, 0xbf, 0x04,
  0xff, 0xff, 0xff, 0x02, 0x00, 0x00, 0x00, 0x00, 0xd4, 0xcf, 0xcc, 0xc1, 0xdf, 0xda, 0xd8, 0xfe,
  0xd6, 0xd3, 0xce, 0xfc, 0x31, 0x5a, 0xda, 0xff, 0x00, 0x31, 0xe1, 0xff, 0x03, 0x3a, 0xdf, 0xff,
  0x02, 0x3e, 0xe1, 0xff, 0x03, 0x48, 0xe3, 0xff, 0x06, 0x54, 0xe6, 0xff, 0x00, 0x50, 0xe7, 0xff,
  0x78, 0x9b, 0xd9, 0xff, 0xe2, 0xd8, 0xcc, 0xfb, 0xe2, 0xdd, 0xdc, 0xff, 0xd3, 0xcf, 0xcd, 0x7c,
  0x00, 0x00, 0x00, 0x00, 0xbf, 0xbf, 0xbf, 0x04, 0x00, 0x00, 0x00, 0x00, 0x00, 0x00, 0x00, 0x00,
  0x00, 0x00, 0x00, 0x00, 0x00, 0x00, 0x00, 0x00, 0x00, 0x00, 0x00, 0x00, 0x00, 0x00, 0x00, 0x00,
  0x00, 0x00, 0x00, 0x00, 0x00, 0x00, 0x00, 0x00, 0x00, 0x00, 0x00, 0x00, 0x00, 0x00, 0x00, 0x00,
  0x00, 0x00, 0x00, 0x00, 0x00, 0x00, 0x00, 0x00, 0xaa, 0xaa, 0xaa, 0x03, 0x00, 0x00, 0x00, 0x00,
  0xb2, 0xcc, 0xb2, 0x0a, 0xd8, 0xd4, 0xd2, 0x85, 0xda, 0xd6, 0xd3, 0xf4, 0xe4, 0xdf, 0xdc, 0xff,
  0xd9, 0xd4, 0xd1, 0xff, 0xd4, 0xcf, 0xcc, 0xfd, 0xd5, 0xd0, 0xcd, 0xfb, 0xd4, 0xcf, 0xcd, 0xfc,
  0xd4, 0xcf, 0xcc, 0xfd, 0xd4, 0xcf, 0xcd, 0xfd, 0xd4, 0xcf, 0xcc, 0xfd, 0xd5, 0xd0, 0xcd, 0xfc,
  0xd5, 0xd0, 0xcd, 0xfb, 0xd5, 0xd0, 0xcd, 0xfb, 0xd5, 0xcf, 0xcc, 0xff, 0xdd, 0xd8, 0xd5, 0xff,
  0xe4, 0xdf, 0xdc, 0xff, 0xdb, 0xd7, 0xd3, 0xd9, 0xd5, 0xd2, 0xcf, 0x50, 0x00, 0x00, 0x00, 0x00,
  0xff, 0xff, 0xff, 0x01, 0xff, 0xff, 0xff, 0x01, 0x00, 0x00, 0x00, 0x00, 0x00, 0x00, 0x00, 0x00,
  0x00, 0x00, 0x00, 0x00, 0x00, 0x00, 0x00, 0x00, 0x00, 0x00, 0x00, 0x00, 0x00, 0x00, 0x00, 0x00,
  0x00, 0x00, 0x00, 0x00, 0x00, 0x00, 0x00, 0x00, 0x00, 0x00, 0x00, 0x00, 0x00, 0x00, 0x00, 0x00,
  0x00, 0x00, 0x00, 0x00, 0x00, 0x00, 0x00, 0x00, 0xbf, 0xbf, 0xbf, 0x04, 0x00, 0x00, 0x00, 0x00,
  0xd2, 0xce, 0xcc, 0x8e, 0xe2, 0xdf, 0xdc, 0xff, 0xe1, 0xd1, 0xd1, 0xfb, 0x6d, 0xcc, 0xb0, 0xff,
  0x00, 0xc7, 0x8e, 0xff, 0x06, 0xc3, 0x8a, 0xff, 0x03, 0xbb, 0x7a, 0xff, 0x02, 0xb5, 0x70, 0xff,
  0x04, 0xb4, 0x6d, 0xff, 0x00, 0xb3, 0x67, 0xff, 0x40, 0xbb, 0x89, 0xff, 0xdb, 0xd2, 0xd1, 0xfb,
  0xe2, 0xdc, 0xda, 0xfe, 0xd5, 0xd1, 0xcf, 0xad, 0x00, 0x00, 0x00, 0x00, 0xaa, 0xaa, 0xaa, 0x03,
  0x00, 0x00, 0x00, 0x00, 0xd4, 0xd4, 0xcc, 0x1e, 0xd4, 0xd0, 0xcf, 0xfa, 0xe0, 0xd7, 0xce, 0xff,
  0xad, 0xb3, 0xd2, 0xfe, 0x04, 0x39, 0xdf, 0xff, 0x01, 0x3a, 0xe0, 0xff, 0x01, 0x3a, 0xe0, 0xff,
  0x00, 0x39, 0xe0, 0xff, 0x01, 0x39, 0xe0, 0xff, 0x01, 0x37, 0xe2, 0xff, 0x15, 0x4e, 0xe0, 0xff,
  0xc3, 0xc7, 0xd0, 0xfe, 0xdd, 0xd6, 0xd0, 0xfe, 0xd5, 0xd1, 0xcf, 0xed, 0xce, 0xce, 0xce, 0x15,
  0xff, 0xff, 0xff, 0x01, 0xff, 0xff, 0xff, 0x01, 0x00, 0x00, 0x00, 0x00, 0x00, 0x00, 0x00, 0x00,
  0x00, 0x00, 0x00, 0x00, 0x00, 0x00, 0x00, 0x00, 0x00, 0x00, 0x00, 0x00, 0x00, 0x00, 0x00, 0x00,
  0x00, 0x00, 0x00, 0x00, 0x00, 0x00, 0x00, 0x00, 0x00, 0x00, 0x00, 0x00, 0x00, 0x00, 0x00, 0x00,
  0x00, 0x00, 0x00, 0x00, 0xff, 0xff, 0xff, 0x03, 0x00, 0x00, 0x00, 0x00, 0xce, 0xce, 0xce, 0x2a,
  0xda, 0xd6, 0xd2, 0xd0, 0xe5, 0xe0, 0xdd, 0xff, 0xd6, 0xd1, 0xce, 0xff, 0xd4, 0xcf, 0xcc, 0xfb,
  0xd4, 0xcf, 0xcc, 0xfe, 0xd5, 0xd0, 0xcd, 0xff, 0xd5, 0xd0, 0xcd, 0xff, 0xd5, 0xd0, 0xcd, 0xff,
  0xd5, 0xd0, 0xcd, 0xff, 0xd5, 0xd0, 0xcd, 0xff, 0xd5, 0xd0, 0xcd, 0xff, 0xd5, 0xd0, 0xcd, 0xff,
  0xd5, 0xd0, 0xcd, 0xff, 0xd5, 0xd0, 0xcd, 0xff, 0xd5, 0xd0, 0xcd, 0xff, 0xd4, 0xcf, 0xcc, 0xfd,
  0xd4, 0xcf, 0xcc, 0xfb, 0xdd, 0xd7, 0xd3, 0xff, 0xe0, 0xdb, 0xd8, 0xff, 0xd6, 0xd3, 0xd1, 0x92,
  0xaa, 0xaa, 0xaa, 0x03, 0x00, 0x00, 0x00, 0x00, 0xff, 0xff, 0xff, 0x01, 0x00, 0x00, 0x00, 0x00,
  0x00, 0x00, 0x00, 0x00, 0x00, 0x00, 0x00, 0x00, 0x00, 0x00, 0x00, 0x00, 0x00, 0x00, 0x00, 0x00,
  0x00, 0x00, 0x00, 0x00, 0x00, 0x00, 0x00, 0x00, 0x00, 0x00, 0x00, 0x00, 0x00, 0x00, 0x00, 0x00,
  0x00, 0x00, 0x00, 0x00, 0x00, 0x00, 0x00, 0x00, 0xff, 0xff, 0xff, 0x02, 0xff, 0xff, 0xff, 0x01,
  0xd5, 0xcd, 0xcd, 0x1f, 0xd6, 0xd3, 0xcf, 0xf4, 0xdc, 0xd2, 0xd1, 0xfe, 0xb9, 0xcf, 0xc3, 0xfe,
  0x0e, 0xb8, 0x7a, 0xff, 0x01, 0xb3, 0x6d, 0xff, 0x02, 0xb4, 0x6c, 0xff, 0x01, 0xb5, 0x6e, 0xff,
  0x02, 0xb5, 0x6f, 0xff, 0x01, 0xb5, 0x6e, 0xff, 0x0b, 0xb5, 0x70, 0xff, 0xb7, 0xcd, 0xbf, 0xfe,
  0xe0, 0xd4, 0xd5, 0xff, 0xd4, 0xcf, 0xcd, 0xee, 0xd2, 0xd2, 0xd2, 0x11, 0x00, 0x00, 0x00, 0x00,
  0x00, 0x00, 0x00, 0x00, 0xd7, 0xd1, 0xd1, 0x60, 0xe1, 0xdd, 0xdc, 0xff, 0xe4, 0xd9, 0xcc, 0xfc,
  0x72, 0x88, 0xd6, 0xff, 0x00, 0x2e, 0xe2, 0xff, 0x04, 0x3c, 0xe1, 0xff, 0x00, 0x3a, 0xe0, 0xff,
  0x00, 0x3a, 0xe0, 0xff, 0x03, 0x3d, 0xe0, 0xff, 0x00, 0x30, 0xe1, 0xff, 0x57, 0x73, 0xd8, 0xff,
  0xe0, 0xd9, 0xcd, 0xfb, 0xe1, 0xdd, 0xdc, 0xff, 0xd5, 0xd0, 0xce, 0x8e, 0x00, 0x00, 0x00, 0x00,
  0xbf, 0xbf, 0xbf, 0x04, 0x00, 0x00, 0x00, 0x00, 0x00, 0x00, 0x00, 0x00, 0x00, 0x00, 0x00, 0x00,
  0x00, 0x00, 0x00, 0x00, 0x00, 0x00, 0x00, 0x00, 0x00, 0x00, 0x00, 0x00, 0x00, 0x00, 0x00, 0x00,
  0x00, 0x00, 0x00, 0x00, 0x00, 0x00, 0x00, 0x00, 0x00, 0x00, 0x00, 0x00, 0x00, 0x00, 0x00, 0x00,
  0xaa, 0xaa, 0xaa, 0x03, 0x00, 0x00, 0x00, 0x00, 0xcd, 0xcd, 0xcd, 0x39, 0xdb, 0xd5, 0xd3, 0xec,
  0xe0, 0xdb, 0xd7, 0xff, 0xd4, 0xd0, 0xcd, 0xfa, 0xd4, 0xcf, 0xcc, 0xfe, 0xd5, 0xd0, 0xcd, 0xff,
  0xd5, 0xd0, 0xcd, 0xff, 0xd5, 0xd0, 0xcd, 0xff, 0xd5, 0xd0, 0xcd, 0xff, 0xd5, 0xd0, 0xcd, 0xff,
  0xd5, 0xd0, 0xcd, 0xff, 0xd5, 0xd0, 0xcd, 0xff, 0xd5, 0xd0, 0xcd, 0xff, 0xd5, 0xd0, 0xcd, 0xff,
  0xd5, 0xd0, 0xcd, 0xff, 0xd5, 0xd0, 0xcd, 0xff, 0xd5, 0xd0, 0xcd, 0xff, 0xd5, 0xd0, 0xcd, 0xff,
  0xd5, 0xd0, 0xcd, 0xff, 0xd4, 0xcf, 0xcc, 0xfd, 0xd5, 0xd0, 0xcd, 0xfc, 0xe6, 0xe1, 0xde, 0xff,
  0xd9, 0xd3, 0xd2, 0xb7, 0xd4, 0xd4, 0xd4, 0x0c, 0x7f, 0x7f, 0x7f, 0x02, 0xff, 0xff, 0xff, 0x01,
  0x00, 0x00, 0x00, 0x00, 0x00, 0x00, 0x00, 0x00, 0x00, 0x00, 0x00, 0x00, 0x00, 0x00, 0x00, 0x00,
  0x00, 0x00, 0x00, 0x00, 0x00, 0x00, 0x00, 0x00, 0x00, 0x00, 0x00, 0x00, 0x00, 0x00, 0x00, 0x00,
  0x00, 0x00, 0x00, 0x00, 0x00, 0x00, 0x00, 0x00, 0x00, 0x00, 0x00, 0x00, 0xff, 0xaa, 0xaa, 0x03,
  0x00, 0x00, 0x00, 0x00, 0xd2, 0xce, 0xcd, 0x9f, 0xe1, 0xde, 0xdc, 0xff, 0xde, 0xd2, 0xd2, 0xfb,
  0x4a, 0xbc, 0x8d, 0xff, 0x00, 0xb3, 0x69, 0xff, 0x04, 0xb5, 0x70, 0xff, 0x01, 0xb5, 0x6e, 0xff,
  0x01, 0xb5, 0x6e, 0xff, 0x04, 0xb6, 0x6f, 0xff, 0x00, 0xb2, 0x68, 0xff, 0x80, 0xc5, 0xa6, 0xff,
  0xe3, 0xd2, 0xd3, 0xfc, 0xde, 0xdc, 0xd7, 0xff, 0xd6, 0xd0, 0xd0, 0x4c, 0x00, 0x00, 0x00, 0x00,
  0x00, 0x00, 0x00, 0x00, 0xd4, 0xcf, 0xcf, 0xa2, 0xe3, 0xde, 0xdc, 0xff, 0xda, 0xd4, 0xd0, 0xfb,
  0x36, 0x5e, 0xdb, 0xff, 0x00, 0x32, 0xe1, 0xff, 0x03, 0x3c, 0xe0, 0xff, 0x00, 0x3a, 0xe0, 0xff,
  0x00, 0x3a, 0xe0, 0xff, 0x01, 0x3b, 0xe1, 0xff, 0x01, 0x35, 0xdf, 0xff, 0x9e, 0xa9, 0xd4, 0xff,
  0xe0, 0xd8, 0xcc, 0xfe, 0xd8, 0xd3, 0xd2, 0xfc, 0xd2, 0xd2, 0xcd, 0x2e, 0xff, 0xff, 0xff, 0x01,
  0xaa, 0xaa, 0xaa, 0x03, 0x00, 0x00, 0x00, 0x00, 0x00, 0x00, 0x00, 0x00, 0x00, 0x00, 0x00, 0x00,
  0x00, 0x00, 0x00, 0x00, 0x00, 0x00, 0x00, 0x00, 0x00, 0x00, 0x00, 0x00, 0x00, 0x00, 0x00, 0x00,
  0x00, 0x00, 0x00, 0x00, 0x00, 0x00, 0x00, 0x00, 0x00, 0x00, 0x00, 0x00, 0xff, 0xff, 0xff, 0x02,
  0x00, 0x00, 0x00, 0x00, 0xd1, 0xd1, 0xd1, 0x2d, 0xdb, 0xd6, 0xd4, 0xef, 0xdc, 0xd7, 0xd3, 0xff,
  0xd3, 0xce, 0xcb, 0xfc, 0xd5, 0xd0, 0xcd, 0xff, 0xd5, 0xd0, 0xcd, 0xff, 0xd5, 0xd0, 0xcd, 0xff,
  0xd6, 0xd0, 0xce, 0xff, 0xd5, 0xd0, 0xcd, 0xff, 0xd5, 0xd1, 0xcc, 0xff, 0xd5, 0xd1, 0xcc, 0xff,
  0xd5, 0xd1, 0xcc, 0xff, 0xd5, 0xd1, 0xcc, 0xff, 0xd5, 0xd0, 0xcd, 0xff, 0xd5, 0xd0, 0xcd, 0xff,
  0xd5, 0xd0, 0xcd, 0xff, 0xd5, 0xd0, 0xcd, 0xff, 0xd5, 0xd0, 0xce, 0xff, 0xd5, 0xd0, 0xce, 0xff,
  0xd5, 0xd0, 0xce, 0xff, 0xd5, 0xd0, 0xcd, 0xff, 0xd5, 0xd0, 0xcd, 0xff, 0xd5, 0xcf, 0xcc, 0xf9,
  0xe7, 0xe2, 0xde, 0xff, 0xd4, 0xd0, 0xcf, 0xb5, 0x00, 0x01, 0x01, 0x00, 0xbf, 0xbf, 0xbf, 0x04,
  0xff, 0xff, 0xff, 0x01, 0x00, 0x00, 0x00, 0x00, 0x00, 0x00, 0x00, 0x00, 0x00, 0x00, 0x00, 0x00,
  0x00, 0x00, 0x00, 0x00, 0x00, 0x00, 0x00, 0x00, 0x00, 0x00, 0x00, 0x00, 0x00, 0x00, 0x00, 0x00,
  0x00, 0x00, 0x00, 0x00, 0x00, 0x00, 0x00, 0x00, 0x00, 0x00, 0x00, 0x00, 0xff, 0xff, 0xff, 0x03,
  0xff, 0xff, 0xff, 0x01, 0xd5, 0xd1, 0xd1, 0x3d, 0xd9, 0xd7, 0xd5, 0xff, 0xe0, 0xd2, 0xd3, 0xfd,
  0x94, 0xc8, 0xae, 0xff, 0x00, 0xb3, 0x69, 0xff, 0x03, 0xb5, 0x6f, 0xff, 0x01, 0xb5, 0x6e, 0xff,
  0x01, 0xb5, 0x6e, 0xff, 0x04, 0xb5, 0x6f, 0xff, 0x00, 0xb3, 0x69, 0xff, 0x45, 0xbd, 0x8b, 0xff,
  0xde, 0xd2, 0xd1, 0xfb, 0xe4, 0xdf, 0xdc, 0xfe, 0xd4, 0xcf, 0xcf, 0x90, 0x00, 0x00, 0x00, 0x00,
  0xcc, 0xcc, 0xcc, 0x05, 0xd4, 0xce, 0xce, 0xd7, 0xe1, 0xdb, 0xd5, 0xff, 0xc0, 0xc2, 0xd0, 0xfd,
  0x0f, 0x41, 0xde, 0xff, 0x00, 0x38, 0xe1, 0xff, 0x01, 0x3b, 0xe0, 0xff, 0x00, 0x3a, 0xe0, 0xff,
  0x01, 0x3b, 0xe0, 0xff, 0x00, 0x36, 0xe0, 0xff, 0x1e, 0x4d, 0xdc, 0xff, 0xce, 0xcb, 0xd0, 0xfc,
  0xe0, 0xdb, 0xd7, 0xff, 0xd4, 0xcf, 0xcd, 0xca, 0x00, 0x00, 0x00, 0x00, 0xff, 0xff, 0xff, 0x01,
  0x00, 0x00, 0x00, 0x00, 0x00, 0x00, 0x00, 0x00, 0x00, 0x00, 0x00, 0x00, 0x00, 0x00, 0x00, 0x00,
  0x00, 0x00, 0x00, 0x00, 0x00, 0x00, 0x00, 0x00, 0x00, 0x00, 0x00, 0x00, 0x00, 0x00, 0x00, 0x00,
  0x00, 0x00, 0x00, 0x00, 0x00, 0x00, 0x00, 0x00, 0xff, 0xff, 0xff, 0x01, 0xff, 0xff, 0xff, 0x02,
  0xdd, 0xdd, 0xdd, 0x0f, 0xd8, 0xd2, 0xd0, 0xdc, 0xdf, 0xd9, 0xd6, 0xff, 0xd3, 0xcf, 0xcb, 0xfc,
  0xd5, 0xd0, 0xcd, 0xff, 0xd5, 0xd0, 0xcd, 0xff, 0xd5, 0xd0, 0xcd, 0xff, 0xd5, 0xd0, 0xcd, 0xff,
  0xd6, 0xd0, 0xcd, 0xff, 0xd5, 0xd1, 0xcc, 0xff, 0xd5, 0xd1, 0xcc, 0xff, 0xd5, 0xd1, 0xcc, 0xff,
  0xd5, 0xd1, 0xcc, 0xff, 0xd5, 0xd1, 0xcc, 0xff, 0xd5, 0xd1, 0xcc, 0xff, 0xd5, 0xd1, 0xcc, 0xff,
  0xd5, 0xd1, 0xcc, 0xff, 0xd5, 0xd1, 0xcc, 0xff, 0xd5, 0xd0, 0xce, 0xff, 0xd5, 0xd0, 0xce, 0xff,
  0xd5, 0xd0, 0xcd, 0xff, 0xd5, 0xd0, 0xcd, 0xff, 0xd5, 0xd0, 0xcd, 0xff, 0xd5, 0xd0, 0xcd, 0xff,
  0xd4, 0xcf, 0xcc, 0xfa, 0xe7, 0xe1, 0xde, 0xff, 0xd4, 0xcf, 0xcd, 0x85, 0x00, 0x00, 0x00, 0x00,
  0xff, 0xff, 0xaa, 0x03, 0x00, 0x00, 0x00, 0x00, 0x00, 0x00, 0x00, 0x00, 0x00, 0x00, 0x00, 0x00,
  0x00, 0x00, 0x00, 0x00, 0x00, 0x00, 0x00, 0x00, 0x00, 0x00, 0x00, 0x00, 0x00, 0x00, 0x00, 0x00,
  0x00, 0x00, 0x00, 0x00, 0x00, 0x00, 0x00, 0x00, 0x00, 0x00, 0x00, 0x00, 0x00, 0x00, 0x00, 0x01,
  0xff, 0xff, 0xff, 0x01, 0xff, 0xff, 0xff, 0x03, 0xd1, 0xcf, 0xcd, 0xd7, 0xe2, 0xd8, 0xd6, 0xff,
  0xc5, 0xcf, 0xc5, 0xfd, 0x15, 0xb7, 0x76, 0xff, 0x00, 0xb4, 0x6c, 0xff, 0x02, 0xb5, 0x6f, 0xff,
  0x01, 0xb5, 0x6e, 0xff, 0x02, 0xb5, 0x6f, 0xff, 0x00, 0xb5, 0x6c, 0xff, 0x1a, 0xb7, 0x78, 0xff,
  0xc7, 0xcf, 0xc7, 0xfd, 0xe2, 0xdb, 0xd8, 0xff, 0xd3, 0xd0, 0xcd, 0xc9, 0x00, 0x00, 0x00, 0x00,
  0xd6, 0xd0, 0xd0, 0x26, 0xd2, 0xce, 0xcd, 0xf7, 0xe3, 0xdb, 0xce, 0xff, 0x99, 0xa5, 0xd4, 0xff,
  0x00, 0x34, 0xe0, 0xff, 0x01, 0x3b, 0xe0, 0xff, 0x00, 0x3a, 0xe0, 0xff, 0x00, 0x3a, 0xe0, 0xff,
  0x03, 0x3c, 0xe0, 0xff, 0x00, 0x30, 0xe1, 0xff, 0x51, 0x72, 0xd8, 0xff, 0xdf, 0xd8, 0xce, 0xfb,
  0xe2, 0xdd, 0xdc, 0xff, 0xd7, 0xcf, 0xcf, 0x7c, 0x00, 0x00, 0x00, 0x00, 0xbf, 0xbf, 0xbf, 0x04,
  0x00, 0x00, 0x00, 0x00, 0x00, 0x00, 0x00, 0x00, 0x00, 0x00, 0x00, 0x00, 0x00, 0x00, 0x00, 0x00,
  0x00, 0x00, 0x00, 0x00, 0x00, 0x00, 0x00, 0x00, 0x00, 0x00, 0x00, 0x00, 0x00, 0x00, 0x00, 0x00,
  0x00, 0x00, 0x00, 0x00, 0x00, 0x00, 0x00, 0x00, 0xaa, 0xaa, 0xaa, 0x03, 0x00, 0x00, 0x00, 0x00,
  0xd3, 0xcf, 0xcc, 0x9d, 0xe7, 0xe0, 0xdd, 0xff, 0xd4, 0xcf, 0xcc, 0xfb, 0xd5, 0xd0, 0xcd, 0xff,
  0xd5, 0xd0, 0xcd, 0xff, 0xd5, 0xd0, 0xcd, 0xff, 0xd5, 0xd1, 0xcc, 0xff, 0xd5, 0xd1, 0xcc, 0xff,
  0xd5, 0xd1, 0xcc, 0xff, 0xd5, 0xd1, 0xcc, 0xff, 0xd5, 0xd1, 0xcc, 0xff, 0xd5, 0xd1, 0xcc, 0xff,
  0xd5, 0xd1, 0xcc, 0xff, 0xd5, 0xd1, 0xcc, 0xff, 0xd5, 0xd1, 0xcc, 0xff, 0xd5, 0xd1, 0xcc, 0xff,
  0xd5, 0xd1, 0xcc, 0xff, 0xd5, 0xd1, 0xcc, 0xff, 0xd5, 0xd1, 0xcc, 0xff, 0xd4, 0xd1, 0xcc, 0xff,
  0xd5, 0xd0, 0xcd, 0xff, 0xd5, 0xd0, 0xcd, 0xff, 0xd5, 0xd0, 0xcd, 0xff, 0xd5, 0xd0, 0xcd, 0xff,
  0xd4, 0xd0, 0xcd, 0xfe, 0xd8, 0xd2, 0xcf, 0xfb, 0xde, 0xd7, 0xd4, 0xff, 0xd8, 0xd3, 0xcf, 0x3b,
  0x00, 0x00, 0x00, 0x00, 0xaa, 0xaa, 0xaa, 0x03, 0x00, 0x00, 0x00, 0x00, 0x00, 0x00, 0x00, 0x00,
  0x00, 0x00, 0x00, 0x00, 0x00, 0x00, 0x00, 0x00, 0x00, 0x00, 0x00, 0x00, 0x00, 0x00, 0x00, 0x00,
  0x00, 0x00, 0x00, 0x00, 0x00, 0x00, 0x00, 0x00, 0x00, 0x00, 0x00, 0x00, 0x00, 0x00, 0x00, 0x00,
  0xbf, 0xbf, 0xbf, 0x04, 0x00, 0x00, 0x00, 0x00, 0xd7, 0xd1, 0xcf, 0x8d, 0xe4, 0xdf, 0xdb, 0xff,
  0xde, 0xd2, 0xd0, 0xfb, 0x46, 0xbd, 0x8c, 0xff, 0x00, 0xb3, 0x69, 0xff, 0x04, 0xb5, 0x70, 0xff,
  0x01, 0xb5, 0x6e, 0xff, 0x01, 0xb5, 0x6e, 0xff, 0x02, 0xb5, 0x6e, 0xff, 0x02, 0xb4, 0x6c, 0xff,
  0xa5, 0xca, 0xb7, 0xfe, 0xe3, 0xd5, 0xd5, 0xff, 0xd2, 0xcf, 0xcc, 0xed, 0xd2, 0xd2, 0xd2, 0x17,
  0xd7, 0xd3, 0xcd, 0x53, 0xda, 0xd5, 0xd4, 0xff, 0xe2, 0xd9, 0xcc, 0xfe, 0x70, 0x88, 0xd6, 0xff,
  0x00, 0x30, 0xe0, 0xff, 0x03, 0x3c, 0xe0, 0xff, 0x00, 0x3a, 0xe0, 0xff, 0x00, 0x3a, 0xe0, 0xff,
  0x04, 0x3c, 0xe1, 0xff, 0x00, 0x31, 0xe0, 0xff, 0x84, 0x96, 0xd7, 0xff, 0xe2, 0xd8, 0xcd, 0xfe,
  0xda, 0xd4, 0xd5, 0xff, 0xd6, 0xd1, 0xd1, 0x38, 0x00, 0x00, 0x00, 0x00, 0xaa, 0xaa, 0xaa, 0x03,
  0x00, 0x00, 0x00, 0x00, 0x00, 0x00, 0x00, 0x00, 0x00, 0x00, 0x00, 0x00, 0x00, 0x00, 0x00, 0x00,
  0x00, 0x00, 0x00, 0x00, 0x00, 0x00, 0x00, 0x00, 0x00, 0x00, 0x00, 0x00, 0x00, 0x00, 0x00, 0x00,
  0x00, 0x00, 0x00, 0x00, 0xaa, 0xaa, 0xaa, 0x03, 0x00, 0x00, 0x00, 0x00, 0xd6, 0xd1, 0xcc, 0x38,
  0xdd, 0xd8, 0xd4, 0xff, 0xd5, 0xd0, 0xcd, 0xfc, 0xd5, 0xd0, 0xcd, 0xff, 0xd5, 0xd0, 0xcd, 0xff,
  0xd5, 0xd0, 0xcd, 0xff, 0xd5, 0xd0, 0xcd, 0xff, 0xd5, 0xd1, 0xcc, 0xff, 0xd5, 0xd1, 0xcc, 0xff,
  0xd5, 0xd1, 0xcc, 0xff, 0xd5, 0xd1, 0xcc, 0xff, 0xd5, 0xd1, 0xcc, 0xff, 0xd5, 0xd1, 0xcc, 0xff,
  0xd5, 0xd1, 0xcc, 0xff, 0xd5, 0xd1, 0xcc, 0xff, 0xd5, 0xd1, 0xcc, 0xff, 0xd5, 0xd1, 0xcc, 0xff,
  0xd5, 0xd1, 0xcc, 0xff, 0xd5, 0xd1, 0xcc, 0xff, 0xd5, 0xd1, 0xcc, 0xff, 0xd5, 0xd1, 0xcc, 0xff,
  0xd6, 0xd1, 0xcd, 0xff, 0xd6, 0xd0, 0xce, 0xff, 0xd5, 0xd0, 0xcd, 0xff, 0xd5, 0xd0, 0xcd, 0xff,
  0xd5, 0xd0, 0xcd, 0xff, 0xd4, 0xcf, 0xcc, 0xfc, 0xdf, 0xda, 0xd7, 0xff, 0xd4, 0xcf, 0xcd, 0xcc,
  0xff, 0xff, 0xff, 0x03, 0x7f, 0x7f, 0x7f, 0x02, 0x00, 0x00, 0x00, 0x00, 0x00, 0x00, 0x00, 0x00,
  0x00, 0x00, 0x00, 0x00, 0x00, 0x00, 0x00, 0x00, 0x00, 0x00, 0x00, 0x00, 0x00, 0x00, 0x00, 0x00,
  0x00, 0x00, 0x00, 0x00, 0x00, 0x00, 0x00, 0x00, 0x00, 0x00, 0x00, 0x00, 0x00, 0x00, 0x00, 0x00,
  0xff, 0xff, 0xff, 0x03, 0x00, 0x00, 0x00, 0x00, 0xd2, 0xd2, 0xcc, 0x4b, 0xdd, 0xda, 0xd6, 0xff,
  0xe2, 0xd2, 0xd3, 0xfc, 0x77, 0xc4, 0xa3, 0xff, 0x00, 0xb2, 0x69, 0xff, 0x05, 0xb5, 0x6f, 0xff,
  0x01, 0xb5, 0x6e, 0xff, 0x01, 0xb5, 0x6e, 0xff, 0x04, 0xb6, 0x6f, 0xff, 0x00, 0xb3, 0x67, 0xff,
  0x80, 0xc6, 0xa6, 0xff, 0xe3, 0xd2, 0xd4, 0xfe, 0xd6, 0xd3, 0xcf, 0xff, 0xd5, 0xd1, 0xcd, 0x43,
  0xd6, 0xd2, 0xd0, 0x83, 0xdf, 0xda, 0xd8, 0xff, 0xe0, 0xd8, 0xce, 0xfc, 0x4c, 0x6f, 0xda, 0xff,
  0x00, 0x30, 0xe1, 0xff, 0x03, 0x3c, 0xe0, 0xff, 0x00, 0x3a, 0xe0, 0xff, 0x00, 0x3b, 0xdf, 0xff,
  0x01, 0x3a, 0xe0, 0xff, 0x05, 0x39, 0xdf, 0xff, 0xae, 0xb3, 0xd1, 0xfe, 0xe2, 0xdb, 0xd1, 0xff,
  0xd2, 0xcd, 0xcd, 0xe9, 0xd7, 0xd7, 0xd7, 0x0d, 0x00, 0x00, 0x00, 0x00, 0xff, 0xff, 0xff, 0x01,
  0x00, 0x00, 0x00, 0x00, 0x00, 0x00, 0x00, 0x00, 0x00, 0x00, 0x00, 0x00, 0x00, 0x00, 0x00, 0x00,
  0x00, 0x00, 0x00, 0x00, 0x00, 0x00, 0x00, 0x00, 0x00, 0x00, 0x00, 0x00, 0x00, 0x00, 0x00, 0x00,
  0x00, 0x00, 0x00, 0x00, 0xff, 0xff, 0xff, 0x02, 0x00, 0x00, 0x00, 0x00, 0xd6, 0xd0, 0xce, 0xb1,
  0xe2, 0xdc, 0xd9, 0xff, 0xd5, 0xd0, 0xcd, 0xfb, 0xd5, 0xd0, 0xcd, 0xff, 0xd5, 0xd0, 0xce, 0xff,
  0xd5, 0xd0, 0xce, 0xff, 0xd5, 0xd1, 0xcc, 0xff, 0xd5, 0xd1, 0xcc, 0xff, 0xd5, 0xd1, 0xcc, 0xff,
  0xd5, 0xd1, 0xcc, 0xff, 0xd5, 0xd1, 0xcc, 0xff, 0xd5, 0xd1, 0xcc, 0xff, 0xd5, 0xd1, 0xcc, 0xff,
  0xd5, 0xd1, 0xcc, 0xff, 0xd4, 0xd0, 0xcb, 0xfe, 0xd4, 0xd0, 0xcd, 0xfe, 0xd5, 0xd0, 0xcd, 0xff,
  0xd5, 0xd1, 0xcc, 0xff, 0xd5, 0xd1, 0xcc, 0xff, 0xd5, 0xd1, 0xcc, 0xff, 0xd5, 0xd1, 0xcc, 0xff,
  0xd5, 0xd1, 0xcc, 0xff, 0xd5, 0xd1, 0xcc, 0xff, 0xd5, 0xd0, 0xce, 0xff, 0xd5, 0xd0, 0xce, 0xff,
  0xd5, 0xd0, 0xcd, 0xff, 0xd5, 0xd0, 0xcd, 0xff, 0xd4, 0xcf, 0xcc, 0xfc, 0xe3, 0xdd, 0xda, 0xff,
  0xd4, 0xd1, 0xce, 0x54, 0x00, 0x00, 0x00, 0x00, 0xbf, 0xbf, 0xbf, 0x04, 0x00, 0x00, 0x00, 0x00,
  0x00, 0x00, 0x00, 0x00, 0x00, 0x00, 0x00, 0x00, 0x00, 0x00, 0x00, 0x00, 0x00, 0x00, 0x00, 0x00,
  0x00, 0x00, 0x00, 0x00, 0x00, 0x00, 0x00, 0x00, 0x00, 0x00, 0x00, 0x00, 0x00, 0x00, 0x00, 0x00,
  0x7f, 0x7f, 0x7f, 0x02, 0x00, 0x00, 0x00, 0x00, 0xdd, 0xdd, 0xd2, 0x17, 0xd2, 0xcf, 0xcc, 0xf3,
  0xe1, 0xd4, 0xd5, 0xff, 0xa1, 0xc9, 0xb5, 0xfe, 0x01, 0xb3, 0x6b, 0xff, 0x02, 0xb5, 0x6e, 0xff,
  0x01, 0xb5, 0x6e, 0xff, 0x01, 0xb5, 0x6e, 0xff, 0x04, 0xb5, 0x6f, 0xff, 0x00, 0xb3, 0x67, 0xff,
  0x5c, 0xc0, 0x96, 0xff, 0xe2, 0xd2, 0xd3, 0xfc, 0xdd, 0xda, 0xd6, 0xff, 0xd4, 0xd0, 0xcd, 0x6d,
  0xd3, 0xcf, 0xcd, 0xaa, 0xdf, 0xda, 0xd7, 0xff, 0xd8, 0xd2, 0xcf, 0xfc, 0x31, 0x59, 0xdb, 0xff,
  0x00, 0x34, 0xe0, 0xff, 0x02, 0x3b, 0xe0, 0xff, 0x00, 0x3a, 0xe0, 0xff, 0x01, 0x3b, 0xdf, 0xff,
  0x00, 0x37, 0xe0, 0xff, 0x18, 0x47, 0xdd, 0xff, 0xc7, 0xc6, 0xd1, 0xfc, 0xe4, 0xdd, 0xd7, 0xff,
  0xd4, 0xd0, 0xce, 0xbe, 0x00, 0x00, 0x00, 0x00, 0xff, 0xff, 0xff, 0x02, 0x00, 0x00, 0x00, 0x00,
  0x00, 0x00, 0x00, 0x00, 0x00, 0x00, 0x00, 0x00, 0x00, 0x00, 0x00, 0x00, 0x00, 0x00, 0x00, 0x00,
  0x00, 0x00, 0x00, 0x00, 0x00, 0x00, 0x00, 0x00, 0x00, 0x00, 0x00, 0x00, 0x00, 0x00, 0x00, 0x00,
  0xff, 0xff, 0xff, 0x02, 0x00, 0x00, 0x00, 0x00, 0xd4, 0xd4, 0xcd, 0x24, 0xd8, 0xd2, 0xcf, 0xfb,
  0xd6, 0xd0, 0xcd, 0xfe, 0xd5, 0xd0, 0xcd, 0xff, 0xd5, 0xd0, 0xcd, 0xff, 0xd5, 0xd0, 0xce, 0xff,
  0xd5, 0xd0, 0xce, 0xff, 0xd5, 0xd1, 0xcc, 0xff, 0xd5, 0xd1, 0xcc, 0xff, 0xd5, 0xd1, 0xcc, 0xff,
  0xd5, 0xd1, 0xcc, 0xff, 0xd5, 0xd1, 0xcc, 0xff, 0xd5, 0xd1, 0xcd, 0xff, 0xd4, 0xd0, 0xcc, 0xfc,
  0xd5, 0xd1, 0xcc, 0xff, 0xd9, 0xd5, 0xd0, 0xff, 0xd8, 0xd3, 0xd0, 0xff, 0xd4, 0xcf, 0xcc, 0xfd,
  0xd4, 0xd0, 0xcc, 0xfd, 0xd5, 0xd1, 0xcc, 0xff, 0xd5, 0xd1, 0xcc, 0xff, 0xd5, 0xd1, 0xcc, 0xff,
  0xd5, 0xd1, 0xcc, 0xff, 0xd5, 0xd1, 0xcc, 0xff, 0xd5, 0xd0, 0xce, 0xff, 0xd5, 0xd0, 0xcf, 0xff,
  0xd5, 0xd0, 0xcd, 0xff, 0xd5, 0xd0, 0xcd, 0xff, 0xd4, 0xcf, 0xcc, 0xfc, 0xe2, 0xdc, 0xd8, 0xfe,
  0xd6, 0xcf, 0xce, 0xb8, 0x00, 0x00, 0x00, 0x00, 0xff, 0xff, 0xff, 0x02, 0x00, 0x00, 0x00, 0x00,
  0x00, 0x00, 0x00, 0x00, 0x00, 0x00, 0x00, 0x00, 0x00, 0x00, 0x00, 0x00, 0x00, 0x00, 0x00, 0x00,
  0x00, 0x00, 0x00, 0x00, 0x00, 0x00, 0x00, 0x00, 0x00, 0x00, 0x00, 0x00, 0x00, 0x00, 0x00, 0x00,
  0x00, 0x00, 0x00, 0x00, 0xff, 0xff, 0xff, 0x01, 0x00, 0x00, 0x00, 0x00, 0xd3, 0xd0, 0xcd, 0xcd,
  0xe4, 0xda, 0xd8, 0xff, 0xbe, 0xcf, 0xc4, 0xfc, 0x10, 0xb5, 0x73, 0xff, 0x00, 0xb4, 0x6d, 0xff,
  0x02, 0xb5, 0x6e, 0xff, 0x01, 0xb5, 0x6e, 0xff, 0x03, 0xb5, 0x6f, 0xff, 0x00, 0xb3, 0x68, 0xff,
  0x40, 0xbb, 0x87, 0xff, 0xdc, 0xd2, 0xd0, 0xfc, 0xe0, 0xdb, 0xd7, 0xff, 0xd5, 0xd0, 0xcc, 0x93,
  0xd3, 0xcf, 0xce, 0xc6, 0xe0, 0xd9, 0xd4, 0xff, 0xcc, 0xc8, 0xd0, 0xfd, 0x1b, 0x4a, 0xdc, 0xff,
  0x00, 0x36, 0xe1, 0xff, 0x01, 0x3b, 0xe0, 0xff, 0x00, 0x3a, 0xe0, 0xff, 0x02, 0x3b, 0xe0, 0xff,
  0x00, 0x33, 0xe1, 0xff, 0x30, 0x59, 0xdb, 0xff, 0xd7, 0xd3, 0xcf, 0xfb, 0xe3, 0xde, 0xdb, 0xff,
  0xd4, 0xcf, 0xcd, 0x9b, 0x00, 0x00, 0x00, 0x00, 0xbf, 0xbf, 0xbf, 0x04, 0x00, 0x00, 0x00, 0x00,
  0x00, 0x00, 0x00, 0x00, 0x00, 0x00, 0x00, 0x00, 0x00, 0x00, 0x00, 0x00, 0x00, 0x00, 0x00, 0x00,
  0x00, 0x00, 0x00, 0x00, 0x00, 0x00, 0x00, 0x00, 0x00, 0x00, 0x00, 0x00, 0x00, 0x00, 0x00, 0x00,
  0xbf, 0xbf, 0xbf, 0x04, 0x00, 0x00, 0x00, 0x00, 0xd3, 0xd1, 0xce, 0x6f, 0xe4, 0xde, 0xdc, 0xff,
  0xd5, 0xd0, 0xcd, 0xfb, 0xd5, 0xd0, 0xcd, 0xff, 0xd5, 0xd0, 0xcd, 0xff, 0xd5, 0xd0, 0xcd, 0xff,
  0xd5, 0xd1, 0xcc, 0xff, 0xd5, 0xd1, 0xcc, 0xff, 0xd5, 0xd1, 0xcc, 0xff, 0xd5, 0xd1, 0xcc, 0xff,
  0xd5, 0xd0, 0xcd, 0xff, 0xd5, 0xd0, 0xce, 0xff, 0xd4, 0xcf, 0xcc, 0xfd, 0xe1, 0xdc, 0xd9, 0xff,
  0xd8, 0xd3, 0xd0, 0xff, 0xd4, 0xd0, 0xcc, 0xea, 0xd5, 0xd0, 0xcd, 0xf0, 0xdf, 0xda, 0xd7, 0xff,
  0xdb, 0xd6, 0xd3, 0xff, 0xd3, 0xce, 0xcb, 0xfe, 0xd5, 0xd1, 0xcd, 0xff, 0xd5, 0xd1, 0xcc, 0xff,
  0xd5, 0xd1, 0xcc, 0xff, 0xd5, 0xd1, 0xcc, 0xff, 0xd5, 0xd1, 0xcc, 0xff, 0xd5, 0xd1, 0xcd, 0xff,
  0xd5, 0xd0, 0xcd, 0xff, 0xd5, 0xd0, 0xcd, 0xff, 0xd4, 0xcf, 0xcc, 0xfe, 0xd7, 0xd2, 0xcf, 0xff,
  0xd6, 0xcf, 0xce, 0xf4, 0xd6, 0xd6, 0xcc, 0x19, 0x00, 0x00, 0x00, 0x00, 0x7f, 0x7f, 0x7f, 0x02,
  0x00, 0x00, 0x00, 0x00, 0x00, 0x00, 0x00, 0x00, 0x00, 0x00, 0x00, 0x00, 0x00, 0x00, 0x00, 0x00,
  0x00, 0x00, 0x00, 0x00, 0x00, 0x00, 0x00, 0x00, 0x00, 0x00, 0x00, 0x00, 0x00, 0x00, 0x00, 0x00,
  0x00, 0x00, 0x00, 0x00, 0xff, 0xff, 0xff, 0x03, 0x00, 0x00, 0x00, 0x00, 0xd5, 0xd1, 0xce, 0xa7,
  0xe5, 0xdd, 0xdc, 0xff, 0xd1, 0xd0, 0xcc, 0xfb, 0x24, 0xb8, 0x7d, 0xff, 0x00, 0xb3, 0x6b, 0xff,
  0x03, 0xb5, 0x6f, 0xff, 0x01, 0xb5, 0x6e, 0xff, 0x03, 0xb5, 0x6f, 0xff, 0x00, 0xb4, 0x6b, 0xff,
  0x28, 0xba, 0x7e, 0xff, 0xd4, 0xd1, 0xcc, 0xfc, 0xe0, 0xd9, 0xd7, 0xff, 0xd4, 0xd0, 0xcd, 0xb4,
  0xd3, 0xce, 0xcd, 0xde, 0xe0, 0xd8, 0xd2, 0xff, 0xbd, 0xc0, 0xd0, 0xfe, 0x0e, 0x41, 0xdd, 0xff,
  0x00, 0x38, 0xe1, 0xff, 0x01, 0x3b, 0xe0, 0xff, 0x00, 0x3a, 0xe0, 0xff, 0x02, 0x3c, 0xe0, 0xff,
  0x00, 0x31, 0xe0, 0xff, 0x45, 0x6a, 0xd9, 0xff, 0xde, 0xd7, 0xcf, 0xfb, 0xe2, 0xdd, 0xdb, 0xff,
  0xd5, 0xd1, 0xcf, 0x76, 0x00, 0x00, 0x00, 0x00, 0xbf, 0xbf, 0xbf, 0x04, 0x00, 0x00, 0x00, 0x00,
  0x00, 0x00, 0x00, 0x00, 0x00, 0x00, 0x00, 0x00, 0x00, 0x00, 0x00, 0x00, 0x00, 0x00, 0x00, 0x00,
  0x00, 0x00, 0x00, 0x00, 0x00, 0x00, 0x00, 0x00, 0x00, 0x00, 0x00, 0x00, 0x00, 0x00, 0x00, 0x00,
  0xaa, 0xaa, 0xaa, 0x03, 0x00, 0x00, 0x00, 0x00, 0xd5, 0xd0, 0xcf, 0xb1, 0xe3, 0xdc, 0xdc, 0xff,
  0xd5, 0xd0, 0xce, 0xfb, 0xd5, 0xd0, 0xcd, 0xff, 0xd5, 0xd0, 0xcd, 0xff, 0xd5, 0xd0, 0xcd, 0xff,
  0xd5, 0xd1, 0xcc, 0xff, 0xd5, 0xd1, 0xcc, 0xff, 0xd5, 0xd1, 0xcc, 0xff, 0xd5, 0xd1, 0xcc, 0xff,
  0xd5, 0xd0, 0xcd, 0xff, 0xd5, 0xd0, 0xcd, 0xfd, 0xdf, 0xda, 0xd7, 0xff, 0xd7, 0xd2, 0xd1, 0xa7,
  0xd7, 0xd2, 0xcd, 0x34, 0xd2, 0xd2, 0xc3, 0x11, 0xd2, 0xd2, 0xd2, 0x17, 0xd8, 0xd2, 0xd2, 0x56,
  0xda, 0xd4, 0xd2, 0xdd, 0xde, 0xd8, 0xd5, 0xff, 0xd4, 0xcf, 0xcc, 0xfd, 0xd5, 0xd1, 0xcc, 0xff,
  0xd5, 0xd1, 0xcc, 0xff, 0xd5, 0xd1, 0xcc, 0xff, 0xd5, 0xd1, 0xcc, 0xff, 0xd5, 0xd1, 0xcc, 0xff,
  0xd5, 0xd0, 0xcd, 0xff, 0xd5, 0xd0, 0xcd, 0xff, 0xd5, 0xd0, 0xcd, 0xff, 0xd5, 0xcf, 0xce, 0xfc,
  0xe1, 0xdc, 0xdb, 0xff, 0xd3, 0xd0, 0xd0, 0x53, 0x00, 0x00, 0x00, 0x00, 0xbf, 0xbf, 0xbf, 0x04,
  0x00, 0x00, 0x00, 0x00, 0x00, 0x00, 0x00, 0x00, 0x00, 0x00, 0x00, 0x00, 0x00, 0x00, 0x00, 0x00,
  0x00, 0x00, 0x00, 0x00, 0x00, 0x00, 0x00, 0x00, 0x00, 0x00, 0x00, 0x00, 0x00, 0x00, 0x00, 0x00,
  0x00, 0x00, 0x00, 0x00, 0xbf, 0xbf, 0xbf, 0x04, 0x00, 0x00, 0x00, 0x00, 0xd4, 0xd0, 0xd0, 0x84,
  0xe3, 0xdf, 0xdd, 0xff, 0xda, 0xd2, 0xd0, 0xfb, 0x39, 0xbb, 0x86, 0xff, 0x00, 0xb3, 0x69, 0xff,
  0x03, 0xb5, 0x6f, 0xff, 0x01, 0xb5, 0x6e, 0xff, 0x02, 0xb5, 0x6e, 0xff, 0x00, 0xb4, 0x6c, 0xff,
  0x18, 0xb7, 0x77, 0xff, 0xc9, 0xcf, 0xc7, 0xfd, 0xe0, 0xd7, 0xd7, 0xff, 0xd4, 0xd0, 0xcf, 0xcc,
  0xd3, 0xcf, 0xcd, 0xf0, 0xde, 0xd7, 0xcf, 0xff, 0xb4, 0xb8, 0xd3, 0xfe, 0x07, 0x3c, 0xdf, 0xff,
  0x00, 0x38, 0xe1, 0xff, 0x00, 0x3a, 0xe0, 0xff, 0x00, 0x3a, 0xe0, 0xff, 0x03, 0x3c, 0xe0, 0xff,
  0x00, 0x30, 0xe0, 0xff, 0x57, 0x77, 0xd8, 0xff, 0xe1, 0xda, 0xce, 0xfb, 0xe0, 0xdb, 0xdb, 0xff,
  0xd6, 0xd0, 0xd0, 0x5e, 0x00, 0x00, 0x00, 0x00, 0xbf, 0xbf, 0xbf, 0x04, 0x00, 0x00, 0x00, 0x00,
  0x00, 0x00, 0x00, 0x00, 0x00, 0x00, 0x00, 0x00, 0x00, 0x00, 0x00, 0x00, 0x00, 0x00, 0x00, 0x00,
  0x00, 0x00, 0x00, 0x00, 0x00, 0x00, 0x00, 0x00, 0x00, 0x00, 0x00, 0x00, 0x00, 0x00, 0x00, 0x01,
  0x00, 0x00, 0x00, 0x00, 0xff, 0xff, 0xff, 0x04, 0xd5, 0xd0, 0xcf, 0xdb, 0xdd, 0xd6, 0xd5, 0xff,
  0xd5, 0xd0, 0xcd, 0xfd, 0xd5, 0xd0, 0xcd, 0xff, 0xd5, 0xd0, 0xcd, 0xff, 0xd5, 0xd1, 0xcc, 0xff,
  0xd5, 0xd1, 0xcc, 0xff, 0xd5, 0xd1, 0xcc, 0xff, 0xd5, 0xd1, 0xcc, 0xff, 0xd5, 0xd1, 0xcc, 0xff,
  0xd4, 0xcf, 0xcc, 0xfc, 0xe2, 0xdc, 0xd9, 0xff, 0xd7, 0xd2, 0xd0, 0x9a, 0x00, 0x00, 0x00, 0x00,
  0x00, 0x00, 0x00, 0x00, 0x00, 0x00, 0x00, 0x00, 0x00, 0x00, 0x00, 0x00, 0x00, 0x00, 0x00, 0x00,
  0xd3, 0xca, 0xca, 0x1d, 0xd8, 0xd4, 0xd3, 0xe5, 0xda, 0xd4, 0xd2, 0xfe, 0xd5, 0xd0, 0xcc, 0xfd,
  0xd5, 0xd1, 0xcc, 0xff, 0xd5, 0xd1, 0xcc, 0xff, 0xd5, 0xd1, 0xcc, 0xff, 0xd5, 0xd1, 0xcc, 0xff,
  0xd5, 0xd0, 0xcd, 0xff, 0xd5, 0xd0, 0xcd, 0xff, 0xd5, 0xd0, 0xcd, 0xff, 0xd5, 0xd0, 0xcd, 0xfb,
  0xe4, 0xdf, 0xdd, 0xff, 0xd3, 0xcf, 0xcd, 0x82, 0x00, 0x00, 0x00, 0x00, 0xbf, 0xbf, 0xbf, 0x04,
  0x00, 0x00, 0x00, 0x00, 0x00, 0x00, 0x00, 0x00, 0x00, 0x00, 0x00, 0x00, 0x00, 0x00, 0x00, 0x00,
  0x00, 0x00, 0x00, 0x00, 0x00, 0x00, 0x00, 0x00, 0x00, 0x00, 0x00, 0x00, 0x00, 0x00, 0x00, 0x00,
  0x00, 0x00, 0x00, 0x00, 0xbf, 0xbf, 0xbf, 0x04, 0x00, 0x00, 0x00, 0x00, 0xd4, 0xcf, 0xcf, 0x6c,
  0xe2, 0xde, 0xdb, 0xff, 0xe0, 0xd2, 0xd2, 0xfb, 0x4c, 0xbd, 0x8e, 0xff, 0x00, 0xb3, 0x68, 0xff,
  0x04, 0xb5, 0x6f, 0xff, 0x01, 0xb5, 0x6e, 0xff, 0x02, 0xb5, 0x6e, 0xff, 0x00, 0xb5, 0x6c, 0xff,
  0x0e, 0xb5, 0x73, 0xff, 0xbc, 0xce, 0xc2, 0xfe, 0xe0, 0xd5, 0xd5, 0xff, 0xd3, 0xcf, 0xce, 0xe0,
  0xd1, 0xce, 0xcc, 0xf9, 0xdf, 0xd7, 0xcd, 0xff, 0xac, 0xb3, 0xd2, 0xff, 0x01, 0x3a, 0xdf, 0xff,
  0x00, 0x3b, 0xe0, 0xff, 0x00, 0x3b, 0xe0, 0xff, 0x00, 0x3b, 0xe0, 0xff, 0x03, 0x3d, 0xe0, 0xff,
  0x00, 0x31, 0xe0, 0xff, 0x64, 0x80, 0xd8, 0xff, 0xe3, 0xda, 0xcf, 0xfc, 0xdd, 0xd8, 0xda, 0xff,
  0xd3, 0xd0, 0xd0, 0x4c, 0x00, 0x00, 0x00, 0x00, 0xff, 0xff, 0xff, 0x03, 0x00, 0x00, 0x00, 0x00,
  0x00, 0x00, 0x00, 0x00, 0x00, 0x00, 0x00, 0x00, 0x00, 0x00, 0x00, 0x00, 0x00, 0x00, 0x00, 0x00,
  0x00, 0x00, 0x00, 0x00, 0x00, 0x00, 0x00, 0x00, 0x00, 0x00, 0x00, 0x00, 0xff, 0xff, 0xff, 0x01,
  0x00, 0x00, 0x00, 0x00, 0xd0, 0xd0, 0xc5, 0x16, 0xd4, 0xd0, 0xcd, 0xf1, 0xd8, 0xd3, 0xd0, 0xff,
  0xd4, 0xcf, 0xcc, 0xfe, 0xd5, 0xd0, 0xcd, 0xff, 0xd5, 0xd1, 0xcc, 0xff, 0xd5, 0xd1, 0xcc, 0xff,
  0xd5, 0xd1, 0xcc, 0xff, 0xd5, 0xd1, 0xcc, 0xff, 0xd5, 0xd1, 0xcc, 0xff, 0xd4, 0xd0, 0xcc, 0xfe,
  0xd8, 0xd2, 0xcf, 0xfe, 0xd6, 0xd2, 0xcf, 0xf0, 0xd6, 0xd6, 0xd6, 0x13, 0xff, 0xff, 0xff, 0x01,
  0xff, 0xbf, 0xbf, 0x04, 0xff, 0xff, 0xff, 0x01, 0xff, 0xff, 0xff, 0x01, 0xda, 0xda, 0xda, 0x07,
  0x00, 0x00, 0x00, 0x00, 0xd3, 0xce, 0xce, 0x69, 0xe4, 0xde, 0xdb, 0xff, 0xd5, 0xd0, 0xcd, 0xfb,
  0xd5, 0xd1, 0xcc, 0xff, 0xd5, 0xd1, 0xcc, 0xff, 0xd5, 0xd1, 0xcc, 0xff, 0xd5, 0xd1, 0xcc, 0xff,
  0xd5, 0xd0, 0xcd, 0xff, 0xd5, 0xd0, 0xcd, 0xff, 0xd5, 0xd0, 0xcd, 0xff, 0xd5, 0xd0, 0xcd, 0xfb,
  0xe3, 0xde, 0xda, 0xff, 0xd4, 0xd0, 0xce, 0xa3, 0x00, 0x00, 0x00, 0x00, 0xbf, 0xbf, 0xbf, 0x04,
  0x00, 0x00, 0x00, 0x00, 0x00, 0x00, 0x00, 0x00, 0x00, 0x00, 0x00, 0x00, 0x00, 0x00, 0x00, 0x00,
  0x00, 0x00, 0x00, 0x00, 0x00, 0x00, 0x00, 0x00, 0x00, 0x00, 0x00, 0x00, 0x00, 0x00, 0x00, 0x00,
  0x00, 0x00, 0x00, 0x00, 0xbf, 0xbf, 0xbf, 0x04, 0x00, 0x00, 0x00, 0x00, 0xd6, 0xce, 0xce, 0x5e,
  0xe0, 0xdd, 0xd9, 0xff, 0xe1, 0xd3, 0xd2, 0xfb, 0x56, 0xc0, 0x93, 0xff, 0x00, 0xb4, 0x68, 0xff,
  0x04, 0xb6, 0x70, 0xff, 0x01, 0xb6, 0x6e, 0xff, 0x02, 0xb6, 0x6e, 0xff, 0x00, 0xb5, 0x6e, 0xff,
  0x08, 0xb6, 0x71, 0xff, 0xb7, 0xcd, 0xbf, 0xfe, 0xe0, 0xd5, 0xd3, 0xff, 0xd4, 0xcf, 0xcb, 0xe9,
  0xd2, 0xce, 0xcd, 0xfa, 0xdf, 0xd7, 0xcd, 0xff, 0xa7, 0xaf, 0xd3, 0xff, 0x01, 0x33, 0xdd, 0xff,
  0x03, 0x35, 0xdf, 0xff, 0x02, 0x35, 0xe0, 0xff, 0x02, 0x35, 0xe0, 0xff, 0x05, 0x37, 0xe0, 0xff,
  0x00, 0x2a, 0xdf, 0xff, 0x6a, 0x80, 0xd8, 0xff, 0xe2, 0xda, 0xce, 0xfd, 0xdc, 0xd7, 0xd8, 0xff,
  0xd3, 0xd0, 0xd0, 0x47, 0x00, 0x00, 0x00, 0x00, 0xff, 0xff, 0xff, 0x03, 0x00, 0x00, 0x00, 0x00,
  0x00, 0x00, 0x00, 0x00, 0x00, 0x00, 0x00, 0x00, 0x00, 0x00, 0x00, 0x00, 0x00, 0x00, 0x00, 0x00,
  0x00, 0x00, 0x00, 0x00, 0x00, 0x00, 0x00, 0x00, 0x00, 0x00, 0x00, 0x00, 0xff, 0xff, 0xff, 0x02,
  0x00, 0x00, 0x00, 0x00, 0xd0, 0xd0, 0xc8, 0x21, 0xd5, 0xd0, 0xcd, 0xf9, 0xd6, 0xd1, 0xce, 0xff,
  0xd5, 0xcf, 0xcd, 0xfe, 0xd5, 0xd0, 0xcd, 0xff, 0xd5, 0xd1, 0xcc, 0xff, 0xd5, 0xd1, 0xcc, 0xff,
  0xd5, 0xd1, 0xcc, 0xff, 0xd5, 0xd1, 0xcc, 0xff, 0xd5, 0xd1, 0xcc, 0xff, 0xd5, 0xd1, 0xcc, 0xfc,
  0xe0, 0xda, 0xd7, 0xff, 0xd3, 0xcf, 0xcd, 0xc3, 0x00, 0x00, 0x00, 0x00, 0xff, 0xff, 0xff, 0x02,
  0x00, 0x00, 0x00, 0x00, 0x00, 0x00, 0x00, 0x00, 0x00, 0x00, 0x00, 0x00, 0xff, 0xff, 0xff, 0x02,
  0xff, 0xff, 0xff, 0x01, 0xdd, 0xd1, 0xd1, 0x2d, 0xd8, 0xd3, 0xd0, 0xff, 0xd5, 0xd0, 0xcd, 0xfe,
  0xd4, 0xd1, 0xcc, 0xff, 0xd5, 0xd1, 0xcc, 0xff, 0xd5, 0xd1, 0xcc, 0xff, 0xd5, 0xd1, 0xcc, 0xff,
  0xd5, 0xd1, 0xcc, 0xff, 0xd5, 0xd0, 0xcd, 0xff, 0xd5, 0xd0, 0xcd, 0xff, 0xd4, 0xcf, 0xcc, 0xfc,
  0xe1, 0xdc, 0xd8, 0xff, 0xd5, 0xcf, 0xce, 0xb8, 0x00, 0x00, 0x00, 0x00, 0xff, 0xff, 0xff, 0x02,
  0x00, 0x00, 0x00, 0x00, 0x00, 0x00, 0x00, 0x00, 0x00, 0x00, 0x00, 0x00, 0x00, 0x00, 0x00, 0x00,
  0x00, 0x00, 0x00, 0x00, 0x00, 0x00, 0x00, 0x00, 0x00, 0x00, 0x00, 0x00, 0x00, 0x00, 0x00, 0x00,
  0x00, 0x00, 0x00, 0x00, 0xbf, 0xbf, 0xbf, 0x04, 0x00, 0x00, 0x00, 0x00, 0xd4, 0xcf, 0xcf, 0x5b,
  0xe0, 0xdd, 0xd9, 0xff, 0xe1, 0xd3, 0xd4, 0xfb, 0x5c, 0xbe, 0x95, 0xff, 0x00, 0xaf, 0x65, 0xff,
  0x05, 0xb2, 0x6d, 0xff, 0x02, 0xb1, 0x6c, 0xff, 0x03, 0xb1, 0x6c, 0xff, 0x02, 0xb1, 0x6b, 0xff,
  0x06, 0xb1, 0x6d, 0xff, 0xb2, 0xcc, 0xbd, 0xfe, 0xdf, 0xd4, 0xd3, 0xff, 0xd2, 0xd0, 0xcc, 0xf0,
  0xd2, 0xce, 0xcd, 0xfa, 0xdf, 0xd8, 0xce, 0xff, 0xa8, 0xab, 0xd2, 0xff, 0x00, 0x1b, 0xd7, 0xff,
  0x02, 0x1c, 0xdc, 0xff, 0x03, 0x1c, 0xdb, 0xff, 0x02, 0x1c, 0xdb, 0xff, 0x05, 0x1f, 0xdb, 0xff,
  0x00, 0x11, 0xd9, 0xff, 0x6b, 0x72, 0xd5, 0xff, 0xe3, 0xdb, 0xce, 0xfd, 0xdb, 0xd7, 0xd8, 0xff,
  0xd3, 0xd0, 0xd0, 0x47, 0x00, 0x00, 0x00, 0x00, 0xff, 0xff, 0xff, 0x03, 0x00, 0x00, 0x00, 0x00,
  0x00, 0x00, 0x00, 0x00, 0x00, 0x00, 0x00, 0x00, 0x00, 0x00, 0x00, 0x00, 0x00, 0x00, 0x00, 0x00,
  0x00, 0x00, 0x00, 0x00, 0x00, 0x00, 0x00, 0x00, 0x00, 0x00, 0x00, 0x00, 0xff, 0xff, 0xff, 0x02,
  0x00, 0x00, 0x00, 0x00, 0xd4, 0xd4, 0xcd, 0x24, 0xd4, 0xcf, 0xcd, 0xfc, 0xd6, 0xd1, 0xce, 0xff,
  0xd5, 0xd0, 0xcd, 0xfe, 0xd5, 0xd0, 0xcd, 0xff, 0xd5, 0xd1, 0xcc, 0xff, 0xd5, 0xd1, 0xcc, 0xff,
  0xd5, 0xd1, 0xcc, 0xff, 0xd5, 0xd1, 0xcc, 0xff, 0xd5, 0xd1, 0xcc, 0xff, 0xd5, 0xd1, 0xcc, 0xfc,
  0xe0, 0xdb, 0xd7, 0xff, 0xd3, 0xcf, 0xcd, 0xc2, 0x00, 0x00, 0x00, 0x00, 0xff, 0xff, 0xff, 0x02,
  0x00, 0x00, 0x00, 0x00, 0x00, 0x00, 0x00, 0x00, 0x00, 0x00, 0x00, 0x00, 0xff, 0xff, 0xff, 0x02,
  0xff, 0xff, 0xff, 0x01, 0xdb, 0xd5, 0xcf, 0x2b, 0xd7, 0xd2, 0xcf, 0xfe, 0xd5, 0xd0, 0xcd, 0xff,
  0xd5, 0xd0, 0xcd, 0xff, 0xd5, 0xd1, 0xcc, 0xff, 0xd5, 0xd1, 0xcc, 0xff, 0xd5, 0xd1, 0xcc, 0xff,
  0xd5, 0xd1, 0xcc, 0xff, 0xd5, 0xd0, 0xcd, 0xff, 0xd5, 0xd0, 0xcd, 0xff, 0xd4, 0xcf, 0xcc, 0xfc,
  0xe1, 0xdb, 0xd8, 0xff, 0xd5, 0xd0, 0xcd, 0xb9, 0x00, 0x00, 0x00, 0x00, 0xff, 0xff, 0xff, 0x02,
  0x00, 0x00, 0x00, 0x00, 0x00, 0x00, 0x00, 0x00, 0x00, 0x00, 0x00, 0x00, 0x00, 0x00, 0x00, 0x00,
  0x00, 0x00, 0x00, 0x00, 0x00, 0x00, 0x00, 0x00, 0x00, 0x00, 0x00, 0x00, 0x00, 0x00, 0x00, 0x00,
  0x00, 0x00, 0x00, 0x00, 0xbf, 0xbf, 0xbf, 0x04, 0x00, 0x00, 0x00, 0x00, 0xd4, 0xd2, 0xcf, 0x5b,
  0xe1, 0xdc, 0xd9, 0xff, 0xe2, 0xd5, 0xd4, 0xfb, 0x5c, 0xb4, 0x8d, 0xff, 0x00, 0x9a, 0x56, 0xff,
  0x06, 0x9f, 0x60, 0xff, 0x03, 0x9e, 0x5e, 0xff, 0x04, 0x9e, 0x5e, 0xff, 0x02, 0x9e, 0x5e, 0xff,
  0x06, 0x9d, 0x5f, 0xff, 0xb2, 0xc9, 0xbb, 0xfe, 0xdf, 0xd4, 0xd3, 0xff, 0xd3, 0xcf, 0xcc, 0xf0,
  0xd2, 0xce, 0xcd, 0xf8, 0xdf, 0xd8, 0xce, 0xff, 0xac, 0xae, 0xd1, 0xff, 0x01, 0x1c, 0xd8, 0xff,
  0x01, 0x1c, 0xdc, 0xff, 0x01, 0x1c, 0xdb, 0xff, 0x01, 0x1c, 0xdb, 0xff, 0x03, 0x1f, 0xda, 0xff,
  0x00, 0x11, 0xda, 0xff, 0x65, 0x6e, 0xd5, 0xff, 0xe3, 0xdc, 0xce, 0xfc, 0xdc, 0xd8, 0xd9, 0xff,
  0xd6, 0xd2, 0xcf, 0x4b, 0x00, 0x00, 0x00, 0x00, 0xff, 0xff, 0xff, 0x03, 0x00, 0x00, 0x00, 0x00,
  0x00, 0x00, 0x00, 0x00, 0x00, 0x00, 0x00, 0x00, 0x00, 0x00, 0x00, 0x00, 0x00, 0x00, 0x00, 0x00,
  0x00, 0x00, 0x00, 0x00, 0x00, 0x00, 0x00, 0x00, 0x00, 0x00, 0x00, 0x00, 0xff, 0xff, 0xff, 0x01,
  0x00, 0x00, 0x00, 0x00, 0xd0, 0xd0, 0xd0, 0x16, 0xd5, 0xd0, 0xcd, 0xf1, 0xd8, 0xd3, 0xd0, 0xff,
  0xd4, 0xcf, 0xcc, 0xfe, 0xd5, 0xd0, 0xcd, 0xff, 0xd5, 0xd1, 0xcc, 0xff, 0xd5, 0xd1, 0xcc, 0xff,
  0xd5, 0xd1, 0xcc, 0xff, 0xd5, 0xd1, 0xcc, 0xff, 0xd5, 0xd1, 0xcc, 0xff, 0xd4, 0xd0, 0xcb, 0xfe,
  0xd8, 0xd4, 0xcf, 0xff, 0xd6, 0xd2, 0xcf, 0xee, 0xcf, 0xcf, 0xcf, 0x10, 0xff, 0x7f, 0x7f, 0x02,
  0xbf, 0xbf, 0xbf, 0x04, 0xff, 0xff, 0xff, 0x01, 0xff, 0xff, 0xff, 0x01, 0xda, 0xda, 0xda, 0x07,
  0x00, 0x00, 0x00, 0x00, 0xd3, 0xce, 0xce, 0x64, 0xe3, 0xde, 0xdb, 0xff, 0xd5, 0xd0, 0xcd, 0xfb,
  0xd5, 0xd1, 0xcd, 0xff, 0xd5, 0xd1, 0xcc, 0xff, 0xd5, 0xd1, 0xcc, 0xff, 0xd5, 0xd1, 0xcc, 0xff,
  0xd5, 0xd1, 0xcc, 0xff, 0xd5, 0xd0, 0xcd, 0xff, 0xd5, 0xd0, 0xcd, 0xff, 0xd5, 0xd0, 0xcd, 0xfb,
  0xe3, 0xde, 0xda, 0xff, 0xd5, 0xd0, 0xcd, 0xa5, 0x00, 0x00, 0x00, 0x00, 0xbf, 0xbf, 0xbf, 0x04,
  0x00, 0x00, 0x00, 0x00, 0x00, 0x00, 0x00, 0x00, 0x00, 0x00, 0x00, 0x00, 0x00, 0x00, 0x00, 0x00,
  0x00, 0x00, 0x00, 0x00, 0x00, 0x00, 0x00, 0x00, 0x00, 0x00, 0x00, 0x00, 0x00, 0x00, 0x00, 0x00,
  0x00, 0x00, 0x00, 0x00, 0xbf, 0xbf, 0xbf, 0x04, 0x00, 0x00, 0x00, 0x00, 0xd4, 0xce, 0xce, 0x5f,
  0xe1, 0xdd, 0xd9, 0xff, 0xe0, 0xd4, 0xd3, 0xfb, 0x58, 0xb1, 0x89, 0xff, 0x00, 0x9b, 0x57, 0xff,
  0x05, 0x9f, 0x60, 0xff, 0x02, 0x9e, 0x5e, 0xff, 0x03, 0x9e, 0x5e, 0xff, 0x00, 0x9e, 0x5d, 0xff,
  0x09, 0x9e, 0x60, 0xff, 0xb7, 0xca, 0xbd, 0xfe, 0xe0, 0xd6, 0xd4, 0xff, 0xd3, 0xd0, 0xcc, 0xe7,
  0xd3, 0xcf, 0xcd, 0xf1, 0xde, 0xd8, 0xcf, 0xff, 0xb4, 0xb5, 0xd1, 0xfe, 0x05, 0x20, 0xd8, 0xff,
  0x01, 0x1c, 0xda, 0xff, 0x00, 0x1e, 0xda, 0xff, 0x00, 0x1d, 0xda, 0xff, 0x03, 0x20, 0xda, 0xff,
  0x00, 0x11, 0xd9, 0xff, 0x59, 0x64, 0xd5, 0xff, 0xe2, 0xdc, 0xce, 0xfb, 0xe0, 0xdb, 0xda, 0xff,
  0xd5, 0xd0, 0xd0, 0x5d, 0x00, 0x00, 0x00, 0x00, 0xbf, 0xbf, 0xbf, 0x04, 0x00, 0x00, 0x00, 0x00,
  0x00, 0x00, 0x00, 0x00, 0x00, 0x00, 0x00, 0x00, 0x00, 0x00, 0x00, 0x00, 0x00, 0x00, 0x00, 0x00,
  0x00, 0x00, 0x00, 0x00, 0x00, 0x00, 0x00, 0x00, 0x00, 0x00, 0x00, 0x00, 0xff, 0xff, 0xff, 0x01,
  0x00, 0x00, 0x00, 0x00, 0xd4, 0xd4, 0xd4, 0x06, 0xd5, 0xd1, 0xcd, 0xdf, 0xdb, 0xd6, 0xd3, 0xff,
  0xd5, 0xd0, 0xcd, 0xfd, 0xd5, 0xd0, 0xcd, 0xff, 0xd5, 0xd1, 0xcc, 0xff, 0xd5, 0xd1, 0xcc, 0xff,
  0xd5, 0xd1, 0xcc, 0xff, 0xd5, 0xd1, 0xcc, 0xff, 0xd5, 0xd1, 0xcc, 0xff, 0xd5, 0xd1, 0xcc, 0xff,
  0xd4, 0xd0, 0xcb, 0xfc, 0xe2, 0xdc, 0xda, 0xff, 0xd5, 0xd2, 0xd0, 0x94, 0x00, 0x00, 0x00, 0x00,
  0x00, 0x00, 0x00, 0x00, 0x00, 0x00, 0x00, 0x00, 0x00, 0x00, 0x00, 0x00, 0x00, 0x00, 0x00, 0x00,
  0xd4, 0xd4, 0xd4, 0x18, 0xd9, 0xd4, 0xd2, 0xdf, 0xda, 0xd5, 0xd2, 0xfe, 0xd4, 0xd0, 0xcd, 0xfd,
  0xd4, 0xd1, 0xcd, 0xff, 0xd5, 0xd1, 0xcc, 0xff, 0xd5, 0xd1, 0xcc, 0xff, 0xd5, 0xd1, 0xcc, 0xff,
  0xd5, 0xd1, 0xcc, 0xff, 0xd5, 0xd0, 0xcd, 0xff, 0xd5, 0xd0, 0xcd, 0xff, 0xd5, 0xd0, 0xcd, 0xfb,
  0xe4, 0xdf, 0xdc, 0xff, 0xd5, 0xd1, 0xcf, 0x81, 0x00, 0x00, 0x00, 0x00, 0xbf, 0xbf, 0xbf, 0x04,
  0x00, 0x00, 0x00, 0x00, 0x00, 0x00, 0x00, 0x00, 0x00, 0x00, 0x00, 0x00, 0x00, 0x00, 0x00, 0x00,
  0x00, 0x00, 0x00, 0x00, 0x00, 0x00, 0x00, 0x00, 0x00, 0x00, 0x00, 0x00, 0x00, 0x00, 0x00, 0x00,
  0x00, 0x00, 0x00, 0x00, 0xbf, 0xbf, 0xbf, 0x04, 0x00, 0x00, 0x00, 0x00, 0xd4, 0xd2, 0xcf, 0x6c,
  0xe2, 0xde, 0xdb, 0xff, 0xdf, 0xd4, 0xd2, 0xfb, 0x4c, 0xae, 0x85, 0xff, 0x00, 0x9b, 0x57, 0xff,
  0x05, 0x9f, 0x5f, 0xff, 0x02, 0x9e, 0x5e, 0xff, 0x03, 0x9e, 0x5e, 0xff, 0x00, 0x9d, 0x5c, 0xff,
  0x0e, 0xa0, 0x63, 0xff, 0xbd, 0xcb, 0xc0, 0xfe, 0xe0, 0xd6, 0xd5, 0xff, 0xd3, 0xd0, 0xcd, 0xdf,
  0xd3, 0xce, 0xce, 0xde, 0xdf, 0xd9, 0xd1, 0xff, 0xbe, 0xbe, 0xcf, 0xfe, 0x0e, 0x26, 0xd7, 0xff,
  0x00, 0x1a, 0xdb, 0xff, 0x01, 0x1e, 0xda, 0xff, 0x00, 0x1d, 0xda, 0xff, 0x03, 0x1f, 0xda, 0xff,
  0x00, 0x12, 0xda, 0xff, 0x46, 0x56, 0xd6, 0xff, 0xde, 0xd9, 0xcf, 0xfb, 0xe2, 0xdd, 0xdb, 0xff,
  0xd4, 0xd0, 0xce, 0x78, 0x00, 0x00, 0x00, 0x00, 0xbf, 0xbf, 0xbf, 0x04, 0x00, 0x00, 0x00, 0x00,
  0x00, 0x00, 0x00, 0x00, 0x00, 0x00, 0x00, 0x00, 0x00, 0x00, 0x00, 0x00, 0x00, 0x00, 0x00, 0x00,
  0x00, 0x00, 0x00, 0x00, 0x00, 0x00, 0x00, 0x00, 0x00, 0x00, 0x00, 0x00, 0x00, 0x00, 0x00, 0x00,
  0xff, 0xff, 0xff, 0x02, 0x00, 0x00, 0x00, 0x00, 0xd4, 0xd0, 0xcd, 0xb6, 0xe1, 0xdc, 0xd9, 0xff,
  0xd4, 0xcf, 0xcc, 0xfc, 0xd5, 0xd0, 0xcd, 0xff, 0xd5, 0xd0, 0xcd, 0xff, 0xd5, 0xd1, 0xcc, 0xff,
  0xd5, 0xd1, 0xcc, 0xff, 0xd5, 0xd1, 0xcc, 0xff, 0xd5, 0xd1, 0xcc, 0xff, 0xd5, 0xd1, 0xcc, 0xff,
  0xd5, 0xd1, 0xcc, 0xff, 0xd4, 0xd0, 0xcd, 0xfd, 0xdf, 0xd9, 0xd7, 0xff, 0xd8, 0xd3, 0xd3, 0x9f,
  0xd6, 0xd0, 0xd6, 0x2c, 0xd0, 0xd0, 0xd0, 0x0b, 0xd2, 0xd2, 0xd2, 0x11, 0xd7, 0xd4, 0xd4, 0x4e,
  0xd9, 0xd3, 0xd1, 0xd9, 0xde, 0xd8, 0xd5, 0xff, 0xd4, 0xcf, 0xcc, 0xfd, 0xd6, 0xd1, 0xcd, 0xff,
  0xd5, 0xd1, 0xcc, 0xff, 0xd5, 0xd1, 0xcc, 0xff, 0xd5, 0xd1, 0xcc, 0xff, 0xd5, 0xd1, 0xcc, 0xff,
  0xd5, 0xd1, 0xcc, 0xff, 0xd5, 0xd1, 0xcc, 0xff, 0xd5, 0xd0, 0xcd, 0xff, 0xd4, 0xcf, 0xcc, 0xfc,
  0xe1, 0xdc, 0xd9, 0xff, 0xd7, 0xd0, 0xd0, 0x53, 0x00, 0x00, 0x00, 0x00, 0xbf, 0xbf, 0xbf, 0x04,
  0x00, 0x00, 0x00, 0x00, 0x00, 0x00, 0x00, 0x00, 0x00, 0x00, 0x00, 0x00, 0x00, 0x00, 0x00, 0x00,
  0x00, 0x00, 0x00, 0x00, 0x00, 0x00, 0x00, 0x00, 0x00, 0x00, 0x00, 0x00, 0x00, 0x00, 0x00, 0x00,
  0x00, 0x00, 0x00, 0x00, 0xbf, 0xbf, 0xbf, 0x04, 0x00, 0x00, 0x00, 0x00, 0xd4, 0xd0, 0xcf, 0x85,
  0xe4, 0xdf, 0xdb, 0xff, 0xdc, 0xd2, 0xd0, 0xfb, 0x3a, 0xa9, 0x7d, 0xff, 0x00, 0x9c, 0x58, 0xff,
  0x04, 0x9f, 0x5f, 0xff, 0x02, 0x9e, 0x5e, 0xff, 0x03, 0x9e, 0x5e, 0xff, 0x00, 0x9d, 0x5c, 0xff,
  0x18, 0xa3, 0x68, 0xff, 0xc7, 0xce, 0xc6, 0xfd, 0xe0, 0xd8, 0xd6, 0xff, 0xd4, 0xd0, 0xce, 0xcc,
  0xd4, 0xcf, 0xce, 0xc6, 0xe0, 0xda, 0xd4, 0xff, 0xcb, 0xc8, 0xcf, 0xfd, 0x1b, 0x31, 0xd6, 0xff,
  0x00, 0x17, 0xdb, 0xff, 0x01, 0x1e, 0xda, 0xff, 0x00, 0x1d, 0xda, 0xff, 0x02, 0x1f, 0xda, 0xff,
  0x00, 0x15, 0xda, 0xff, 0x2f, 0x43, 0xd5, 0xff, 0xd7, 0xd3, 0xd0, 0xfb, 0xe4, 0xde, 0xda, 0xff,
  0xd5, 0xd0, 0xcd, 0x9b, 0x00, 0x00, 0x00, 0x00, 0xbf, 0xbf, 0xbf, 0x04, 0x00, 0x00, 0x00, 0x00,
  0x00, 0x00, 0x00, 0x00, 0x00, 0x00, 0x00, 0x00, 0x00, 0x00, 0x00, 0x00, 0x00, 0x00, 0x00, 0x00,
  0x00, 0x00, 0x00, 0x00, 0x00, 0x00, 0x00, 0x00, 0x00, 0x00, 0x00, 0x00, 0x00, 0x00, 0x00, 0x00,
  0xbf, 0xbf, 0xbf, 0x04, 0x00, 0x00, 0x00, 0x00, 0xd4, 0xd0, 0xce, 0x73, 0xe3, 0xdf, 0xdc, 0xff,
  0xd5, 0xd0, 0xcd, 0xfb, 0xd5, 0xd0, 0xcd, 0xff, 0xd5, 0xd0, 0xcd, 0xff, 0xd5, 0xd1, 0xcc, 0xff,
  0xd5, 0xd1, 0xcc, 0xff, 0xd5, 0xd1, 0xcc, 0xff, 0xd5, 0xd1, 0xcc, 0xff, 0xd5, 0xd1, 0xcc, 0xff,
  0xd5, 0xd1, 0xcc, 0xff, 0xd5, 0xd0, 0xcd, 0xff, 0xd4, 0xcf, 0xcb, 0xfe, 0xe2, 0xdd, 0xd9, 0xff,
  0xd4, 0xd0, 0xcd, 0xfe, 0xd5, 0xd0, 0xce, 0xe2, 0xd4, 0xcf, 0xce, 0xe9, 0xde, 0xd9, 0xd7, 0xff,
  0xdc, 0xd7, 0xd4, 0xff, 0xd4, 0xcf, 0xcc, 0xfd, 0xd5, 0xd0, 0xcd, 0xff, 0xd5, 0xd1, 0xcc, 0xff,
  0xd5, 0xd1, 0xcc, 0xff, 0xd5, 0xd1, 0xcc, 0xff, 0xd5, 0xd1, 0xcc, 0xff, 0xd5, 0xd1, 0xcc, 0xff,
  0xd5, 0xd1, 0xcc, 0xff, 0xd5, 0xd0, 0xcd, 0xff, 0xd4, 0xcf, 0xcc, 0xfe, 0xd7, 0xd2, 0xce, 0xff,
  0xd4, 0xd0, 0xce, 0xf7, 0xd1, 0xd1, 0xd1, 0x1c, 0x00, 0x00, 0x00, 0x00, 0xff, 0xff, 0xff, 0x01,
  0x00, 0x00, 0x00, 0x00, 0x00, 0x00, 0x00, 0x00, 0x00, 0x00, 0x00, 0x00, 0x00, 0x00, 0x00, 0x00,
  0x00, 0x00, 0x00, 0x00, 0x00, 0x00, 0x00, 0x00, 0x00, 0x00, 0x00, 0x00, 0x00, 0x00, 0x00, 0x00,
  0x00, 0x00, 0x00, 0x00, 0xff, 0xff, 0xff, 0x03, 0x00, 0x00, 0x00, 0x00, 0xd5, 0xd0, 0xcd, 0xa6,
  0xe4, 0xde, 0xdb, 0xff, 0xd0, 0xd1, 0xcc, 0xfb, 0x25, 0xa5, 0x70, 0xff, 0x00, 0x9c, 0x5a, 0xff,
  0x04, 0x9e, 0x5f, 0xff, 0x02, 0x9e, 0x5e, 0xff, 0x04, 0x9f, 0x5f, 0xff, 0x00, 0x9c, 0x5b, 0xff,
  0x2a, 0xa5, 0x71, 0xff, 0xd4, 0xd1, 0xcd, 0xfc, 0xe0, 0xda, 0xd7, 0xff, 0xd5, 0xd1, 0xce, 0xb3,
  0xd4, 0xcf, 0xce, 0xad, 0xdf, 0xda, 0xd6, 0xff, 0xd8, 0xd3, 0xcf, 0xfc, 0x30, 0x42, 0xd7, 0xff,
  0x00, 0x15, 0xda, 0xff, 0x02, 0x1f, 0xda, 0xff, 0x00, 0x1d, 0xda, 0xff, 0x01, 0x1e, 0xda, 0xff,
  0x00, 0x19, 0xda, 0xff, 0x18, 0x2e, 0xd6, 0xff, 0xc9, 0xc5, 0xd0, 0xfc, 0xe4, 0xdd, 0xd8, 0xff,
  0xd4, 0xd0, 0xcd, 0xbf, 0x00, 0x00, 0x00, 0x00, 0xff, 0x7f, 0x7f, 0x02, 0x00, 0x00, 0x00, 0x00,
  0x00, 0x00, 0x00, 0x00, 0x00, 0x00, 0x00, 0x00, 0x00, 0x00, 0x00, 0x00, 0x00, 0x00, 0x00, 0x00,
  0x00, 0x00, 0x00, 0x00, 0x00, 0x00, 0x00, 0x00, 0x00, 0x00, 0x00, 0x00, 0x00, 0x00, 0x00, 0x00,
  0xff, 0xff, 0xff, 0x02, 0x00, 0x00, 0x00, 0x00, 0xd5, 0xce, 0xce, 0x25, 0xd8, 0xd3, 0xd1, 0xfa,
  0xd5, 0xd0, 0xcd, 0xfe, 0xd5, 0xd0, 0xcd, 0xfe, 0xd5, 0xd0, 0xcd, 0xff, 0xd5, 0xd1, 0xcc, 0xff,
  0xd5, 0xd1, 0xcc, 0xff, 0xd5, 0xd1, 0xcc, 0xff, 0xd5, 0xd1, 0xcc, 0xff, 0xd5, 0xd1, 0xcc, 0xff,
  0xd5, 0xd1, 0xcc, 0xff, 0xd5, 0xd1, 0xcc, 0xff, 0xd5, 0xd1, 0xcc, 0xff, 0xd4, 0xd0, 0xcb, 0xfc,
  0xd6, 0xd2, 0xcc, 0xff, 0xdb, 0xd7, 0xd1, 0xff, 0xd9, 0xd5, 0xd0, 0xff, 0xd4, 0xd0, 0xcb, 0xfd,
  0xd4, 0xd0, 0xcb, 0xfd, 0xd5, 0xd1, 0xcd, 0xff, 0xd5, 0xd1, 0xcc, 0xff, 0xd5, 0xd1, 0xcc, 0xff,
  0xd5, 0xd1, 0xcc, 0xff, 0xd5, 0xd1, 0xcc, 0xff, 0xd5, 0xd1, 0xcc, 0xff, 0xd5, 0xd1, 0xcc, 0xff,
  0xd5, 0xd1, 0xcc, 0xff, 0xd5, 0xd0, 0xcd, 0xff, 0xd4, 0xcf, 0xcc, 0xfc, 0xe1, 0xdb, 0xd9, 0xfe,
  0xd5, 0xd1, 0xce, 0xb8, 0x00, 0x00, 0x00, 0x00, 0xff, 0xff, 0xff, 0x02, 0x00, 0x00, 0x00, 0x00,
  0x00, 0x00, 0x00, 0x00, 0x00, 0x00, 0x00, 0x00, 0x00, 0x00, 0x00, 0x00, 0x00, 0x00, 0x00, 0x00,
  0x00, 0x00, 0x00, 0x00, 0x00, 0x00, 0x00, 0x00, 0x00, 0x00, 0x00, 0x00, 0x00, 0x00, 0x00, 0x00,
  0x00, 0x00, 0x00, 0x00, 0xff, 0xff, 0xff, 0x01, 0x00, 0x00, 0x00, 0x00, 0xd3, 0xd0, 0xcc, 0xcf,
  0xe3, 0xda, 0xd9, 0xff, 0xbf, 0xcb, 0xc1, 0xfd, 0x0f, 0xa0, 0x65, 0xff, 0x00, 0x9d, 0x5d, 0xff,
  0x03, 0x9e, 0x5e, 0xff, 0x02, 0x9e, 0x5e, 0xff, 0x05, 0x9f, 0x5f, 0xff, 0x00, 0x9b, 0x59, 0xff,
  0x3e, 0xaa, 0x7e, 0xff, 0xdc, 0xd3, 0xd1, 0xfc, 0xdf, 0xdb, 0xd8, 0xff, 0xd3, 0xd0, 0xce, 0x94,
  0xd5, 0xcf, 0xcd, 0x86, 0xde, 0xd9, 0xd8, 0xff, 0xdf, 0xda, 0xce, 0xfc, 0x4e, 0x5a, 0xd5, 0xff,
  0x00, 0x12, 0xda, 0xff, 0x03, 0x20, 0xda, 0xff, 0x00, 0x1d, 0xda, 0xff, 0x00, 0x1d, 0xda, 0xff,
  0x01, 0x1d, 0xda, 0xff, 0x05, 0x1e, 0xd7, 0xff, 0xaf, 0xaf, 0xd0, 0xfe, 0xe3, 0xdc, 0xd1, 0xff,
  0xd3, 0xcc, 0xcd, 0xe9, 0xc4, 0xd7, 0xc4, 0x0d, 0x00, 0x00, 0x00, 0x00, 0xff, 0xff, 0xff, 0x01,
  0x00, 0x00, 0x00, 0x00, 0x00, 0x00, 0x00, 0x00, 0x00, 0x00, 0x00, 0x00, 0x00, 0x00, 0x00, 0x00,
  0x00, 0x00, 0x00, 0x00, 0x00, 0x00, 0x00, 0x00, 0x00, 0x00, 0x00, 0x00, 0x00, 0x00, 0x00, 0x00,
  0x00, 0x00, 0x00, 0x00, 0xff, 0xff, 0xff, 0x02, 0x00, 0x00, 0x00, 0x00, 0xd4, 0xd0, 0xcd, 0xb5,
  0xe2, 0xdd, 0xd9, 0xff, 0xd4, 0xcf, 0xcc, 0xfc, 0xd5, 0xd0, 0xcd, 0xff, 0xd5, 0xd0, 0xcd, 0xff,
  0xd5, 0xd1, 0xcc, 0xff, 0xd5, 0xd1, 0xcc, 0xff, 0xd5, 0xd1, 0xcc, 0xff, 0xd5, 0xd1, 0xcc, 0xff,
  0xd5, 0xd1, 0xcc, 0xff, 0xd5, 0xd1, 0xcc, 0xff, 0xd5, 0xd1, 0xcc, 0xff, 0xd5, 0xd1, 0xcc, 0xff,
  0xd5, 0xd1, 0xcc, 0xfe, 0xd5, 0xd1, 0xcc, 0xfd, 0xd4, 0xd0, 0xcb, 0xfe, 0xd5, 0xd1, 0xcc, 0xff,
  0xd5, 0xd1, 0xcc, 0xff, 0xd5, 0xd1, 0xcc, 0xff, 0xd5, 0xd1, 0xcc, 0xff, 0xd5, 0xd1, 0xcc, 0xff,
  0xd5, 0xd1, 0xcc, 0xff, 0xd5, 0xd1, 0xcc, 0xff, 0xd5, 0xd1, 0xcc, 0xff, 0xd5, 0xd1, 0xcc, 0xff,
  0xd5, 0xd0, 0xcd, 0xff, 0xd5, 0xd0, 0xcd, 0xff, 0xd4, 0xcf, 0xcc, 0xfc, 0xe2, 0xde, 0xdb, 0xff,
  0xd6, 0xd3, 0xd0, 0x52, 0x00, 0x00, 0x00, 0x00, 0xbf, 0xbf, 0xbf, 0x04, 0x00, 0x00, 0x00, 0x00,
  0x00, 0x00, 0x00, 0x00, 0x00, 0x00, 0x00, 0x00, 0x00, 0x00, 0x00, 0x00, 0x00, 0x00, 0x00, 0x00,
  0x00, 0x00, 0x00, 0x00, 0x00, 0x00, 0x00, 0x00, 0x00, 0x00, 0x00, 0x00, 0x00, 0x00, 0x00, 0x00,
  0xff, 0xff, 0xff, 0x01, 0x00, 0x00, 0x00, 0x00, 0xce, 0xce, 0xce, 0x15, 0xd2, 0xcf, 0xcc, 0xf1,
  0xe2, 0xd6, 0xd6, 0xff, 0xa2, 0xc3, 0xb1, 0xfe, 0x01, 0x9c, 0x5b, 0xff, 0x02, 0x9f, 0x5f, 0xff,
  0x02, 0x9e, 0x5e, 0xff, 0x02, 0x9e, 0x5e, 0xff, 0x05, 0x9f, 0x60, 0xff, 0x00, 0x9a, 0x58, 0xff,
  0x5b, 0xb3, 0x8d, 0xff, 0xe2, 0xd4, 0xd4, 0xfc, 0xdd, 0xd9, 0xd6, 0xff, 0xd5, 0xce, 0xcc, 0x6e,
  0xd5, 0xd0, 0xcd, 0x57, 0xd9, 0xd5, 0xd6, 0xff, 0xe2, 0xdc, 0xce, 0xfd, 0x70, 0x78, 0xd2, 0xff,
  0x00, 0x10, 0xda, 0xff, 0x03, 0x20, 0xda, 0xff, 0x00, 0x1d, 0xda, 0xff, 0x00, 0x1d, 0xda, 0xff,
  0x03, 0x1f, 0xda, 0xff, 0x00, 0x13, 0xd8, 0xff, 0x85, 0x8c, 0xd4, 0xff, 0xe2, 0xda, 0xcd, 0xfe,
  0xd9, 0xd3, 0xd4, 0xff, 0xd6, 0xd1, 0xd1, 0x38, 0x00, 0x00, 0x00, 0x00, 0xaa, 0xaa, 0xaa, 0x03,
  0x00, 0x00, 0x00, 0x00, 0x00, 0x00, 0x00, 0x00, 0x00, 0x00, 0x00, 0x00, 0x00, 0x00, 0x00, 0x00,
  0x00, 0x00, 0x00, 0x00, 0x00, 0x00, 0x00, 0x00, 0x00, 0x00, 0x00, 0x00, 0x00, 0x00, 0x00, 0x00,
  0x00, 0x00, 0x00, 0x00, 0xaa, 0xaa, 0xaa, 0x03, 0x00, 0x00, 0x00, 0x00, 0xd7, 0xd3, 0xce, 0x3a,
  0xdd, 0xd7, 0xd5, 0xff, 0xd5, 0xd0, 0xce, 0xfc, 0xd5, 0xd0, 0xcd, 0xff, 0xd5, 0xd0, 0xcd, 0xff,
  0xd5, 0xd0, 0xcd, 0xff, 0xd5, 0xd1, 0xcc, 0xff, 0xd5, 0xd1, 0xcc, 0xff, 0xd5, 0xd1, 0xcc, 0xff,
  0xd5, 0xd1, 0xcc, 0xff, 0xd5, 0xd1, 0xcc, 0xff, 0xd5, 0xd1, 0xcc, 0xff, 0xd5, 0xd1, 0xcc, 0xff,
  0xd5, 0xd1, 0xcc, 0xff, 0xd5, 0xd1, 0xcc, 0xff, 0xd5, 0xd1, 0xcc, 0xff, 0xd5, 0xd1, 0xcc, 0xff,
  0xd5, 0xd1, 0xcc, 0xff, 0xd5, 0xd1, 0xcc, 0xff, 0xd5, 0xd1, 0xcc, 0xff, 0xd5, 0xd1, 0xcc, 0xff,
  0xd5, 0xd1, 0xcc, 0xff, 0xd5, 0xd1, 0xcc, 0xff, 0xd5, 0xd1, 0xcc, 0xff, 0xd5, 0xd0, 0xcd, 0xff,
  0xd5, 0xd0, 0xcd, 0xff, 0xd5, 0xd0, 0xcd, 0xfc, 0xdf, 0xd9, 0xd6, 0xff, 0xd3, 0xcf, 0xcc, 0xd1,
  0xcc, 0xcc, 0xcc, 0x05, 0xff, 0xff, 0xff, 0x01, 0x00, 0x00, 0x00, 0x00, 0x00, 0x00, 0x00, 0x00,
  0x00, 0x00, 0x00, 0x00, 0x00, 0x00, 0x00, 0x00, 0x00, 0x00, 0x00, 0x00, 0x00, 0x00, 0x00, 0x00,
  0x00, 0x00, 0x00, 0x00, 0x00, 0x00, 0x00, 0x00, 0x00, 0x00, 0x00, 0x00, 0x00, 0x00, 0x00, 0x00,
  0xff, 0xff, 0xff, 0x03, 0x00, 0x00, 0x00, 0x00, 0xd7, 0xd0, 0xd0, 0x47, 0xdc, 0xd9, 0xd5, 0xff,
  0xe2, 0xd3, 0xd3, 0xfd, 0x76, 0xba, 0x9d, 0xff, 0x00, 0x9a, 0x57, 0xff, 0x05, 0x9f, 0x60, 0xff,
  0x02, 0x9e, 0x5e, 0xff, 0x02, 0x9e, 0x5e, 0xff, 0x05, 0x9f, 0x5f, 0xff, 0x00, 0x9a, 0x57, 0xff,
  0x80, 0xbc, 0xa2, 0xff, 0xe2, 0xd3, 0xd4, 0xfe, 0xd6, 0xd4, 0xd0, 0xff, 0xd5, 0xd2, 0xce, 0x44,
  0xcf, 0xcf, 0xcf, 0x2b, 0xd1, 0xcd, 0xcf, 0xfa, 0xe1, 0xdb, 0xd0, 0xff, 0x96, 0x9c, 0xd2, 0xff,
  0x00, 0x15, 0xd8, 0xff, 0x02, 0x1e, 0xda, 0xff, 0x00, 0x1d, 0xda, 0xff, 0x00, 0x1d, 0xda, 0xff,
  0x03, 0x20, 0xda, 0xff, 0x00, 0x11, 0xda, 0xff, 0x52, 0x61, 0xd3, 0xff, 0xe1, 0xdb, 0xcf, 0xfb,
  0xe2, 0xdd, 0xdb, 0xff, 0xd6, 0xd0, 0xce, 0x79, 0x00, 0x00, 0x00, 0x00, 0xbf, 0xbf, 0xbf, 0x04,
  0x00, 0x00, 0x00, 0x00, 0x00, 0x00, 0x00, 0x00, 0x00, 0x00, 0x00, 0x00, 0x00, 0x00, 0x00, 0x00,
  0x00, 0x00, 0x00, 0x00, 0x00, 0x00, 0x00, 0x00, 0x00, 0x00, 0x00, 0x00, 0x00, 0x00, 0x00, 0x00,
  0x00, 0x00, 0x00, 0x00, 0x00, 0x00, 0x00, 0x00, 0xaa, 0xaa, 0xaa, 0x03, 0x00, 0x00, 0x00, 0x00,
  0xd2, 0xcd, 0xcd, 0xa0, 0xe5, 0xe0, 0xdd, 0xff, 0xd4, 0xcf, 0xcb, 0xfb, 0xd5, 0xd0, 0xcd, 0xff,
  0xd5, 0xd0, 0xcd, 0xff, 0xd5, 0xd0, 0xcd, 0xff, 0xd5, 0xd1, 0xcc, 0xff, 0xd5, 0xd1, 0xcc, 0xff,
  0xd5, 0xd1, 0xcc, 0xff, 0xd5, 0xd1, 0xcc, 0xff, 0xd5, 0xd1, 0xcc, 0xff, 0xd5, 0xd1, 0xcc, 0xff,
  0xd5, 0xd1, 0xcc, 0xff, 0xd5, 0xd1, 0xcc, 0xff, 0xd5, 0xd1, 0xcc, 0xff, 0xd5, 0xd1, 0xcc, 0xff,
  0xd5, 0xd1, 0xcc, 0xff, 0xd5, 0xd1, 0xcc, 0xff, 0xd5, 0xd1, 0xcc, 0xff, 0xd5, 0xd1, 0xcc, 0xff,
  0xd5, 0xd1, 0xcc, 0xff, 0xd5, 0xd1, 0xcc, 0xff, 0xd5, 0xd0, 0xcd, 0xff, 0xd5, 0xd0, 0xcd, 0xff,
  0xd5, 0xd0, 0xcd, 0xff, 0xd7, 0xd1, 0xce, 0xfb, 0xde, 0xda, 0xd8, 0xff, 0xd3, 0xd3, 0xcf, 0x41,
  0x00, 0x00, 0x00, 0x00, 0xaa, 0xaa, 0xaa, 0x03, 0x00, 0x00, 0x00, 0x00, 0x00, 0x00, 0x00, 0x00,
  0x00, 0x00, 0x00, 0x00, 0x00, 0x00, 0x00, 0x00, 0x00, 0x00, 0x00, 0x00, 0x00, 0x00, 0x00, 0x00,
  0x00, 0x00, 0x00, 0x00, 0x00, 0x00, 0x00, 0x00, 0x00, 0x00, 0x00, 0x00, 0x00, 0x00, 0x00, 0x00,
  0xbf, 0xbf, 0xbf, 0x04, 0x00, 0x00, 0x00, 0x00, 0xd6, 0xd1, 0xcf, 0x8b, 0xe3, 0xdf, 0xdb, 0xff,
  0xdd, 0xd3, 0xd2, 0xfb, 0x46, 0xad, 0x83, 0xff, 0x00, 0x9a, 0x58, 0xff, 0x05, 0x9e, 0x60, 0xff,
  0x02, 0x9e, 0x5e, 0xff, 0x02, 0x9e, 0x5e, 0xff, 0x02, 0x9e, 0x5f, 0xff, 0x02, 0x9c, 0x5c, 0xff,
  0xa4, 0xc4, 0xb5, 0xfe, 0xe2, 0xd6, 0xd6, 0xff, 0xd2, 0xcf, 0xcb, 0xee, 0xd4, 0xd4, 0xd4, 0x18,
  0xda, 0xda, 0xda, 0x07, 0xd2, 0xcf, 0xcf, 0xdb, 0xe1, 0xdb, 0xd5, 0xff, 0xbf, 0xbe, 0xd0, 0xfd,
  0x0c, 0x26, 0xd7, 0xff, 0x00, 0x1b, 0xda, 0xff, 0x01, 0x1d, 0xda, 0xff, 0x00, 0x1d, 0xda, 0xff,
  0x02, 0x1e, 0xda, 0xff, 0x00, 0x17, 0xda, 0xff, 0x20, 0x35, 0xd6, 0xff, 0xd1, 0xcb, 0xcf, 0xfc,
  0xe0, 0xdb, 0xd6, 0xff, 0xd4, 0xcf, 0xcc, 0xca, 0x01, 0x00, 0x00, 0x00, 0xff, 0xff, 0xff, 0x01,
  0x00, 0x00, 0x00, 0x00, 0x00, 0x00, 0x00, 0x00, 0x00, 0x00, 0x00, 0x00, 0x00, 0x00, 0x00, 0x00,
  0x00, 0x00, 0x00, 0x00, 0x00, 0x00, 0x00, 0x00, 0x00, 0x00, 0x00, 0x00, 0x00, 0x00, 0x00, 0x00,
  0x00, 0x00, 0x00, 0x00, 0x00, 0x00, 0x00, 0x00, 0xff, 0xff, 0xff, 0x01, 0xff, 0xff, 0xff, 0x02,
  0xdf, 0xdf, 0xdf, 0x10, 0xd8, 0xd3, 0xd2, 0xdd, 0xde, 0xd8, 0xd6, 0xff, 0xd4, 0xce, 0xcd, 0xfc,
  0xd5, 0xd0, 0xcd, 0xff, 0xd5, 0xd0, 0xcd, 0xff, 0xd5, 0xd0, 0xcd, 0xff, 0xd5, 0xd1, 0xcc, 0xff,
  0xd5, 0xd1, 0xcc, 0xff, 0xd5, 0xd1, 0xcc, 0xff, 0xd5, 0xd1, 0xcc, 0xff, 0xd5, 0xd1, 0xcc, 0xff,
  0xd5, 0xd1, 0xcc, 0xff, 0xd5, 0xd1, 0xcc, 0xff, 0xd5, 0xd1, 0xcc, 0xff, 0xd5, 0xd1, 0xcc, 0xff,
  0xd5, 0xd1, 0xcc, 0xff, 0xd5, 0xd1, 0xcc, 0xff, 0xd6, 0xd0, 0xcd, 0xff, 0xd6, 0xd0, 0xcd, 0xff,
  0xd5, 0xd0, 0xcd, 0xff, 0xd5, 0xd0, 0xcd, 0xff, 0xd5, 0xd0, 0xcd, 0xff, 0xd5, 0xd0, 0xcd, 0xff,
  0xd4, 0xcf, 0xcc, 0xfa, 0xe7, 0xe2, 0xde, 0xff, 0xd0, 0xcf, 0xcb, 0x90, 0x00, 0x00, 0x00, 0x00,
  0xff, 0xaa, 0xaa, 0x03, 0x00, 0x00, 0x00, 0x00, 0x00, 0x00, 0x00, 0x00, 0x00, 0x00, 0x00, 0x00,
  0x00, 0x00, 0x00, 0x00, 0x00, 0x00, 0x00, 0x00, 0x00, 0x00, 0x00, 0x00, 0x00, 0x00, 0x00, 0x00,
  0x00, 0x00, 0x00, 0x00, 0x00, 0x00, 0x00, 0x00, 0x00, 0x00, 0x00, 0x00, 0x00, 0x00, 0x00, 0x00,
  0xff, 0xff, 0xff, 0x01, 0xff, 0xff, 0xff, 0x02, 0xd2, 0xd0, 0xcc, 0xd4, 0xe1, 0xd9, 0xd6, 0xff,
  0xc6, 0xcd, 0xc6, 0xfd, 0x18, 0xa2, 0x68, 0xff, 0x00, 0x9d, 0x5c, 0xff, 0x03, 0x9e, 0x5f, 0xff,
  0x02, 0x9e, 0x5e, 0xff, 0x03, 0x9e, 0x5f, 0xff, 0x00, 0x9d, 0x5b, 0xff, 0x19, 0xa3, 0x68, 0xff,
  0xc9, 0xce, 0xc5, 0xfd, 0xe3, 0xdb, 0xd8, 0xff, 0xd3, 0xcf, 0xce, 0xc8, 0x00, 0x00, 0x00, 0x00,
  0x00, 0x00, 0x00, 0x00, 0xd3, 0xd0, 0xcd, 0xa5, 0xe3, 0xde, 0xdb, 0xff, 0xda, 0xd4, 0xd0, 0xfb,
  0x34, 0x47, 0xd5, 0xff, 0x00, 0x14, 0xdb, 0xff, 0x02, 0x1f, 0xd9, 0xff, 0x00, 0x1d, 0xda, 0xff,
  0x00, 0x1d, 0xda, 0xff, 0x01, 0x1e, 0xda, 0xff, 0x02, 0x17, 0xd9, 0xff, 0xa1, 0xa3, 0xd2, 0xff,
  0xdf, 0xd9, 0xcd, 0xfe, 0xd6, 0xd2, 0xd1, 0xfc, 0xd5, 0xcf, 0xcf, 0x2b, 0x00, 0x00, 0x00, 0x01,
  0xff, 0xff, 0xff, 0x02, 0x00, 0x00, 0x00, 0x00, 0x00, 0x00, 0x00, 0x00, 0x00, 0x00, 0x00, 0x00,
  0x00, 0x00, 0x00, 0x00, 0x00, 0x00, 0x00, 0x00, 0x00, 0x00, 0x00, 0x00, 0x00, 0x00, 0x00, 0x00,
  0x00, 0x00, 0x00, 0x00, 0x00, 0x00, 0x00, 0x00, 0x00, 0x00, 0x00, 0x00, 0xff, 0xff, 0xff, 0x02,
  0x00, 0x00, 0x00, 0x00, 0xd4, 0xcf, 0xcf, 0x30, 0xdb, 0xd6, 0xd5, 0xf2, 0xdd, 0xd5, 0xd5, 0xff,
  0xd3, 0xce, 0xcc, 0xfc, 0xd5, 0xd0, 0xcd, 0xff, 0xd5, 0xd0, 0xcd, 0xff, 0xd5, 0xd0, 0xcd, 0xff,
  0xd5, 0xd1, 0xcc, 0xff, 0xd5, 0xd1, 0xcc, 0xff, 0xd5, 0xd1, 0xcc, 0xff, 0xd5, 0xd1, 0xcc, 0xff,
  0xd5, 0xd1, 0xcc, 0xff, 0xd5, 0xd1, 0xcc, 0xff, 0xd5, 0xd1, 0xcc, 0xff, 0xd5, 0xd1, 0xcc, 0xff,
  0xd5, 0xd1, 0xcc, 0xff, 0xd5, 0xd1, 0xcc, 0xff, 0xd5, 0xd0, 0xcd, 0xff, 0xd5, 0xd0, 0xcd, 0xff,
  0xd5, 0xd0, 0xcd, 0xff, 0xd5, 0xd0, 0xcd, 0xff, 0xd5, 0xd0, 0xcd, 0xff, 0xd4, 0xcf, 0xcc, 0xfa,
  0xe5, 0xe0, 0xdd, 0xff, 0xd6, 0xd2, 0xce, 0xb8, 0xff, 0xbf, 0xbf, 0x04, 0xaa, 0xaa, 0xaa, 0x03,
  0xff, 0xff, 0xff, 0x01, 0x00, 0x00, 0x00, 0x00, 0x00, 0x00, 0x00, 0x00, 0x00, 0x00, 0x00, 0x00,
  0x00, 0x00, 0x00, 0x00, 0x00, 0x00, 0x00, 0x00, 0x00, 0x00, 0x00, 0x00, 0x00, 0x00, 0x00, 0x00,
  0x00, 0x00, 0x00, 0x00, 0x00, 0x00, 0x00, 0x00, 0x00, 0x00, 0x00, 0x00, 0xaa, 0xaa, 0xaa, 0x03,
  0xff, 0xff, 0xff, 0x01, 0xd0, 0xd0, 0xd0, 0x37, 0xd8, 0xd5, 0xd1, 0xfe, 0xe0, 0xd4, 0xd2, 0xfd,
  0x94, 0xc0, 0xaa, 0xff, 0x00, 0x9b, 0x59, 0xff, 0x04, 0x9f, 0x5f, 0xff, 0x02, 0x9e, 0x5e, 0xff,
  0x02, 0x9e, 0x5e, 0xff, 0x05, 0x9f, 0x5f, 0xff, 0x00, 0x9a, 0x58, 0xff, 0x43, 0xad, 0x80, 0xff,
  0xde, 0xd3, 0xd2, 0xfb, 0xe4, 0xdf, 0xdc, 0xff, 0xd5, 0xd0, 0xce, 0x8e, 0x00, 0x00, 0x00, 0x00,
  0x00, 0x00, 0x00, 0x00, 0xd3, 0xd1, 0xce, 0x64, 0xe1, 0xdd, 0xdb, 0xff, 0xe5, 0xdd, 0xce, 0xfb,
  0x6f, 0x78, 0xd4, 0xff, 0x00, 0x10, 0xd9, 0xff, 0x04, 0x20, 0xda, 0xff, 0x00, 0x1d, 0xda, 0xff,
  0x00, 0x1d, 0xd9, 0xff, 0x03, 0x1f, 0xda, 0xff, 0x00, 0x12, 0xda, 0xff, 0x5b, 0x68, 0xd5, 0xff,
  0xe2, 0xdb, 0xce, 0xfb, 0xe1, 0xdc, 0xdd, 0xff, 0xd4, 0xd0, 0xce, 0x89, 0x00, 0x00, 0x00, 0x00,
  0xbf, 0xbf, 0xbf, 0x04, 0x00, 0x00, 0x00, 0x00, 0x00, 0x00, 0x00, 0x00, 0x00, 0x00, 0x00, 0x00,
  0x00, 0x00, 0x00, 0x00, 0x00, 0x00, 0x00, 0x00, 0x00, 0x00, 0x00, 0x00, 0x00, 0x00, 0x00, 0x00,
  0x00, 0x00, 0x00, 0x00, 0x00, 0x00, 0x00, 0x00, 0x00, 0x00, 0x00, 0x00, 0x00, 0x00, 0x00, 0x00,
  0xff, 0xff, 0xff, 0x03, 0x00, 0x00, 0x00, 0x00, 0xd3, 0xcb, 0xcb, 0x40, 0xdd, 0xd6, 0xd6, 0xef,
  0xdf, 0xda, 0xd6, 0xff, 0xd3, 0xcf, 0xcb, 0xfb, 0xd5, 0xd0, 0xcd, 0xfe, 0xd5, 0xd0, 0xcd, 0xff,
  0xd5, 0xd0, 0xcd, 0xff, 0xd5, 0xd1, 0xcc, 0xff, 0xd5, 0xd1, 0xcc, 0xff, 0xd5, 0xd1, 0xcc, 0xff,
  0xd5, 0xd1, 0xcc, 0xff, 0xd5, 0xd1, 0xcc, 0xff, 0xd5, 0xd1, 0xcc, 0xff, 0xd5, 0xd1, 0xcc, 0xff,
  0xd5, 0xd1, 0xcc, 0xff, 0xd5, 0xd0, 0xcd, 0xff, 0xd5, 0xd0, 0xcd, 0xff, 0xd5, 0xd0, 0xcd, 0xff,
  0xd5, 0xd0, 0xcd, 0xff, 0xd4, 0xcf, 0xcc, 0xfd, 0xd4, 0xcf, 0xcc, 0xfc, 0xe8, 0xe1, 0xdf, 0xff,
  0xd9, 0xd3, 0xd1, 0xbd, 0xd0, 0xd0, 0xd0, 0x0b, 0xff, 0xff, 0xff, 0x01, 0xff, 0xff, 0xff, 0x01,
  0x00, 0x00, 0x00, 0x00, 0x00, 0x00, 0x00, 0x00, 0x00, 0x00, 0x00, 0x00, 0x00, 0x00, 0x00, 0x00,
  0x00, 0x00, 0x00, 0x00, 0x00, 0x00, 0x00, 0x00, 0x00, 0x00, 0x00, 0x00, 0x00, 0x00, 0x00, 0x00,
  0x00, 0x00, 0x00, 0x00, 0x00, 0x00, 0x00, 0x00, 0x00, 0x00, 0x00, 0x00, 0xaa, 0xaa, 0xaa, 0x03,
  0x00, 0x00, 0x00, 0x00, 0xd4, 0xcf, 0xcd, 0x9c, 0xe2, 0xde, 0xda, 0xff, 0xdf, 0xd4, 0xd5, 0xfb,
  0x4c, 0xb0, 0x87, 0xff, 0x00, 0x9b, 0x59, 0xff, 0x04, 0x9e, 0x5f, 0xff, 0x02, 0x9d, 0x5e, 0xff,
  0x02, 0x9e, 0x5e, 0xff, 0x05, 0x9f, 0x5f, 0xff, 0x00, 0x9a, 0x57, 0xff, 0x7f, 0xbb, 0xa0, 0xff,
  0xe2, 0xd4, 0xd4, 0xfc, 0xde, 0xdc, 0xd8, 0xff, 0xd3, 0xd0, 0xcd, 0x4d, 0x00, 0x00, 0x00, 0x00,
  0x00, 0x00, 0x00, 0x00, 0xd7, 0xd7, 0xd7, 0x20, 0xd5, 0xd1, 0xcf, 0xfa, 0xdf, 0xd9, 0xce, 0xff,
  0xaa, 0xac, 0xd2, 0xfe, 0x04, 0x1b, 0xd7, 0xff, 0x02, 0x1c, 0xdb, 0xff, 0x00, 0x1e, 0xda, 0xff,
  0x00, 0x1e, 0xdb, 0xff, 0x03, 0x1e, 0xdc, 0xff, 0x01, 0x13, 0xda, 0xff, 0x18, 0x1d, 0xd2, 0xff,
  0xc6, 0xc2, 0xcf, 0xfe, 0xde, 0xd9, 0xd0, 0xff, 0xd5, 0xcf, 0xcf, 0xe8, 0xcc, 0xcc, 0xcc, 0x0f,
  0xff, 0xff, 0xff, 0x01, 0xff, 0xff, 0xff, 0x01, 0x00, 0x00, 0x00, 0x00, 0x00, 0x00, 0x00, 0x00,
  0x00, 0x00, 0x00, 0x00, 0x00, 0x00, 0x00, 0x00, 0x00, 0x00, 0x00, 0x00, 0x00, 0x00, 0x00, 0x00,
  0x00, 0x00, 0x00, 0x00, 0x00, 0x00, 0x00, 0x00, 0x00, 0x00, 0x00, 0x00, 0x00, 0x00, 0x00, 0x00,
  0x00, 0x00, 0x00, 0x00, 0xbf, 0xbf, 0xbf, 0x04, 0x00, 0x00, 0x00, 0x00, 0xcf, 0xc9, 0xc9, 0x30,
  0xdb, 0xd6, 0xd3, 0xd5, 0xe5, 0xdf, 0xdd, 0xff, 0xd5, 0xd0, 0xcd, 0xff, 0xd4, 0xd0, 0xcc, 0xfb,
  0xd4, 0xcf, 0xcc, 0xfe, 0xd5, 0xd0, 0xcd, 0xff, 0xd5, 0xd0, 0xcd, 0xff, 0xd5, 0xd0, 0xcd, 0xff,
  0xd5, 0xd0, 0xcd, 0xff, 0xd5, 0xd0, 0xcd, 0xff, 0xd5, 0xd0, 0xcd, 0xff, 0xd5, 0xd0, 0xcd, 0xff,
  0xd5, 0xd0, 0xcd, 0xff, 0xd5, 0xd0, 0xcd, 0xff, 0xd5, 0xd0, 0xcd, 0xff, 0xd4, 0xcf, 0xcc, 0xfd,
  0xd4, 0xcf, 0xcc, 0xfb, 0xdb, 0xd7, 0xd3, 0xff, 0xe0, 0xdc, 0xd9, 0xff, 0xd8, 0xd5, 0xd3, 0x98,
  0xda, 0xda, 0xda, 0x07, 0x00, 0x00, 0x00, 0x00, 0x7f, 0x7f, 0x7f, 0x02, 0x00, 0x00, 0x00, 0x00,
  0x00, 0x00, 0x00, 0x00, 0x00, 0x00, 0x00, 0x00, 0x00, 0x00, 0x00, 0x00, 0x00, 0x00, 0x00, 0x00,
  0x00, 0x00, 0x00, 0x00, 0x00, 0x00, 0x00, 0x00, 0x00, 0x00, 0x00, 0x00, 0x00, 0x00, 0x00, 0x00,
  0x00, 0x00, 0x00, 0x00, 0x00, 0x00, 0x00, 0x00, 0x7f, 0x7f, 0x7f, 0x02, 0xff, 0xff, 0xff, 0x01,
  0xd4, 0xc9, 0xd4, 0x18, 0xd6, 0xd2, 0xcf, 0xf1, 0xde, 0xd4, 0xd3, 0xfe, 0xbc, 0xc9, 0xbb, 0xfe,
  0x0e, 0x93, 0x53, 0xff, 0x02, 0x9b, 0x5a, 0xff, 0x03, 0xa0, 0x61, 0xff, 0x02, 0x9f, 0x60, 0xff,
  0x02, 0x9e, 0x5e, 0xff, 0x02, 0x9d, 0x5c, 0xff, 0x0b, 0x9e, 0x62, 0xff, 0xb8, 0xca, 0xbd, 0xfe,
  0xe0, 0xd4, 0xd4, 0xff, 0xd3, 0xd0, 0xcc, 0xf2, 0xce, 0xce, 0xce, 0x15, 0x00, 0x00, 0x00, 0x00,
  0x7f, 0x7f, 0x7f, 0x02, 0x00, 0x00, 0x00, 0x00, 0xd4, 0xd0, 0xcd, 0xc4, 0xdf, 0xda, 0xd7, 0xfe,
  0xd6, 0xd2, 0xd0, 0xfc, 0x2e, 0x41, 0xd6, 0xff, 0x00, 0x17, 0xdb, 0xff, 0x04, 0x1d, 0xda, 0xff,
  0x03, 0x12, 0xd9, 0xff, 0x02, 0x07, 0xd6, 0xff, 0x04, 0x03, 0xd4, 0xff, 0x00, 0x00, 0xd1, 0xff,
  0x7c, 0x7a, 0xd0, 0xff, 0xe2, 0xdc, 0xcd, 0xfc, 0xe1, 0xdb, 0xdd, 0xff, 0xd1, 0xcf, 0xcd, 0x76,
  0x00, 0x00, 0x00, 0x00, 0xbf, 0xbf, 0xbf, 0x04, 0x00, 0x00, 0x00, 0x00, 0x00, 0x00, 0x00, 0x00,
  0x00, 0x00, 0x00, 0x00, 0x00, 0x00, 0x00, 0x00, 0x00, 0x00, 0x00, 0x00, 0x00, 0x00, 0x00, 0x00,
  0x00, 0x00, 0x00, 0x00, 0x00, 0x00, 0x00, 0x00, 0x00, 0x00, 0x00, 0x00, 0x00, 0x00, 0x00, 0x00,
  0x00, 0x00, 0x00, 0x00, 0x00, 0x00, 0x00, 0x00, 0xff, 0xff, 0xff, 0x03, 0x00, 0x00, 0x00, 0x00,
  0xc4, 0xc4, 0xc4, 0x0d, 0xd9, 0xd5, 0xd4, 0x8f, 0xda, 0xd5, 0xd2, 0xfa, 0xe4, 0xde, 0xdb, 0xff,
  0xd8, 0xd3, 0xd1, 0xff, 0xd4, 0xcf, 0xce, 0xfc, 0xd5, 0xd0, 0xcd, 0xfb, 0xd5, 0xd0, 0xcd, 0xfc,
  0xd4, 0xcf, 0xcc, 0xfd, 0xd5, 0xd0, 0xcd, 0xfd, 0xd5, 0xd0, 0xcd, 0xfd, 0xd4, 0xcf, 0xcc, 0xfd,
  0xd4, 0xcf, 0xcc, 0xfc, 0xd5, 0xd0, 0xcd, 0xfb, 0xd4, 0xcf, 0xce, 0xfe, 0xde, 0xd7, 0xd6, 0xff,
  0xe6, 0xdf, 0xdc, 0xff, 0xda, 0xd6, 0xd5, 0xdb, 0xd3, 0xd0, 0xd0, 0x53, 0x00, 0x00, 0x00, 0x00,
  0x00, 0x00, 0x00, 0x00, 0xff, 0xff, 0xff, 0x01, 0x00, 0x00, 0x00, 0x00, 0x00, 0x00, 0x00, 0x00,
  0x00, 0x00, 0x00, 0x00, 0x00, 0x00, 0x00, 0x00, 0x00, 0x00, 0x00, 0x00, 0x00, 0x00, 0x00, 0x00,
  0x00, 0x00, 0x00, 0x00, 0x00, 0x00, 0x00, 0x00, 0x00, 0x00, 0x00, 0x00, 0x00, 0x00, 0x00, 0x00,
  0x00, 0x00, 0x00, 0x00, 0x00, 0x00, 0x00, 0x00, 0xff, 0xff, 0xff, 0x03, 0x00, 0x00, 0x00, 0x00,
  0xd3, 0xcf, 0xcd, 0x87, 0xe0, 0xde, 0xd9, 0xff, 0xe4, 0xd6, 0xd7, 0xfb, 0x6f, 0xaa, 0x83, 0xff,
  0x00, 0x7a, 0x2c, 0xff, 0x05, 0x85, 0x3c, 0xff, 0x04, 0x8d, 0x47, 0xff, 0x06, 0x98, 0x56, 0xff,
  0x06, 0x9f, 0x61, 0xff, 0x00, 0x9d, 0x5b, 0xff, 0x3d, 0xab, 0x7d, 0xff, 0xdc, 0xd2, 0xd0, 0xfc,
  0xe0, 0xdb, 0xd9, 0xfe, 0xd5, 0xd1, 0xcd, 0xb3, 0x00, 0x00, 0x00, 0x00, 0xaa, 0xaa, 0xaa, 0x03,
  0xff, 0xff, 0xff, 0x04, 0x00, 0x00, 0x00, 0x00, 0xd6, 0xd1, 0xcf, 0x6b, 0xe1, 0xdc, 0xdb, 0xff,
  0xe3, 0xdc, 0xce, 0xfb, 0x7a, 0x80, 0xd3, 0xff, 0x00, 0x04, 0xd5, 0xff, 0x04, 0x06, 0xd5, 0xff,
  0x01, 0x00, 0xd4, 0xff, 0x00, 0x00, 0xd3, 0xff, 0x01, 0x02, 0xd4, 0xff, 0x01, 0x01, 0xd4, 0xff,
  0x20, 0x1f, 0xd1, 0xff, 0xd1, 0xcb, 0xd1, 0xfd, 0xda, 0xd5, 0xd1, 0xfe, 0xd4, 0xd1, 0xd1, 0xeb,
  0xce, 0xda, 0xda, 0x15, 0xff, 0xff, 0xff, 0x02, 0x7f, 0x7f, 0x7f, 0x02, 0x00, 0x00, 0x00, 0x00,
  0x00, 0x00, 0x00, 0x00, 0x00, 0x00, 0x00, 0x00, 0x00, 0x00, 0x00, 0x00, 0x00, 0x00, 0x00, 0x00,
  0x00, 0x00, 0x00, 0x00, 0x00, 0x00, 0x00, 0x00, 0x00, 0x00, 0x00, 0x00, 0x00, 0x00, 0x00, 0x00,
  0x00, 0x00, 0x00, 0x00, 0x00, 0x00, 0x00, 0x00, 0x00, 0x00, 0x00, 0x00, 0xff, 0xff, 0xff, 0x02,
  0x00, 0x00, 0x00, 0x00, 0x00, 0x00, 0x00, 0x00, 0xd8, 0xd2, 0xd2, 0x2e, 0xda, 0xd5, 0xd5, 0x9a,
  0xd7, 0xd3, 0xd3, 0xea, 0xe0, 0xdb, 0xda, 0xff, 0xe4, 0xde, 0xdc, 0xff, 0xe0, 0xdb, 0xd7, 0xff,
  0xdc, 0xd7, 0xd4, 0xff, 0xdb, 0xd5, 0xd2, 0xff, 0xdb, 0xd6, 0xd3, 0xff, 0xdd, 0xd8, 0xd5, 0xff,
  0xe2, 0xdc, 0xd9, 0xff, 0xe4, 0xdf, 0xdd, 0xff, 0xd9, 0xd5, 0xd4, 0xff, 0xd8, 0xd5, 0xd4, 0xd0,
  0xda, 0xd3, 0xd3, 0x6f, 0xc4, 0xc4, 0xc4, 0x0d, 0x00, 0x00, 0x00, 0x00, 0xaa, 0xaa, 0xaa, 0x03,
  0xff, 0xff, 0xff, 0x01, 0x00, 0x00, 0x00, 0x00, 0x00, 0x00, 0x00, 0x00, 0x00, 0x00, 0x00, 0x00,
  0x00, 0x00, 0x00, 0x00, 0x00, 0x00, 0x00, 0x00, 0x00, 0x00, 0x00, 0x00, 0x00, 0x00, 0x00, 0x00,
  0x00, 0x00, 0x00, 0x00, 0x00, 0x00, 0x00, 0x00, 0x00, 0x00, 0x00, 0x00, 0x00, 0x00, 0x00, 0x00,
  0x00, 0x00, 0x00, 0x00, 0x7f, 0x7f, 0x7f, 0x02, 0xff, 0xff, 0xff, 0x01, 0xd7, 0xd7, 0xd7, 0x1a,
  0xd8, 0xd2, 0xcf, 0xf3, 0xdd, 0xd4, 0xd2, 0xfd, 0xc8, 0xcc, 0xc4, 0xfe, 0x1a, 0x89, 0x46, 0xff,
  0x01, 0x81, 0x33, 0xff, 0x02, 0x82, 0x37, 0xff, 0x01, 0x80, 0x35, 0xff, 0x01, 0x81, 0x37, 0xff,
  0x05, 0x89, 0x42, 0xff, 0x00, 0x90, 0x4b, 0xff, 0x88, 0xbe, 0xa4, 0xff, 0xe0, 0xd3, 0xd3, 0xfc,
  0xe0, 0xdc, 0xd8, 0xff, 0xd6, 0xd0, 0xcd, 0x58, 0x00, 0x00, 0x00, 0x00, 0xbf, 0xbf, 0xbf, 0x04,
  0x7f, 0x7f, 0x7f, 0x02, 0x00, 0x00, 0x00, 0x00, 0xd4, 0xd4, 0xd4, 0x18, 0xd5, 0xcf, 0xcf, 0xf3,
  0xdc, 0xd7, 0xd0, 0xfe, 0xc1, 0xbc, 0xd0, 0xfe, 0x0f, 0x0e, 0xd0, 0xff, 0x01, 0x00, 0xd4, 0xff,
  0x01, 0x01, 0xd4, 0xff, 0x00, 0x00, 0xd4, 0xff, 0x00, 0x00, 0xd4, 0xff, 0x02, 0x02, 0xd4, 0xff,
  0x00, 0x00, 0xd1, 0xff, 0x7d, 0x7a, 0xd1, 0xff, 0xe3, 0xde, 0xcf, 0xfb, 0xe0, 0xdc, 0xdd, 0xff,
  0xd2, 0xd0, 0xcd, 0x95, 0x00, 0x00, 0x00, 0x00, 0xbf, 0xbf, 0xbf, 0x04, 0x00, 0x00, 0x00, 0x00,
  0x00, 0x00, 0x00, 0x00, 0x00, 0x00, 0x00, 0x00, 0x00, 0x00, 0x00, 0x00, 0x00, 0x00, 0x00, 0x00,
  0x00, 0x00, 0x00, 0x00, 0x00, 0x00, 0x00, 0x00, 0x00, 0x00, 0x00, 0x00, 0x00, 0x00, 0x00, 0x00,
  0x00, 0x00, 0x00, 0x00, 0x00, 0x00, 0x00, 0x00, 0x00, 0x00, 0x00, 0x00, 0x00, 0x00, 0x00, 0x00,
  0xff, 0xff, 0xff, 0x01, 0xff, 0xff, 0xff, 0x03, 0x00, 0x00, 0x00, 0x00, 0x00, 0x00, 0x00, 0x00,
  0xd8, 0xcc, 0xcc, 0x14, 0xda, 0xd7, 0xd4, 0x54, 0xda, 0xd4, 0xd3, 0x91, 0xd6, 0xd2, 0xd0, 0xbe,
  0xd5, 0xd2, 0xce, 0xd8, 0xd5, 0xd0, 0xcd, 0xe2, 0xd6, 0xd0, 0xce, 0xe0, 0xd6, 0xd0, 0xce, 0xd2,
  0xd8, 0xd2, 0xcf, 0xb1, 0xd7, 0xd3, 0xd1, 0x7c, 0xd9, 0xd5, 0xd5, 0x37, 0xff, 0xff, 0xff, 0x01,
  0x00, 0x00, 0x00, 0x00, 0x00, 0x00, 0x00, 0x00, 0xaa, 0xaa, 0xaa, 0x03, 0x00, 0x00, 0x00, 0x00,
  0x00, 0x00, 0x00, 0x00, 0x00, 0x00, 0x00, 0x00, 0x00, 0x00, 0x00, 0x00, 0x00, 0x00, 0x00, 0x00,
  0x00, 0x00, 0x00, 0x00, 0x00, 0x00, 0x00, 0x00, 0x00, 0x00, 0x00, 0x00, 0x00, 0x00, 0x00, 0x00,
  0x00, 0x00, 0x00, 0x00, 0x00, 0x00, 0x00, 0x00, 0x00, 0x00, 0x00, 0x00, 0x00, 0x00, 0x00, 0x00,
  0x00, 0x00, 0x00, 0x00, 0xbf, 0xbf, 0xbf, 0x04, 0x00, 0x00, 0x00, 0x00, 0xd2, 0xcf, 0xcc, 0xa5,
  0xe1, 0xdc, 0xd7, 0xff, 0xe3, 0xd4, 0xd7, 0xfc, 0x6f, 0xaa, 0x84, 0xff, 0x00, 0x7c, 0x2e, 0xff,
  0x04, 0x84, 0x39, 0xff, 0x01, 0x83, 0x37, 0xff, 0x01, 0x83, 0x38, 0xff, 0x02, 0x83, 0x39, 0xff,
  0x01, 0x7f, 0x32, 0xff, 0x1a, 0x88, 0x45, 0xff, 0xcb, 0xcd, 0xc7, 0xfd, 0xdd, 0xd6, 0xd3, 0xff,
  0xd2, 0xcf, 0xcd, 0xe7, 0xda, 0xda, 0xda, 0x0e, 0x00, 0x00, 0x00, 0x00, 0xff, 0xff, 0xff, 0x01,
  0x00, 0x00, 0x00, 0x00, 0xff, 0xaa, 0xaa, 0x03, 0x00, 0x00, 0x00, 0x00, 0xd4, 0xcf, 0xcf, 0x9d,
  0xe1, 0xdb, 0xdb, 0xff, 0xe1, 0xde, 0xce, 0xfb, 0x5d, 0x5a, 0xd0, 0xff, 0x00, 0x00, 0xd3, 0xff,
  0x04, 0x03, 0xd4, 0xff, 0x00, 0x00, 0xd4, 0xff, 0x00, 0x00, 0xd4, 0xff, 0x01, 0x01, 0xd3, 0xff,
  0x01, 0x01, 0xd5, 0xff, 0x17, 0x16, 0xd1, 0xff, 0xc7, 0xc2, 0xd0, 0xfe, 0xdb, 0xd5, 0xcd, 0xfc,
  0xda, 0xd6, 0xd4, 0xfd, 0xd2, 0xce, 0xca, 0x3f, 0x00, 0x00, 0x00, 0x00, 0xff, 0xff, 0xaa, 0x03,
  0x00, 0x00, 0x00, 0x00, 0x00, 0x00, 0x00, 0x00, 0x00, 0x00, 0x00, 0x00, 0x00, 0x00, 0x00, 0x00,
  0x00, 0x00, 0x00, 0x00, 0x00, 0x00, 0x00, 0x00, 0x00, 0x00, 0x00, 0x00, 0x00, 0x00, 0x00, 0x00,
  0x00, 0x00, 0x00, 0x00, 0x00, 0x00, 0x00, 0x00, 0x00, 0x00, 0x00, 0x00, 0x00, 0x00, 0x00, 0x00,
  0x00, 0x00, 0x00, 0x00, 0x00, 0x00, 0x00, 0x00, 0xff, 0xff, 0xff, 0x02, 0xff, 0xff, 0xff, 0x03,
  0x00, 0x00, 0x00, 0x00, 0x00, 0x00, 0x00, 0x00, 0x00, 0x00, 0x00, 0x00, 0x00, 0x00, 0x00, 0x00,
  0xff, 0xff, 0xff, 0x02, 0xdf, 0xdf, 0xdf, 0x08, 0xda, 0xda, 0xda, 0x07, 0x00, 0x00, 0x00, 0x00,
  0x00, 0x00, 0x00, 0x00, 0x00, 0x00, 0x00, 0x00, 0x00, 0x00, 0x00, 0x00, 0x00, 0x00, 0x00, 0x00,
  0xbf, 0xbf, 0xbf, 0x04, 0xff, 0xff, 0xff, 0x01, 0x00, 0x00, 0x00, 0x00, 0x00, 0x00, 0x00, 0x00,
  0x00, 0x00, 0x00, 0x00, 0x00, 0x00, 0x00, 0x00, 0x00, 0x00, 0x00, 0x00, 0x00, 0x00, 0x00, 0x00,
  0x00, 0x00, 0x00, 0x00, 0x00, 0x00, 0x00, 0x00, 0x00, 0x00, 0x00, 0x00, 0x00, 0x00, 0x00, 0x00,
  0x00, 0x00, 0x00, 0x00, 0x00, 0x00, 0x00, 0x00, 0x00, 0x00, 0x00, 0x00, 0x00, 0x00, 0x00, 0x00,
  0xff, 0xff, 0xff, 0x03, 0x00, 0x00, 0x00, 0x00, 0xd2, 0xce, 0xce, 0x4a, 0xde, 0xda, 0xd6, 0xff,
  0xdb, 0xd2, 0xd1, 0xfc, 0xbe, 0xc9, 0xbc, 0xff, 0x11, 0x84, 0x3f, 0xff, 0x02, 0x82, 0x34, 0xff,
  0x02, 0x82, 0x38, 0xff, 0x01, 0x82, 0x37, 0xff, 0x01, 0x82, 0x37, 0xff, 0x04, 0x83, 0x3a, 0xff,
  0x00, 0x7c, 0x2e, 0xff, 0x6c, 0xa9, 0x82, 0xff, 0xe2, 0xd6, 0xd7, 0xfb, 0xe2, 0xde, 0xd9, 0xff,
  0xd2, 0xd2, 0xd0, 0x89, 0x00, 0x00, 0x00, 0x00, 0xbf, 0xbf, 0xbf, 0x04, 0x00, 0x00, 0x00, 0x00,
  0x00, 0x00, 0x00, 0x00, 0xaa, 0xaa, 0xaa, 0x03, 0x00, 0x00, 0x00, 0x00, 0xd3, 0xce, 0xce, 0x2f,
  0xd7, 0xd4, 0xd3, 0xfd, 0xdd, 0xd7, 0xcd, 0xfd, 0xb8, 0xb3, 0xd0, 0xff, 0x09, 0x09, 0xd1, 0xff,
  0x02, 0x01, 0xd5, 0xff, 0x01, 0x01, 0xd4, 0xff, 0x00, 0x00, 0xd4, 0xff, 0x00, 0x00, 0xd4, 0xff,
  0x03, 0x03, 0xd4, 0xff, 0x00, 0x00, 0xd3, 0xff, 0x57, 0x55, 0xd0, 0xff, 0xe2, 0xdd, 0xcd, 0xfd,
  0xd9, 0xd4, 0xd3, 0xff, 0xd7, 0xd3, 0xcf, 0xde, 0xcf, 0xcf, 0xcf, 0x10, 0xff, 0x7f, 0x7f, 0x02,
  0x7f, 0x7f, 0x7f, 0x02, 0x00, 0x00, 0x00, 0x00, 0x00, 0x00, 0x00, 0x00, 0x00, 0x00, 0x00, 0x00,
  0x00, 0x00, 0x00, 0x00, 0x00, 0x00, 0x00, 0x00, 0x00, 0x00, 0x00, 0x00, 0x00, 0x00, 0x00, 0x00,
  0x00, 0x00, 0x00, 0x00, 0x00, 0x00, 0x00, 0x00, 0x00, 0x00, 0x00, 0x00, 0x00, 0x00, 0x00, 0x00,
  0x00, 0x00, 0x00, 0x00, 0x00, 0x00, 0x00, 0x00, 0x00, 0x00, 0x00, 0x00, 0x00, 0x00, 0x00, 0x00,
  0xff, 0xff, 0xff, 0x01, 0xff, 0xff, 0xff, 0x03, 0xbf, 0xbf, 0xbf, 0x04, 0xff, 0x7f, 0x7f, 0x02,
  0x00, 0x00, 0x00, 0x00, 0x00, 0x00, 0x00, 0x00, 0x00, 0x00, 0x00, 0x00, 0x00, 0x00, 0x00, 0x00,
  0xaa, 0xaa, 0xaa, 0x03, 0xbf, 0xbf, 0xbf, 0x04, 0xaa, 0xaa, 0xaa, 0x03, 0x00, 0x00, 0x00, 0x01,
  0x00, 0x00, 0x00, 0x00, 0x00, 0x00, 0x00, 0x00, 0x00, 0x00, 0x00, 0x00, 0x00, 0x00, 0x00, 0x00,
  0x00, 0x00, 0x00, 0x00, 0x00, 0x00, 0x00, 0x00, 0x00, 0x00, 0x00, 0x00, 0x00, 0x00, 0x00, 0x00,
  0x00, 0x00, 0x00, 0x00, 0x00, 0x00, 0x00, 0x00, 0x00, 0x00, 0x00, 0x00, 0x00, 0x00, 0x00, 0x00,
  0x00, 0x00, 0x00, 0x00, 0x00, 0x00, 0x00, 0x00, 0x00, 0x00, 0x00, 0x00, 0xff, 0xff, 0xff, 0x02,
  0xff, 0xff, 0xff, 0x01, 0xce, 0xce, 0xce, 0x15, 0xd8, 0xd3, 0xd2, 0xe4, 0xd8, 0xd4, 0xd1, 0xfe,
  0xdf, 0xd6, 0xd5, 0xfd, 0x4c, 0x9d, 0x69, 0xff, 0x00, 0x7d, 0x2d, 0xff, 0x04, 0x83, 0x3a, 0xff,
  0x01, 0x82, 0x37, 0xff, 0x01, 0x82, 0x37, 0xff, 0x02, 0x82, 0x37, 0xff, 0x01, 0x81, 0x34, 0xff,
  0x12, 0x85, 0x41, 0xff, 0xc1, 0xca, 0xbf, 0xfe, 0xdb, 0xd3, 0xd1, 0xfe, 0xd6, 0xd2, 0xcf, 0xf8,
  0xd3, 0xcc, 0xcc, 0x23, 0x00, 0x00, 0x00, 0x00, 0xff, 0xff, 0xff, 0x02, 0x00, 0x00, 0x00, 0x00,
  0x00, 0x00, 0x00, 0x00, 0x00, 0x00, 0x00, 0x00, 0xaa, 0xaa, 0xaa, 0x03, 0x00, 0x00, 0x00, 0x00,
  0xd4, 0xce, 0xcd, 0xb3, 0xdf, 0xda, 0xd9, 0xff, 0xe1, 0xdc, 0xcf, 0xfc, 0x5d, 0x59, 0xd0, 0xff,
  0x00, 0x00, 0xd3, 0xff, 0x02, 0x03, 0xd5, 0xff, 0x00, 0x00, 0xd4, 0xff, 0x00, 0x00, 0xd4, 0xff,
  0x00, 0x00, 0xd4, 0xff, 0x03, 0x02, 0xd5, 0xff, 0x01, 0x01, 0xd0, 0xff, 0x99, 0x96, 0xd1, 0xff,
  0xe0, 0xda, 0xcd, 0xfc, 0xdf, 0xda, 0xda, 0xff, 0xd5, 0xd1, 0xce, 0xae, 0x00, 0x00, 0x00, 0x00,
  0xbf, 0xbf, 0xbf, 0x04, 0xff, 0xff, 0xff, 0x01, 0x00, 0x00, 0x00, 0x00, 0x00, 0x00, 0x00, 0x00,
  0x00, 0x00, 0x00, 0x00, 0x00, 0x00, 0x00, 0x00, 0x00, 0x00, 0x00, 0x00, 0x00, 0x00, 0x00, 0x00,
  0x00, 0x00, 0x00, 0x00, 0x00, 0x00, 0x00, 0x00, 0x00, 0x00, 0x00, 0x00, 0x00, 0x00, 0x00, 0x00,
  0x00, 0x00, 0x00, 0x00, 0x00, 0x00, 0x00, 0x00, 0x00, 0x00, 0x00, 0x00, 0x00, 0x00, 0x00, 0x00,
  0x00, 0x00, 0x00, 0x00, 0x00, 0x00, 0x00, 0x00, 0x00, 0x00, 0x00, 0x00, 0x00, 0x00, 0x00, 0x00,
  0x00, 0x00, 0x00, 0x01, 0xff, 0xff, 0xff, 0x01, 0xff, 0xff, 0xff, 0x01, 0x00, 0x00, 0x00, 0x00,
  0x00, 0x00, 0x00, 0x00, 0x00, 0x00, 0x00, 0x00, 0x00, 0x00, 0x00, 0x00, 0x00, 0x00, 0x00, 0x00,
  0x00, 0x00, 0x00, 0x00, 0x00, 0x00, 0x00, 0x00, 0x00, 0x00, 0x00, 0x00, 0x00, 0x00, 0x00, 0x00,
  0x00, 0x00, 0x00, 0x00, 0x00, 0x00, 0x00, 0x00, 0x00, 0x00, 0x00, 0x00, 0x00, 0x00, 0x00, 0x00,
  0x00, 0x00, 0x00, 0x00, 0x00, 0x00, 0x00, 0x00, 0x00, 0x00, 0x00, 0x00, 0x00, 0x00, 0x00, 0x00,
  0x00, 0x00, 0x00, 0x00, 0x00, 0x00, 0x00, 0x00, 0xff, 0xff, 0xff, 0x01, 0xbf, 0xbf, 0xbf, 0x04,
  0x00, 0x00, 0x00, 0x00, 0xd6, 0xd1, 0xd1, 0xb5, 0xe0, 0xdb, 0xd9, 0xff, 0xe2, 0xd5, 0xd5, 0xfc,
  0x8d, 0xb7, 0x9a, 0xff, 0x00, 0x7d, 0x30, 0xff, 0x03, 0x83, 0x38, 0xff, 0x01, 0x82, 0x37, 0xff,
  0x01, 0x82, 0x37, 0xff, 0x01, 0x82, 0x37, 0xff, 0x04, 0x83, 0x3a, 0xff, 0x00, 0x7c, 0x2d, 0xff,
  0x6b, 0xa9, 0x80, 0xff, 0xe3, 0xd6, 0xd7, 0xfb, 0xe0, 0xdd, 0xd9, 0xff, 0xd3, 0xcf, 0xcd, 0xa0,
  0x00, 0x00, 0x00, 0x00, 0xaa, 0xaa, 0xaa, 0x03, 0x00, 0x00, 0x00, 0x00, 0x00, 0x00, 0x00, 0x00,
  0x00, 0x00, 0x00, 0x00, 0x00, 0x00, 0x00, 0x00, 0xaa, 0xaa, 0xaa, 0x03, 0x00, 0x00, 0x00, 0x00,
  0xd3, 0xd3, 0xce, 0x35, 0xdb, 0xd5, 0xd5, 0xfd, 0xdc, 0xd6, 0xcd, 0xfc, 0xc3, 0xbe, 0xcf, 0xff,
  0x10, 0x10, 0xd0, 0xff, 0x01, 0x01, 0xd4, 0xff, 0x02, 0x01, 0xd4, 0xff, 0x00, 0x00, 0xd4, 0xff,
  0x00, 0x00, 0xd4, 0xff, 0x01, 0x02, 0xd4, 0xff, 0x01, 0x01, 0xd4, 0xff, 0x18, 0x18, 0xd0, 0xff,
  0xc4, 0xc1, 0xd0, 0xff, 0xdb, 0xd5, 0xcd, 0xfb, 0xe3, 0xdc, 0xdd, 0xff, 0xd5, 0xd1, 0xcf, 0x86,
  0x00, 0x00, 0x00, 0x00, 0xcc, 0xcc, 0xcc, 0x05, 0x00, 0x00, 0x00, 0x00, 0x00, 0x00, 0x00, 0x00,
  0x00, 0x00, 0x00, 0x00, 0x00, 0x00, 0x00, 0x00, 0x00, 0x00, 0x00, 0x00, 0x00, 0x00, 0x00, 0x00,
  0x00, 0x00, 0x00, 0x00, 0x00, 0x00, 0x00, 0x00, 0x00, 0x00, 0x00, 0x00, 0x00, 0x00, 0x00, 0x00,
  0x00, 0x00, 0x00, 0x00, 0x00, 0x00, 0x00, 0x00, 0x00, 0x00, 0x00, 0x00, 0x00, 0x00, 0x00, 0x00,
  0x00, 0x00, 0x00, 0x00, 0x00, 0x00, 0x00, 0x00, 0x00, 0x00, 0x00, 0x00, 0x00, 0x00, 0x00, 0x00,
  0x00, 0x00, 0x00, 0x00, 0x00, 0x00, 0x00, 0x00, 0x00, 0x00, 0x00, 0x00, 0x00, 0x00, 0x00, 0x00,
  0x00, 0x00, 0x00, 0x00, 0x00, 0x00, 0x00, 0x00, 0x00, 0x00, 0x00, 0x00, 0x00, 0x00, 0x00, 0x00,
  0x00, 0x00, 0x00, 0x00, 0x00, 0x00, 0x00, 0x00, 0x00, 0x00, 0x00, 0x00, 0x00, 0x00, 0x00, 0x00,
  0x00, 0x00, 0x00, 0x00, 0x00, 0x00, 0x00, 0x00, 0x00, 0x00, 0x00, 0x00, 0x00, 0x00, 0x00, 0x00,
  0x00, 0x00, 0x00, 0x00, 0x00, 0x00, 0x00, 0x00, 0x00, 0x00, 0x00, 0x00, 0x00, 0x00, 0x00, 0x00,
  0x00, 0x00, 0x00, 0x00, 0xff, 0x00, 0x00, 0x01, 0xff, 0xbf, 0xbf, 0x04, 0x00, 0x00, 0x00, 0x00,
  0xd5, 0xd1, 0xce, 0x93, 0xe0, 0xdd, 0xdb, 0xff, 0xdc, 0xd2, 0xd2, 0xfb, 0xbb, 0xc8, 0xbb, 0xff,
  0x11, 0x85, 0x3f, 0xff, 0x02, 0x80, 0x35, 0xff, 0x02, 0x82, 0x38, 0xff, 0x01, 0x82, 0x37, 0xff,
  0x01, 0x82, 0x37, 0xff, 0x03, 0x83, 0x38, 0xff, 0x01, 0x80, 0x32, 0xff, 0x19, 0x89, 0x46, 0xff,
  0xc9, 0xcd, 0xc5, 0xfe, 0xda, 0xd3, 0xd1, 0xfd, 0xd7, 0xd3, 0xd2, 0xf8, 0xd6, 0xd6, 0xd0, 0x26,
  0xff, 0xff, 0xff, 0x01, 0xff, 0xff, 0xff, 0x02, 0x00, 0x00, 0x00, 0x00, 0x00, 0x00, 0x00, 0x00,
  0x00, 0x00, 0x00, 0x00, 0x00, 0x00, 0x00, 0x00, 0x00, 0x00, 0x00, 0x00, 0xaa, 0xaa, 0xaa, 0x03,
  0x00, 0x00, 0x00, 0x00, 0xd4, 0xcf, 0xce, 0xa7, 0xe1, 0xdb, 0xdc, 0xff, 0xe1, 0xdc, 0xcd, 0xfc,
  0x7b, 0x77, 0xd1, 0xff, 0x00, 0x00, 0xd3, 0xff, 0x03, 0x03, 0xd5, 0xff, 0x00, 0x00, 0xd4, 0xff,
  0x00, 0x00, 0xd4, 0xff, 0x00, 0x00, 0xd4, 0xff, 0x03, 0x03, 0xd4, 0xff, 0x00, 0x00, 0xd2, 0xff,
  0x39, 0x38, 0xd0, 0xff, 0xd9, 0xd3, 0xd2, 0xff, 0xd7, 0xd2, 0xce, 0xfb, 0xe1, 0xdc, 0xdc, 0xff,
  0xd4, 0xd0, 0xd0, 0x6d, 0x00, 0x00, 0x00, 0x00, 0xcc, 0xcc, 0xcc, 0x05, 0x00, 0x00, 0x00, 0x01,
  0x00, 0x00, 0x00, 0x00, 0x00, 0x00, 0x00, 0x00, 0x00, 0x00, 0x00, 0x00, 0x00, 0x00, 0x00, 0x00,
  0x00, 0x00, 0x00, 0x00, 0x00, 0x00, 0x00, 0x00, 0x00, 0x00, 0x00, 0x00, 0x00, 0x00, 0x00, 0x00,
  0x00, 0x00, 0x00, 0x00, 0x00, 0x00, 0x00, 0x00, 0x00, 0x00, 0x00, 0x00, 0x00, 0x00, 0x00, 0x00,
  0x00, 0x00, 0x00, 0x00, 0x00, 0x00, 0x00, 0x00, 0x00, 0x00, 0x00, 0x00, 0x00, 0x00, 0x00, 0x00,
  0x00, 0x00, 0x00, 0x00, 0x00, 0x00, 0x00, 0x00, 0x00, 0x00, 0x00, 0x00, 0x00, 0x00, 0x00, 0x00,
  0x00, 0x00, 0x00, 0x00, 0x00, 0x00, 0x00, 0x00, 0x00, 0x00, 0x00, 0x00, 0x00, 0x00, 0x00, 0x00,
  0x00, 0x00, 0x00, 0x00, 0x00, 0x00, 0x00, 0x00, 0x00, 0x00, 0x00, 0x00, 0x00, 0x00, 0x00, 0x00,
  0x00, 0x00, 0x00, 0x00, 0x00, 0x00, 0x00, 0x00, 0x00, 0x00, 0x00, 0x00, 0x00, 0x00, 0x00, 0x00,
  0x00, 0x00, 0x00, 0x00, 0x00, 0x00, 0x00, 0x00, 0x00, 0x00, 0x00, 0x00, 0x00, 0x00, 0x00, 0x00,
  0xff, 0xff, 0xff, 0x01, 0xbf, 0xbf, 0xbf, 0x04, 0x00, 0x00, 0x00, 0x00, 0xd3, 0xcf, 0xcf, 0x7b,
  0xe2, 0xde, 0xdb, 0xff, 0xd8, 0xd2, 0xcf, 0xfb, 0xd2, 0xd1, 0xcc, 0xff, 0x30, 0x91, 0x55, 0xff,
  0x00, 0x7e, 0x31, 0xff, 0x04, 0x83, 0x3a, 0xff, 0x01, 0x82, 0x37, 0xff, 0x01, 0x82, 0x37, 0xff,
  0x01, 0x82, 0x37, 0xff, 0x03, 0x85, 0x38, 0xff, 0x00, 0x7c, 0x2f, 0xff, 0x88, 0xb4, 0x95, 0xff,
  0xe2, 0xd5, 0xd6, 0xfb, 0xe3, 0xde, 0xd9, 0xff, 0xd2, 0xd0, 0xce, 0x94, 0x00, 0x00, 0x00, 0x00,
  0xff, 0xff, 0xff, 0x03, 0x00, 0x00, 0x00, 0x00, 0x00, 0x00, 0x00, 0x00, 0x00, 0x00, 0x00, 0x00,
  0x00, 0x00, 0x00, 0x00, 0x00, 0x00, 0x00, 0x00, 0x00, 0x00, 0x00, 0x00, 0xff, 0x7f, 0x7f, 0x02,
  0xff, 0xff, 0xff, 0x01, 0xd5, 0xd5, 0xcd, 0x1f, 0xd8, 0xd3, 0xd2, 0xf2, 0xda, 0xd3, 0xcf, 0xfd,
  0xd7, 0xd3, 0xcf, 0xfe, 0x33, 0x31, 0xd1, 0xff, 0x00, 0x00, 0xd4, 0xff, 0x03, 0x02, 0xd3, 0xff,
  0x00, 0x00, 0xd4, 0xff, 0x00, 0x00, 0xd4, 0xff, 0x00, 0x00, 0xd3, 0xff, 0x04, 0x03, 0xd4, 0xff,
  0x00, 0x00, 0xd1, 0xff, 0x55, 0x53, 0xd1, 0xff, 0xde, 0xda, 0xd0, 0xfe, 0xd5, 0xd1, 0xcf, 0xfc,
  0xde, 0xd9, 0xd9, 0xff, 0xd5, 0xce, 0xce, 0x6f, 0x00, 0x00, 0x00, 0x00, 0xff, 0xaa, 0xaa, 0x03,
  0x7f, 0x7f, 0x7f, 0x02, 0x00, 0x00, 0x00, 0x00, 0x00, 0x00, 0x00, 0x00, 0x00, 0x00, 0x00, 0x00,
  0x00, 0x00, 0x00, 0x00, 0x00, 0x00, 0x00, 0x00, 0x00, 0x00, 0x00, 0x00, 0x00, 0x00, 0x00, 0x00,
  0x00, 0x00, 0x00, 0x00, 0x00, 0x00, 0x00, 0x00, 0x00, 0x00, 0x00, 0x00, 0x00, 0x00, 0x00, 0x00,
  0x00, 0x00, 0x00, 0x00, 0x00, 0x00, 0x00, 0x00, 0x00, 0x00, 0x00, 0x00, 0x00, 0x00, 0x00, 0x00,
  0x00, 0x00, 0x00, 0x00, 0x00, 0x00, 0x00, 0x00, 0x00, 0x00, 0x00, 0x00, 0x00, 0x00, 0x00, 0x00,
  0x00, 0x00, 0x00, 0x00, 0x00, 0x00, 0x00, 0x00, 0x00, 0x00, 0x00, 0x00, 0x00, 0x00, 0x00, 0x00,
  0x00, 0x00, 0x00, 0x00, 0x00, 0x00, 0x00, 0x00, 0x00, 0x00, 0x00, 0x00, 0x00, 0x00, 0x00, 0x00,
  0x00, 0x00, 0x00, 0x00, 0x00, 0x00, 0x00, 0x00, 0x00, 0x00, 0x00, 0x00, 0x00, 0x00, 0x00, 0x00,
  0x00, 0x00, 0x00, 0x00, 0x00, 0x00, 0x00, 0x00, 0x00, 0x00, 0x00, 0x00, 0x7f, 0x7f, 0x7f, 0x02,
  0xff, 0xff, 0xff, 0x02, 0x00, 0x00, 0x00, 0x00, 0xd5, 0xd1, 0xd1, 0x7b, 0xe1, 0xdd, 0xdb, 0xff,
  0xd8, 0xd2, 0xcf, 0xfb, 0xdc, 0xd5, 0xd3, 0xfe, 0x4b, 0x9b, 0x6a, 0xff, 0x00, 0x7e, 0x2d, 0xff,
  0x06, 0x83, 0x3b, 0xff, 0x01, 0x82, 0x37, 0xff, 0x01, 0x82, 0x37, 0xff, 0x01, 0x82, 0x37, 0xff,
  0x04, 0x84, 0x39, 0xff, 0x00, 0x7d, 0x2f, 0xff, 0x40, 0x97, 0x62, 0xff, 0xdd, 0xd4, 0xd2, 0xfd,
  0xd9, 0xd4, 0xd1, 0xfd, 0xd7, 0xd3, 0xd0, 0xea, 0xd8, 0xd8, 0xd8, 0x14, 0x7f, 0x7f, 0x7f, 0x02,
  0x7f, 0x7f, 0x7f, 0x02, 0x00, 0x00, 0x00, 0x00, 0x00, 0x00, 0x00, 0x00, 0x00, 0x00, 0x00, 0x00,
  0x00, 0x00, 0x00, 0x00, 0x00, 0x00, 0x00, 0x00, 0x00, 0x00, 0x00, 0x00, 0x00, 0x00, 0x00, 0x00,
  0xff, 0xff, 0xff, 0x03, 0x00, 0x00, 0x00, 0x00, 0xd1, 0xcf, 0xcb, 0x76, 0xe5, 0xdf, 0xdd, 0xff,
  0xdd, 0xd6, 0xce, 0xfb, 0xb4, 0xb0, 0xd2, 0xff, 0x0a, 0x0a, 0xcf, 0xff, 0x02, 0x02, 0xd4, 0xff,
  0x01, 0x01, 0xd3, 0xff, 0x00, 0x00, 0xd4, 0xff, 0x00, 0x00, 0xd4, 0xff, 0x00, 0x00, 0xd5, 0xff,
  0x06, 0x06, 0xd4, 0xff, 0x00, 0x00, 0xd1, 0xff, 0x67, 0x65, 0xce, 0xff, 0xde, 0xda, 0xcd, 0xfe,
  0xd3, 0xce, 0xce, 0xfd, 0xe2, 0xdc, 0xdb, 0xff, 0xd7, 0xd1, 0xcf, 0x87, 0x00, 0x00, 0x00, 0x00,
  0x00, 0x00, 0x00, 0x00, 0xff, 0xff, 0xff, 0x03, 0x00, 0x00, 0x00, 0x00, 0x00, 0x00, 0x00, 0x00,
  0x00, 0x00, 0x00, 0x00, 0x00, 0x00, 0x00, 0x00, 0x00, 0x00, 0x00, 0x00, 0x00, 0x00, 0x00, 0x00,
  0x00, 0x00, 0x00, 0x00, 0x00, 0x00, 0x00, 0x00, 0x00, 0x00, 0x00, 0x00, 0x00, 0x00, 0x00, 0x00,
  0x00, 0x00, 0x00, 0x00, 0x00, 0x00, 0x00, 0x00, 0x00, 0x00, 0x00, 0x00, 0x00, 0x00, 0x00, 0x00,
  0x00, 0x00, 0x00, 0x00, 0x00, 0x00, 0x00, 0x00, 0x00, 0x00, 0x00, 0x00, 0x00, 0x00, 0x00, 0x00,
  0x00, 0x00, 0x00, 0x00, 0x00, 0x00, 0x00, 0x00, 0x00, 0x00, 0x00, 0x00, 0x00, 0x00, 0x00, 0x00,
  0x00, 0x00, 0x00, 0x00, 0x00, 0x00, 0x00, 0x00, 0x00, 0x00, 0x00, 0x00, 0x00, 0x00, 0x00, 0x00,
  0x00, 0x00, 0x00, 0x00, 0x00, 0x00, 0x00, 0x00, 0x00, 0x00, 0x00, 0x00, 0x00, 0x00, 0x00, 0x00,
  0x00, 0x00, 0x00, 0x00, 0x00, 0x00, 0x00, 0x00, 0xbf, 0xbf, 0xbf, 0x04, 0x00, 0x00, 0x00, 0x00,
  0x00, 0x00, 0x00, 0x00, 0xd7, 0xd3, 0xd0, 0x8e, 0xe3, 0xde, 0xdb, 0xff, 0xd6, 0xd2, 0xcd, 0xfb,
  0xda, 0xd2, 0xd0, 0xfe, 0x53, 0xa0, 0x6f, 0xff, 0x00, 0x7d, 0x2d, 0xff, 0x05, 0x83, 0x3a, 0xff,
  0x01, 0x82, 0x37, 0xff, 0x01, 0x82, 0x37, 0xff, 0x01, 0x82, 0x37, 0xff, 0x02, 0x83, 0x38, 0xff,
  0x01, 0x81, 0x34, 0xff, 0x12, 0x85, 0x3e, 0xff, 0xbd, 0xc9, 0xbc, 0xff, 0xda, 0xd2, 0xd1, 0xfb,
  0xe3, 0xdf, 0xdb, 0xff, 0xd4, 0xd2, 0xcd, 0x66, 0x00, 0x00, 0x00, 0x00, 0xff, 0xff, 0xff, 0x03,
  0x00, 0x00, 0x00, 0x00, 0x00, 0x00, 0x00, 0x00, 0x00, 0x00, 0x00, 0x00, 0x00, 0x00, 0x00, 0x00,
  0x00, 0x00, 0x00, 0x00, 0x00, 0x00, 0x00, 0x00, 0x00, 0x00, 0x00, 0x00, 0x00, 0x00, 0x00, 0x00,
  0x00, 0x00, 0x00, 0x01, 0xff, 0xff, 0xaa, 0x03, 0xbf, 0xbf, 0xbf, 0x04, 0xd5, 0xd1, 0xcd, 0xc5,
  0xdd, 0xd8, 0xd8, 0xff, 0xe3, 0xdd, 0xcd, 0xfc, 0x80, 0x7f, 0xd0, 0xff, 0x00, 0x00, 0xd0, 0xff,
  0x04, 0x04, 0xd5, 0xff, 0x00, 0x00, 0xd4, 0xff, 0x00, 0x00, 0xd4, 0xff, 0x02, 0x02, 0xd4, 0xff,
  0x00, 0x00, 0xd4, 0xff, 0x0d, 0x0c, 0xd0, 0xff, 0x98, 0x95, 0xce, 0xff, 0xdd, 0xd6, 0xcf, 0xff,
  0xd1, 0xcb, 0xce, 0xfe, 0xd2, 0xcd, 0xcd, 0xfc, 0xe0, 0xdb, 0xdb, 0xff, 0xd7, 0xd3, 0xd3, 0xa9,
  0xc9, 0xc9, 0xc9, 0x13, 0x00, 0x00, 0x00, 0x00, 0xbf, 0xbf, 0xbf, 0x04, 0xff, 0xff, 0xff, 0x01,
  0x00, 0x00, 0x00, 0x00, 0x00, 0x00, 0x00, 0x00, 0x00, 0x00, 0x00, 0x00, 0x00, 0x00, 0x00, 0x00,
  0x00, 0x00, 0x00, 0x00, 0x00, 0x00, 0x00, 0x00, 0x00, 0x00, 0x00, 0x00, 0x00, 0x00, 0x00, 0x00,
  0x00, 0x00, 0x00, 0x00, 0x00, 0x00, 0x00, 0x00, 0x00, 0x00, 0x00, 0x00, 0x00, 0x00, 0x00, 0x00,
  0x00, 0x00, 0x00, 0x00, 0x00, 0x00, 0x00, 0x00, 0x00, 0x00, 0x00, 0x00, 0x00, 0x00, 0x00, 0x00,
  0x00, 0x00, 0x00, 0x00, 0x00, 0x00, 0x00, 0x00, 0x00, 0x00, 0x00, 0x00, 0x00, 0x00, 0x00, 0x00,
  0x00, 0x00, 0x00, 0x00, 0x00, 0x00, 0x00, 0x00, 0x00, 0x00, 0x00, 0x00, 0x00, 0x00, 0x00, 0x00,
  0x00, 0x00, 0x00, 0x00, 0x00, 0x00, 0x00, 0x00, 0x00, 0x00, 0x00, 0x00, 0x00, 0x00, 0x00, 0x00,
  0x7f, 0x7f, 0x7f, 0x02, 0xbf, 0xbf, 0xbf, 0x04, 0x00, 0x00, 0x00, 0x00, 0xd0, 0xd0, 0xc5, 0x16,
  0xd7, 0xd4, 0xd2, 0xb3, 0xe2, 0xde, 0xdb, 0xff, 0xd3, 0xd0, 0xcb, 0xfc, 0xd4, 0xcf, 0xcc, 0xff,
  0xd9, 0xd3, 0xd0, 0xff, 0x5c, 0xa3, 0x76, 0xff, 0x00, 0x7b, 0x2f, 0xff, 0x04, 0x83, 0x39, 0xff,
  0x02, 0x82, 0x37, 0xff, 0x01, 0x82, 0x37, 0xff, 0x02, 0x82, 0x38, 0xff, 0x05, 0x83, 0x39, 0xff,
  0x00, 0x7d, 0x31, 0xff, 0x8f, 0xb7, 0x9b, 0xff, 0xe1, 0xd3, 0xd5, 0xfc, 0xdf, 0xdc, 0xd7, 0xff,
  0xd4, 0xd0, 0xcd, 0xba, 0x00, 0x00, 0x00, 0x00, 0xff, 0xaa, 0xaa, 0x03, 0x00, 0x00, 0x00, 0x00,
  0x00, 0x00, 0x00, 0x00, 0x00, 0x00, 0x00, 0x00, 0x00, 0x00, 0x00, 0x00, 0x00, 0x00, 0x00, 0x00,
  0x00, 0x00, 0x00, 0x00, 0x00, 0x00, 0x00, 0x00, 0x00, 0x00, 0x00, 0x00, 0x00, 0x00, 0x00, 0x00,
  0x00, 0x00, 0x00, 0x00, 0xff, 0xff, 0xff, 0x02, 0x00, 0x00, 0x00, 0x00, 0xd1, 0xd1, 0xd1, 0x27,
  0xd9, 0xd5, 0xd2, 0xf6, 0xd6, 0xd1, 0xcf, 0xfd, 0xe0, 0xda, 0xce, 0xfe, 0x58, 0x54, 0xd0, 0xff,
  0x00, 0x00, 0xd1, 0xff, 0x03, 0x03, 0xd5, 0xff, 0x02, 0x02, 0xd4, 0xff, 0x00, 0x00, 0xd4, 0xff,
  0x0b, 0x0b, 0xd0, 0xff, 0xa4, 0x9d, 0xd2, 0xff, 0xe3, 0xdf, 0xcf, 0xff, 0xd2, 0xcc, 0xcd, 0xff,
  0xde, 0xd9, 0xcd, 0xff, 0xe3, 0xde, 0xcd, 0xff, 0xe2, 0xde, 0xcc, 0xfb, 0xed, 0xe7, 0xdb, 0xff,
  0xd9, 0xd3, 0xd2, 0xda, 0xd1, 0xcd, 0xd1, 0x43, 0x00, 0x00, 0x00, 0x00, 0x00, 0x00, 0x00, 0x00,
  0xbf, 0xbf, 0xbf, 0x04, 0xff, 0xff, 0xff, 0x01, 0x00, 0x00, 0x00, 0x00, 0x00, 0x00, 0x00, 0x00,
  0x00, 0x00, 0x00, 0x00, 0x00, 0x00, 0x00, 0x00, 0x00, 0x00, 0x00, 0x00, 0x00, 0x00, 0x00, 0x00,
  0x00, 0x00, 0x00, 0x00, 0x00, 0x00, 0x00, 0x00, 0x00, 0x00, 0x00, 0x00, 0x00, 0x00, 0x00, 0x00,
  0x00, 0x00, 0x00, 0x00, 0x00, 0x00, 0x00, 0x00, 0x00, 0x00, 0x00, 0x00, 0x00, 0x00, 0x00, 0x00,
  0x00, 0x00, 0x00, 0x00, 0x00, 0x00, 0x00, 0x00, 0x00, 0x00, 0x00, 0x00, 0x00, 0x00, 0x00, 0x00,
  0x00, 0x00, 0x00, 0x00, 0x00, 0x00, 0x00, 0x00, 0x00, 0x00, 0x00, 0x00, 0x00, 0x00, 0x00, 0x00,
  0x00, 0x00, 0x00, 0x00, 0x00, 0x00, 0x00, 0x00, 0xff, 0xff, 0xff, 0x01, 0xbf, 0xbf, 0xbf, 0x04,
  0x00, 0x00, 0x00, 0x00, 0x00, 0x00, 0x00, 0x00, 0xcd, 0xd0, 0xca, 0x4d, 0xdb, 0xd5, 0xd4, 0xde,
  0xea, 0xde, 0xe0, 0xff, 0xdd, 0xd1, 0xd3, 0xfb, 0xd9, 0xd0, 0xd0, 0xff, 0xd3, 0xcf, 0xcb, 0xff,
  0xd5, 0xd0, 0xcd, 0xff, 0xe0, 0xd7, 0xd7, 0xff, 0x64, 0xa5, 0x7c, 0xff, 0x00, 0x7b, 0x2e, 0xff,
  0x04, 0x83, 0x39, 0xff, 0x02, 0x82, 0x38, 0xff, 0x04, 0x84, 0x3a, 0xff, 0x00, 0x7b, 0x2c, 0xff,
  0x65, 0xa5, 0x7b, 0xff, 0xe3, 0xd4, 0xd8, 0xfd, 0xd8, 0xd4, 0xd2, 0xfd, 0xd9, 0xd4, 0xd0, 0xec,
  0xd1, 0xd1, 0xd1, 0x1c, 0xff, 0xff, 0xff, 0x01, 0xff, 0xff, 0xff, 0x02, 0x00, 0x00, 0x00, 0x00,
  0x00, 0x00, 0x00, 0x00, 0x00, 0x00, 0x00, 0x00, 0x00, 0x00, 0x00, 0x00, 0x00, 0x00, 0x00, 0x00,
  0x00, 0x00, 0x00, 0x00, 0x00, 0x00, 0x00, 0x00, 0x00, 0x00, 0x00, 0x00, 0x00, 0x00, 0x00, 0x00,
  0x00, 0x00, 0x00, 0x00, 0x00, 0x00, 0x00, 0x00, 0xff, 0xff, 0xff, 0x03, 0x00, 0x00, 0x00, 0x00,
  0xd3, 0xd0, 0xcd, 0x5d, 0xe1, 0xdd, 0xda, 0xff, 0xd7, 0xd2, 0xcd, 0xfb, 0xd6, 0xd2, 0xd1, 0xff,
  0x37, 0x36, 0xd1, 0xff, 0x00, 0x00, 0xd2, 0xff, 0x02, 0x01, 0xd4, 0xff, 0x0b, 0x0a, 0xd1, 0xff,
  0xa0, 0x9f, 0xd1, 0xff, 0xe2, 0xdd, 0xce, 0xff, 0xd5, 0xcf, 0xcd, 0xff, 0xdd, 0xda, 0xce, 0xff,
  0xad, 0xa9, 0xd0, 0xff, 0x81, 0x7c, 0xd4, 0xff, 0x7f, 0x7c, 0xd4, 0xff, 0xaa, 0xa5, 0xd1, 0xfc,
  0xe3, 0xdf, 0xd5, 0xff, 0xdd, 0xd8, 0xd4, 0xff, 0xd5, 0xd2, 0xd4, 0x95, 0xd7, 0xd7, 0xcd, 0x1a,
  0x00, 0x00, 0x00, 0x00, 0x00, 0x00, 0x00, 0x00, 0xbf, 0xbf, 0xbf, 0x04, 0xff, 0xff, 0xff, 0x02,
  0x00, 0x00, 0x00, 0x00, 0x00, 0x00, 0x00, 0x00, 0x00, 0x00, 0x00, 0x00, 0x00, 0x00, 0x00, 0x00,
  0x00, 0x00, 0x00, 0x00, 0x00, 0x00, 0x00, 0x00, 0x00, 0x00, 0x00, 0x00, 0x00, 0x00, 0x00, 0x00,
  0x00, 0x00, 0x00, 0x00, 0x00, 0x00, 0x00, 0x00, 0x00, 0x00, 0x00, 0x00, 0x00, 0x00, 0x00, 0x00,
  0x00, 0x00, 0x00, 0x00, 0x00, 0x00, 0x00, 0x00, 0x00, 0x00, 0x00, 0x00, 0x00, 0x00, 0x00, 0x00,
  0x00, 0x00, 0x00, 0x00, 0x00, 0x00, 0x00, 0x00, 0x00, 0x00, 0x00, 0x00, 0x00, 0x00, 0x00, 0x00,
  0xff, 0xff, 0xff, 0x02, 0xff, 0xff, 0xff, 0x03, 0x00, 0x00, 0x00, 0x00, 0x00, 0x00, 0x00, 0x00,
  0xd7, 0xcf, 0xcf, 0x20, 0xd6, 0xd4, 0xd3, 0x9d, 0xe9, 0xdb, 0xdb, 0xff, 0xdb, 0xd7, 0xd4, 0xff,
  0xb0, 0xc9, 0xba, 0xfc, 0xa7, 0xca, 0xb5, 0xff, 0xc3, 0xce, 0xc4, 0xff, 0xdf, 0xd3, 0xd3, 0xff,
  0xd7, 0xd0, 0xcf, 0xff, 0xd5, 0xd0, 0xcc, 0xff, 0xe0, 0xd6, 0xd6, 0xff, 0x62, 0xa6, 0x7c, 0xff,
  0x00, 0x7c, 0x2d, 0xff, 0x07, 0x85, 0x3c, 0xff, 0x00, 0x7c, 0x2d, 0xff, 0x42, 0x9a, 0x64, 0xff,
  0xda, 0xd3, 0xd1, 0xfe, 0xd6, 0xd2, 0xce, 0xfb, 0xdf, 0xda, 0xd8, 0xff, 0xd0, 0xd0, 0xcd, 0x4d,
  0x00, 0x00, 0x00, 0x00, 0xff, 0xff, 0xff, 0x03, 0x00, 0x00, 0x00, 0x00, 0x00, 0x00, 0x00, 0x00,
  0x00, 0x00, 0x00, 0x00, 0x00, 0x00, 0x00, 0x00, 0x00, 0x00, 0x00, 0x00, 0x00, 0x00, 0x00, 0x00,
  0x00, 0x00, 0x00, 0x00, 0x00, 0x00, 0x00, 0x00, 0x00, 0x00, 0x00, 0x00, 0x00, 0x00, 0x00, 0x00,
  0x00, 0x00, 0x00, 0x00, 0x00, 0x00, 0x00, 0x00, 0x00, 0x00, 0x00, 0x00, 0xbf, 0xbf, 0xbf, 0x04,
  0x00, 0x00, 0x00, 0x00, 0xd2, 0xcf, 0xcd, 0x8b, 0xe3, 0xdf, 0xde, 0xff, 0xd8, 0xd4, 0xce, 0xfa,
  0xcd, 0xc8, 0xd1, 0xff, 0x28, 0x26, 0xd0, 0xff, 0x06, 0x05, 0xd0, 0xff, 0xa4, 0x9e, 0xd2, 0xff,
  0xe2, 0xdd, 0xcd, 0xff, 0xd5, 0xce, 0xcd, 0xff, 0xd1, 0xcd, 0xcf, 0xff, 0x52, 0x4f, 0xd6, 0xff,
  0x03, 0x02, 0xd9, 0xff, 0x00, 0x00, 0xda, 0xff, 0x00, 0x00, 0xdb, 0xff, 0x02, 0x01, 0xd8, 0xff,
  0x4c, 0x4a, 0xd4, 0xfd, 0xcd, 0xcb, 0xcf, 0xfe, 0xe7, 0xe1, 0xdb, 0xff, 0xd7, 0xd4, 0xd1, 0xea,
  0xd9, 0xd7, 0xd3, 0x80, 0xd6, 0xd6, 0xcc, 0x19, 0x00, 0x00, 0x00, 0x00, 0x00, 0x00, 0x00, 0x00,
  0x00, 0x00, 0x00, 0x00, 0xbf, 0xbf, 0xbf, 0x04, 0xaa, 0xaa, 0xaa, 0x03, 0xff, 0xff, 0xff, 0x01,
  0x00, 0x00, 0x00, 0x00, 0x00, 0x00, 0x00, 0x00, 0x00, 0x00, 0x00, 0x00, 0x00, 0x00, 0x00, 0x00,
  0x00, 0x00, 0x00, 0x00, 0x00, 0x00, 0x00, 0x00, 0x00, 0x00, 0x00, 0x00, 0x00, 0x00, 0x00, 0x00,
  0x00, 0x00, 0x00, 0x00, 0x00, 0x00, 0x00, 0x00, 0x00, 0x00, 0x00, 0x00, 0x00, 0x00, 0x00, 0x00,
  0xff, 0xff, 0xff, 0x01, 0xaa, 0xaa, 0xaa, 0x03, 0xbf, 0xbf, 0xbf, 0x04, 0x00, 0x00, 0x00, 0x00,
  0x00, 0x00, 0x00, 0x00, 0x00, 0x00, 0x00, 0x00, 0xd1, 0xd1, 0xc8, 0x1c, 0xd8, 0xd6, 0xd2, 0x84,
  0xd8, 0xd4, 0xd0, 0xee, 0xee, 0xe1, 0xe0, 0xff, 0x9d, 0xc8, 0xaf, 0xfd, 0x2c, 0xb4, 0x6f, 0xfd,
  0x05, 0xaf, 0x5e, 0xff, 0x02, 0xae, 0x5c, 0xff, 0x14, 0xb1, 0x63, 0xff, 0x5e, 0xbd, 0x8b, 0xff,
  0xd0, 0xd0, 0xcb, 0xff, 0xd8, 0xd0, 0xcf, 0xff, 0xd3, 0xd0, 0xcb, 0xff, 0xde, 0xd7, 0xd5, 0xff,
  0x66, 0xa6, 0x7d, 0xff, 0x00, 0x78, 0x26, 0xff, 0x36, 0x93, 0x58, 0xff, 0xd2, 0xd1, 0xca, 0xff,
  0xd8, 0xd1, 0xd0, 0xfa, 0xe5, 0xe1, 0xdd, 0xff, 0xd1, 0xcf, 0xcf, 0x80, 0x00, 0x00, 0x00, 0x00,
  0xbf, 0xbf, 0xbf, 0x04, 0x00, 0x00, 0x00, 0x00, 0x00, 0x00, 0x00, 0x00, 0x00, 0x00, 0x00, 0x00,
  0x00, 0x00, 0x00, 0x00, 0x00, 0x00, 0x00, 0x00, 0x00, 0x00, 0x00, 0x00, 0x00, 0x00, 0x00, 0x00,
  0x00, 0x00, 0x00, 0x00, 0x00, 0x00, 0x00, 0x00, 0x00, 0x00, 0x00, 0x00, 0x00, 0x00, 0x00, 0x00,
  0x00, 0x00, 0x00, 0x00, 0x00, 0x00, 0x00, 0x00, 0x00, 0x00, 0x00, 0x00, 0xff, 0xff, 0xff, 0x01,
  0xbf, 0xbf, 0xbf, 0x04, 0x00, 0x00, 0x00, 0x00, 0xd7, 0xd1, 0xd0, 0xaf, 0xe1, 0xde, 0xdb, 0xff,
  0xdc, 0xd8, 0xcc, 0xfb, 0xbc, 0xb5, 0xd0, 0xff, 0xa3, 0xa0, 0xce, 0xff, 0xe2, 0xdd, 0xce, 0xff,
  0xd2, 0xcb, 0xce, 0xff, 0xdd, 0xd9, 0xcf, 0xff, 0x4d, 0x4b, 0xd5, 0xff, 0x00, 0x00, 0xdc, 0xff,
  0x03, 0x03, 0xe2, 0xff, 0x04, 0x04, 0xdd, 0xff, 0x03, 0x04, 0xdc, 0xff, 0x03, 0x03, 0xe1, 0xff,
  0x00, 0x00, 0xdd, 0xff, 0x4b, 0x47, 0xd6, 0xff, 0xdc, 0xd6, 0xce, 0xfc, 0xd8, 0xd3, 0xd0, 0xff,
  0xe4, 0xdf, 0xdc, 0xff, 0xd9, 0xd4, 0xd2, 0xea, 0xd7, 0xd4, 0xd4, 0x8f, 0xd7, 0xd2, 0xd2, 0x33,
  0x00, 0x00, 0x00, 0x00, 0x00, 0x00, 0x00, 0x00, 0x00, 0x00, 0x00, 0x00, 0x00, 0x00, 0x00, 0x00,
  0xff, 0xff, 0xff, 0x01, 0xbf, 0xbf, 0xbf, 0x04, 0xbf, 0xbf, 0xbf, 0x04, 0xbf, 0xbf, 0xbf, 0x04,
  0xbf, 0xbf, 0xbf, 0x04, 0xff, 0xff, 0xff, 0x03, 0xff, 0xff, 0xff, 0x03, 0xff, 0xff, 0xff, 0x03,
  0xbf, 0xbf, 0xbf, 0x04, 0xbf, 0xbf, 0xbf, 0x04, 0xbf, 0xbf, 0xbf, 0x04, 0xff, 0xff, 0xff, 0x01,
  0x00, 0x00, 0x00, 0x00, 0x00, 0x00, 0x00, 0x00, 0x00, 0x00, 0x00, 0x00, 0x00, 0x00, 0x00, 0x00,
  0xd9, 0xd5, 0xd5, 0x37, 0xd9, 0xd3, 0xd2, 0x94, 0xd9, 0xd3, 0xd1, 0xed, 0xe1, 0xde, 0xda, 0xff,
  0xe3, 0xd5, 0xd4, 0xff, 0x9b, 0xc8, 0xae, 0xfc, 0x05, 0xad, 0x5c, 0xff, 0x00, 0xb1, 0x5a, 0xff,
  0x02, 0xb1, 0x5c, 0xff, 0x01, 0xb0, 0x5d, 0xff, 0x00, 0xb2, 0x5d, 0xff, 0x00, 0xad, 0x54, 0xff,
  0x42, 0xb7, 0x7e, 0xff, 0xd6, 0xd1, 0xcf, 0xff, 0xd4, 0xd0, 0xcd, 0xff, 0xd6, 0xd0, 0xcd, 0xff,
  0xdc, 0xd4, 0xd1, 0xff, 0x7b, 0xad, 0x8b, 0xff, 0xbf, 0xca, 0xbd, 0xff, 0xdc, 0xd2, 0xd4, 0xfa,
  0xe3, 0xdf, 0xdd, 0xff, 0xd4, 0xcf, 0xcf, 0xa2, 0x00, 0x00, 0x00, 0x00, 0xbf, 0xbf, 0xbf, 0x04,
  0x00, 0x00, 0x00, 0x01, 0x00, 0x00, 0x00, 0x00, 0x00, 0x00, 0x00, 0x00, 0x00, 0x00, 0x00, 0x00,
  0x00, 0x00, 0x00, 0x00, 0x00, 0x00, 0x00, 0x00, 0x00, 0x00, 0x00, 0x00, 0x00, 0x00, 0x00, 0x00,
  0x00, 0x00, 0x00, 0x00, 0x00, 0x00, 0x00, 0x00, 0x00, 0x00, 0x00, 0x00, 0x00, 0x00, 0x00, 0x00,
  0x00, 0x00, 0x00, 0x00, 0x00, 0x00, 0x00, 0x00, 0x00, 0x00, 0x00, 0x00, 0x00, 0x00, 0x00, 0x00,
  0xff, 0xff, 0xff, 0x01, 0xff, 0xff, 0xff, 0x02, 0xdf, 0xdf, 0xdf, 0x08, 0xd7, 0xd2, 0xd1, 0xc4,
  0xe1, 0xdd, 0xdc, 0xff, 0xd9, 0xd3, 0xcd, 0xfb, 0xde, 0xd9, 0xce, 0xff, 0xd2, 0xcb, 0xcd, 0xff,
  0xe0, 0xd9, 0xcd, 0xff, 0xa7, 0xa4, 0xd1, 0xff, 0x00, 0x00, 0xdc, 0xff, 0x05, 0x05, 0xd3, 0xff,
  0x03, 0x04, 0xbf, 0xff, 0x01, 0x01, 0xdd, 0xff, 0x01, 0x02, 0xdc, 0xff, 0x03, 0x03, 0xc1, 0xff,
  0x06, 0x04, 0xd3, 0xff, 0x00, 0x00, 0xdb, 0xff, 0xa5, 0xa1, 0xd2, 0xff, 0xde, 0xd9, 0xcc, 0xfe,
  0xd2, 0xce, 0xcd, 0xfb, 0xd9, 0xd3, 0xd0, 0xff, 0xe5, 0xdd, 0xdd, 0xff, 0xd8, 0xd2, 0xd2, 0xff,
  0xd6, 0xd1, 0xd0, 0xcb, 0xd9, 0xd3, 0xd1, 0x81, 0xdb, 0xd7, 0xd3, 0x40, 0xd6, 0xd6, 0xc9, 0x13,
  0x00, 0x00, 0x00, 0x00, 0x00, 0x00, 0x00, 0x00, 0x00, 0x00, 0x00, 0x00, 0x00, 0x00, 0x00, 0x00,
  0x00, 0x00, 0x00, 0x00, 0x00, 0x00, 0x00, 0x00, 0x00, 0x00, 0x00, 0x00, 0x00, 0x00, 0x00, 0x00,
  0x00, 0x00, 0x00, 0x00, 0x00, 0x00, 0x00, 0x00, 0x00, 0x00, 0x00, 0x00, 0x00, 0x00, 0x00, 0x00,
  0xe1, 0xe1, 0xe1, 0x11, 0xdb, 0xd3, 0xd3, 0x40, 0xda, 0xd4, 0xd2, 0x84, 0xd8, 0xd3, 0xd0, 0xcc,
  0xd9, 0xd5, 0xd1, 0xff, 0xe4, 0xde, 0xdb, 0xff, 0xd8, 0xd3, 0xd0, 0xff, 0xd5, 0xd0, 0xcd, 0xfb,
  0xd3, 0xd0, 0xcb, 0xfe, 0x27, 0xb4, 0x70, 0xff, 0x00, 0xad, 0x59, 0xff, 0x09, 0xa4, 0x57, 0xff,
  0x03, 0xae, 0x5e, 0xff, 0x02, 0xb2, 0x5e, 0xff, 0x05, 0xa7, 0x58, 0xff, 0x09, 0xaa, 0x5a, 0xff,
  0x00, 0xae, 0x56, 0xff, 0x88, 0xc4, 0xa5, 0xff, 0xe1, 0xd2, 0xd5, 0xff, 0xd2, 0xd0, 0xcb, 0xff,
  0xd5, 0xd0, 0xcd, 0xff, 0xe2, 0xd5, 0xd7, 0xff, 0xd9, 0xd1, 0xcf, 0xfa, 0xe3, 0xde, 0xdd, 0xff,
  0xd7, 0xd2, 0xd1, 0xb7, 0xff, 0xaa, 0xaa, 0x03, 0xff, 0xff, 0xff, 0x02, 0xff, 0xff, 0xff, 0x01,
  0x00, 0x00, 0x00, 0x00, 0x00, 0x00, 0x00, 0x00, 0x00, 0x00, 0x00, 0x00, 0x00, 0x00, 0x00, 0x00,
  0x00, 0x00, 0x00, 0x00, 0x00, 0x00, 0x00, 0x00, 0x00, 0x00, 0x00, 0x00, 0x00, 0x00, 0x00, 0x00,
  0x00, 0x00, 0x00, 0x00, 0x00, 0x00, 0x00, 0x00, 0x00, 0x00, 0x00, 0x00, 0x00, 0x00, 0x00, 0x00,
  0x00, 0x00, 0x00, 0x00, 0x00, 0x00, 0x00, 0x00, 0x00, 0x00, 0x00, 0x00, 0x00, 0x00, 0x00, 0x00,
  0x00, 0x00, 0x00, 0x00, 0xff, 0x7f, 0x7f, 0x02, 0x00, 0x00, 0x00, 0x00, 0xd2, 0xd2, 0xc3, 0x11,
  0xd9, 0xd4, 0xd1, 0xca, 0xe1, 0xdd, 0xda, 0xff, 0xd2, 0xcd, 0xcc, 0xfb, 0xd2, 0xcd, 0xcd, 0xff,
  0xe4, 0xde, 0xcd, 0xff, 0x7a, 0x74, 0xd2, 0xff, 0x00, 0x01, 0xde, 0xff, 0x06, 0x05, 0xcc, 0xff,
  0x03, 0x03, 0xa9, 0xff, 0x01, 0x01, 0xdd, 0xff, 0x01, 0x01, 0xdd, 0xff, 0x03, 0x03, 0xac, 0xff,
  0x06, 0x06, 0xc8, 0xff, 0x01, 0x01, 0xde, 0xff, 0x73, 0x70, 0xd2, 0xff, 0xe5, 0xde, 0xce, 0xff,
  0xd2, 0xcd, 0xcd, 0xff, 0xd4, 0xcf, 0xcc, 0xfe, 0xd6, 0xcf, 0xce, 0xfb, 0xd5, 0xd0, 0xcd, 0xff,
  0xde, 0xd9, 0xd6, 0xff, 0xe5, 0xdf, 0xdc, 0xff, 0xdd, 0xd8, 0xd4, 0xff, 0xd6, 0xd2, 0xcf, 0xeb,
  0xd7, 0xd1, 0xce, 0xc4, 0xd6, 0xd0, 0xcc, 0x9e, 0xd3, 0xd1, 0xce, 0x7a, 0xd5, 0xd0, 0xd0, 0x63,
  0xd6, 0xd0, 0xd0, 0x52, 0xd5, 0xce, 0xce, 0x4a, 0xd5, 0xce, 0xce, 0x4a, 0xd2, 0xcf, 0xcf, 0x51,
  0xd3, 0xd1, 0xd1, 0x64, 0xd5, 0xd1, 0xcf, 0x7b, 0xd6, 0xd1, 0xcf, 0x9d, 0xd5, 0xd0, 0xcf, 0xc7,
  0xd5, 0xd0, 0xcf, 0xeb, 0xdd, 0xd7, 0xd4, 0xff, 0xe5, 0xdf, 0xdc, 0xff, 0xde, 0xd9, 0xd5, 0xff,
  0xd4, 0xd0, 0xcc, 0xff, 0xd5, 0xd0, 0xcd, 0xfb, 0xd2, 0xcf, 0xcb, 0xfe, 0xde, 0xd2, 0xd1, 0xff,
  0xab, 0xca, 0xb8, 0xff, 0x02, 0xaf, 0x5d, 0xff, 0x04, 0xad, 0x5c, 0xff, 0x0b, 0x98, 0x4b, 0xff,
  0x05, 0xaa, 0x5a, 0xff, 0x02, 0xb1, 0x5e, 0xff, 0x08, 0x9d, 0x50, 0xff, 0x0b, 0xa1, 0x53, 0xff,
  0x01, 0xaf, 0x59, 0xff, 0x49, 0xba, 0x81, 0xff, 0xe0, 0xd3, 0xd4, 0xff, 0xd3, 0xd0, 0xcc, 0xff,
  0xd5, 0xd0, 0xcd, 0xff, 0xd3, 0xce, 0xca, 0xfa, 0xe4, 0xde, 0xdd, 0xff, 0xda, 0xd3, 0xd0, 0xc1,
  0xcc, 0xcc, 0xcc, 0x0a, 0xff, 0xff, 0xff, 0x01, 0x7f, 0x7f, 0x7f, 0x02, 0x00, 0x00, 0x00, 0x00,
  0x00, 0x00, 0x00, 0x00, 0x00, 0x00, 0x00, 0x00, 0x00, 0x00, 0x00, 0x00, 0x00, 0x00, 0x00, 0x00,
  0x00, 0x00, 0x00, 0x00, 0x00, 0x00, 0x00, 0x00, 0x00, 0x00, 0x00, 0x00, 0x00, 0x00, 0x00, 0x00,
  0x00, 0x00, 0x00, 0x00, 0x00, 0x00, 0x00, 0x00, 0x00, 0x00, 0x00, 0x00, 0x00, 0x00, 0x00, 0x00,
  0x00, 0x00, 0x00, 0x00, 0x00, 0x00, 0x00, 0x00, 0x00, 0x00, 0x00, 0x00, 0x00, 0x00, 0x00, 0x00,
  0x00, 0x00, 0x00, 0x00, 0x00, 0x00, 0x00, 0x00, 0xff, 0xff, 0xff, 0x02, 0x00, 0x00, 0x00, 0x00,
  0xc3, 0xc3, 0xc3, 0x11, 0xd9, 0xd3, 0xd2, 0xc3, 0xe5, 0xdf, 0xdd, 0xff, 0xd1, 0xcc, 0xcc, 0xfb,
  0xe3, 0xdf, 0xcd, 0xff, 0x74, 0x71, 0xd4, 0xff, 0x01, 0x01, 0xdb, 0xff, 0x05, 0x04, 0xdd, 0xff,
  0x02, 0x01, 0xe0, 0xff, 0x02, 0x01, 0xdf, 0xff, 0x01, 0x01, 0xde, 0xff, 0x01, 0x02, 0xde, 0xff,
  0x04, 0x05, 0xdc, 0xff, 0x01, 0x01, 0xdc, 0xff, 0x70, 0x6d, 0xd4, 0xff, 0xe4, 0xde, 0xce, 0xff,
  0xd2, 0xcd, 0xcd, 0xff, 0xd5, 0xd0, 0xcd, 0xff, 0xd5, 0xd0, 0xcd, 0xff, 0xd5, 0xd0, 0xcd, 0xff,
  0xd4, 0xcf, 0xcc, 0xfd, 0xd4, 0xd0, 0xcd, 0xfb, 0xd4, 0xcf, 0xcd, 0xfd, 0xd9, 0xd4, 0xd1, 0xff,
  0xdf, 0xda, 0xd7, 0xff, 0xe3, 0xde, 0xdb, 0xff, 0xe4, 0xdf, 0xde, 0xff, 0xe3, 0xde, 0xdc, 0xff,
  0xe1, 0xdb, 0xd9, 0xff, 0xe0, 0xda, 0xd8, 0xff, 0xe0, 0xda, 0xd8, 0xff, 0xe1, 0xdb, 0xda, 0xff,
  0xe3, 0xde, 0xdd, 0xff, 0xe4, 0xdf, 0xde, 0xff, 0xe3, 0xde, 0xdd, 0xff, 0xdf, 0xda, 0xd8, 0xff,
  0xd9, 0xd4, 0xd1, 0xff, 0xd4, 0xcf, 0xcc, 0xfe, 0xd4, 0xd0, 0xcd, 0xfb, 0xd4, 0xcf, 0xcc, 0xfd,
  0xd5, 0xd0, 0xcd, 0xff, 0xd5, 0xd0, 0xcd, 0xff, 0xd3, 0xd0, 0xcc, 0xff, 0xde, 0xd3, 0xd2, 0xff,
  0xa1, 0xc8, 0xb3, 0xff, 0x00, 0xae, 0x5b, 0xff, 0x02, 0xb0, 0x5e, 0xff, 0x03, 0xb6, 0x63, 0xff,
  0x02, 0xb6, 0x61, 0xff, 0x02, 0xb4, 0x60, 0xff, 0x02, 0xb7, 0x63, 0xff, 0x04, 0xb4, 0x61, 0xff,
  0x01, 0xad, 0x57, 0xff, 0x3a, 0xb7, 0x7c, 0xff, 0xdd, 0xd2, 0xd3, 0xff, 0xd4, 0xcf, 0xcb, 0xff,
  0xd5, 0xd0, 0xcd, 0xfa, 0xe5, 0xe0, 0xdf, 0xff, 0xd9, 0xd3, 0xd3, 0xb7, 0xb9, 0xb9, 0xb9, 0x0b,
  0x00, 0x00, 0x00, 0x00, 0x7f, 0x7f, 0x7f, 0x02, 0x00, 0x00, 0x00, 0x00, 0x00, 0x00, 0x00, 0x00,
  0x00, 0x00, 0x00, 0x00, 0x00, 0x00, 0x00, 0x00, 0x00, 0x00, 0x00, 0x00, 0x00, 0x00, 0x00, 0x00,
  0x00, 0x00, 0x00, 0x00, 0x00, 0x00, 0x00, 0x00, 0x00, 0x00, 0x00, 0x00, 0x00, 0x00, 0x00, 0x00,
  0x00, 0x00, 0x00, 0x00, 0x00, 0x00, 0x00, 0x00, 0x00, 0x00, 0x00, 0x00, 0x00, 0x00, 0x00, 0x00,
  0x00, 0x00, 0x00, 0x00, 0x00, 0x00, 0x00, 0x00, 0x00, 0x00, 0x00, 0x00, 0x00, 0x00, 0x00, 0x00,
  0x00, 0x00, 0x00, 0x00, 0x00, 0x00, 0x00, 0x00, 0x00, 0x00, 0x00, 0x00, 0xff, 0xff, 0xff, 0x02,
  0x00, 0x00, 0x00, 0x00, 0xc6, 0xc6, 0xc6, 0x09, 0xd6, 0xd3, 0xd0, 0xb1, 0xe4, 0xdf, 0xdd, 0xff,
  0xe0, 0xdb, 0xcd, 0xfb, 0x9d, 0x9b, 0xd1, 0xfe, 0x00, 0x00, 0xdb, 0xff, 0x04, 0x04, 0xde, 0xff,
  0x04, 0x02, 0xce, 0xff, 0x04, 0x02, 0xb2, 0xff, 0x03, 0x02, 0xb3, 0xff, 0x03, 0x03, 0xcd, 0xff,
  0x05, 0x04, 0xde, 0xff, 0x00, 0x00, 0xd8, 0xff, 0x9c, 0x9a, 0xd2, 0xff, 0xe0, 0xdb, 0xce, 0xff,
  0xd3, 0xce, 0xce, 0xff, 0xd5, 0xd0, 0xcd, 0xff, 0xd5, 0xd0, 0xcd, 0xff, 0xd5, 0xd0, 0xcd, 0xff,
  0xd5, 0xd0, 0xcd, 0xff, 0xd5, 0xd0, 0xcd, 0xff, 0xd5, 0xd0, 0xcd, 0xff, 0xd4, 0xcf, 0xcc, 0xfe,
  0xd5, 0xd0, 0xcd, 0xfc, 0xd5, 0xd0, 0xcd, 0xfb, 0xd5, 0xd0, 0xce, 0xfb, 0xd5, 0xd0, 0xcd, 0xfb,
  0xd4, 0xd0, 0xcc, 0xfc, 0xd5, 0xd0, 0xcd, 0xfc, 0xd5, 0xd0, 0xcd, 0xfc, 0xd4, 0xd0, 0xcd, 0xfc,
  0xd5, 0xd0, 0xcd, 0xfb, 0xd5, 0xd0, 0xcd, 0xfb, 0xd5, 0xd0, 0xcd, 0xfb, 0xd5, 0xd0, 0xcd, 0xfc,
  0xd4, 0xcf, 0xcc, 0xfe, 0xd5, 0xd0, 0xcd, 0xff, 0xd5, 0xd0, 0xcd, 0xff, 0xd5, 0xd0, 0xcd, 0xff,
  0xd5, 0xd0, 0xcd, 0xff, 0xd5, 0xd0, 0xcd, 0xff, 0xd4, 0xd0, 0xcc, 0xff, 0xdb, 0xd1, 0xd0, 0xff,
  0xbc, 0xcd, 0xc0, 0xff, 0x0b, 0xb0, 0x61, 0xff, 0x03, 0xb0, 0x5d, 0xff, 0x07, 0x92, 0x4a, 0xff,
  0x03, 0x88, 0x44, 0xff, 0x05, 0x8a, 0x47, 0xff, 0x05, 0x87, 0x43, 0xff, 0x09, 0xa5, 0x59, 0xff,
  0x00, 0xaf, 0x57, 0xff, 0x5b, 0xbd, 0x8d, 0xff, 0xe2, 0xd2, 0xd4, 0xfd, 0xd4, 0xd0, 0xcc, 0xfc,
  0xe5, 0xe1, 0xdd, 0xff, 0xd7, 0xd4, 0xd2, 0xa1, 0xcc, 0xcc, 0xcc, 0x05, 0x00, 0x00, 0x00, 0x00,
  0xff, 0x7f, 0x7f, 0x02, 0x00, 0x00, 0x00, 0x00, 0x00, 0x00, 0x00, 0x00, 0x00, 0x00, 0x00, 0x00,
  0x00, 0x00, 0x00, 0x00, 0x00, 0x00, 0x00, 0x00, 0x00, 0x00, 0x00, 0x00, 0x00, 0x00, 0x00, 0x00,
  0x00, 0x00, 0x00, 0x00, 0x00, 0x00, 0x00, 0x00, 0x00, 0x00, 0x00, 0x00, 0x00, 0x00, 0x00, 0x00,
  0x00, 0x00, 0x00, 0x00, 0x00, 0x00, 0x00, 0x00, 0x00, 0x00, 0x00, 0x00, 0x00, 0x00, 0x00, 0x00,
  0x00, 0x00, 0x00, 0x00, 0x00, 0x00, 0x00, 0x00, 0x00, 0x00, 0x00, 0x00, 0x00, 0x00, 0x00, 0x00,
  0x00, 0x00, 0x00, 0x00, 0x00, 0x00, 0x00, 0x00, 0x00, 0x00, 0x00, 0x00, 0x00, 0x00, 0x00, 0x00,
  0xff, 0xff, 0xff, 0x02, 0x00, 0x00, 0x00, 0x00, 0x00, 0x00, 0x00, 0x00, 0xd7, 0xd3, 0xd2, 0x8e,
  0xe1, 0xdd, 0xd9, 0xff, 0xdd, 0xd7, 0xd3, 0xff, 0x3b, 0x39, 0xd4, 0xfc, 0x00, 0x00, 0xdb, 0xff,
  0x06, 0x07, 0xc5, 0xff, 0x06, 0x06, 0xd2, 0xff, 0x06, 0x05, 0xd2, 0xff, 0x07, 0x07, 0xc6, 0xff,
  0x00, 0x00, 0xdc, 0xff, 0x3a, 0x38, 0xd6, 0xff, 0xd9, 0xd4, 0xd0, 0xff, 0xd5, 0xd0, 0xcd, 0xff,
  0xd5, 0xd0, 0xcd, 0xff, 0xd5, 0xd0, 0xcd, 0xff, 0xd5, 0xd0, 0xcd, 0xff, 0xd5, 0xd0, 0xcd, 0xff,
  0xd5, 0xd0, 0xcd, 0xff, 0xd5, 0xd0, 0xcd, 0xff, 0xd5, 0xd0, 0xcd, 0xff, 0xd5, 0xd0, 0xcd, 0xff,
  0xd5, 0xd0, 0xcd, 0xff, 0xd5, 0xd0, 0xcd, 0xff, 0xd5, 0xd0, 0xcd, 0xff, 0xd5, 0xd0, 0xcd, 0xff,
  0xd5, 0xd0, 0xcd, 0xff, 0xd5, 0xd0, 0xcd, 0xff, 0xd5, 0xd0, 0xcd, 0xff, 0xd5, 0xd0, 0xcd, 0xff,
  0xd5, 0xd0, 0xcd, 0xff, 0xd5, 0xd0, 0xcd, 0xff, 0xd5, 0xd0, 0xcd, 0xff, 0xd5, 0xd0, 0xcd, 0xff,
  0xd5, 0xd0, 0xcd, 0xff, 0xd5, 0xd0, 0xcd, 0xff, 0xd5, 0xd0, 0xcd, 0xff, 0xd5, 0xd0, 0xcd, 0xff,
  0xd5, 0xd0, 0xcd, 0xff, 0xd5, 0xd0, 0xcd, 0xff, 0xd5, 0xd0, 0xcd, 0xff, 0xd3, 0xd0, 0xcc, 0xff,
  0xde, 0xd2, 0xd3, 0xff, 0x50, 0xbb, 0x86, 0xff, 0x00, 0xae, 0x55, 0xff, 0x0c, 0x9a, 0x52, 0xff,
  0x07, 0x70, 0x35, 0xff, 0x07, 0x69, 0x33, 0xff, 0x0a, 0x82, 0x42, 0xff, 0x02, 0xad, 0x5b, 0xff,
  0x06, 0xae, 0x5d, 0xff, 0xac, 0xca, 0xb6, 0xfc, 0xe2, 0xd6, 0xd6, 0xff, 0xdd, 0xd9, 0xd8, 0xff,
  0xd7, 0xd3, 0xd1, 0x81, 0x00, 0x00, 0x00, 0x00, 0xff, 0xff, 0xff, 0x01, 0x7f, 0x7f, 0x7f, 0x02,
  0x00, 0x00, 0x00, 0x00, 0x00, 0x00, 0x00, 0x00, 0x00, 0x00, 0x00, 0x00, 0x00, 0x00, 0x00, 0x00,
  0x00, 0x00, 0x00, 0x00, 0x00, 0x00, 0x00, 0x00, 0x00, 0x00, 0x00, 0x00, 0x00, 0x00, 0x00, 0x00,
  0x00, 0x00, 0x00, 0x00, 0x00, 0x00, 0x00, 0x00, 0x00, 0x00, 0x00, 0x00, 0x00, 0x00, 0x00, 0x00,
  0x00, 0x00, 0x00, 0x00, 0x00, 0x00, 0x00, 0x00, 0x00, 0x00, 0x00, 0x00, 0x00, 0x00, 0x00, 0x00,
  0x00, 0x00, 0x00, 0x00, 0x00, 0x00, 0x00, 0x00, 0x00, 0x00, 0x00, 0x00, 0x00, 0x00, 0x00, 0x00,
  0x00, 0x00, 0x00, 0x00, 0x00, 0x00, 0x00, 0x00, 0x00, 0x00, 0x00, 0x00, 0x00, 0x00, 0x00, 0x00,
  0x00, 0x00, 0x00, 0x00, 0xff, 0xff, 0xff, 0x01, 0x7f, 0x7f, 0x7f, 0x02, 0x00, 0x00, 0x00, 0x00,
  0xd0, 0xcd, 0xd0, 0x62, 0xe1, 0xdb, 0xd4, 0xf0, 0xd3, 0xcf, 0xdc, 0xff, 0x39, 0x38, 0xd6, 0xfb,
  0x00, 0x00, 0xdc, 0xfe, 0x00, 0x00, 0xde, 0xff, 0x00, 0x00, 0xdf, 0xff, 0x00, 0x00, 0xdc, 0xff,
  0x3a, 0x39, 0xd5, 0xff, 0xc8, 0xc2, 0xd2, 0xff, 0xda, 0xd5, 0xce, 0xff, 0xd4, 0xcf, 0xcd, 0xff,
  0xd5, 0xd0, 0xcd, 0xff, 0xd5, 0xd0, 0xcd, 0xff, 0xd5, 0xd0, 0xcd, 0xff, 0xd5, 0xd0, 0xcd, 0xff,
  0xd5, 0xd0, 0xcd, 0xff, 0xd5, 0xd0, 0xcd, 0xff, 0xd5, 0xd0, 0xcd, 0xff, 0xd5, 0xd0, 0xcd, 0xff,
  0xd5, 0xd0, 0xcd, 0xff, 0xd5, 0xd0, 0xcd, 0xff, 0xd5, 0xd0, 0xcd, 0xff, 0xd5, 0xd0, 0xcd, 0xff,
  0xd5, 0xd0, 0xcd, 0xff, 0xd5, 0xd0, 0xcd, 0xff, 0xd5, 0xd0, 0xcd, 0xff, 0xd5, 0xd0, 0xcd, 0xff,
  0xd5, 0xd0, 0xcd, 0xff, 0xd5, 0xd0, 0xcd, 0xff, 0xd5, 0xd0, 0xcd, 0xff, 0xd5, 0xd0, 0xcd, 0xff,
  0xd5, 0xd0, 0xcd, 0xff, 0xd5, 0xd0, 0xcd, 0xff, 0xd5, 0xd0, 0xcd, 0xff, 0xd5, 0xd0, 0xcd, 0xff,
  0xd5, 0xd0, 0xcd, 0xff, 0xd5, 0xd0, 0xcd, 0xff, 0xd5, 0xd0, 0xcd, 0xff, 0xd4, 0xd0, 0xcc, 0xff,
  0xd8, 0xd1, 0xd0, 0xff, 0xca, 0xd0, 0xc8, 0xff, 0x38, 0xb6, 0x76, 0xff, 0x00, 0xb1, 0x56, 0xff,
  0x00, 0xad, 0x57, 0xff, 0x00, 0xa9, 0x56, 0xff, 0x00, 0xb1, 0x59, 0xff, 0x05, 0xae, 0x5c, 0xfe,
  0x84, 0xc3, 0xa1, 0xfb, 0xec, 0xdf, 0xde, 0xff, 0xd9, 0xd6, 0xd2, 0xea, 0xd3, 0xd0, 0xd0, 0x53,
  0x00, 0x00, 0x00, 0x00, 0xaa, 0xaa, 0xaa, 0x03, 0xff, 0xff, 0xff, 0x01, 0x00, 0x00, 0x00, 0x00,
  0x00, 0x00, 0x00, 0x00, 0x00, 0x00, 0x00, 0x00, 0x00, 0x00, 0x00, 0x00, 0x00, 0x00, 0x00, 0x00,
  0x00, 0x00, 0x00, 0x00, 0x00, 0x00, 0x00, 0x00, 0x00, 0x00, 0x00, 0x00, 0x00, 0x00, 0x00, 0x00,
  0x00, 0x00, 0x00, 0x00, 0x00, 0x00, 0x00, 0x00, 0x00, 0x00, 0x00, 0x00, 0x00, 0x00, 0x00, 0x00,
  0x00, 0x00, 0x00, 0x00, 0x00, 0x00, 0x00, 0x00, 0x00, 0x00, 0x00, 0x00, 0x00, 0x00, 0x00, 0x00,
  0x00, 0x00, 0x00, 0x00, 0x00, 0x00, 0x00, 0x00, 0x00, 0x00, 0x00, 0x00, 0x00, 0x00, 0x00, 0x00,
  0x00, 0x00, 0x00, 0x00, 0x00, 0x00, 0x00, 0x00, 0x00, 0x00, 0x00, 0x00, 0x00, 0x00, 0x00, 0x00,
  0x00, 0x00, 0x00, 0x00, 0x00, 0x00, 0x00, 0x00, 0x00, 0x00, 0x00, 0x01, 0xff, 0xff, 0xff, 0x03,
  0x00, 0x00, 0x00, 0x00, 0xc7, 0xc7, 0xcd, 0x29, 0xe0, 0xda, 0xd4, 0xc2, 0xe8, 0xe2, 0xde, 0xff,
  0x9b, 0x98, 0xd3, 0xff, 0x67, 0x63, 0xd5, 0xfb, 0x68, 0x66, 0xd4, 0xff, 0x99, 0x94, 0xd1, 0xff,
  0xd7, 0xd2, 0xd0, 0xff, 0xda, 0xd4, 0xce, 0xff, 0xd4, 0xce, 0xcc, 0xff, 0xd5, 0xd0, 0xcd, 0xff,
  0xd5, 0xd0, 0xcd, 0xff, 0xd5, 0xd0, 0xcd, 0xff, 0xd5, 0xd0, 0xcd, 0xff, 0xd5, 0xd0, 0xcd, 0xff,
  0xd5, 0xd0, 0xcd, 0xff, 0xd5, 0xd0, 0xcd, 0xff, 0xd5, 0xd0, 0xcd, 0xff, 0xd5, 0xd0, 0xcd, 0xff,
  0xd5, 0xd0, 0xcd, 0xff, 0xd5, 0xd0, 0xcd, 0xff, 0xd5, 0xd0, 0xcd, 0xff, 0xd5, 0xd0, 0xcd, 0xff,
  0xd5, 0xd0, 0xcd, 0xff, 0xd5, 0xd0, 0xcd, 0xff, 0xd5, 0xd0, 0xcd, 0xff, 0xd5, 0xd0, 0xcd, 0xff,
  0xd5, 0xd0, 0xcd, 0xff, 0xd5, 0xd0, 0xcd, 0xff, 0xd5, 0xd0, 0xcd, 0xff, 0xd5, 0xd0, 0xcd, 0xff,
  0xd5, 0xd0, 0xcd, 0xff, 0xd5, 0xd0, 0xcd, 0xff, 0xd5, 0xd0, 0xcd, 0xff, 0xd5, 0xd0, 0xcd, 0xff,
  0xd5, 0xd0, 0xcd, 0xff, 0xd5, 0xd0, 0xcd, 0xff, 0xd5, 0xd0, 0xcd, 0xff, 0xd5, 0xd0, 0xcd, 0xff,
  0xd3, 0xd0, 0xcc, 0xff, 0xd9, 0xd2, 0xcf, 0xff, 0xd2, 0xd1, 0xcd, 0xff, 0x7d, 0xc2, 0x9f, 0xff,
  0x40, 0xb9, 0x7e, 0xff, 0x37, 0xb8, 0x78, 0xff, 0x56, 0xba, 0x89, 0xfb, 0xad, 0xcd, 0xb9, 0xff,
  0xec, 0xe2, 0xe1, 0xff, 0xd7, 0xd4, 0xd0, 0xba, 0xd2, 0xca, 0xca, 0x22, 0x00, 0x00, 0x00, 0x00,
  0xbf, 0xbf, 0xbf, 0x04, 0x00, 0x00, 0x00, 0x00, 0x00, 0x00, 0x00, 0x00, 0x00, 0x00, 0x00, 0x00,
  0x00, 0x00, 0x00, 0x00, 0x00, 0x00, 0x00, 0x00, 0x00, 0x00, 0x00, 0x00, 0x00, 0x00, 0x00, 0x00,
  0x00, 0x00, 0x00, 0x00, 0x00, 0x00, 0x00, 0x00, 0x00, 0x00, 0x00, 0x00, 0x00, 0x00, 0x00, 0x00,
  0x00, 0x00, 0x00, 0x00, 0x00, 0x00, 0x00, 0x00, 0x00, 0x00, 0x00, 0x00, 0x00, 0x00, 0x00, 0x00,
  0x00, 0x00, 0x00, 0x00, 0x00, 0x00, 0x00, 0x00, 0x00, 0x00, 0x00, 0x00, 0x00, 0x00, 0x00, 0x00,
  0x00, 0x00, 0x00, 0x00, 0x00, 0x00, 0x00, 0x00, 0x00, 0x00, 0x00, 0x00, 0x00, 0x00, 0x00, 0x00,
  0x00, 0x00, 0x00, 0x00, 0x00, 0x00, 0x00, 0x00, 0x00, 0x00, 0x00, 0x00, 0x00, 0x00, 0x00, 0x00,
  0x00, 0x00, 0x00, 0x00, 0x00, 0x00, 0x00, 0x00, 0x00, 0x00, 0x00, 0x00, 0x00, 0x00, 0x00, 0x00,
  0xbf, 0xbf, 0xbf, 0x04, 0x00, 0x00, 0x00, 0x00, 0x00, 0x00, 0xff, 0x01, 0xd8, 0xd1, 0xd1, 0x71,
  0xe5, 0xe2, 0xd4, 0xef, 0xf3, 0xed, 0xdb, 0xff, 0xe4, 0xdd, 0xcd, 0xff, 0xdf, 0xda, 0xcc, 0xfc,
  0xd5, 0xd0, 0xcc, 0xff, 0xd3, 0xcf, 0xcd, 0xff, 0xd5, 0xd0, 0xcd, 0xff, 0xd5, 0xd0, 0xcd, 0xff,
  0xd5, 0xd0, 0xcd, 0xff, 0xd5, 0xd0, 0xcd, 0xff, 0xd5, 0xd0, 0xcd, 0xff, 0xd5, 0xd0, 0xcd, 0xff,
  0xd5, 0xd0, 0xcd, 0xff, 0xd5, 0xd0, 0xcd, 0xff, 0xd5, 0xd0, 0xcd, 0xff, 0xd5, 0xd0, 0xcd, 0xff,
  0xd5, 0xd0, 0xcd, 0xff, 0xd5, 0xd0, 0xcd, 0xff, 0xd5, 0xd0, 0xcd, 0xff, 0xd5, 0xd0, 0xcd, 0xff,
  0xd5, 0xd0, 0xcd, 0xff, 0xd5, 0xd0, 0xcd, 0xff, 0xd5, 0xd0, 0xcd, 0xff, 0xd5, 0xd0, 0xcd, 0xff,
  0xd5, 0xd0, 0xcd, 0xff, 0xd5, 0xd0, 0xcd, 0xff, 0xd5, 0xd0, 0xcd, 0xff, 0xd5, 0xd0, 0xcd, 0xff,
  0xd5, 0xd0, 0xcd, 0xff, 0xd5, 0xd0, 0xcd, 0xff, 0xd5, 0xd0, 0xcd, 0xff, 0xd5, 0xd0, 0xcd, 0xff,
  0xd5, 0xd0, 0xcd, 0xff, 0xd5, 0xd0, 0xcd, 0xff, 0xd5, 0xd0, 0xcd, 0xff, 0xd5, 0xd0, 0xcd, 0xff,
  0xd5, 0xd0, 0xcd, 0xff, 0xd4, 0xd0, 0xcd, 0xff, 0xd5, 0xd0, 0xce, 0xff, 0xe2, 0xd2, 0xd4, 0xfe,
  0xdc, 0xd1, 0xd1, 0xfc, 0xd9, 0xd2, 0xcf, 0xff, 0xf2, 0xe0, 0xe2, 0xff, 0xe4, 0xd7, 0xd7, 0xee,
  0xd0, 0xd2, 0xcd, 0x6d, 0x00, 0x00, 0x00, 0x00, 0x00, 0x00, 0x00, 0x00, 0xff, 0xff, 0xff, 0x03,
  0x00, 0x00, 0x00, 0x00, 0x00, 0x00, 0x00, 0x00, 0x00, 0x00, 0x00, 0x00, 0x00, 0x00, 0x00, 0x00,
  0x00, 0x00, 0x00, 0x00, 0x00, 0x00, 0x00, 0x00, 0x00, 0x00, 0x00, 0x00, 0x00, 0x00, 0x00, 0x00,
  0x00, 0x00, 0x00, 0x00, 0x00, 0x00, 0x00, 0x00, 0x00, 0x00, 0x00, 0x00, 0x00, 0x00, 0x00, 0x00,
  0x00, 0x00, 0x00, 0x00, 0x00, 0x00, 0x00, 0x00, 0x00, 0x00, 0x00, 0x00, 0x00, 0x00, 0x00, 0x00,
  0x00, 0x00, 0x00, 0x00, 0x00, 0x00, 0x00, 0x00, 0x00, 0x00, 0x00, 0x00, 0x00, 0x00, 0x00, 0x00,
  0x00, 0x00, 0x00, 0x00, 0x00, 0x00, 0x00, 0x00, 0x00, 0x00, 0x00, 0x00, 0x00, 0x00, 0x00, 0x00,
  0x00, 0x00, 0x00, 0x00, 0x00, 0x00, 0x00, 0x00, 0x00, 0x00, 0x00, 0x00, 0x00, 0x00, 0x00, 0x00,
  0x00, 0x00, 0x00, 0x00, 0x00, 0x00, 0x00, 0x00, 0x00, 0x00, 0x00, 0x00, 0x00, 0x00, 0x00, 0x00,
  0x00, 0x00, 0x00, 0x00, 0xff, 0xff, 0xff, 0x02, 0xff, 0xff, 0xff, 0x01, 0x00, 0x00, 0x00, 0x00,
  0xbb, 0xbb, 0xca, 0x22, 0xd5, 0xd0, 0xd5, 0x9e, 0xd5, 0xd0, 0xd0, 0xfe, 0xe0, 0xda, 0xd9, 0xff,
  0xd5, 0xcf, 0xcd, 0xff, 0xd5, 0xd0, 0xcd, 0xfb, 0xd4, 0xcf, 0xcc, 0xfe, 0xd5, 0xd0, 0xcd, 0xff,
  0xd5, 0xd0, 0xcd, 0xff, 0xd5, 0xd0, 0xcd, 0xff, 0xd5, 0xd0, 0xcd, 0xff, 0xd5, 0xd0, 0xcd, 0xff,
  0xd5, 0xd0, 0xcd, 0xff, 0xd5, 0xd0, 0xcd, 0xff, 0xd5, 0xd0, 0xcd, 0xff, 0xd5, 0xd0, 0xcd, 0xff,
  0xd5, 0xd0, 0xcd, 0xff, 0xd5, 0xd0, 0xcd, 0xff, 0xd5, 0xd0, 0xcd, 0xff, 0xd5, 0xd0, 0xcd, 0xff,
  0xd5, 0xd0, 0xcd, 0xff, 0xd5, 0xd0, 0xcd, 0xff, 0xd5, 0xd0, 0xcd, 0xff, 0xd5, 0xd0, 0xcd, 0xff,
  0xd5, 0xd0, 0xcd, 0xff, 0xd5, 0xd0, 0xcd, 0xff, 0xd5, 0xd0, 0xcd, 0xff, 0xd5, 0xd0, 0xcd, 0xff,
  0xd5, 0xd0, 0xcd, 0xff, 0xd5, 0xd0, 0xcd, 0xff, 0xd5, 0xd0, 0xcd, 0xff, 0xd5, 0xd0, 0xcd, 0xff,
  0xd5, 0xd0, 0xcd, 0xff, 0xd5, 0xd0, 0xcd, 0xff, 0xd5, 0xd0, 0xcd, 0xff, 0xd5, 0xd0, 0xcd, 0xff,
  0xd5, 0xd0, 0xcd, 0xff, 0xd4, 0xcf, 0xcc, 0xfe, 0xd4, 0xd0, 0xcc, 0xfb, 0xd2, 0xcf, 0xcb, 0xff,
  0xe1, 0xdc, 0xd9, 0xff, 0xd8, 0xd3, 0xd2, 0xfc, 0xd5, 0xd3, 0xd2, 0x9a, 0xc5, 0xcd, 0xc5, 0x1f,
  0x00, 0x00, 0x00, 0x00, 0xff, 0xff, 0xff, 0x01, 0x7f, 0x7f, 0x7f, 0x02, 0x00, 0x00, 0x00, 0x00,
  0x00, 0x00, 0x00, 0x00, 0x00, 0x00, 0x00, 0x00, 0x00, 0x00, 0x00, 0x00, 0x00, 0x00, 0x00, 0x00,
  0x00, 0x00, 0x00, 0x00, 0x00, 0x00, 0x00, 0x00, 0x00, 0x00, 0x00, 0x00, 0x00, 0x00, 0x00, 0x00,
  0x00, 0x00, 0x00, 0x00, 0x00, 0x00, 0x00, 0x00, 0x00, 0x00, 0x00, 0x00, 0x00, 0x00, 0x00, 0x00,
  0x00, 0x00, 0x00, 0x00, 0x00, 0x00, 0x00, 0x00, 0x00, 0x00, 0x00, 0x00, 0x00, 0x00, 0x00, 0x00,
  0x00, 0x00, 0x00, 0x00, 0x00, 0x00, 0x00, 0x00, 0x00, 0x00, 0x00, 0x00, 0x00, 0x00, 0x00, 0x00,
  0x00, 0x00, 0x00, 0x00, 0x00, 0x00, 0x00, 0x00, 0x00, 0x00, 0x00, 0x00, 0x00, 0x00, 0x00, 0x00,
  0x00, 0x00, 0x00, 0x00, 0x00, 0x00, 0x00, 0x00, 0x00, 0x00, 0x00, 0x00, 0x00, 0x00, 0x00, 0x00,
  0x00, 0x00, 0x00, 0x00, 0x00, 0x00, 0x00, 0x00, 0x00, 0x00, 0x00, 0x00, 0x00, 0x00, 0x00, 0x00,
  0x00, 0x00, 0x00, 0x00, 0x00, 0x00, 0x00, 0x00, 0x00, 0x00, 0x00, 0x00, 0xff, 0xff, 0xff, 0x03,
  0x00, 0x00, 0x00, 0x00, 0x00, 0x00, 0x00, 0x00, 0xd1, 0xd1, 0xcc, 0x38, 0xdb, 0xd5, 0xd2, 0xab,
  0xd9, 0xd3, 0xd0, 0xfc, 0xe3, 0xde, 0xdb, 0xff, 0xd9, 0xd3, 0xd0, 0xff, 0xd4, 0xcf, 0xcc, 0xfc,
  0xd4, 0xcf, 0xcd, 0xfc, 0xd4, 0xcf, 0xcc, 0xfe, 0xd5, 0xd0, 0xcd, 0xff, 0xd5, 0xd0, 0xcd, 0xff,
  0xd5, 0xd0, 0xcd, 0xff, 0xd5, 0xd0, 0xcd, 0xff, 0xd5, 0xd0, 0xcd, 0xff, 0xd5, 0xd0, 0xcd, 0xff,
  0xd5, 0xd0, 0xcd, 0xff, 0xd5, 0xd0, 0xcd, 0xff, 0xd5, 0xd0, 0xcd, 0xff, 0xd5, 0xd0, 0xcd, 0xff,
  0xd5, 0xd0, 0xcd, 0xff, 0xd5, 0xd0, 0xcd, 0xff, 0xd5, 0xd0, 0xcd, 0xff, 0xd5, 0xd0, 0xcd, 0xff,
  0xd5, 0xd0, 0xcd, 0xff, 0xd5, 0xd0, 0xcd, 0xff, 0xd5, 0xd0, 0xcd, 0xff, 0xd5, 0xd0, 0xcd, 0xff,
  0xd5, 0xd0, 0xcd, 0xff, 0xd5, 0xd0, 0xcd, 0xff, 0xd5, 0xd0, 0xcd, 0xff, 0xd5, 0xd0, 0xcd, 0xff,
  0xd5, 0xd0, 0xcd, 0xff, 0xd5, 0xd0, 0xcd, 0xff, 0xd4, 0xcf, 0xcc, 0xfe, 0xd5, 0xd0, 0xcd, 0xfc,
  0xd4, 0xcf, 0xcc, 0xfc, 0xd9, 0xd4, 0xd1, 0xff, 0xe3, 0xde, 0xdb, 0xff, 0xd9, 0xd4, 0xd1, 0xfb,
  0xda, 0xd5, 0xd3, 0xa6, 0xd6, 0xd1, 0xd1, 0x32, 0x00, 0x00, 0x00, 0x00, 0x00, 0x00, 0x00, 0x00,
  0xff, 0xff, 0xff, 0x03, 0x00, 0x00, 0x00, 0x00, 0x00, 0x00, 0x00, 0x00, 0x00, 0x00, 0x00, 0x00,
  0x00, 0x00, 0x00, 0x00, 0x00, 0x00, 0x00, 0x00, 0x00, 0x00, 0x00, 0x00, 0x00, 0x00, 0x00, 0x00,
  0x00, 0x00, 0x00, 0x00, 0x00, 0x00, 0x00, 0x00, 0x00, 0x00, 0x00, 0x00, 0x00, 0x00, 0x00, 0x00,
  0x00, 0x00, 0x00, 0x00, 0x00, 0x00, 0x00, 0x00, 0x00, 0x00, 0x00, 0x00, 0x00, 0x00, 0x00, 0x00,
  0x00, 0x00, 0x00, 0x00, 0x00, 0x00, 0x00, 0x00, 0x00, 0x00, 0x00, 0x00, 0x00, 0x00, 0x00, 0x00,
  0x00, 0x00, 0x00, 0x00, 0x00, 0x00, 0x00, 0x00, 0x00, 0x00, 0x00, 0x00, 0x00, 0x00, 0x00, 0x00,
  0x00, 0x00, 0x00, 0x00, 0x00, 0x00, 0x00, 0x00, 0x00, 0x00, 0x00, 0x00, 0x00, 0x00, 0x00, 0x00,
  0x00, 0x00, 0x00, 0x00, 0x00, 0x00, 0x00, 0x00, 0x00, 0x00, 0x00, 0x00, 0x00, 0x00, 0x00, 0x00,
  0x00, 0x00, 0x00, 0x00, 0x00, 0x00, 0x00, 0x00, 0x00, 0x00, 0x00, 0x00, 0x00, 0x00, 0x00, 0x00,
  0x00, 0x00, 0x00, 0x00, 0x00, 0x00, 0x00, 0x00, 0x00, 0x00, 0x00, 0x00, 0x00, 0x00, 0x00, 0x00,
  0x7f, 0x7f, 0x7f, 0x02, 0xff, 0xff, 0xff, 0x03, 0x00, 0x00, 0x00, 0x00, 0x00, 0x00, 0x00, 0x00,
  0xd3, 0xd3, 0xd3, 0x2f, 0xd9, 0xd4, 0xd2, 0x96, 0xd8, 0xd4, 0xd1, 0xea, 0xe2, 0xdd, 0xdb, 0xff,
  0xe0, 0xdb, 0xd8, 0xff, 0xd7, 0xd2, 0xcf, 0xff, 0xd4, 0xcf, 0xcc, 0xfc, 0xd5, 0xd0, 0xcd, 0xfb,
  0xd4, 0xcf, 0xcc, 0xfd, 0xd4, 0xcf, 0xcc, 0xfe, 0xd5, 0xd0, 0xcd, 0xff, 0xd5, 0xd0, 0xcd, 0xff,
  0xd5, 0xd0, 0xcd, 0xff, 0xd5, 0xd0, 0xcd, 0xff, 0xd5, 0xd0, 0xcd, 0xff, 0xd5, 0xd0, 0xcd, 0xff,
  0xd5, 0xd0, 0xcd, 0xff, 0xd5, 0xd0, 0xcd, 0xff, 0xd5, 0xd0, 0xcd, 0xff, 0xd5, 0xd0, 0xcd, 0xff,
  0xd5, 0xd0, 0xcd, 0xff, 0xd5, 0xd0, 0xcd, 0xff, 0xd5, 0xd0, 0xcd, 0xff, 0xd5, 0xd0, 0xcd, 0xff,
  0xd5, 0xd0, 0xcd, 0xff, 0xd5, 0xd0, 0xcd, 0xff, 0xd4, 0xcf, 0xcc, 0xfe, 0xd4, 0xcf, 0xcc, 0xfd,
  0xd5, 0xd0, 0xcd, 0xfb, 0xd4, 0xcf, 0xcc, 0xfc, 0xd7, 0xd2, 0xcf, 0xff, 0xe0, 0xdb, 0xd8, 0xff,
  0xe3, 0xde, 0xdb, 0xff, 0xd8, 0xd4, 0xd1, 0xe8, 0xd8, 0xd6, 0xd4, 0x90, 0xd8, 0xd2, 0xcd, 0x2e,
  0x00, 0x00, 0x00, 0x00, 0x00, 0x00, 0x00, 0x00, 0xff, 0xff, 0xaa, 0x03, 0xff, 0xff, 0xff, 0x01,
  0x00, 0x00, 0x00, 0x00, 0x00, 0x00, 0x00, 0x00, 0x00, 0x00, 0x00, 0x00, 0x00, 0x00, 0x00, 0x00,
  0x00, 0x00, 0x00, 0x00, 0x00, 0x00, 0x00, 0x00, 0x00, 0x00, 0x00, 0x00, 0x00, 0x00, 0x00, 0x00,
  0x00, 0x00, 0x00, 0x00, 0x00, 0x00, 0x00, 0x00, 0x00, 0x00, 0x00, 0x00, 0x00, 0x00, 0x00, 0x00,
  0x00, 0x00, 0x00, 0x00, 0x00, 0x00, 0x00, 0x00, 0x00, 0x00, 0x00, 0x00, 0x00, 0x00, 0x00, 0x00,
  0x00, 0x00, 0x00, 0x00, 0x00, 0x00, 0x00, 0x00, 0x00, 0x00, 0x00, 0x00, 0x00, 0x00, 0x00, 0x00,
  0x00, 0x00, 0x00, 0x00, 0x00, 0x00, 0x00, 0x00, 0x00, 0x00, 0x00, 0x00, 0x00, 0x00, 0x00, 0x00,
  0x00, 0x00, 0x00, 0x00, 0x00, 0x00, 0x00, 0x00, 0x00, 0x00, 0x00, 0x00, 0x00, 0x00, 0x00, 0x00,
  0x00, 0x00, 0x00, 0x00, 0x00, 0x00, 0x00, 0x00, 0x00, 0x00, 0x00, 0x00, 0x00, 0x00, 0x00, 0x00,
  0x00, 0x00, 0x00, 0x00, 0x00, 0x00, 0x00, 0x00, 0x00, 0x00, 0x00, 0x00, 0x00, 0x00, 0x00, 0x00,
  0x00, 0x00, 0x00, 0x00, 0x00, 0x00, 0x00, 0x00, 0x00, 0x00, 0x00, 0x00, 0x00, 0x00, 0x00, 0x00,
  0x00, 0x00, 0x00, 0x00, 0x00, 0x00, 0x00, 0x00, 0xff, 0xff, 0xff, 0x02, 0xff, 0xff, 0xff, 0x02,
  0x00, 0x00, 0x00, 0x00, 0x00, 0x00, 0x00, 0x00, 0xda, 0xda, 0xda, 0x15, 0xd7, 0xd5, 0xd5, 0x62,
  0xd8, 0xd3, 0xd1, 0xba, 0xd8, 0xd2, 0xd0, 0xf5, 0xe4, 0xdf, 0xdb, 0xff, 0xe4, 0xdf, 0xdb, 0xff,
  0xdd, 0xd8, 0xd5, 0xff, 0xd7, 0xd2, 0xcf, 0xff, 0xd4, 0xcf, 0xcc, 0xfd, 0xd5, 0xd0, 0xcd, 0xfc,
  0xd5, 0xd0, 0xcd, 0xfc, 0xd4, 0xcf, 0xcc, 0xfd, 0xd4, 0xcf, 0xcc, 0xfe, 0xd4, 0xcf, 0xcc, 0xfe,
  0xd5, 0xd0, 0xcd, 0xff, 0xd5, 0xd0, 0xcd, 0xff, 0xd5, 0xd0, 0xcd, 0xff, 0xd5, 0xd0, 0xcd, 0xff,
  0xd4, 0xcf, 0xcc, 0xfe, 0xd4, 0xcf, 0xcc, 0xfe, 0xd4, 0xcf, 0xcc, 0xfd, 0xd5, 0xd0, 0xcd, 0xfc,
  0xd5, 0xd0, 0xcd, 0xfc, 0xd4, 0xcf, 0xcc, 0xfe, 0xd8, 0xd3, 0xcf, 0xff, 0xde, 0xd8, 0xd5, 0xff,
  0xe3, 0xdf, 0xdc, 0xff, 0xe3, 0xde, 0xdb, 0xff, 0xd8, 0xd3, 0xcf, 0xf4, 0xd8, 0xd4, 0xd1, 0xb9,
  0xda, 0xd5, 0xd3, 0x63, 0xd8, 0xd8, 0xd8, 0x14, 0x00, 0x00, 0x00, 0x00, 0x00, 0x00, 0x00, 0x00,
  0xaa, 0xaa, 0xaa, 0x03, 0xff, 0xff, 0xff, 0x02, 0x00, 0x00, 0x00, 0x00, 0x00, 0x00, 0x00, 0x00,
  0x00, 0x00, 0x00, 0x00, 0x00, 0x00, 0x00, 0x00, 0x00, 0x00, 0x00, 0x00, 0x00, 0x00, 0x00, 0x00,
  0x00, 0x00, 0x00, 0x00, 0x00, 0x00, 0x00, 0x00, 0x00, 0x00, 0x00, 0x00, 0x00, 0x00, 0x00, 0x00,
  0x00, 0x00, 0x00, 0x00, 0x00, 0x00, 0x00, 0x00, 0x00, 0x00, 0x00, 0x00, 0x00, 0x00, 0x00, 0x00,
  0x00, 0x00, 0x00, 0x00, 0x00, 0x00, 0x00, 0x00, 0x00, 0x00, 0x00, 0x00, 0x00, 0x00, 0x00, 0x00,
  0x00, 0x00, 0x00, 0x00, 0x00, 0x00, 0x00, 0x00, 0x00, 0x00, 0x00, 0x00, 0x00, 0x00, 0x00, 0x00,
  0x00, 0x00, 0x00, 0x00, 0x00, 0x00, 0x00, 0x00, 0x00, 0x00, 0x00, 0x00, 0x00, 0x00, 0x00, 0x00,
  0x00, 0x00, 0x00, 0x00, 0x00, 0x00, 0x00, 0x00, 0x00, 0x00, 0x00, 0x00, 0x00, 0x00, 0x00, 0x00,
  0x00, 0x00, 0x00, 0x00, 0x00, 0x00, 0x00, 0x00, 0x00, 0x00, 0x00, 0x00, 0x00, 0x00, 0x00, 0x00,
  0x00, 0x00, 0x00, 0x00, 0x00, 0x00, 0x00, 0x00, 0x00, 0x00, 0x00, 0x00, 0x00, 0x00, 0x00, 0x00,
  0x00, 0x00, 0x00, 0x00, 0x00, 0x00, 0x00, 0x00, 0x00, 0x00, 0x00, 0x00, 0x00, 0x00, 0x00, 0x00,
  0x00, 0x00, 0x00, 0x00, 0x00, 0x00, 0x00, 0x00, 0x00, 0x00, 0x00, 0x00, 0x00, 0x00, 0x00, 0x00,
  0xff, 0xff, 0xff, 0x02, 0xff, 0xff, 0xff, 0x03, 0x00, 0x00, 0x00, 0x00, 0x00, 0x00, 0x00, 0x00,
  0x00, 0x00, 0x00, 0x00, 0xdd, 0xdd, 0xdd, 0x1e, 0xd8, 0xd3, 0xd3, 0x5d, 0xd9, 0xd4, 0xd3, 0x9d,
  0xd8, 0xd3, 0xd0, 0xd2, 0xd6, 0xd1, 0xcf, 0xf5, 0xdd, 0xd7, 0xd4, 0xff, 0xe0, 0xdb, 0xd8, 0xff,
  0xe0, 0xdb, 0xd7, 0xff, 0xdd, 0xd8, 0xd5, 0xff, 0xdb, 0xd5, 0xd2, 0xff, 0xd8, 0xd3, 0xd0, 0xff,
  0xd7, 0xd1, 0xce, 0xff, 0xd6, 0xd1, 0xce, 0xff, 0xd6, 0xd1, 0xce, 0xff, 0xd7, 0xd2, 0xce, 0xff,
  0xd9, 0xd3, 0xd0, 0xff, 0xdb, 0xd5, 0xd2, 0xff, 0xde, 0xd8, 0xd5, 0xff, 0xe0, 0xdb, 0xd7, 0xff,
  0xe0, 0xdb, 0xd8, 0xff, 0xdb, 0xd6, 0xd3, 0xff, 0xd5, 0xd1, 0xcf, 0xf2, 0xd6, 0xd2, 0xd0, 0xd0,
  0xd7, 0xd3, 0xd2, 0x9a, 0xd6, 0xd6, 0xd4, 0x59, 0xda, 0xd1, 0xd1, 0x1c, 0x00, 0x00, 0x00, 0x00,
  0x00, 0x00, 0x00, 0x00, 0x00, 0x00, 0x00, 0x00, 0xff, 0xff, 0xff, 0x03, 0xff, 0xff, 0xff, 0x02,
  0x00, 0x00, 0x00, 0x00, 0x00, 0x00, 0x00, 0x00, 0x00, 0x00, 0x00, 0x00, 0x00, 0x00, 0x00, 0x00,
  0x00, 0x00, 0x00, 0x00, 0x00, 0x00, 0x00, 0x00, 0x00, 0x00, 0x00, 0x00, 0x00, 0x00, 0x00, 0x00,
  0x00, 0x00, 0x00, 0x00, 0x00, 0x00, 0x00, 0x00, 0x00, 0x00, 0x00, 0x00, 0x00, 0x00, 0x00, 0x00,
  0x00, 0x00, 0x00, 0x00, 0x00, 0x00, 0x00, 0x00, 0x00, 0x00, 0x00, 0x00, 0x00, 0x00, 0x00, 0x00,
  0x00, 0x00, 0x00, 0x00, 0x00, 0x00, 0x00, 0x00, 0x00, 0x00, 0x00, 0x00, 0x00, 0x00, 0x00, 0x00,
  0x00, 0x00, 0x00, 0x00, 0x00, 0x00, 0x00, 0x00, 0x00, 0x00, 0x00, 0x00, 0x00, 0x00, 0x00, 0x00,
  0x00, 0x00, 0x00, 0x00, 0x00, 0x00, 0x00, 0x00, 0x00, 0x00, 0x00, 0x00, 0x00, 0x00, 0x00, 0x00,
  0x00, 0x00, 0x00, 0x00, 0x00, 0x00, 0x00, 0x00, 0x00, 0x00, 0x00, 0x00, 0x00, 0x00, 0x00, 0x00,
  0x00, 0x00, 0x00, 0x00, 0x00, 0x00, 0x00, 0x00, 0x00, 0x00, 0x00, 0x00, 0x00, 0x00, 0x00, 0x00,
  0x00, 0x00, 0x00, 0x00, 0x00, 0x00, 0x00, 0x00, 0x00, 0x00, 0x00, 0x00, 0x00, 0x00, 0x00, 0x00,
  0x00, 0x00, 0x00, 0x00, 0x00, 0x00, 0x00, 0x00, 0x00, 0x00, 0x00, 0x00, 0x00, 0x00, 0x00, 0x00,
  0x00, 0x00, 0x00, 0x00, 0x00, 0x00, 0x00, 0x00, 0x00, 0x00, 0x00, 0x00, 0x00, 0x00, 0x00, 0x00,
  0x00, 0x00, 0x00, 0x00, 0x00, 0x00, 0x00, 0x00, 0xff, 0xff, 0xff, 0x01, 0xbf, 0xbf, 0xbf, 0x04,
  0xff, 0xff, 0xff, 0x02, 0x00, 0x00, 0x00, 0x00, 0x00, 0x00, 0x00, 0x00, 0x00, 0x00, 0x00, 0x00,
  0xff, 0xff, 0xff, 0x02, 0xd5, 0xd5, 0xd5, 0x25, 0xda, 0xd4, 0xd1, 0x54, 0xd4, 0xd2, 0xce, 0x7f,
  0xd5, 0xd2, 0xcf, 0xa1, 0xd4, 0xd2, 0xce, 0xc2, 0xd6, 0xd1, 0xcf, 0xda, 0xd6, 0xd0, 0xce, 0xeb,
  0xd5, 0xd0, 0xcd, 0xf5, 0xd5, 0xd0, 0xcd, 0xf7, 0xd5, 0xcf, 0xcc, 0xf8, 0xd5, 0xd0, 0xcd, 0xf5,
  0xd5, 0xcf, 0xcd, 0xe9, 0xd7, 0xd1, 0xce, 0xd9, 0xd7, 0xd0, 0xce, 0xc2, 0xd7, 0xd2, 0xcf, 0xa2,
  0xd7, 0xd5, 0xd1, 0x7b, 0xd7, 0xd4, 0xd1, 0x4e, 0xd8, 0xd0, 0xd8, 0x21, 0xff, 0xff, 0xff, 0x01,
  0x00, 0x00, 0x00, 0x00, 0x00, 0x00, 0x00, 0x00, 0x00, 0x00, 0x00, 0x00, 0xff, 0xff, 0xff, 0x02,
  0xbf, 0xbf, 0xbf, 0x04, 0xff, 0xff, 0xff, 0x01, 0x00, 0x00, 0x00, 0x00, 0x00, 0x00, 0x00, 0x00,
  0x00, 0x00, 0x00, 0x00, 0x00, 0x00, 0x00, 0x00, 0x00, 0x00, 0x00, 0x00, 0x00, 0x00, 0x00, 0x00,
  0x00, 0x00, 0x00, 0x00, 0x00, 0x00, 0x00, 0x00, 0x00, 0x00, 0x00, 0x00, 0x00, 0x00, 0x00, 0x00,
  0x00, 0x00, 0x00, 0x00, 0x00, 0x00, 0x00, 0x00, 0x00, 0x00, 0x00, 0x00, 0x00, 0x00, 0x00, 0x00,
  0x00, 0x00, 0x00, 0x00, 0x00, 0x00, 0x00, 0x00, 0x00, 0x00, 0x00, 0x00, 0x00, 0x00, 0x00, 0x00,
  0x00, 0x00, 0x00, 0x00, 0x00, 0x00, 0x00, 0x00, 0x00, 0x00, 0x00, 0x00, 0x00, 0x00, 0x00, 0x00,
  0x00, 0x00, 0x00, 0x00, 0x00, 0x00, 0x00, 0x00, 0x00, 0x00, 0x00, 0x00, 0x00, 0x00, 0x00, 0x00,
};

const lv_image_dsc_t Gauge = {
  .header.cf = LV_COLOR_FORMAT_ARGB8888,
  .header.magic = LV_IMAGE_HEADER_MAGIC,
  .header.w = 84,
  .header.h = 84,
  .data_size = 28224,
  .data = Gauge_map,
};
