#include "lvgl.h"

#ifndef LV_ATTRIBUTE_MEM_ALIGN
#define LV_ATTRIBUTE_MEM_ALIGN
#endif

#ifndef LV_ATTRIBUTE_IMAGE_HEART3
#define LV_ATTRIBUTE_IMAGE_HEART3
#endif

const LV_ATTRIBUTE_MEM_ALIGN LV_ATTRIBUTE_LARGE_CONST LV_ATTRIBUTE_IMAGE_HEART3 uint8_t Heart3_map[] = {
  0x00, 0x00, 0x00, 0x00, 0x00, 0x00, 0x00, 0x00, 0x00, 0x00, 0x00, 0x00, 0x00, 0x00, 0x00, 0x00,
  0x00, 0x00, 0x00, 0x00, 0x00, 0x00, 0x00, 0x00, 0x00, 0x00, 0x00, 0x00, 0x00, 0x00, 0x00, 0x00,
  0x00, 0x00, 0x00, 0x00, 0x00, 0x00, 0x00, 0x00, 0x00, 0x00, 0x00, 0x00, 0x00, 0x00, 0x00, 0x00,
  0x00, 0x00, 0x00, 0x00, 0x00, 0x00, 0x00, 0x00, 0x00, 0x00, 0x00, 0x00, 0x00, 0x00, 0x00, 0x00,
  0x00, 0x00, 0x00, 0x00, 0x00, 0x00, 0x00, 0x00, 0x00, 0x00, 0x00, 0x00, 0x00, 0x00, 0x00, 0x00,
  0x00, 0x00, 0x00, 0x00, 0x00, 0x00, 0x00, 0x00, 0x00, 0x00, 0x00, 0x00, 0x00, 0x00, 0x00, 0x00,
  0x00, 0x00, 0x00, 0x00, 0x00, 0x00, 0x00, 0x00, 0x00, 0x00, 0x00, 0x00, 0x00, 0x00, 0x00, 0x00,
  0x00, 0x00, 0x00, 0x00, 0x00, 0x00, 0x00, 0x00, 0x00, 0x00, 0x00, 0x00, 0x00, 0x00, 0x00, 0x00,
  0x00, 0x00, 0x00, 0x00, 0x00, 0x00, 0x00, 0x00, 0x00, 0x00, 0x00, 0x00, 0x00, 0x00, 0x00, 0x00,
  0x00, 0x00, 0x00, 0x00, 0x00, 0x00, 0x00, 0x00, 0x00, 0x00, 0x00, 0x00, 0x00, 0x00, 0x00, 0x00,
  0x00, 0x00, 0x00, 0x00, 0x00, 0x00, 0x00, 0x00, 0x00, 0x00, 0x00, 0x00, 0x00, 0x00, 0x00, 0x00,
  0x00, 0x00, 0x00, 0x00, 0x00, 0x00, 0x00, 0x00, 0x00, 0x00, 0x00, 0x00, 0x00, 0x00, 0x00, 0x00,
  0x00, 0x00, 0x00, 0x00, 0x00, 0x00, 0x00, 0x00, 0x00, 0x00, 0x00, 0x00, 0x00, 0x00, 0x00, 0x00,
  0x00, 0x00, 0x00, 0x00, 0x00, 0x00, 0x00, 0x00, 0x00, 0x00, 0x00, 0x00, 0x00, 0x00, 0x00, 0x00,
  0x00, 0x00, 0x00, 0x00, 0x00, 0x00, 0x00, 0x00, 0x00, 0x00, 0x00, 0x00, 0x00, 0x00, 0x00, 0x00,
  0x00, 0x00, 0x00, 0x00, 0x00, 0x00, 0x00, 0x00, 0x00, 0x00, 0x00, 0x00, 0x00, 0x00, 0x00, 0x00,
  0x00, 0x00, 0x00, 0x00, 0x00, 0x00, 0x00, 0x00, 0x00, 0x00, 0x00, 0x00, 0x00, 0x00, 0x00, 0x00,
  0x00, 0x00, 0x00, 0x00, 0x00, 0x00, 0x00, 0x00, 0x00, 0x00, 0x00, 0x00, 0x00, 0x00, 0x00, 0x00,
  0x00, 0x00, 0x00, 0x00, 0x00, 0x00, 0x00, 0x00, 0x00, 0x00, 0x00, 0x00, 0x00, 0x00, 0x00, 0x00,
  0x00, 0x00, 0x00, 0x00, 0x00, 0x00, 0x00, 0x00, 0x00, 0x00, 0x00, 0x00, 0x00, 0x00, 0x00, 0x00,
  0x00, 0x00, 0x00, 0x00, 0x00, 0x00, 0x00, 0x00, 0x00, 0x00, 0x00, 0x00, 0x00, 0x00, 0x00, 0x00,
  0x00, 0x00, 0x00, 0x00, 0x00, 0x00, 0x00, 0x00, 0x00, 0x00, 0x00, 0x00, 0x00, 0x00, 0x00, 0x00,
  0x00, 0x00, 0x00, 0x00, 0x00, 0x00, 0x00, 0x00, 0x00, 0x00, 0x00, 0x00, 0x00, 0x00, 0x00, 0x00,
  0x00, 0x00, 0x00, 0x00, 0x00, 0x00, 0x00, 0x00, 0x00, 0x00, 0x00, 0x00, 0x00, 0x00, 0x00, 0x00,
  0x00, 0x00, 0x00, 0x00, 0x00, 0x00, 0x00, 0x00, 0x00, 0x00, 0x00, 0x00, 0x00, 0x00, 0x00, 0x00,
  0x00, 0x00, 0x00, 0x00, 0x00, 0x00, 0x00, 0x00, 0x00, 0x00, 0x00, 0x00, 0x00, 0x00, 0x00, 0x00,
  0x00, 0x00, 0x00, 0x00, 0x00, 0x00, 0x00, 0x00, 0x00, 0x00, 0x00, 0x00, 0x00, 0x00, 0x00, 0x00,
  0x00, 0x00, 0x00, 0x00, 0x00, 0x00, 0x00, 0x00, 0x00, 0x00, 0x00, 0x00, 0x00, 0x00, 0x00, 0x00,
  0x00, 0x00, 0x00, 0x00, 0x00, 0x00, 0x00, 0x00, 0x00, 0x00, 0x00, 0x00, 0x00, 0x00, 0x00, 0x00,
  0x00, 0x00, 0x00, 0x00, 0x00, 0x00, 0x00, 0x00, 0x00, 0x00, 0x00, 0x00, 0x00, 0x00, 0x00, 0x00,
  0x00, 0x00, 0x00, 0x00, 0x00, 0x00, 0x00, 0x00, 0x00, 0x00, 0x00, 0x00, 0x00, 0x00, 0x00, 0x00,
  0x00, 0x00, 0x00, 0x00, 0x00, 0x00, 0x00, 0x00, 0x00, 0x00, 0x00, 0x00, 0x00, 0x00, 0x00, 0x00,
  0x00, 0x00, 0x00, 0x00, 0x00, 0x00, 0x00, 0x00, 0x00, 0x00, 0x00, 0x00, 0x00, 0x00, 0x00, 0x00,
  0x00, 0x00, 0x00, 0x00, 0x00, 0x00, 0x00, 0x00, 0x00, 0x00, 0x00, 0x00, 0x00, 0x00, 0x00, 0x00,
  0x00, 0x00, 0x00, 0x00, 0x00, 0x00, 0x00, 0x00, 0x00, 0x00, 0x00, 0x00, 0x00, 0x00, 0x00, 0x00,
  0x00, 0x00, 0x00, 0x00, 0x00, 0x00, 0x00, 0x00, 0x00, 0x00, 0x00, 0x00, 0x00, 0x00, 0x00, 0x00,
  0x00, 0x00, 0x00, 0x00, 0x00, 0x00, 0x00, 0x00, 0x00, 0x00, 0x00, 0x00, 0x00, 0x00, 0x00, 0x00,
  0x00, 0x00, 0x00, 0x00, 0x00, 0x00, 0x00, 0x00, 0x00, 0x00, 0x00, 0x00, 0x00, 0x00, 0x00, 0x00,
  0x00, 0x00, 0x00, 0x00, 0x00, 0x00, 0x00, 0x00, 0x00, 0x00, 0x00, 0x00, 0x00, 0x00, 0x00, 0x00,
  0x00, 0x00, 0x00, 0x00, 0x00, 0x00, 0x00, 0x00, 0x00, 0x00, 0x00, 0x00, 0x00, 0x00, 0x00, 0x00,
  0x00, 0x00, 0x00, 0x00, 0x00, 0x00, 0x00, 0x00, 0x00, 0x00, 0x00, 0x00, 0x00, 0x00, 0x00, 0x00,
  0x00, 0x00, 0x00, 0x00, 0x00, 0x00, 0x00, 0x00, 0x00, 0x00, 0x00, 0x00, 0x00, 0x00, 0x00, 0x00,
  0x00, 0x00, 0x00, 0x00, 0x00, 0x00, 0x00, 0x00, 0x00, 0x00, 0x00, 0x00, 0x00, 0x00, 0x00, 0x00,
  0x00, 0x00, 0x00, 0x00, 0x00, 0x00, 0x00, 0x00, 0x00, 0x00, 0x00, 0x00, 0x00, 0x00, 0x00, 0x00,
  0x00, 0x00, 0x00, 0x00, 0x00, 0x00, 0x00, 0x00, 0x00, 0x00, 0x00, 0x00, 0x00, 0x00, 0x00, 0x00,
  0x00, 0x00, 0x00, 0x00, 0x00, 0x00, 0x00, 0x00, 0x00, 0x00, 0x00, 0x00, 0x00, 0x00, 0x00, 0x00,
  0x00, 0x00, 0x00, 0x00, 0x00, 0x00, 0x00, 0x00, 0x00, 0x00, 0x00, 0x00, 0x00, 0x00, 0x00, 0x00,
  0x00, 0x00, 0x00, 0x00, 0x00, 0x00, 0x00, 0x00, 0x00, 0x00, 0x00, 0x00, 0x00, 0x00, 0x00, 0x00,
  0x00, 0x00, 0x00, 0x00, 0x00, 0x00, 0x00, 0x00, 0x00, 0x00, 0x00, 0x00, 0x00, 0x00, 0x00, 0x00,
  0x00, 0x00, 0x00, 0x00, 0x00, 0x00, 0x00, 0x00, 0x00, 0x00, 0x00, 0x00, 0x00, 0x00, 0x00, 0x00,
  0x00, 0x00, 0x00, 0x00, 0x00, 0x00, 0x00, 0x00, 0x00, 0x00, 0x00, 0x00, 0x00, 0x00, 0x00, 0x00,
  0x00, 0x00, 0x00, 0x00, 0x00, 0x00, 0x00, 0x00, 0x00, 0x00, 0x00, 0x00, 0x00, 0x00, 0x00, 0x00,
  0x00, 0x00, 0x00, 0x00, 0x00, 0x00, 0x00, 0x00, 0x00, 0x00, 0x00, 0x00, 0x00, 0x00, 0x00, 0x00,
  0x00, 0x00, 0x00, 0x00, 0x00, 0x00, 0x00, 0x00, 0x00, 0x00, 0x00, 0x00, 0x00, 0x00, 0x00, 0x00,
  0x00, 0x00, 0x00, 0x00, 0x00, 0x00, 0x00, 0x00, 0x00, 0x00, 0x00, 0x00, 0x00, 0x00, 0x00, 0x00,
  0x00, 0x00, 0x00, 0x00, 0x00, 0x00, 0x00, 0x00, 0x00, 0x00, 0x00, 0x00, 0x00, 0x00, 0x00, 0x00,
  0x00, 0x00, 0x00, 0x00, 0x00, 0x00, 0x00, 0x00, 0x00, 0x00, 0x00, 0x00, 0x00, 0x00, 0x00, 0x00,
  0x00, 0x00, 0x00, 0x00, 0x00, 0x00, 0x00, 0x00, 0x00, 0x00, 0x00, 0x00, 0x00, 0x00, 0x00, 0x00,
  0x00, 0x00, 0x00, 0x00, 0x00, 0x00, 0x00, 0x00, 0x00, 0x00, 0x00, 0x00, 0x00, 0x00, 0x00, 0x00,
  0x00, 0x00, 0x00, 0x00, 0x00, 0x00, 0x00, 0x00, 0x00, 0x00, 0x00, 0x00, 0x00, 0x00, 0x00, 0x00,
  0x00, 0x00, 0x00, 0x00, 0x00, 0x00, 0x00, 0x00, 0x00, 0x00, 0x00, 0x00, 0x00, 0x00, 0x00, 0x00,
  0x00, 0x00, 0x00, 0x00, 0x00, 0x00, 0x00, 0x00, 0x00, 0x00, 0x00, 0x00, 0x00, 0x00, 0x00, 0x00,
  0x00, 0x00, 0x00, 0x00, 0x00, 0x00, 0x00, 0x00, 0x00, 0x00, 0x00, 0x00, 0x00, 0x00, 0x00, 0x00,
  0x00, 0x00, 0x00, 0x00, 0x00, 0x00, 0x00, 0x00, 0x00, 0x00, 0x00, 0x00, 0x00, 0x00, 0x00, 0x00,
  0x00, 0x00, 0x00, 0x00, 0x00, 0x00, 0x00, 0x00, 0x00, 0x00, 0x00, 0x00, 0x00, 0x00, 0x00, 0x00,
  0x00, 0x00, 0x00, 0x00, 0x00, 0x00, 0x00, 0x00, 0x00, 0x00, 0x00, 0x00, 0x00, 0x00, 0x00, 0x00,
  0x00, 0x00, 0x00, 0x00, 0x00, 0x00, 0x00, 0x00, 0x00, 0x00, 0x00, 0x00, 0x00, 0x00, 0x00, 0x00,
  0x00, 0x00, 0x00, 0x00, 0x00, 0x00, 0x00, 0x00, 0x00, 0x00, 0x00, 0x00, 0x00, 0x00, 0x00, 0x00,
  0x00, 0x00, 0x00, 0x00, 0x00, 0x00, 0x00, 0x00, 0x00, 0x00, 0x00, 0x00, 0x00, 0x00, 0x00, 0x00,
  0x00, 0x00, 0x00, 0x00, 0x00, 0x00, 0x00, 0x00, 0x00, 0x00, 0x00, 0x00, 0x00, 0x00, 0x00, 0x00,
  0x00, 0x00, 0x00, 0x00, 0x00, 0x00, 0x00, 0x00, 0x00, 0x00, 0x00, 0x00, 0x00, 0x00, 0x00, 0x00,
  0x00, 0x00, 0x00, 0x00, 0x00, 0x00, 0x00, 0x00, 0x00, 0x00, 0x00, 0x00, 0x00, 0x00, 0x00, 0x00,
  0x00, 0x00, 0x00, 0x00, 0x00, 0x00, 0x00, 0x00, 0x00, 0x00, 0x00, 0x00, 0x00, 0x00, 0x00, 0x00,
  0x00, 0x00, 0x00, 0x00, 0x00, 0x00, 0x00, 0x00, 0x00, 0x00, 0x00, 0x00, 0x00, 0x00, 0x00, 0x00,
  0x00, 0x00, 0x00, 0x00, 0x00, 0x00, 0x00, 0x00, 0x00, 0x00, 0x00, 0x00, 0x00, 0x00, 0x00, 0x00,
  0x00, 0x00, 0x00, 0x00, 0x00, 0x00, 0x00, 0x00, 0x00, 0x00, 0x00, 0x00, 0x00, 0x00, 0x00, 0x00,
  0x00, 0x00, 0x00, 0x00, 0x00, 0x00, 0x00, 0x00, 0x00, 0x00, 0x00, 0x00, 0x00, 0x00, 0x00, 0x00,
  0x00, 0x00, 0x00, 0x00, 0x00, 0x00, 0x00, 0x00, 0x00, 0x00, 0x00, 0x00, 0x00, 0x00, 0x00, 0x00,
  0x00, 0x00, 0x00, 0x00, 0x00, 0x00, 0x00, 0x00, 0x00, 0x00, 0x00, 0x00, 0x00, 0x00, 0x00, 0x00,
  0x00, 0x00, 0x00, 0x00, 0x00, 0x00, 0x00, 0x00, 0x00, 0x00, 0x00, 0x00, 0x00, 0x00, 0x00, 0x00,
  0x00, 0x00, 0x00, 0x00, 0x00, 0x00, 0x00, 0x00, 0x00, 0x00, 0x00, 0x00, 0x00, 0x00, 0x00, 0x00,
  0x00, 0x00, 0x00, 0x00, 0x00, 0x00, 0x00, 0x00, 0x00, 0x00, 0x00, 0x00, 0x00, 0x00, 0x00, 0x00,
  0x00, 0x00, 0x00, 0x00, 0x00, 0x00, 0x00, 0x00, 0x00, 0x00, 0x00, 0x00, 0x00, 0x00, 0x00, 0x00,
  0x00, 0x00, 0x00, 0x00, 0x00, 0x00, 0x00, 0x00, 0x00, 0x00, 0x00, 0x00, 0x00, 0x00, 0x00, 0x00,
  0x00, 0x00, 0x00, 0x00, 0x00, 0x00, 0x00, 0x00, 0x00, 0x00, 0x00, 0x00, 0x00, 0x00, 0x00, 0x00,
  0x00, 0x00, 0x00, 0x00, 0x00, 0x00, 0x00, 0x00, 0x00, 0x00, 0x00, 0x00, 0x00, 0x00, 0x00, 0x00,
  0x00, 0x00, 0x00, 0x00, 0x00, 0x00, 0x00, 0x00, 0x00, 0x00, 0x00, 0x00, 0x00, 0x00, 0x00, 0x00,
  0x00, 0x00, 0x00, 0x00, 0x00, 0x00, 0x00, 0x00, 0x00, 0x00, 0x00, 0x00, 0x00, 0x00, 0x00, 0x00,
  0x00, 0x00, 0x00, 0x00, 0x00, 0x00, 0x00, 0x00, 0x00, 0x00, 0x00, 0x00, 0x00, 0x00, 0x00, 0x00,
  0x00, 0x00, 0x00, 0x00, 0x00, 0x00, 0x00, 0x00, 0x00, 0x00, 0x00, 0x00, 0x00, 0x00, 0x00, 0x00,
  0x00, 0x00, 0x00, 0x00, 0x00, 0x00, 0x00, 0x00, 0x00, 0x00, 0x00, 0x00, 0x00, 0x00, 0x00, 0x00,
  0x00, 0x00, 0x00, 0x00, 0x00, 0x00, 0x00, 0x00, 0x00, 0x00, 0x00, 0x00, 0x00, 0x00, 0x00, 0x00,
  0x00, 0x00, 0x00, 0x00, 0x00, 0x00, 0x00, 0x00, 0x00, 0x00, 0x00, 0x00, 0x00, 0x00, 0x00, 0x00,
  0x00, 0x00, 0x00, 0x00, 0x00, 0x00, 0x00, 0x00, 0x00, 0x00, 0x00, 0x00, 0x00, 0x00, 0x00, 0x00,
  0x00, 0x00, 0x00, 0x00, 0x00, 0x00, 0x00, 0x00, 0x00, 0x00, 0x00, 0x00, 0x00, 0x00, 0x00, 0x00,
  0x00, 0x00, 0x00, 0x00, 0x00, 0x00, 0x00, 0x00, 0x00, 0x00, 0x00, 0x00, 0x00, 0x00, 0x00, 0x00,
  0x00, 0x00, 0x00, 0x00, 0x00, 0x00, 0x00, 0x00, 0x00, 0x00, 0x00, 0x00, 0x00, 0x00, 0x00, 0x00,
  0x00, 0x00, 0x00, 0x00, 0x00, 0x00, 0x00, 0x00, 0x00, 0x00, 0x00, 0x00, 0x00, 0x00, 0x00, 0x00,
  0x00, 0x00, 0x00, 0x00, 0x00, 0x00, 0x00, 0x00, 0x00, 0x00, 0x00, 0x00, 0x00, 0x00, 0x00, 0x00,
  0x00, 0x00, 0x00, 0x00, 0x00, 0x00, 0x00, 0x00, 0x00, 0x00, 0x00, 0x00, 0x00, 0x00, 0x00, 0x00,
  0x00, 0x00, 0x00, 0x00, 0x00, 0x00, 0x00, 0x00, 0x00, 0x00, 0x00, 0x00, 0x00, 0x00, 0x00, 0x00,
  0x00, 0x00, 0x00, 0x00, 0x00, 0x00, 0x00, 0x00, 0x00, 0x00, 0x00, 0x00, 0x00, 0x00, 0x00, 0x00,
  0x00, 0x00, 0x00, 0x00, 0x00, 0x00, 0x00, 0x00, 0x00, 0x00, 0x00, 0x00, 0x00, 0x00, 0x00, 0x00,
  0x00, 0x00, 0x00, 0x00, 0x00, 0x00, 0x00, 0x00, 0x00, 0x00, 0x00, 0x00, 0x00, 0x00, 0x00, 0x00,
  0x00, 0x00, 0x00, 0x00, 0x00, 0x00, 0x00, 0x00, 0x00, 0x00, 0x00, 0x00, 0x00, 0x00, 0x00, 0x00,
  0x00, 0x00, 0x00, 0x00, 0x00, 0x00, 0x00, 0x00, 0x00, 0x00, 0x00, 0x00, 0x00, 0x00, 0x00, 0x00,
  0x00, 0x00, 0x00, 0x00, 0x00, 0x00, 0x00, 0x00, 0x00, 0x00, 0x00, 0x00, 0x00, 0x00, 0x00, 0x00,
  0x00, 0x00, 0x00, 0x00, 0x00, 0x00, 0x00, 0x00, 0x00, 0x00, 0x00, 0x00, 0x00, 0x00, 0x00, 0x00,
  0x00, 0x00, 0x00, 0x00, 0x00, 0x00, 0x00, 0x00, 0x00, 0x00, 0x00, 0x00, 0x00, 0x00, 0x00, 0x00,
  0x00, 0x00, 0x00, 0x00, 0x00, 0x00, 0x00, 0x00, 0x00, 0x00, 0x00, 0x00, 0x00, 0x00, 0x00, 0x00,
  0x00, 0x00, 0x00, 0x00, 0x00, 0x00, 0x00, 0x00, 0x00, 0x00, 0x00, 0x00, 0x00, 0x00, 0x00, 0x00,
  0x00, 0x00, 0x00, 0x00, 0x00, 0x00, 0x00, 0x00, 0x00, 0x00, 0x00, 0x00, 0x00, 0x00, 0x00, 0x00,
  0x00, 0x00, 0x00, 0x00, 0x00, 0x00, 0x00, 0x00, 0x00, 0x00, 0x00, 0x00, 0x00, 0x00, 0x00, 0x00,
  0x00, 0x00, 0x00, 0x00, 0x00, 0x00, 0x00, 0x00, 0x00, 0x00, 0x00, 0x00, 0x00, 0x00, 0x00, 0x00,
  0x00, 0x00, 0x00, 0x00, 0x00, 0x00, 0x00, 0x00, 0x00, 0x00, 0x00, 0x00, 0x00, 0x00, 0x00, 0x00,
  0x00, 0x00, 0x00, 0x00, 0x00, 0x00, 0x00, 0x00, 0x00, 0x00, 0x00, 0x00, 0x00, 0x00, 0x00, 0x00,
  0x00, 0x00, 0x00, 0x00, 0x00, 0x00, 0x00, 0x00, 0x00, 0x00, 0x00, 0x00, 0x00, 0x00, 0x00, 0x00,
  0x00, 0x00, 0x00, 0x00, 0x00, 0x00, 0x00, 0x00, 0x00, 0x00, 0x00, 0x00, 0x00, 0x00, 0x00, 0x00,
  0x00, 0x00, 0x00, 0x00, 0x00, 0x00, 0x00, 0x00, 0x00, 0x00, 0x00, 0x00, 0x00, 0x00, 0x00, 0x00,
  0x00, 0x00, 0x00, 0x00, 0x00, 0x00, 0x00, 0x00, 0x00, 0x00, 0x00, 0x00, 0x00, 0x00, 0x00, 0x00,
  0x00, 0x00, 0x00, 0x00, 0x00, 0x00, 0x00, 0x00, 0x00, 0x00, 0x00, 0x00, 0x00, 0x00, 0x00, 0x00,
  0x00, 0x00, 0x00, 0x00, 0x00, 0x00, 0x00, 0x00, 0x00, 0x00, 0x00, 0x00, 0x00, 0x00, 0x00, 0x00,
  0x00, 0x00, 0x00, 0x00, 0x00, 0x00, 0x00, 0x00, 0x00, 0x00, 0x00, 0x00, 0x00, 0x00, 0x00, 0x00,
  0x00, 0x00, 0x00, 0x00, 0x00, 0x00, 0x00, 0x00, 0x00, 0x00, 0x00, 0x00, 0x00, 0x00, 0x00, 0x00,
  0x00, 0x00, 0x00, 0x00, 0x00, 0x00, 0x00, 0x00, 0x00, 0x00, 0x00, 0x00, 0x00, 0x00, 0x00, 0x00,
  0x00, 0x00, 0x00, 0x00, 0x00, 0x00, 0x00, 0x00, 0x00, 0x00, 0x00, 0x00, 0x00, 0x00, 0x00, 0x00,
  0x00, 0x00, 0x00, 0x00, 0x00, 0x00, 0x00, 0x00, 0x00, 0x00, 0x00, 0x00, 0x00, 0x00, 0x00, 0x00,
  0x00, 0x00, 0x00, 0x00, 0x00, 0x00, 0x00, 0x00, 0x00, 0x00, 0x00, 0x00, 0x00, 0x00, 0x00, 0x00,
  0x00, 0x00, 0x00, 0x00, 0x00, 0x00, 0x00, 0x00, 0x00, 0x00, 0x00, 0x00, 0x00, 0x00, 0x00, 0x00,
  0x00, 0x00, 0x00, 0x00, 0x00, 0x00, 0x00, 0x00, 0x00, 0x00, 0x00, 0x00, 0x00, 0x00, 0x00, 0x00,
  0x00, 0x00, 0x00, 0x00, 0x00, 0x00, 0x00, 0x00, 0x00, 0x00, 0x00, 0x00, 0x00, 0x00, 0x00, 0x00,
  0x00, 0x00, 0x00, 0x00, 0x00, 0x00, 0x00, 0x00, 0x00, 0x00, 0x00, 0x00, 0x00, 0x00, 0x00, 0x00,
  0x00, 0x00, 0x00, 0x00, 0x00, 0x00, 0x00, 0x00, 0x00, 0x00, 0x00, 0x00, 0x00, 0x00, 0x00, 0x00,
  0x00, 0x00, 0x00, 0x00, 0x00, 0x00, 0x00, 0x00, 0x00, 0x00, 0x00, 0x00, 0x00, 0x00, 0x00, 0x00,
  0x00, 0x00, 0x00, 0x00, 0x00, 0x00, 0x00, 0x00, 0x00, 0x00, 0x00, 0x00, 0x00, 0x00, 0x00, 0x00,
  0x00, 0x00, 0x00, 0x00, 0x00, 0x00, 0x00, 0x00, 0x00, 0x00, 0x00, 0x00, 0x00, 0x00, 0x00, 0x00,
  0x00, 0x00, 0x00, 0x00, 0x00, 0x00, 0x00, 0x00, 0x00, 0x00, 0x00, 0x00, 0x00, 0x00, 0x00, 0x00,
  0x00, 0x00, 0x00, 0x00, 0x00, 0x00, 0x00, 0x00, 0x00, 0x00, 0x00, 0x00, 0x00, 0x00, 0x00, 0x00,
  0x00, 0x00, 0x00, 0x00, 0x00, 0x00, 0x00, 0x00, 0x00, 0x00, 0x00, 0x00, 0x00, 0x00, 0x00, 0x00,
  0x00, 0x00, 0x00, 0x00, 0x00, 0x00, 0x00, 0x00, 0x00, 0x00, 0x00, 0x00, 0x00, 0x00, 0x00, 0x00,
  0x00, 0x00, 0x00, 0x00, 0x00, 0x00, 0x00, 0x00, 0x00, 0x00, 0x00, 0x00, 0x00, 0x00, 0x00, 0x00,
  0x00, 0x00, 0x00, 0x00, 0x00, 0x00, 0x00, 0x00, 0x00, 0x00, 0x00, 0x00, 0x00, 0x00, 0x00, 0x00,
  0x00, 0x00, 0x00, 0x00, 0x00, 0x00, 0x00, 0x00, 0x00, 0x00, 0x00, 0x00, 0x00, 0x00, 0x00, 0x00,
  0x00, 0x00, 0x00, 0x00, 0x00, 0x00, 0x00, 0x00, 0x00, 0x00, 0x00, 0x00, 0x00, 0x00, 0x00, 0x00,
  0x00, 0x00, 0x00, 0x00, 0x00, 0x00, 0x00, 0x00, 0x00, 0x00, 0x00, 0x00, 0x00, 0x00, 0x00, 0x00,
  0x00, 0x00, 0x00, 0x00, 0x00, 0x00, 0x00, 0x00, 0x00, 0x00, 0x00, 0x00, 0x00, 0x00, 0x00, 0x00,
  0x00, 0x00, 0x00, 0x00, 0x00, 0x00, 0x00, 0x00, 0x00, 0x00, 0x00, 0x00, 0x00, 0x00, 0x00, 0x00,
  0x00, 0x00, 0x00, 0x00, 0x00, 0x00, 0x00, 0x00, 0x00, 0x00, 0x00, 0x00, 0x00, 0x00, 0x00, 0x00,
  0x00, 0x00, 0x00, 0x00, 0x00, 0x00, 0x00, 0x00, 0x00, 0x00, 0x00, 0x00, 0x00, 0x00, 0x00, 0x00,
  0x00, 0x00, 0x00, 0x00, 0x00, 0x00, 0x00, 0x00, 0x00, 0x00, 0x00, 0x00, 0x00, 0x00, 0x00, 0x00,
  0x00, 0x00, 0x00, 0x00, 0x00, 0x00, 0x00, 0x00, 0x00, 0x00, 0x00, 0x00, 0x00, 0x00, 0x00, 0x00,
  0x00, 0x00, 0x00, 0x00, 0x00, 0x00, 0x00, 0x00, 0x00, 0x00, 0x00, 0x00, 0x00, 0x00, 0x00, 0x00,
  0x00, 0x00, 0x00, 0x00, 0x00, 0x00, 0x00, 0x00, 0x00, 0x00, 0x00, 0x00, 0x00, 0x00, 0x00, 0x00,
  0x00, 0x00, 0x00, 0x00, 0x00, 0x00, 0x00, 0x00, 0x00, 0x00, 0x00, 0x00, 0x00, 0x00, 0x00, 0x00,
  0x00, 0x00, 0x00, 0x00, 0x00, 0x00, 0x00, 0x00, 0x00, 0x00, 0x00, 0x00, 0x00, 0x00, 0x00, 0x00,
  0x00, 0x00, 0x00, 0x00, 0x00, 0x00, 0x00, 0x00, 0x00, 0x00, 0x00, 0x00, 0x00, 0x00, 0x00, 0x00,
  0x00, 0x00, 0x00, 0x00, 0x00, 0x00, 0x00, 0x00, 0x00, 0x00, 0x00, 0x00, 0x00, 0x00, 0x00, 0x00,
  0x00, 0x00, 0x00, 0x00, 0x00, 0x00, 0x00, 0x00, 0x00, 0x00, 0x00, 0x00, 0x00, 0x00, 0x00, 0x00,
  0x00, 0x00, 0x00, 0x00, 0x00, 0x00, 0x00, 0x00, 0x00, 0x00, 0x00, 0x00, 0x00, 0x00, 0x00, 0x00,
  0x00, 0x00, 0x00, 0x00, 0x00, 0x00, 0x00, 0x00, 0x00, 0x00, 0x00, 0x00, 0x00, 0x00, 0x00, 0x00,
  0x00, 0x00, 0x00, 0x00, 0x00, 0x00, 0x00, 0x00, 0x00, 0x00, 0x00, 0x00, 0x00, 0x00, 0x00, 0x00,
  0x00, 0x00, 0x00, 0x00, 0x00, 0x00, 0x00, 0x00, 0x00, 0x00, 0x00, 0x00, 0x00, 0x00, 0x00, 0x00,
  0x00, 0x00, 0x00, 0x00, 0x00, 0x00, 0x00, 0x00, 0x00, 0x00, 0x00, 0x00, 0x00, 0x00, 0x00, 0x00,
  0x00, 0x00, 0x00, 0x00, 0x00, 0x00, 0x00, 0x00, 0x00, 0x00, 0x00, 0x00, 0x00, 0x00, 0x00, 0x00,
  0x00, 0x00, 0x00, 0x00, 0x00, 0x00, 0x00, 0x00, 0x00, 0x00, 0x00, 0x00, 0x00, 0x00, 0x00, 0x00,
  0x00, 0x00, 0x00, 0x00, 0x00, 0x00, 0x00, 0x00, 0x00, 0x00, 0x00, 0x00, 0x00, 0x00, 0x00, 0x00,
  0x00, 0x00, 0x00, 0x00, 0x00, 0x00, 0x00, 0x00, 0x00, 0x00, 0x00, 0x00, 0x00, 0x00, 0x00, 0x00,
  0x00, 0x00, 0x00, 0x00, 0x00, 0x00, 0x00, 0x00, 0x00, 0x00, 0x00, 0x00, 0x00, 0x00, 0x00, 0x00,
  0x00, 0x00, 0x00, 0x00, 0x00, 0x00, 0x00, 0x00, 0x00, 0x00, 0x00, 0x00, 0x00, 0x00, 0x00, 0x00,
  0x00, 0x00, 0x00, 0x00, 0x00, 0x00, 0x00, 0x00, 0x00, 0x00, 0x00, 0x00, 0x00, 0x00, 0x00, 0x00,
  0x00, 0x00, 0x00, 0x00, 0x00, 0x00, 0x00, 0x00, 0x00, 0x00, 0x00, 0x00, 0x00, 0x00, 0x00, 0x00,
  0x00, 0x00, 0x00, 0x00, 0x00, 0x00, 0x00, 0x00, 0x00, 0x00, 0x00, 0x00, 0x00, 0x00, 0x00, 0x00,
  0x00, 0x00, 0x00, 0x00, 0x00, 0x00, 0x00, 0x00, 0x00, 0x00, 0x00, 0x00, 0x00, 0x00, 0x00, 0x00,
  0x00, 0x00, 0x00, 0x00, 0x00, 0x00, 0x00, 0x00, 0x00, 0x00, 0x00, 0x00, 0x00, 0x00, 0x00, 0x00,
  0x00, 0x00, 0x00, 0x00, 0x00, 0x00, 0x00, 0x00, 0x00, 0x00, 0x00, 0x00, 0x00, 0x00, 0x00, 0x00,
  0x00, 0x00, 0x00, 0x00, 0x00, 0x00, 0x00, 0x00, 0x00, 0x00, 0x00, 0x00, 0x00, 0x00, 0x00, 0x00,
  0x00, 0x00, 0x00, 0x00, 0x00, 0x00, 0x00, 0x00, 0x00, 0x00, 0x00, 0x00, 0x00, 0x00, 0x00, 0x00,
  0x00, 0x00, 0x00, 0x00, 0x00, 0x00, 0x00, 0x00, 0x00, 0x00, 0x00, 0x00, 0x00, 0x00, 0x00, 0x00,
  0x00, 0x00, 0x00, 0x00, 0x00, 0x00, 0x00, 0x00, 0x00, 0x00, 0x00, 0x00, 0x00, 0x00, 0x00, 0x00,
  0x00, 0x00, 0x00, 0x00, 0x00, 0x00, 0x00, 0x00, 0x00, 0x00, 0x00, 0x00, 0x00, 0x00, 0x00, 0x00,
  0x00, 0x00, 0x00, 0x00, 0x00, 0x00, 0x00, 0x00, 0x00, 0x00, 0x00, 0x00, 0x00, 0x00, 0x00, 0x00,
  0x00, 0x00, 0x00, 0x00, 0x00, 0x00, 0x00, 0x00, 0x00, 0x00, 0x00, 0x00, 0x00, 0x00, 0x00, 0x00,
  0x00, 0x00, 0x00, 0x00, 0x00, 0x00, 0x00, 0x00, 0x00, 0x00, 0x00, 0x00, 0x00, 0x00, 0x00, 0x00,
  0x00, 0x00, 0x00, 0x00, 0x00, 0x00, 0x00, 0x00, 0x00, 0x00, 0x00, 0x00, 0x00, 0x00, 0x00, 0x00,
  0x00, 0x00, 0x00, 0x00, 0x00, 0x00, 0x00, 0x00, 0x00, 0x00, 0x00, 0x00, 0x00, 0x00, 0x00, 0x00,
  0x00, 0x00, 0x00, 0x00, 0x00, 0x00, 0x00, 0x00, 0x00, 0x00, 0x00, 0x00, 0x00, 0x00, 0x00, 0x00,
  0x00, 0x00, 0x00, 0x00, 0x00, 0x00, 0x00, 0x00, 0x00, 0x00, 0x00, 0x00, 0x00, 0x00, 0x00, 0x00,
  0x00, 0x00, 0x00, 0x00, 0x00, 0x00, 0x00, 0x00, 0x00, 0x00, 0x00, 0x00, 0x00, 0x00, 0x00, 0x00,
  0x00, 0x00, 0x00, 0x00, 0x00, 0x00, 0x00, 0x00, 0x00, 0x00, 0x00, 0x00, 0x00, 0x00, 0x00, 0x00,
  0x00, 0x00, 0x00, 0x00, 0x00, 0x00, 0x00, 0x00, 0x00, 0x00, 0x00, 0x00, 0x00, 0x00, 0x00, 0x00,
  0x00, 0x00, 0x00, 0x00, 0x00, 0x00, 0x00, 0x00, 0x00, 0x00, 0x00, 0x00, 0x00, 0x00, 0x00, 0x00,
  0x00, 0x00, 0x00, 0x00, 0x00, 0x00, 0x00, 0x00, 0x00, 0x00, 0x00, 0x00, 0x00, 0x00, 0x00, 0x00,
  0x00, 0x00, 0x00, 0x00, 0x00, 0x00, 0x00, 0x00, 0x00, 0x00, 0x00, 0x00, 0x00, 0x00, 0x00, 0x00,
  0x00, 0x00, 0x00, 0x00, 0x00, 0x00, 0x00, 0x00, 0x00, 0x00, 0x00, 0x00, 0x00, 0x00, 0x00, 0x00,
  0x00, 0x00, 0x00, 0x00, 0x00, 0x00, 0x00, 0x00, 0x00, 0x00, 0x00, 0x00, 0x00, 0x00, 0x00, 0x00,
  0x00, 0x00, 0x00, 0x00, 0x00, 0x00, 0x00, 0x00, 0x00, 0x00, 0x00, 0x00, 0x00, 0x00, 0x00, 0x00,
  0x00, 0x00, 0x00, 0x00, 0x00, 0x00, 0x00, 0x00, 0x00, 0x00, 0x00, 0x00, 0x00, 0x00, 0x00, 0x00,
  0x00, 0x00, 0x00, 0x00, 0x00, 0x00, 0x00, 0x00, 0x00, 0x00, 0x00, 0x00, 0x00, 0x00, 0x00, 0x00,
  0x00, 0x00, 0x00, 0x00, 0x00, 0x00, 0x00, 0x00, 0x00, 0x00, 0x00, 0x00, 0x00, 0x00, 0x00, 0x00,
  0x00, 0x00, 0x00, 0x00, 0x00, 0x00, 0x00, 0x00, 0x00, 0x00, 0x00, 0x00, 0x00, 0x00, 0x00, 0x00,
  0x00, 0x00, 0x00, 0x00, 0x00, 0x00, 0x00, 0x00, 0x00, 0x00, 0x00, 0x00, 0x00, 0x00, 0x00, 0x00,
  0x00, 0x00, 0x00, 0x00, 0x00, 0x00, 0x00, 0x00, 0x00, 0x00, 0x00, 0x00, 0x00, 0x00, 0x00, 0x00,
  0x00, 0x00, 0x00, 0x00, 0x00, 0x00, 0x00, 0x00, 0x00, 0x00, 0x00, 0x00, 0x00, 0x00, 0x00, 0x00,
  0x00, 0x00, 0x00, 0x00, 0x00, 0x00, 0x00, 0x00, 0x00, 0x00, 0x00, 0x00, 0x00, 0x00, 0x00, 0x00,
  0x00, 0x00, 0x00, 0x00, 0x00, 0x00, 0x00, 0x00, 0x00, 0x00, 0x00, 0x00, 0x00, 0x00, 0x00, 0x00,
  0x00, 0x00, 0x00, 0x00, 0x00, 0x00, 0x00, 0x00, 0x00, 0x00, 0x00, 0x00, 0x00, 0x00, 0x00, 0x00,
  0x00, 0x00, 0x00, 0x00, 0x00, 0x00, 0x00, 0x00, 0x00, 0x00, 0x00, 0x00, 0x00, 0x00, 0x00, 0x00,
  0x00, 0x00, 0x00, 0x00, 0x00, 0x00, 0x00, 0x00, 0x00, 0x00, 0x00, 0x00, 0x00, 0x00, 0x00, 0x00,
  0x00, 0x00, 0x00, 0x00, 0x00, 0x00, 0x00, 0x00, 0x00, 0x00, 0x00, 0x00, 0x00, 0x00, 0x00, 0x00,
  0x00, 0x00, 0x00, 0x00, 0x00, 0x00, 0x00, 0x00, 0x00, 0x00, 0x00, 0x00, 0x00, 0x00, 0x00, 0x00,
  0x00, 0x00, 0x00, 0x00, 0x00, 0x00, 0x00, 0x00, 0x00, 0x00, 0x00, 0x00, 0x00, 0x00, 0x00, 0x00,
  0x00, 0x00, 0x00, 0x00, 0x00, 0x00, 0x00, 0x00, 0x00, 0x00, 0x00, 0x00, 0x00, 0x00, 0x00, 0x00,
  0x00, 0x00, 0x00, 0x00, 0x00, 0x00, 0x00, 0x00, 0x00, 0x00, 0x00, 0x00, 0x00, 0x00, 0x00, 0x00,
  0x00, 0x00, 0x00, 0x00, 0x00, 0x00, 0x00, 0x00, 0x00, 0x00, 0x00, 0x00, 0x00, 0x00, 0x00, 0x00,
  0x00, 0x00, 0x00, 0x00, 0x00, 0x00, 0x00, 0x00, 0x00, 0x00, 0x00, 0x00, 0x00, 0x00, 0x00, 0x00,
  0x00, 0x00, 0x00, 0x00, 0x00, 0x00, 0x00, 0x00, 0x00, 0x00, 0x00, 0x00, 0x00, 0x00, 0x00, 0x00,
  0x00, 0x00, 0x00, 0x00, 0x00, 0x00, 0x00, 0x00, 0x00, 0x00, 0x00, 0x00, 0x00, 0x00, 0x00, 0x00,
  0x00, 0x00, 0x00, 0x00, 0x00, 0x00, 0x00, 0x00, 0x00, 0x00, 0x00, 0x00, 0x00, 0x00, 0x00, 0x00,
  0x00, 0x00, 0x00, 0x00, 0x00, 0x00, 0x00, 0x00, 0x00, 0x00, 0x00, 0x00, 0x00, 0x00, 0x00, 0x00,
  0x00, 0x00, 0x00, 0x00, 0x00, 0x00, 0x00, 0x00, 0x00, 0x00, 0x00, 0x00, 0x00, 0x00, 0x00, 0x00,
  0x00, 0x00, 0x00, 0x00, 0x00, 0x00, 0x00, 0x00, 0x00, 0x00, 0x00, 0x00, 0x00, 0x00, 0x00, 0x00,
  0x00, 0x00, 0x00, 0x00, 0x00, 0x00, 0x00, 0x00, 0x00, 0x00, 0x00, 0x00, 0x00, 0x00, 0x00, 0x00,
  0x00, 0x00, 0x00, 0x00, 0x00, 0x00, 0x00, 0x00, 0x00, 0x00, 0x00, 0x00, 0x00, 0x00, 0x00, 0x00,
  0x00, 0x00, 0x00, 0x00, 0x00, 0x00, 0x00, 0x00, 0x00, 0x00, 0x00, 0x00, 0x00, 0x00, 0x00, 0x00,
  0x00, 0x00, 0x00, 0x00, 0x00, 0x00, 0x00, 0x00, 0x00, 0x00, 0x00, 0x00, 0x00, 0x00, 0x00, 0x00,
  0x00, 0x00, 0x00, 0x00, 0x00, 0x00, 0x00, 0x00, 0x00, 0x00, 0x00, 0x00, 0x00, 0x00, 0x00, 0x00,
  0x00, 0x00, 0x00, 0x00, 0x00, 0x00, 0x00, 0x00, 0x00, 0x00, 0x00, 0x00, 0x00, 0x00, 0x00, 0x00,
  0x00, 0x00, 0x00, 0x00, 0x00, 0x00, 0x00, 0x00, 0x00, 0x00, 0x00, 0x00, 0x00, 0x00, 0x00, 0x00,
  0x00, 0x00, 0x00, 0x00, 0x00, 0x00, 0x00, 0x00, 0x00, 0x00, 0x00, 0x00, 0x00, 0x00, 0x00, 0x00,
  0x00, 0x00, 0x00, 0x00, 0x00, 0x00, 0x00, 0x00, 0x00, 0x00, 0x00, 0x00, 0x00, 0x00, 0x00, 0x00,
  0x00, 0x00, 0x00, 0x00, 0x00, 0x00, 0x00, 0x00, 0x00, 0x00, 0x00, 0x00, 0x00, 0x00, 0x00, 0x00,
  0x00, 0x00, 0x00, 0x00, 0x00, 0x00, 0x00, 0x00, 0x00, 0x00, 0x00, 0x00, 0x00, 0x00, 0x00, 0x00,
  0x00, 0x00, 0x00, 0x00, 0x00, 0x00, 0x00, 0x00, 0x00, 0x00, 0x00, 0x00, 0x00, 0x00, 0x00, 0x00,
  0x00, 0x00, 0x00, 0x00, 0x00, 0x00, 0x00, 0x00, 0x00, 0x00, 0x00, 0x00, 0x00, 0x00, 0x00, 0x00,
  0x00, 0x00, 0x00, 0x00, 0x00, 0x00, 0x00, 0x00, 0x00, 0x00, 0x00, 0x00, 0x00, 0x00, 0x00, 0x00,
  0x00, 0x00, 0x00, 0x00, 0x00, 0x00, 0x00, 0x00, 0x00, 0x00, 0x00, 0x00, 0x00, 0x00, 0x00, 0x00,
  0x00, 0x00, 0x00, 0x00, 0x00, 0x00, 0x00, 0x00, 0x00, 0x00, 0x00, 0x00, 0x00, 0x00, 0x00, 0x00,
  0x00, 0x00, 0x00, 0x00, 0x00, 0x00, 0x00, 0x00, 0x00, 0x00, 0x00, 0x00, 0x00, 0x00, 0x00, 0x00,
  0x00, 0x00, 0x00, 0x00, 0x00, 0x00, 0x00, 0x00, 0x00, 0x00, 0x00, 0x00, 0x00, 0x00, 0x00, 0x00,
  0x00, 0x00, 0x00, 0x00, 0x00, 0x00, 0x00, 0x00, 0x00, 0x00, 0x00, 0x00, 0x00, 0x00, 0x00, 0x00,
  0x00, 0x00, 0x00, 0x00, 0x00, 0x00, 0x00, 0x00, 0x00, 0x00, 0x00, 0x00, 0x00, 0x00, 0x00, 0x00,
  0x00, 0x00, 0x00, 0x00, 0x00, 0x00, 0x00, 0x00, 0x00, 0x00, 0x00, 0x00, 0x00, 0x00, 0x00, 0x00,
  0x00, 0x00, 0x00, 0x00, 0x00, 0x00, 0x00, 0x00, 0x00, 0x00, 0x00, 0x00, 0x00, 0x00, 0x00, 0x00,
  0x00, 0x00, 0x00, 0x00, 0x00, 0x00, 0x00, 0x00, 0x00, 0x00, 0x00, 0x00, 0x00, 0x00, 0x00, 0x00,
  0x00, 0x00, 0x00, 0x00, 0x00, 0x00, 0x00, 0x00, 0x00, 0x00, 0x00, 0x00, 0x00, 0x00, 0x00, 0x00,
  0x00, 0x00, 0x00, 0x00, 0x00, 0x00, 0x00, 0x00, 0x00, 0x00, 0x00, 0x00, 0x00, 0x00, 0x00, 0x00,
  0x00, 0x00, 0x00, 0x00, 0x00, 0x00, 0x00, 0x00, 0x00, 0x00, 0x00, 0x00, 0x00, 0x00, 0x00, 0x00,
  0x00, 0x00, 0x00, 0x00, 0x00, 0x00, 0x00, 0x00, 0x00, 0x00, 0x00, 0x00, 0x00, 0x00, 0x00, 0x00,
  0x00, 0x00, 0x00, 0x00, 0x00, 0x00, 0x00, 0x00, 0x00, 0x00, 0x00, 0x00, 0x00, 0x00, 0x00, 0x00,
  0x00, 0x00, 0x00, 0x00, 0x00, 0x00, 0x00, 0x00, 0x00, 0x00, 0x00, 0x00, 0x00, 0x00, 0x00, 0x00,
  0x00, 0x00, 0x00, 0x00, 0x00, 0x00, 0x00, 0x00, 0x00, 0x00, 0x00, 0x00, 0x00, 0x00, 0x00, 0x00,
  0x00, 0x00, 0x00, 0x00, 0x00, 0x00, 0x00, 0x00, 0x00, 0x00, 0x00, 0x00, 0x00, 0x00, 0x00, 0x00,
  0x00, 0x00, 0x00, 0x00, 0x00, 0x00, 0x00, 0x00, 0x00, 0x00, 0x00, 0x00, 0x00, 0x00, 0x00, 0x00,
  0x00, 0x00, 0x00, 0x00, 0x00, 0x00, 0x00, 0x00, 0x00, 0x00, 0x00, 0x00, 0x00, 0x00, 0x00, 0x00,
  0x00, 0x00, 0x00, 0x00, 0x00, 0x00, 0x00, 0x00, 0x00, 0x00, 0x00, 0x00, 0x00, 0x00, 0x00, 0x00,
  0x00, 0x00, 0x00, 0x00, 0x00, 0x00, 0x00, 0x00, 0x00, 0x00, 0x00, 0x00, 0x00, 0x00, 0x00, 0x00,
  0x00, 0x00, 0x00, 0x00, 0x00, 0x00, 0x00, 0x00, 0x00, 0x00, 0x00, 0x00, 0x00, 0x00, 0x00, 0x00,
  0x00, 0x00, 0x00, 0x00, 0x00, 0x00, 0x00, 0x00, 0x00, 0x00, 0x00, 0x00, 0x00, 0x00, 0x00, 0x00,
  0x00, 0x00, 0x00, 0x00, 0x00, 0x00, 0x00, 0x00, 0x00, 0x00, 0x00, 0x00, 0x00, 0x00, 0x00, 0x00,
  0x00, 0x00, 0x00, 0x00, 0x00, 0x00, 0x00, 0x00, 0x00, 0x00, 0x00, 0x00, 0x00, 0x00, 0x00, 0x00,
  0x00, 0x00, 0x00, 0x00, 0x00, 0x00, 0x00, 0x00, 0x00, 0x00, 0x00, 0x00, 0x00, 0x00, 0x00, 0x00,
  0x00, 0x00, 0x00, 0x00, 0x00, 0x00, 0x00, 0x00, 0x00, 0x00, 0x00, 0x00, 0x00, 0x00, 0x00, 0x00,
  0x00, 0x00, 0x00, 0x00, 0x00, 0x00, 0x00, 0x00, 0x00, 0x00, 0x00, 0x00, 0x00, 0x00, 0x00, 0x00,
  0x00, 0x00, 0x00, 0x00, 0x00, 0x00, 0x00, 0x00, 0x00, 0x00, 0x00, 0x00, 0x00, 0x00, 0x00, 0x00,
  0x00, 0x00, 0x00, 0x00, 0x00, 0x00, 0x00, 0x00, 0x00, 0x00, 0x00, 0x00, 0x00, 0x00, 0x00, 0x00,
  0x00, 0x00, 0x00, 0x00, 0x00, 0x00, 0x00, 0x00, 0x00, 0x00, 0x00, 0x00, 0x00, 0x00, 0x00, 0x00,
  0x00, 0x00, 0x00, 0x00, 0x00, 0x00, 0x00, 0x00, 0x00, 0x00, 0x00, 0x00, 0x00, 0x00, 0x00, 0x00,
  0x00, 0x00, 0x00, 0x00, 0x00, 0x00, 0x00, 0x00, 0x00, 0x00, 0x00, 0x00, 0x00, 0x00, 0x00, 0x00,
  0x00, 0x00, 0x00, 0x00, 0x00, 0x00, 0x00, 0x00, 0x00, 0x00, 0x00, 0x00, 0x00, 0x00, 0x00, 0x00,
  0x00, 0x00, 0x00, 0x00, 0x00, 0x00, 0x00, 0x00, 0x00, 0x00, 0x00, 0x00, 0x00, 0x00, 0x00, 0x00,
  0x00, 0x00, 0x00, 0x00, 0x00, 0x00, 0x00, 0x00, 0x00, 0x00, 0x00, 0x00, 0x00, 0x00, 0x00, 0x00,
  0x00, 0x00, 0x00, 0x00, 0x00, 0x00, 0x00, 0x00, 0x00, 0x00, 0x00, 0x00, 0x00, 0x00, 0x00, 0x00,
  0x00, 0x00, 0x00, 0x00, 0x00, 0x00, 0x00, 0x00, 0x00, 0x00, 0x00, 0x00, 0x00, 0x00, 0x00, 0x00,
  0x00, 0x00, 0x00, 0x00, 0x00, 0x00, 0x00, 0x00, 0x00, 0x00, 0x00, 0x00, 0x00, 0x00, 0x00, 0x00,
  0x00, 0x00, 0x00, 0x00, 0x00, 0x00, 0x00, 0x00, 0x00, 0x00, 0x00, 0x00, 0x00, 0x00, 0x00, 0x00,
  0x00, 0x00, 0x00, 0x00, 0x00, 0x00, 0x00, 0x00, 0x00, 0x00, 0x00, 0x00, 0x00, 0x00, 0x00, 0x00,
  0x00, 0x00, 0x00, 0x00, 0x00, 0x00, 0x00, 0x00, 0x00, 0x00, 0x00, 0x00, 0x00, 0x00, 0x00, 0x00,
  0x00, 0x00, 0x00, 0x00, 0x00, 0x00, 0x00, 0x00, 0x00, 0x00, 0x00, 0x00, 0x00, 0x00, 0x00, 0x00,
  0x00, 0x00, 0x00, 0x00, 0x00, 0x00, 0x00, 0x00, 0x00, 0x00, 0x00, 0x00, 0x00, 0x00, 0x00, 0x00,
  0x00, 0x00, 0x00, 0x00, 0x00, 0x00, 0x00, 0x00, 0x00, 0x00, 0x00, 0x00, 0x00, 0x00, 0x00, 0x00,
  0x00, 0x00, 0x00, 0x00, 0x00, 0x00, 0x00, 0x00, 0x00, 0x00, 0x00, 0x00, 0x00, 0x00, 0x00, 0x00,
  0x00, 0x00, 0x00, 0x00, 0x00, 0x00, 0x00, 0x00, 0x00, 0x00, 0x00, 0x00, 0x00, 0x00, 0x00, 0x00,
  0x00, 0x00, 0x00, 0x00, 0x00, 0x00, 0x00, 0x00, 0x00, 0x00, 0x00, 0x00, 0x00, 0x00, 0x00, 0x00,
  0x00, 0x00, 0x00, 0x00, 0x00, 0x00, 0x00, 0x00, 0x00, 0x00, 0x00, 0x00, 0x00, 0x00, 0x00, 0x00,
  0x00, 0x00, 0x00, 0x00, 0x00, 0x00, 0x00, 0x00, 0x00, 0x00, 0x00, 0x00, 0x00, 0x00, 0x00, 0x00,
  0x00, 0x00, 0x00, 0x00, 0x00, 0x00, 0x00, 0x00, 0x00, 0x00, 0x00, 0x00, 0x00, 0x00, 0x00, 0x00,
  0x00, 0x00, 0x00, 0x00, 0x00, 0x00, 0x00, 0x00, 0x00, 0x00, 0x00, 0x00, 0x00, 0x00, 0x00, 0x00,
  0x00, 0x00, 0x00, 0x00, 0x00, 0x00, 0x00, 0x00, 0x00, 0x00, 0x00, 0x00, 0x00, 0x00, 0x00, 0x00,
  0x00, 0x00, 0x00, 0x00, 0x00, 0x00, 0x00, 0x00, 0x00, 0x00, 0x00, 0x00, 0x00, 0x00, 0x00, 0x00,
  0x00, 0x00, 0x00, 0x00, 0x00, 0x00, 0x00, 0x00, 0x00, 0x00, 0x00, 0x00, 0x00, 0x00, 0x00, 0x00,
  0x00, 0x00, 0x00, 0x00, 0x00, 0x00, 0x00, 0x00, 0x00, 0x00, 0x00, 0x00, 0x00, 0x00, 0x00, 0x00,
  0x00, 0x00, 0x00, 0x00, 0x00, 0x00, 0x00, 0x00, 0x00, 0x00, 0x00, 0x00, 0x00, 0x00, 0x00, 0x00,
  0x00, 0x00, 0x00, 0x00, 0x00, 0x00, 0x00, 0x00, 0x00, 0x00, 0x00, 0x00, 0x00, 0x00, 0x00, 0x00,
  0x00, 0x00, 0x00, 0x00, 0x00, 0x00, 0x00, 0x00, 0x00, 0x00, 0x00, 0x00, 0x00, 0x00, 0x00, 0x00,
  0x00, 0x00, 0x00, 0x00, 0x00, 0x00, 0x00, 0x00, 0x00, 0x00, 0x00, 0x00, 0x00, 0x00, 0x00, 0x00,
  0x00, 0x00, 0x00, 0x00, 0x00, 0x00, 0x00, 0x00, 0x00, 0x00, 0x00, 0x00, 0x00, 0x00, 0x00, 0x00,
  0x00, 0x00, 0x00, 0x00, 0x00, 0x00, 0x00, 0x00, 0x00, 0x00, 0x00, 0x00, 0x00, 0x00, 0x00, 0x00,
  0x00, 0x00, 0x00, 0x00, 0x00, 0x00, 0x00, 0x00, 0x00, 0x00, 0x00, 0x00, 0x00, 0x00, 0x00, 0x00,
  0x00, 0x00, 0x00, 0x00, 0x00, 0x00, 0x00, 0x00, 0x00, 0x00, 0x00, 0x00, 0x00, 0x00, 0x00, 0x00,
  0x00, 0x00, 0x00, 0x00, 0x00, 0x00, 0x00, 0x00, 0x00, 0x00, 0x00, 0x00, 0x00, 0x00, 0x00, 0x00,
  0x00, 0x00, 0x00, 0x00, 0x00, 0x00, 0x00, 0x00, 0x00, 0x00, 0x00, 0x00, 0x00, 0x00, 0x00, 0x00,
  0x00, 0x00, 0x00, 0x00, 0x00, 0x00, 0x00, 0x00, 0x00, 0x00, 0x00, 0x00, 0x00, 0x00, 0x00, 0x00,
  0x00, 0x00, 0x00, 0x00, 0x00, 0x00, 0x00, 0x00, 0x00, 0x00, 0x00, 0x00, 0x00, 0x00, 0x00, 0x00,
  0x00, 0x00, 0x00, 0x00, 0x00, 0x00, 0x00, 0x00, 0x00, 0x00, 0x00, 0x00, 0x00, 0x00, 0x00, 0x00,
  0x00, 0x00, 0x00, 0x00, 0x00, 0x00, 0x00, 0x00, 0x00, 0x00, 0x00, 0x00, 0x00, 0x00, 0x00, 0x00,
  0x00, 0x00, 0x00, 0x00, 0x00, 0x00, 0x00, 0x00, 0x00, 0x00, 0x00, 0x00, 0x00, 0x00, 0x00, 0x00,
  0x00, 0x00, 0x00, 0x00, 0x00, 0x00, 0x00, 0x00, 0x00, 0x00, 0x00, 0x00, 0x00, 0x00, 0x00, 0x00,
  0x00, 0x00, 0x00, 0x00, 0x00, 0x00, 0x00, 0x00, 0x00, 0x00, 0x00, 0x00, 0x00, 0x00, 0x00, 0x00,
  0x00, 0x00, 0x00, 0x00, 0x00, 0x00, 0x00, 0x00, 0x00, 0x00, 0x00, 0x00, 0x00, 0x00, 0x00, 0x00,
  0x00, 0x00, 0x00, 0x00, 0x00, 0x00, 0x00, 0x00, 0x00, 0x00, 0x00, 0x00, 0x00, 0x00, 0x00, 0x00,
  0x00, 0x00, 0x00, 0x00, 0x00, 0x00, 0x00, 0x00, 0x00, 0x00, 0x00, 0x00, 0x00, 0x00, 0x00, 0x00,
  0x00, 0x00, 0x00, 0x00, 0x00, 0x00, 0x00, 0x00, 0x00, 0x00, 0x00, 0x00, 0x00, 0x00, 0x00, 0x00,
  0x00, 0x00, 0x00, 0x00, 0x00, 0x00, 0x00, 0x00, 0x00, 0x00, 0x00, 0x00, 0x00, 0x00, 0x00, 0x00,
  0x00, 0x00, 0x00, 0x00, 0x00, 0x00, 0x00, 0x00, 0x00, 0x00, 0x00, 0x00, 0x00, 0x00, 0x00, 0x00,
  0x00, 0x00, 0x00, 0x00, 0x00, 0x00, 0x00, 0x00, 0x00, 0x00, 0x00, 0x00, 0x00, 0x00, 0x00, 0x00,
  0x00, 0x00, 0x00, 0x00, 0x00, 0x00, 0x00, 0x00, 0x00, 0x00, 0x00, 0x00, 0x00, 0x00, 0x00, 0x00,
  0x00, 0x00, 0x00, 0x00, 0x00, 0x00, 0x00, 0x00, 0x00, 0x00, 0x00, 0x00, 0x00, 0x00, 0x00, 0x00,
  0x00, 0x00, 0x00, 0x00, 0x00, 0x00, 0x00, 0x00, 0x00, 0x00, 0x00, 0x00, 0x00, 0x00, 0x00, 0x00,
  0x00, 0x00, 0x00, 0x00, 0x00, 0x00, 0x00, 0x00, 0x00, 0x00, 0x00, 0x00, 0x00, 0x00, 0x00, 0x00,
  0x00, 0x00, 0x00, 0x00, 0x00, 0x00, 0x00, 0x00, 0x00, 0x00, 0x00, 0x00, 0x00, 0x00, 0x00, 0x00,
  0x00, 0x00, 0x00, 0x00, 0x00, 0x00, 0x00, 0x00, 0x00, 0x00, 0x00, 0x00, 0x00, 0x00, 0x00, 0x00,
  0x00, 0x00, 0x00, 0x00, 0x00, 0x00, 0x00, 0x00, 0x00, 0x00, 0x00, 0x00, 0x00, 0x00, 0x00, 0x00,
  0x00, 0x00, 0x00, 0x00, 0x00, 0x00, 0x00, 0x00, 0x00, 0x00, 0x00, 0x00, 0x00, 0x00, 0x00, 0x00,
  0x00, 0x00, 0x00, 0x00, 0x00, 0x00, 0x00, 0x00, 0x00, 0x00, 0x00, 0x00, 0x00, 0x00, 0x00, 0x00,
  0x00, 0x00, 0x00, 0x00, 0x00, 0x00, 0x00, 0x00, 0x00, 0x00, 0x00, 0x00, 0x00, 0x00, 0x00, 0x00,
  0x00, 0x00, 0x00, 0x00, 0x00, 0x00, 0x00, 0x00, 0x00, 0x00, 0x00, 0x00, 0x00, 0x00, 0x00, 0x00,
  0x00, 0x00, 0x00, 0x00, 0x00, 0x00, 0x00, 0x00, 0x00, 0x00, 0x00, 0x00, 0x00, 0x00, 0x00, 0x00,
  0x00, 0x00, 0x00, 0x00, 0x00, 0x00, 0x00, 0x00, 0x00, 0x00, 0x00, 0x00, 0x00, 0x00, 0x00, 0x00,
  0x00, 0x00, 0x00, 0x00, 0x00, 0x00, 0x00, 0x00, 0x00, 0x00, 0x00, 0x00, 0x00, 0x00, 0x00, 0x00,
  0x00, 0x00, 0x00, 0x00, 0x00, 0x00, 0x00, 0x00, 0x00, 0x00, 0x00, 0x00, 0x00, 0x00, 0x00, 0x00,
  0x00, 0x00, 0x00, 0x00, 0x00, 0x00, 0x00, 0x00, 0x00, 0x00, 0x00, 0x00, 0x00, 0x00, 0x00, 0x00,
  0x00, 0x00, 0x00, 0x00, 0x00, 0x00, 0x00, 0x00, 0x00, 0x00, 0x00, 0x00, 0x00, 0x00, 0x00, 0x00,
  0x00, 0x00, 0x00, 0x00, 0x00, 0x00, 0x00, 0x00, 0x00, 0x00, 0x00, 0x00, 0x00, 0x00, 0x00, 0x00,
  0x00, 0x00, 0x00, 0x00, 0x00, 0x00, 0x00, 0x00, 0x00, 0x00, 0x00, 0x00, 0x00, 0x00, 0x00, 0x00,
  0x00, 0x00, 0x00, 0x00, 0x00, 0x00, 0x00, 0x00, 0x00, 0x00, 0x00, 0x00, 0x00, 0x00, 0x00, 0x00,
  0x00, 0x00, 0x00, 0x00, 0x00, 0x00, 0x00, 0x00, 0x00, 0x00, 0x00, 0x00, 0x00, 0x00, 0x00, 0x00,
  0x00, 0x00, 0x00, 0x00, 0x00, 0x00, 0x00, 0x00, 0x00, 0x00, 0x00, 0x00, 0x00, 0x00, 0x00, 0x00,
  0x00, 0x00, 0x00, 0x00, 0x00, 0x00, 0x00, 0x00, 0x00, 0x00, 0x00, 0x00, 0x00, 0x00, 0x00, 0x00,
  0xFF, 0xFF, 0xFF, 0x01, 0xFF, 0xFF, 0xFF, 0x02, 0xFF, 0xFF, 0xFF, 0x03, 0xBF, 0xBF, 0xFF, 0x04,
  0xFF, 0xFF, 0xFF, 0x04, 0xFF, 0xFF, 0xFF, 0x04, 0xFF, 0xBF, 0xFF, 0x04, 0xBF, 0xBF, 0xFF, 0x04,
  0xFF, 0xFF, 0xFF, 0x03, 0xFF, 0xFF, 0xFF, 0x01, 0x00, 0x00, 0x00, 0x00, 0x00, 0x00, 0x00, 0x00,
  0x00, 0x00, 0x00, 0x00, 0x00, 0x00, 0x00, 0x00, 0x00, 0x00, 0x00, 0x00, 0x00, 0x00, 0x00, 0x00,
  0x00, 0x00, 0x00, 0x00, 0x00, 0x00, 0x00, 0x00, 0x00, 0x00, 0x00, 0x00, 0x00, 0x00, 0x00, 0x00,
  0x00, 0x00, 0x00, 0x00, 0x00, 0x00, 0x00, 0x00, 0x00, 0x00, 0x00, 0x00, 0x00, 0x00, 0x00, 0x00,
  0x00, 0x00, 0x00, 0x00, 0x00, 0x00, 0x00, 0x00, 0x00, 0x00, 0x00, 0x00, 0x00, 0x00, 0x00, 0x00,
  0x00, 0x00, 0x00, 0x00, 0x00, 0x00, 0x00, 0x00, 0x00, 0x00, 0x00, 0x00, 0x00, 0x00, 0x00, 0x00,
  0x00, 0x00, 0x00, 0x00, 0x00, 0x00, 0x00, 0x00, 0x00, 0x00, 0x00, 0x00, 0x00, 0x00, 0x00, 0x00,
  0x00, 0x00, 0x00, 0x00, 0x00, 0x00, 0x00, 0x00, 0x00, 0x00, 0x00, 0x00, 0x00, 0x00, 0x00, 0x00,
  0x00, 0x00, 0x00, 0x00, 0x00, 0x00, 0x00, 0x00, 0x00, 0x00, 0x00, 0x00, 0x00, 0x00, 0x00, 0x00,
  0xFF, 0xFF, 0xFF, 0x01, 0xFF, 0xFF, 0xFF, 0x02, 0xFF, 0xFF, 0xFF, 0x03, 0xBF, 0xBF, 0xFF, 0x04,
  0xFF, 0xFF, 0xFF, 0x04, 0xFF, 0xFF, 0xFF, 0x04, 0xFF, 0xFF, 0xFF, 0x04, 0xBF, 0xFF, 0xFF, 0x04,
  0xFF, 0xFF, 0xFF, 0x03, 0xFF, 0xFF, 0xFF, 0x02, 0xFF, 0xFF, 0xFF, 0x01, 0x00, 0x00, 0x00, 0x00,
  0x00, 0x00, 0x00, 0x00, 0x00, 0x00, 0x00, 0x00, 0x00, 0x00, 0x00, 0x00, 0x00, 0x00, 0x00, 0x00,
  0x00, 0x00, 0x00, 0x00, 0x00, 0x00, 0x00, 0x00, 0x00, 0x00, 0x00, 0x00, 0x00, 0x00, 0x00, 0x00,
  0x00, 0x00, 0x00, 0x00, 0x00, 0x00, 0x00, 0x00, 0x00, 0x00, 0x00, 0x00, 0x00, 0x00, 0x00, 0x00,
  0x00, 0x00, 0x00, 0x00, 0x00, 0x00, 0x00, 0x00, 0x00, 0x00, 0x00, 0x00, 0x00, 0x00, 0x00, 0x00,
  0x00, 0x00, 0x00, 0x00, 0x00, 0x00, 0x00, 0x00, 0x00, 0x00, 0x00, 0x00, 0x00, 0x00, 0x00, 0x00,
  0x00, 0x00, 0x00, 0x00, 0x00, 0x00, 0x00, 0x00, 0x00, 0x00, 0x00, 0x00, 0x00, 0x00, 0x00, 0x00,
  0x00, 0x00, 0x00, 0x00, 0x00, 0x00, 0x00, 0x00, 0x00, 0x00, 0x00, 0x00, 0x00, 0x00, 0x00, 0x00,
  0x00, 0x00, 0x00, 0x00, 0x00, 0x00, 0x00, 0x00, 0x00, 0x00, 0x00, 0x00, 0x00, 0x00, 0x00, 0x00,
  0x00, 0x00, 0x00, 0x00, 0x00, 0x00, 0x00, 0x00, 0x00, 0x00, 0x00, 0x00, 0x00, 0x00, 0x00, 0x00,
  0x00, 0x00, 0x00, 0x00, 0x00, 0x00, 0x00, 0x00, 0x00, 0x00, 0x00, 0x00, 0x00, 0x00, 0x00, 0x00,
  0x00, 0x00, 0x00, 0x00, 0x00, 0x00, 0x00, 0x00, 0x00, 0x00, 0x00, 0x00, 0x00, 0x00, 0x00, 0x00,
  0x00, 0x00, 0x00, 0x00, 0x00, 0x00, 0x00, 0x00, 0x00, 0x00, 0x00, 0x00, 0x00, 0x00, 0x00, 0x00,
  0x00, 0x00, 0x00, 0x00, 0x00, 0x00, 0x00, 0x00, 0x00, 0x00, 0x00, 0x00, 0x00, 0x00, 0x00, 0x00,
  0x00, 0x00, 0x00, 0x00, 0x00, 0x00, 0x00, 0x00, 0x00, 0x00, 0x00, 0x00, 0x00, 0x00, 0x00, 0x00,
  0x00, 0x00, 0x00, 0x00, 0x00, 0x00, 0x00, 0x00, 0x00, 0x00, 0x00, 0x00, 0x00, 0x00, 0x00, 0x00,
  0x00, 0x00, 0x00, 0x00, 0xFF, 0xFF, 0xFF, 0x02, 0xBF, 0xBF, 0xFF, 0x04, 0xFF, 0xFF, 0xFF, 0x02,
  0x00, 0x00, 0x00, 0x00, 0x00, 0x00, 0x00, 0x00, 0x00, 0x00, 0x00, 0x00, 0x00, 0x00, 0x00, 0x00,
  0x00, 0x00, 0x00, 0x00, 0x00, 0x00, 0x00, 0x00, 0x00, 0x00, 0x00, 0x00, 0x00, 0x00, 0x00, 0x00,
  0x00, 0x00, 0x00, 0x00, 0x00, 0x00, 0x00, 0x00, 0xFF, 0xFF, 0xFF, 0x01, 0xBF, 0xBF, 0xFF, 0x04,
  0xFF, 0xFF, 0xFF, 0x03, 0xFF, 0xFF, 0xFF, 0x01, 0x00, 0x00, 0x00, 0x00, 0x00, 0x00, 0x00, 0x00,
  0x00, 0x00, 0x00, 0x00, 0x00, 0x00, 0x00, 0x00, 0x00, 0x00, 0x00, 0x00, 0x00, 0x00, 0x00, 0x00,
  0x00, 0x00, 0x00, 0x00, 0x00, 0x00, 0x00, 0x00, 0x00, 0x00, 0x00, 0x00, 0x00, 0x00, 0x00, 0x00,
  0x00, 0x00, 0x00, 0x00, 0x00, 0x00, 0x00, 0x00, 0x00, 0x00, 0x00, 0x00, 0x00, 0x00, 0x00, 0x00,
  0x00, 0x00, 0x00, 0x00, 0x00, 0x00, 0x00, 0x00, 0x00, 0x00, 0x00, 0x00, 0x00, 0x00, 0x00, 0x00,
  0x00, 0x00, 0x00, 0x00, 0x00, 0x00, 0x00, 0x00, 0x00, 0x00, 0x00, 0x00, 0x00, 0x00, 0x00, 0x00,
  0x00, 0x00, 0x00, 0x00, 0x00, 0x00, 0x00, 0x00, 0x00, 0x00, 0x00, 0x00, 0x00, 0x00, 0x00, 0x00,
  0x00, 0x00, 0x00, 0x00, 0xFF, 0xFF, 0xFF, 0x01, 0xFF, 0xFF, 0xFF, 0x03, 0xBF, 0xBF, 0xFF, 0x04,
  0x00, 0x00, 0x00, 0x00, 0x00, 0x00, 0x00, 0x00, 0x00, 0x00, 0x00, 0x00, 0x00, 0x00, 0x00, 0x00,
  0x00, 0x00, 0x00, 0x00, 0x00, 0x00, 0x00, 0x00, 0x00, 0x00, 0x00, 0x00, 0x00, 0x00, 0x00, 0x00,
  0x00, 0x00, 0x00, 0x00, 0x00, 0x00, 0x00, 0x00, 0x00, 0x00, 0x00, 0x00, 0xFF, 0xAA, 0xFF, 0x03,
  0xFF, 0xFF, 0xFF, 0x03, 0xFF, 0xFF, 0xFF, 0x01, 0x00, 0x00, 0x00, 0x00, 0x00, 0x00, 0x00, 0x00,
  0x00, 0x00, 0x00, 0x00, 0x00, 0x00, 0x00, 0x00, 0x00, 0x00, 0x00, 0x00, 0x00, 0x00, 0x00, 0x00,
  0x00, 0x00, 0x00, 0x00, 0x00, 0x00, 0x00, 0x00, 0x00, 0x00, 0x00, 0x00, 0x00, 0x00, 0x00, 0x00,
  0x00, 0x00, 0x00, 0x00, 0x00, 0x00, 0x00, 0x00, 0x00, 0x00, 0x00, 0x00, 0x00, 0x00, 0x00, 0x00,
  0x00, 0x00, 0x00, 0x00, 0x00, 0x00, 0x00, 0x00, 0x00, 0x00, 0x00, 0x00, 0x00, 0x00, 0x00, 0x00,
  0x00, 0x00, 0x00, 0x00, 0x00, 0x00, 0x00, 0x00, 0x00, 0x00, 0x00, 0x00, 0x00, 0x00, 0x00, 0x00,
  0x00, 0x00, 0x00, 0x00, 0x00, 0x00, 0x00, 0x00, 0x00, 0x00, 0x00, 0x00, 0x00, 0x00, 0x00, 0x00,
  0x00, 0x00, 0x00, 0x00, 0x00, 0x00, 0x00, 0x00, 0x00, 0x00, 0x00, 0x00, 0x00, 0x00, 0x00, 0x00,
  0x00, 0x00, 0x00, 0x00, 0x00, 0x00, 0x00, 0x00, 0x00, 0x00, 0x00, 0x00, 0x00, 0x00, 0x00, 0x00,
  0x00, 0x00, 0x00, 0x00, 0x00, 0x00, 0x00, 0x00, 0x00, 0x00, 0x00, 0x00, 0x00, 0x00, 0x00, 0x00,
  0x00, 0x00, 0x00, 0x00, 0x00, 0x00, 0x00, 0x00, 0x00, 0x00, 0x00, 0x00, 0x00, 0x00, 0x00, 0x00,
  0x00, 0x00, 0x00, 0x00, 0x00, 0x00, 0x00, 0x00, 0x00, 0x00, 0x00, 0x00, 0x00, 0x00, 0x00, 0x00,
  0x00, 0x00, 0x00, 0x00, 0x00, 0x00, 0x00, 0x00, 0x00, 0x00, 0x00, 0x00, 0x00, 0x00, 0x00, 0x00,
  0x00, 0x00, 0x00, 0x00, 0x00, 0x00, 0x00, 0x00, 0x00, 0x00, 0x00, 0x00, 0x00, 0x00, 0x00, 0x00,
  0x00, 0x00, 0x00, 0x00, 0x00, 0x00, 0x00, 0x00, 0x00, 0x00, 0xFF, 0x01, 0xFF, 0xFF, 0xFF, 0x03,
  0xFF, 0xFF, 0xFF, 0x02, 0x00, 0x00, 0x00, 0x00, 0x00, 0x00, 0x00, 0x00, 0x00, 0x00, 0x00, 0x00,
  0xFF, 0xE5, 0xE5, 0x0A, 0xF0, 0xF0, 0xF7, 0x24, 0xEF, 0xE7, 0xFB, 0x41, 0xEE, 0xE5, 0xFF, 0x5A,
  0xEB, 0xE3, 0xFC, 0x67, 0xEB, 0xE4, 0xFC, 0x6A, 0xEB, 0xE3, 0xFA, 0x66, 0xF0, 0xEA, 0xFF, 0x55,
  0xF3, 0xEB, 0xFF, 0x43, 0xF4, 0xF4, 0xFF, 0x18, 0x00, 0x00, 0x00, 0x00, 0x00, 0x00, 0x00, 0x00,
  0x00, 0x00, 0x00, 0x00, 0x00, 0x00, 0x00, 0x00, 0xBF, 0xBF, 0xFF, 0x04, 0xFF, 0xFF, 0xFF, 0x01,
  0x00, 0x00, 0x00, 0x00, 0x00, 0x00, 0x00, 0x00, 0x00, 0x00, 0x00, 0x00, 0x00, 0x00, 0x00, 0x00,
  0x00, 0x00, 0x00, 0x00, 0x00, 0x00, 0x00, 0x00, 0x00, 0x00, 0x00, 0x00, 0x00, 0x00, 0x00, 0x00,
  0x00, 0x00, 0x00, 0x00, 0x00, 0x00, 0x00, 0x00, 0x00, 0x00, 0x00, 0x00, 0x00, 0x00, 0x00, 0x00,
  0x00, 0x00, 0x00, 0x00, 0x00, 0x00, 0x00, 0x00, 0x00, 0x00, 0x00, 0x00, 0x00, 0x00, 0x00, 0x00,
  0x00, 0x00, 0x00, 0x00, 0x00, 0x00, 0x00, 0x00, 0x00, 0x00, 0x00, 0x00, 0x00, 0x00, 0x00, 0x00,
  0x00, 0x00, 0x00, 0x00, 0x00, 0x00, 0x00, 0x00, 0x00, 0x00, 0x00, 0x00, 0xFF, 0xFF, 0xFF, 0x02,
  0xFF, 0xFF, 0xFF, 0x03, 0x00, 0x00, 0x00, 0x00, 0x00, 0x00, 0x00, 0x00, 0x00, 0x00, 0x00, 0x00,
  0xFF, 0xFF, 0xAA, 0x03, 0xFF, 0xF7, 0xFF, 0x21, 0xEC, 0xE9, 0xF7, 0x46, 0xE9, 0xE6, 0xF9, 0x5E,
  0xE4, 0xE4, 0xFA, 0x6B, 0xE5, 0xE5, 0xFC, 0x6D, 0xE5, 0xE5, 0xFC, 0x6E, 0xE5, 0xE8, 0xFC, 0x64,
  0xE6, 0xEA, 0xFB, 0x4A, 0xF0, 0xF0, 0xFF, 0x22, 0xFF, 0xFF, 0xFF, 0x03, 0x00, 0x00, 0x00, 0x00,
  0x00, 0x00, 0x00, 0x00, 0x00, 0x00, 0x00, 0x00, 0xFF, 0xFF, 0xFF, 0x03, 0xFF, 0xFF, 0xFF, 0x02,
  0x00, 0x00, 0x00, 0x00, 0x00, 0x00, 0x00, 0x00, 0x00, 0x00, 0x00, 0x00, 0x00, 0x00, 0x00, 0x00,
  0x00, 0x00, 0x00, 0x00, 0x00, 0x00, 0x00, 0x00, 0x00, 0x00, 0x00, 0x00, 0x00, 0x00, 0x00, 0x00,
  0x00, 0x00, 0x00, 0x00, 0x00, 0x00, 0x00, 0x00, 0x00, 0x00, 0x00, 0x00, 0x00, 0x00, 0x00, 0x00,
  0x00, 0x00, 0x00, 0x00, 0x00, 0x00, 0x00, 0x00, 0x00, 0x00, 0x00, 0x00, 0x00, 0x00, 0x00, 0x00,
  0x00, 0x00, 0x00, 0x00, 0x00, 0x00, 0x00, 0x00, 0x00, 0x00, 0x00, 0x00, 0x00, 0x00, 0x00, 0x00,
  0x00, 0x00, 0x00, 0x00, 0x00, 0x00, 0x00, 0x00, 0x00, 0x00, 0x00, 0x00, 0x00, 0x00, 0x00, 0x00,
  0x00, 0x00, 0x00, 0x00, 0x00, 0x00, 0x00, 0x00, 0x00, 0x00, 0x00, 0x00, 0x00, 0x00, 0x00, 0x00,
  0x00, 0x00, 0x00, 0x00, 0x00, 0x00, 0x00, 0x00, 0x00, 0x00, 0x00, 0x00, 0x00, 0x00, 0x00, 0x00,
  0x00, 0x00, 0x00, 0x00, 0x00, 0x00, 0x00, 0x00, 0x00, 0x00, 0x00, 0x00, 0x00, 0x00, 0x00, 0x00,
  0x00, 0x00, 0x00, 0x00, 0x00, 0x00, 0x00, 0x00, 0x00, 0x00, 0x00, 0x00, 0x00, 0x00, 0x00, 0x00,
  0x00, 0x00, 0x00, 0x00, 0x00, 0x00, 0x00, 0x00, 0x00, 0x00, 0x00, 0x00, 0x00, 0x00, 0x00, 0x00,
  0x00, 0x00, 0x00, 0x00, 0x00, 0x00, 0x00, 0x00, 0x00, 0x00, 0x00, 0x00, 0x00, 0x00, 0x00, 0x00,
  0x00, 0x00, 0x00, 0x00, 0x00, 0x00, 0x00, 0x00, 0x00, 0x00, 0x00, 0x00, 0x00, 0x00, 0x00, 0x00,
  0x00, 0x00, 0x00, 0x00, 0xFF, 0xFF, 0xFF, 0x03, 0x00, 0x00, 0x00, 0x00, 0x00, 0x00, 0x00, 0x00,
  0x00, 0x00, 0x00, 0x00, 0xEE, 0xEE, 0xF6, 0x1F, 0xEE, 0xE9, 0xFC, 0x6A, 0xE8, 0xE7, 0xFC, 0xB5,
  0xE3, 0xE4, 0xFD, 0xE1, 0xE4, 0xE3, 0xFC, 0xFB, 0xED, 0xEA, 0xFF, 0xFF, 0xF3, 0xEF, 0xFF, 0xFF,
  0xF3, 0xEF, 0xFF, 0xFF, 0xF4, 0xEF, 0xFF, 0xFF, 0xF3, 0xEF, 0xFF, 0xFF, 0xF2, 0xEE, 0xFF, 0xFF,
  0xEF, 0xEB, 0xFF, 0xFF, 0xE4, 0xE2, 0xFA, 0xF0, 0xE7, 0xE6, 0xFC, 0xC4, 0xEA, 0xE8, 0xFD, 0x8B,
  0xEF, 0xEC, 0xFB, 0x54, 0xFF, 0xFF, 0xFF, 0x06, 0x00, 0x00, 0x00, 0x00, 0x00, 0x00, 0x00, 0x00,
  0xBF, 0xBF, 0xFF, 0x04, 0xFF, 0xFF, 0xFF, 0x01, 0x00, 0x00, 0x00, 0x00, 0x00, 0x00, 0x00, 0x00,
  0x00, 0x00, 0x00, 0x00, 0x00, 0x00, 0x00, 0x00, 0x00, 0x00, 0x00, 0x00, 0x00, 0x00, 0x00, 0x00,
  0x00, 0x00, 0x00, 0x00, 0x00, 0x00, 0x00, 0x00, 0x00, 0x00, 0x00, 0x00, 0x00, 0x00, 0x00, 0x00,
  0x00, 0x00, 0x00, 0x00, 0x00, 0x00, 0x00, 0x00, 0x00, 0x00, 0x00, 0x00, 0x00, 0x00, 0x00, 0x00,
  0x00, 0x00, 0x00, 0x00, 0x00, 0x00, 0x00, 0x00, 0x00, 0x00, 0x00, 0x00, 0x00, 0x00, 0x00, 0x00,
  0x00, 0x00, 0x00, 0x00, 0x7F, 0x7F, 0xFF, 0x02, 0xFF, 0xFF, 0xFF, 0x03, 0x00, 0x00, 0x00, 0x00,
  0x00, 0x00, 0x00, 0x00, 0xF2, 0xF2, 0xFF, 0x15, 0xEE, 0xE9, 0xFC, 0x5D, 0xEC, 0xE9, 0xFD, 0x9A,
  0xE6, 0xE5, 0xFD, 0xD4, 0xE7, 0xE4, 0xFC, 0xF9, 0xEF, 0xEB, 0xFF, 0xFF, 0xF2, 0xEF, 0xFF, 0xFF,
  0xF1, 0xF1, 0xFF, 0xFF, 0xF1, 0xF2, 0xFF, 0xFF, 0xF1, 0xF1, 0xFF, 0xFF, 0xF1, 0xF0, 0xFF, 0xFF,
  0xEB, 0xEB, 0xFF, 0xFF, 0xE3, 0xE3, 0xFD, 0xF9, 0xE4, 0xE4, 0xFF, 0xD7, 0xE8, 0xE7, 0xFD, 0xAC,
  0xEE, 0xEE, 0xFF, 0x5B, 0xF3, 0xF3, 0xFF, 0x17, 0x00, 0x00, 0x00, 0x00, 0x00, 0x00, 0x00, 0x00,
  0xFF, 0xAA, 0xFF, 0x03, 0x7F, 0x7F, 0xFF, 0x02, 0x00, 0x00, 0x00, 0x00, 0x00, 0x00, 0x00, 0x00,
  0x00, 0x00, 0x00, 0x00, 0x00, 0x00, 0x00, 0x00, 0x00, 0x00, 0x00, 0x00, 0x00, 0x00, 0x00, 0x00,
  0x00, 0x00, 0x00, 0x00, 0x00, 0x00, 0x00, 0x00, 0x00, 0x00, 0x00, 0x00, 0x00, 0x00, 0x00, 0x00,
  0x00, 0x00, 0x00, 0x00, 0x00, 0x00, 0x00, 0x00, 0x00, 0x00, 0x00, 0x00, 0x00, 0x00, 0x00, 0x00,
  0x00, 0x00, 0x00, 0x00, 0x00, 0x00, 0x00, 0x00, 0x00, 0x00, 0x00, 0x00, 0x00, 0x00, 0x00, 0x00,
  0x00, 0x00, 0x00, 0x00, 0x00, 0x00, 0x00, 0x00, 0x00, 0x00, 0x00, 0x00, 0x00, 0x00, 0x00, 0x00,
  0x00, 0x00, 0x00, 0x00, 0x00, 0x00, 0x00, 0x00, 0x00, 0x00, 0x00, 0x00, 0x00, 0x00, 0x00, 0x00,
  0x00, 0x00, 0x00, 0x00, 0x00, 0x00, 0x00, 0x00, 0x00, 0x00, 0x00, 0x00, 0x00, 0x00, 0x00, 0x00,
  0x00, 0x00, 0x00, 0x00, 0x00, 0x00, 0x00, 0x00, 0x00, 0x00, 0x00, 0x00, 0x00, 0x00, 0x00, 0x00,
  0x00, 0x00, 0x00, 0x00, 0x00, 0x00, 0x00, 0x00, 0x00, 0x00, 0x00, 0x00, 0x00, 0x00, 0x00, 0x00,
  0x00, 0x00, 0x00, 0x00, 0x00, 0x00, 0x00, 0x00, 0x00, 0x00, 0x00, 0x00, 0x00, 0x00, 0x00, 0x00,
  0x00, 0x00, 0x00, 0x00, 0x00, 0x00, 0x00, 0x00, 0x00, 0x00, 0x00, 0x00, 0x00, 0x00, 0x00, 0x00,
  0x00, 0x00, 0x00, 0x00, 0x00, 0x00, 0x00, 0x00, 0x00, 0x00, 0x00, 0x00, 0xFF, 0xFF, 0xFF, 0x01,
  0xFF, 0xFF, 0xFF, 0x02, 0x00, 0x00, 0x00, 0x00, 0x7F, 0x7F, 0x7F, 0x02, 0xED, 0xE9, 0xFB, 0x48,
  0xEA, 0xE8, 0xFD, 0xB2, 0xE9, 0xE4, 0xFD, 0xF4, 0xF4, 0xF0, 0xFF, 0xFF, 0xF1, 0xEE, 0xFF, 0xFF,
  0xE9, 0xE7, 0xFF, 0xFF, 0xE5, 0xE2, 0xFF, 0xFF, 0xE4, 0xE1, 0xFD, 0xFD, 0xE2, 0xE2, 0xFB, 0xFC,
  0xE4, 0xE1, 0xFD, 0xFB, 0xE4, 0xE0, 0xFC, 0xFB, 0xE4, 0xE1, 0xFD, 0xFB, 0xE3, 0xE0, 0xFC, 0xFC,
  0xE3, 0xE0, 0xFC, 0xFD, 0xE8, 0xE4, 0xFF, 0xFF, 0xEF, 0xEB, 0xFF, 0xFF, 0xF4, 0xF0, 0xFF, 0xFF,
  0xF4, 0xEF, 0xFF, 0xFF, 0xEA, 0xE8, 0xFD, 0xD3, 0xEF, 0xEA, 0xFF, 0x71, 0xEE, 0xEE, 0xEE, 0x0F,
  0x00, 0x00, 0x00, 0x00, 0x00, 0x00, 0x00, 0x00, 0xFF, 0xFF, 0xFF, 0x02, 0x00, 0x00, 0x00, 0x00,
  0x00, 0x00, 0x00, 0x00, 0x00, 0x00, 0x00, 0x00, 0x00, 0x00, 0x00, 0x00, 0x00, 0x00, 0x00, 0x00,
  0x00, 0x00, 0x00, 0x00, 0x00, 0x00, 0x00, 0x00, 0x00, 0x00, 0x00, 0x00, 0x00, 0x00, 0x00, 0x00,
  0x00, 0x00, 0x00, 0x00, 0x00, 0x00, 0x00, 0x00, 0x00, 0x00, 0x00, 0x00, 0x00, 0x00, 0x00, 0x00,
  0x00, 0x00, 0x00, 0x00, 0x00, 0x00, 0x00, 0x00, 0x00, 0x00, 0x00, 0x00, 0x00, 0x00, 0x00, 0x00,
  0xFF, 0xFF, 0xFF, 0x03, 0x00, 0x00, 0x00, 0x00, 0x00, 0x00, 0x00, 0x00, 0xEB, 0xEB, 0xFF, 0x27,
  0xEC, 0xEA, 0xFB, 0x8B, 0xE8, 0xE3, 0xFC, 0xEB, 0xF2, 0xED, 0xFF, 0xFF, 0xF3, 0xF0, 0xFF, 0xFF,
  0xEA, 0xE8, 0xFF, 0xFF, 0xE4, 0xE2, 0xFF, 0xFF, 0xE2, 0xE0, 0xFF, 0xFD, 0xE2, 0xE1, 0xFF, 0xFB,
  0xE2, 0xE0, 0xFF, 0xFB, 0xE2, 0xE1, 0xFF, 0xFB, 0xE2, 0xE1, 0xFF, 0xFB, 0xE2, 0xE0, 0xFF, 0xFB,
  0xE1, 0xDF, 0xFF, 0xFD, 0xE4, 0xE2, 0xFF, 0xFF, 0xED, 0xE9, 0xFF, 0xFF, 0xF1, 0xEE, 0xFF, 0xFF,
  0xF3, 0xEF, 0xFF, 0xFF, 0xE9, 0xE4, 0xFF, 0xEA, 0xEC, 0xE9, 0xFD, 0x98, 0xEE, 0xEE, 0xF9, 0x2F,
  0x00, 0x00, 0x00, 0x00, 0x00, 0x00, 0x00, 0x00, 0xFF, 0xFF, 0xFF, 0x03, 0x00, 0x00, 0xFF, 0x01,
  0x00, 0x00, 0x00, 0x00, 0x00, 0x00, 0x00, 0x00, 0x00, 0x00, 0x00, 0x00, 0x00, 0x00, 0x00, 0x00,
  0x00, 0x00, 0x00, 0x00, 0x00, 0x00, 0x00, 0x00, 0x00, 0x00, 0x00, 0x00, 0x00, 0x00, 0x00, 0x00,
  0x00, 0x00, 0x00, 0x00, 0x00, 0x00, 0x00, 0x00, 0x00, 0x00, 0x00, 0x00, 0x00, 0x00, 0x00, 0x00,
  0x00, 0x00, 0x00, 0x00, 0x00, 0x00, 0x00, 0x00, 0x00, 0x00, 0x00, 0x00, 0x00, 0x00, 0x00, 0x00,
  0x00, 0x00, 0x00, 0x00, 0x00, 0x00, 0x00, 0x00, 0x00, 0x00, 0x00, 0x00, 0x00, 0x00, 0x00, 0x00,
  0x00, 0x00, 0x00, 0x00, 0x00, 0x00, 0x00, 0x00, 0x00, 0x00, 0x00, 0x00, 0x00, 0x00, 0x00, 0x00,
  0x00, 0x00, 0x00, 0x00, 0x00, 0x00, 0x00, 0x00, 0x00, 0x00, 0x00, 0x00, 0x00, 0x00, 0x00, 0x00,
  0x00, 0x00, 0x00, 0x00, 0x00, 0x00, 0x00, 0x00, 0x00, 0x00, 0x00, 0x00, 0x00, 0x00, 0x00, 0x00,
  0x00, 0x00, 0x00, 0x00, 0x00, 0x00, 0x00, 0x00, 0x00, 0x00, 0x00, 0x00, 0x00, 0x00, 0x00, 0x00,
  0x00, 0x00, 0x00, 0x00, 0x00, 0x00, 0x00, 0x00, 0x00, 0x00, 0x00, 0x00, 0x00, 0x00, 0x00, 0x00,
  0x00, 0x00, 0x00, 0x00, 0x00, 0x00, 0x00, 0x00, 0x00, 0x00, 0x00, 0x00, 0x00, 0x00, 0x00, 0x00,
  0x00, 0x00, 0x00, 0x00, 0x00, 0x00, 0x00, 0x00, 0xFF, 0xFF, 0xFF, 0x03, 0x00, 0x00, 0x00, 0x00,
  0x00, 0x00, 0x00, 0x00, 0xE9, 0xE6, 0xFB, 0x52, 0xED, 0xE9, 0xFF, 0xC8, 0xF0, 0xEA, 0xFF, 0xFF,
  0xF0, 0xEB, 0xFF, 0xFF, 0xE4, 0xE1, 0xFF, 0xFF, 0xE2, 0xE0, 0xFD, 0xFC, 0xE3, 0xE0, 0xFD, 0xFC,
  0xE4, 0xE1, 0xFF, 0xFD, 0xE4, 0xE0, 0xFF, 0xFE, 0xE4, 0xE1, 0xFE, 0xFF, 0xE4, 0xE2, 0xFE, 0xFF,
  0xE4, 0xE1, 0xFE, 0xFF, 0xE4, 0xE1, 0xFE, 0xFF, 0xE4, 0xE1, 0xFE, 0xFF, 0xE4, 0xE1, 0xFE, 0xFF,
  0xE4, 0xE1, 0xFE, 0xFF, 0xE4, 0xE0, 0xFD, 0xFE, 0xE4, 0xE1, 0xFF, 0xFC, 0xE4, 0xE1, 0xFF, 0xFB,
  0xE3, 0xE0, 0xFF, 0xFC, 0xEB, 0xE8, 0xFF, 0xFF, 0xF6, 0xF2, 0xFF, 0xFF, 0xEC, 0xE7, 0xFF, 0xDC,
  0xF0, 0xE9, 0xFF, 0x6C, 0xE7, 0xE7, 0xFF, 0x0B, 0x00, 0x00, 0x00, 0x00, 0xFF, 0xFF, 0xFF, 0x03,
  0x00, 0x00, 0x00, 0x00, 0x00, 0x00, 0x00, 0x00, 0x00, 0x00, 0x00, 0x00, 0x00, 0x00, 0x00, 0x00,
  0x00, 0x00, 0x00, 0x00, 0x00, 0x00, 0x00, 0x00, 0x00, 0x00, 0x00, 0x00, 0x00, 0x00, 0x00, 0x00,
  0x00, 0x00, 0x00, 0x00, 0x00, 0x00, 0x00, 0x00, 0x00, 0x00, 0x00, 0x00, 0x00, 0x00, 0x00, 0x00,
  0x00, 0x00, 0x00, 0x00, 0x00, 0x00, 0x00, 0x00, 0xFF, 0xFF, 0xFF, 0x01, 0xFF, 0xFF, 0xFF, 0x03,
  0x00, 0x00, 0x00, 0x00, 0xE7, 0xE7, 0xFF, 0x20, 0xF0, 0xEB, 0xFB, 0x90, 0xEB, 0xE5, 0xFF, 0xF4,
  0xF5, 0xF0, 0xFF, 0xFF, 0xE7, 0xE3, 0xFF, 0xFF, 0xE2, 0xDF, 0xFF, 0xFC, 0xE2, 0xE1, 0xFF, 0xFB,
  0xE2, 0xE0, 0xFF, 0xFD, 0xE3, 0xE0, 0xFF, 0xFE, 0xE3, 0xE1, 0xFF, 0xFF, 0xE3, 0xE1, 0xFF, 0xFF,
  0xE3, 0xE1, 0xFF, 0xFF, 0xE3, 0xE1, 0xFF, 0xFF, 0xE3, 0xE1, 0xFF, 0xFF, 0xE3, 0xE1, 0xFF, 0xFF,
  0xE3, 0xE1, 0xFF, 0xFF, 0xE3, 0xE1, 0xFF, 0xFE, 0xE4, 0xE1, 0xFF, 0xFD, 0xE4, 0xE1, 0xFF, 0xFC,
  0xE2, 0xE0, 0xFF, 0xFC, 0xE7, 0xE4, 0xFF, 0xFF, 0xF4, 0xF1, 0xFF, 0xFF, 0xEA, 0xE8, 0xFD, 0xF8,
  0xED, 0xE8, 0xFB, 0xA0, 0xE2, 0xE2, 0xF0, 0x24, 0x00, 0x00, 0x00, 0x00, 0x00, 0x00, 0x00, 0x00,
  0xFF, 0xFF, 0xFF, 0x02, 0x00, 0x00, 0x00, 0x00, 0x00, 0x00, 0x00, 0x00, 0x00, 0x00, 0x00, 0x00,
  0x00, 0x00, 0x00, 0x00, 0x00, 0x00, 0x00, 0x00, 0x00, 0x00, 0x00, 0x00, 0x00, 0x00, 0x00, 0x00,
  0x00, 0x00, 0x00, 0x00, 0x00, 0x00, 0x00, 0x00, 0x00, 0x00, 0x00, 0x00, 0x00, 0x00, 0x00, 0x00,
  0x00, 0x00, 0x00, 0x00, 0x00, 0x00, 0x00, 0x00, 0x00, 0x00, 0x00, 0x00, 0x00, 0x00, 0x00, 0x00,
  0x00, 0x00, 0x00, 0x00, 0x00, 0x00, 0x00, 0x00, 0x00, 0x00, 0x00, 0x00, 0x00, 0x00, 0x00, 0x00,
  0x00, 0x00, 0x00, 0x00, 0x00, 0x00, 0x00, 0x00, 0x00, 0x00, 0x00, 0x00, 0x00, 0x00, 0x00, 0x00,
  0x00, 0x00, 0x00, 0x00, 0x00, 0x00, 0x00, 0x00, 0x00, 0x00, 0x00, 0x00, 0x00, 0x00, 0x00, 0x00,
  0x00, 0x00, 0x00, 0x00, 0x00, 0x00, 0x00, 0x00, 0x00, 0x00, 0x00, 0x00, 0x00, 0x00, 0x00, 0x00,
  0x00, 0x00, 0x00, 0x00, 0x00, 0x00, 0x00, 0x00, 0x00, 0x00, 0x00, 0x00, 0x00, 0x00, 0x00, 0x00,
  0x00, 0x00, 0x00, 0x00, 0x00, 0x00, 0x00, 0x00, 0x00, 0x00, 0x00, 0x00, 0x00, 0x00, 0x00, 0x00,
  0x00, 0x00, 0x00, 0x00, 0x00, 0x00, 0x00, 0x00, 0x00, 0x00, 0x00, 0x00, 0x00, 0x00, 0x00, 0x00,
  0x00, 0x00, 0x00, 0x00, 0xBF, 0xBF, 0xFF, 0x04, 0x00, 0x00, 0x00, 0x00, 0xEB, 0xE1, 0xF5, 0x1A,
  0xF0, 0xEB, 0xFD, 0x9E, 0xF2, 0xED, 0xFF, 0xFF, 0xEC, 0xEB, 0xFF, 0xFF, 0xE2, 0xDF, 0xFF, 0xFD,
  0xE2, 0xE0, 0xFF, 0xFC, 0xE2, 0xE1, 0xFF, 0xFE, 0xE3, 0xE1, 0xFF, 0xFF, 0xE3, 0xE1, 0xFF, 0xFF,
  0xE3, 0xE1, 0xFF, 0xFF, 0xE3, 0xE1, 0xFF, 0xFF, 0xE3, 0xE1, 0xFF, 0xFF, 0xE3, 0xE1, 0xFF, 0xFF,
  0xE3, 0xE1, 0xFF, 0xFF, 0xE3, 0xE1, 0xFF, 0xFF, 0xE3, 0xE1, 0xFF, 0xFF, 0xE3, 0xE1, 0xFF, 0xFF,
  0xE3, 0xE1, 0xFF, 0xFF, 0xE3, 0xE1, 0xFF, 0xFF, 0xE3, 0xE1, 0xFF, 0xFF, 0xE3, 0xE1, 0xFF, 0xFF,
  0xE3, 0xE1, 0xFF, 0xFF, 0xE2, 0xE0, 0xFF, 0xFD, 0xE2, 0xE0, 0xFF, 0xFB, 0xEA, 0xE6, 0xFF, 0xFF,
  0xF7, 0xF2, 0xFF, 0xFF, 0xEB, 0xE6, 0xFD, 0xD4, 0xEF, 0xEA, 0xFF, 0x31, 0x00, 0x00, 0x00, 0x00,
  0xAA, 0xAA, 0xFF, 0x03, 0xFF, 0xFF, 0xFF, 0x01, 0x00, 0x00, 0x00, 0x00, 0x00, 0x00, 0x00, 0x00,
  0x00, 0x00, 0x00, 0x00, 0x00, 0x00, 0x00, 0x00, 0x00, 0x00, 0x00, 0x00, 0x00, 0x00, 0x00, 0x00,
  0x00, 0x00, 0x00, 0x00, 0x00, 0x00, 0x00, 0x00, 0x00, 0x00, 0x00, 0x00, 0x00, 0x00, 0x00, 0x00,
  0x00, 0x00, 0x00, 0x00, 0x7F, 0x7F, 0x7F, 0x02, 0x00, 0x00, 0x00, 0x00, 0x00, 0x00, 0x00, 0x00,
  0xE8, 0xE8, 0xF9, 0x5B, 0xEB, 0xE8, 0xFD, 0xEB, 0xF6, 0xF2, 0xFF, 0xFF, 0xE5, 0xE2, 0xFF, 0xFF,
  0xE3, 0xE0, 0xFF, 0xFB, 0xE2, 0xE0, 0xFF, 0xFE, 0xE3, 0xE1, 0xFF, 0xFF, 0xE3, 0xE1, 0xFF, 0xFF,
  0xE3, 0xE1, 0xFF, 0xFF, 0xE3, 0xE1, 0xFF, 0xFF, 0xE3, 0xE1, 0xFF, 0xFF, 0xE3, 0xE1, 0xFF, 0xFF,
  0xE3, 0xE1, 0xFF, 0xFF, 0xE3, 0xE1, 0xFF, 0xFF, 0xE3, 0xE1, 0xFF, 0xFF, 0xE3, 0xE1, 0xFF, 0xFF,
  0xE3, 0xE1, 0xFF, 0xFF, 0xE3, 0xE1, 0xFF, 0xFF, 0xE3, 0xE1, 0xFF, 0xFF, 0xE3, 0xE1, 0xFF, 0xFF,
  0xE3, 0xE1, 0xFF, 0xFF, 0xE2, 0xE0, 0xFF, 0xFE, 0xE2, 0xE0, 0xFF, 0xFB, 0xE3, 0xE1, 0xFF, 0xFF,
  0xF3, 0xEE, 0xFF, 0xFF, 0xED, 0xE7, 0xFD, 0xF1, 0xED, 0xE9, 0xFD, 0x80, 0xBF, 0xBF, 0xFF, 0x04,
  0x00, 0x00, 0x00, 0x00, 0xBF, 0xBF, 0xBF, 0x04, 0x00, 0x00, 0x00, 0x00, 0x00, 0x00, 0x00, 0x00,
  0x00, 0x00, 0x00, 0x00, 0x00, 0x00, 0x00, 0x00, 0x00, 0x00, 0x00, 0x00, 0x00, 0x00, 0x00, 0x00,
  0x00, 0x00, 0x00, 0x00, 0x00, 0x00, 0x00, 0x00, 0x00, 0x00, 0x00, 0x00, 0x00, 0x00, 0x00, 0x00,
  0x00, 0x00, 0x00, 0x00, 0x00, 0x00, 0x00, 0x00, 0x00, 0x00, 0x00, 0x00, 0x00, 0x00, 0x00, 0x00,
  0x00, 0x00, 0x00, 0x00, 0x00, 0x00, 0x00, 0x00, 0x00, 0x00, 0x00, 0x00, 0x00, 0x00, 0x00, 0x00,
  0x00, 0x00, 0x00, 0x00, 0x00, 0x00, 0x00, 0x00, 0x00, 0x00, 0x00, 0x00, 0x00, 0x00, 0x00, 0x00,
  0x00, 0x00, 0x00, 0x00, 0x00, 0x00, 0x00, 0x00, 0x00, 0x00, 0x00, 0x00, 0x00, 0x00, 0x00, 0x00,
  0x00, 0x00, 0x00, 0x00, 0x00, 0x00, 0x00, 0x00, 0x00, 0x00, 0x00, 0x00, 0x00, 0x00, 0x00, 0x00,
  0x00, 0x00, 0x00, 0x00, 0x00, 0x00, 0x00, 0x00, 0x00, 0x00, 0x00, 0x00, 0x00, 0x00, 0x00, 0x00,
  0x00, 0x00, 0x00, 0x00, 0x00, 0x00, 0x00, 0x00, 0x00, 0x00, 0x00, 0x00, 0x00, 0x00, 0x00, 0x00,
  0x00, 0x00, 0x00, 0x00, 0x00, 0x00, 0x00, 0x00, 0x00, 0x00, 0x00, 0x00, 0xFF, 0xFF, 0xFF, 0x01,
  0xFF, 0xFF, 0xFF, 0x03, 0x00, 0x00, 0x00, 0x00, 0xE4, 0xE4, 0xF9, 0x58, 0xE9, 0xE6, 0xFC, 0xE5,
  0xF3, 0xF1, 0xFF, 0xFF, 0xE1, 0xE1, 0xFB, 0xFC, 0xDF, 0xE1, 0xFA, 0xFD, 0xE3, 0xE1, 0xFF, 0xFF,
  0xE3, 0xE1, 0xFF, 0xFF, 0xE3, 0xE1, 0xFF, 0xFF, 0xE3, 0xE1, 0xFF, 0xFF, 0xE3, 0xE1, 0xFF, 0xFF,
  0xE3, 0xE1, 0xFF, 0xFF, 0xE3, 0xE1, 0xFF, 0xFF, 0xE3, 0xE1, 0xFF, 0xFF, 0xE3, 0xE1, 0xFF, 0xFF,
  0xE3, 0xE1, 0xFF, 0xFF, 0xE3, 0xE1, 0xFF, 0xFF, 0xE3, 0xE1, 0xFF, 0xFF, 0xE3, 0xE1, 0xFF, 0xFF,
  0xE3, 0xE1, 0xFF, 0xFF, 0xE3, 0xE1, 0xFF, 0xFF, 0xE3, 0xE1, 0xFF, 0xFF, 0xE3, 0xE1, 0xFF, 0xFF,
  0xE3, 0xE1, 0xFF, 0xFF, 0xE3, 0xE1, 0xFF, 0xFF, 0xE3, 0xE1, 0xFF, 0xFF, 0xE3, 0xE1, 0xFF, 0xFD,
  0xE2, 0xE0, 0xFF, 0xFB, 0xEB, 0xE8, 0xFF, 0xFF, 0xEE, 0xEA, 0xFF, 0xF9, 0xEB, 0xE7, 0xFA, 0x75,
  0x00, 0x00, 0x00, 0x00, 0xFF, 0xFF, 0xFF, 0x02, 0xFF, 0xFF, 0xFF, 0x01, 0x00, 0x00, 0x00, 0x00,
  0x00, 0x00, 0x00, 0x00, 0x00, 0x00, 0x00, 0x00, 0x00, 0x00, 0x00, 0x00, 0x00, 0x00, 0x00, 0x00,
  0x00, 0x00, 0x00, 0x00, 0x00, 0x00, 0x00, 0x00, 0x00, 0x00, 0x00, 0x00, 0x00, 0x00, 0x00, 0x00,
  0xFF, 0xFF, 0xFF, 0x02, 0x00, 0x00, 0x00, 0x00, 0xDF, 0xFF, 0xFF, 0x08, 0xEA, 0xE8, 0xFB, 0x9F,
  0xF0, 0xED, 0xFF, 0xFF, 0xE9, 0xE4, 0xFF, 0xFF, 0xE3, 0xDF, 0xFF, 0xFB, 0xE4, 0xDF, 0xFF, 0xFE,
  0xE4, 0xE0, 0xFF, 0xFF, 0xE3, 0xE1, 0xFF, 0xFF, 0xE3, 0xE1, 0xFF, 0xFF, 0xE3, 0xE1, 0xFF, 0xFF,
  0xE3, 0xE1, 0xFF, 0xFF, 0xE3, 0xE1, 0xFF, 0xFF, 0xE3, 0xE1, 0xFF, 0xFF, 0xE3, 0xE1, 0xFF, 0xFF,
  0xE3, 0xE1, 0xFF, 0xFF, 0xE3, 0xE1, 0xFF, 0xFF, 0xE3, 0xE1, 0xFF, 0xFF, 0xE3, 0xE1, 0xFF, 0xFF,
  0xE3, 0xE1, 0xFF, 0xFF, 0xE3, 0xE1, 0xFF, 0xFF, 0xE3, 0xE1, 0xFF, 0xFF, 0xE3, 0xE1, 0xFF, 0xFF,
  0xE3, 0xE1, 0xFF, 0xFF, 0xE3, 0xE1, 0xFF, 0xFF, 0xE3, 0xE1, 0xFF, 0xFF, 0xE2, 0xE1, 0xFF, 0xFE,
  0xE2, 0xE0, 0xFF, 0xFB, 0xE7, 0xE4, 0xFF, 0xFF, 0xF5, 0xF1, 0xFF, 0xFF, 0xEE, 0xEB, 0xFF, 0xCD,
  0xE6, 0xE6, 0xFA, 0x33, 0x00, 0x00, 0x00, 0x00, 0xFF, 0xFF, 0xFF, 0x04, 0x00, 0x00, 0x00, 0x00,
  0x00, 0x00, 0x00, 0x00, 0x00, 0x00, 0x00, 0x00, 0x00, 0x00, 0x00, 0x00, 0x00, 0x00, 0x00, 0x00,
  0x00, 0x00, 0x00, 0x00, 0x00, 0x00, 0x00, 0x00, 0x00, 0x00, 0x00, 0x00, 0x00, 0x00, 0x00, 0x00,
  0x00, 0x00, 0x00, 0x00, 0x00, 0x00, 0x00, 0x00, 0x00, 0x00, 0x00, 0x00, 0x00, 0x00, 0x00, 0x00,
  0x00, 0x00, 0x00, 0x00, 0x00, 0x00, 0x00, 0x00, 0x00, 0x00, 0x00, 0x00, 0x00, 0x00, 0x00, 0x00,
  0x00, 0x00, 0x00, 0x00, 0x00, 0x00, 0x00, 0x00, 0x00, 0x00, 0x00, 0x00, 0x00, 0x00, 0x00, 0x00,
  0x00, 0x00, 0x00, 0x00, 0x00, 0x00, 0x00, 0x00, 0x00, 0x00, 0x00, 0x00, 0x00, 0x00, 0x00, 0x00,
  0x00, 0x00, 0x00, 0x00, 0x00, 0x00, 0x00, 0x00, 0x00, 0x00, 0x00, 0x00, 0x00, 0x00, 0x00, 0x00,
  0x00, 0x00, 0x00, 0x00, 0x00, 0x00, 0x00, 0x00, 0x00, 0x00, 0x00, 0x00, 0x00, 0x00, 0x00, 0x00,
  0x00, 0x00, 0x00, 0x00, 0x00, 0x00, 0x00, 0x00, 0x00, 0x00, 0x00, 0x00, 0x00, 0x00, 0x00, 0x00,
  0x00, 0x00, 0x00, 0x00, 0x00, 0x00, 0x00, 0x00, 0xFF, 0xFF, 0xFF, 0x01, 0xFF, 0xFF, 0xFF, 0x03,
  0x00, 0x00, 0x00, 0x00, 0xEA, 0xE5, 0xFF, 0x7A, 0xF1, 0xEE, 0xFF, 0xFF, 0xE8, 0xE5, 0xFF, 0xFF,
  0xE0, 0xE0, 0xFD, 0xFB, 0xE2, 0xE2, 0xFD, 0xFF, 0xE2, 0xE1, 0xFE, 0xFF, 0xE3, 0xE1, 0xFF, 0xFF,
  0xE3, 0xE1, 0xFF, 0xFF, 0xE3, 0xE1, 0xFF, 0xFF, 0xE3, 0xE1, 0xFF, 0xFF, 0xE3, 0xE1, 0xFF, 0xFF,
  0xE3, 0xE1, 0xFF, 0xFF, 0xE3, 0xE1, 0xFF, 0xFF, 0xE3, 0xE1, 0xFF, 0xFF, 0xE3, 0xE1, 0xFF, 0xFF,
  0xE3, 0xE1, 0xFF, 0xFF, 0xE3, 0xE1, 0xFF, 0xFF, 0xE3, 0xE1, 0xFF, 0xFF, 0xE3, 0xE1, 0xFF, 0xFF,
  0xE3, 0xE1, 0xFF, 0xFF, 0xE3, 0xE1, 0xFF, 0xFF, 0xE3, 0xE1, 0xFF, 0xFF, 0xE3, 0xE1, 0xFF, 0xFF,
  0xE3, 0xE1, 0xFF, 0xFF, 0xE3, 0xE1, 0xFF, 0xFF, 0xE3, 0xE1, 0xFF, 0xFF, 0xE3, 0xE1, 0xFF, 0xFF,
  0xE3, 0xE1, 0xFF, 0xFF, 0xE1, 0xE0, 0xFF, 0xFD, 0xE4, 0xE1, 0xFF, 0xFF, 0xF5, 0xF1, 0xFF, 0xFF,
  0xEC, 0xE7, 0xFB, 0x95, 0x00, 0x00, 0x00, 0x00, 0xFF, 0xFF, 0xFF, 0x01, 0x7F, 0x7F, 0xFF, 0x02,
  0x00, 0x00, 0x00, 0x00, 0x00, 0x00, 0x00, 0x00, 0x00, 0x00, 0x00, 0x00, 0x00, 0x00, 0x00, 0x00,
  0x00, 0x00, 0x00, 0x00, 0x00, 0x00, 0x00, 0x00, 0x00, 0x00, 0x00, 0x00, 0xFF, 0xFF, 0xFF, 0x02,
  0x00, 0x00, 0x00, 0x00, 0xDF, 0xDF, 0xFF, 0x10, 0xEA, 0xE6, 0xFC, 0xBE, 0xF8, 0xF3, 0xFF, 0xFF,
  0xE4, 0xDF, 0xFF, 0xFC, 0xE4, 0xDE, 0xFF, 0xFE, 0xE5, 0xE0, 0xFF, 0xFF, 0xE5, 0xE0, 0xFF, 0xFF,
  0xE4, 0xE0, 0xFF, 0xFF, 0xE4, 0xE1, 0xFF, 0xFF, 0xE4, 0xE1, 0xFF, 0xFF, 0xE4, 0xE1, 0xFF, 0xFF,
  0xE4, 0xE1, 0xFF, 0xFF, 0xE4, 0xE1, 0xFF, 0xFF, 0xE4, 0xE1, 0xFF, 0xFF, 0xE4, 0xE1, 0xFF, 0xFF,
  0xE4, 0xE1, 0xFF, 0xFF, 0xE4, 0xE1, 0xFF, 0xFF, 0xE4, 0xE1, 0xFF, 0xFF, 0xE4, 0xE1, 0xFF, 0xFF,
  0xE4, 0xE1, 0xFF, 0xFF, 0xE4, 0xE1, 0xFF, 0xFF, 0xE4, 0xE1, 0xFF, 0xFF, 0xE4, 0xE1, 0xFF, 0xFF,
  0xE4, 0xE1, 0xFF, 0xFF, 0xE4, 0xE1, 0xFF, 0xFF, 0xE4, 0xE1, 0xFF, 0xFF, 0xE4, 0xE1, 0xFF, 0xFF,
  0xE4, 0xE1, 0xFF, 0xFF, 0xE4, 0xE0, 0xFF, 0xFE, 0xE2, 0xE0, 0xFF, 0xFB, 0xF1, 0xED, 0xFF, 0xFF,
  0xED, 0xE8, 0xFD, 0xF1, 0xE8, 0xE2, 0xFC, 0x59, 0x00, 0x00, 0x00, 0x00, 0xFF, 0xFF, 0xFF, 0x03,
  0x00, 0x00, 0x00, 0x00, 0x00, 0x00, 0x00, 0x00, 0x00, 0x00, 0x00, 0x00, 0x00, 0x00, 0x00, 0x00,
  0x00, 0x00, 0x00, 0x00, 0x00, 0x00, 0x00, 0x00, 0x00, 0x00, 0x00, 0x00, 0x00, 0x00, 0x00, 0x00,
  0x00, 0x00, 0x00, 0x00, 0x00, 0x00, 0x00, 0x00, 0x00, 0x00, 0x00, 0x00, 0x00, 0x00, 0x00, 0x00,
  0x00, 0x00, 0x00, 0x00, 0x00, 0x00, 0x00, 0x00, 0x00, 0x00, 0x00, 0x00, 0x00, 0x00, 0x00, 0x00,
  0x00, 0x00, 0x00, 0x00, 0x00, 0x00, 0x00, 0x00, 0x00, 0x00, 0x00, 0x00, 0x00, 0x00, 0x00, 0x00,
  0x00, 0x00, 0x00, 0x00, 0x00, 0x00, 0x00, 0x00, 0x00, 0x00, 0x00, 0x00, 0x00, 0x00, 0x00, 0x00,
  0x00, 0x00, 0x00, 0x00, 0x00, 0x00, 0x00, 0x00, 0x00, 0x00, 0x00, 0x00, 0x00, 0x00, 0x00, 0x00,
  0x00, 0x00, 0x00, 0x00, 0x00, 0x00, 0x00, 0x00, 0x00, 0x00, 0x00, 0x00, 0x00, 0x00, 0x00, 0x00,
  0x00, 0x00, 0x00, 0x00, 0x00, 0x00, 0x00, 0x00, 0x00, 0x00, 0x00, 0x00, 0x00, 0x00, 0x00, 0x00,
  0x00, 0x00, 0x00, 0x00, 0xFF, 0xFF, 0xFF, 0x01, 0xFF, 0xFF, 0xFF, 0x02, 0x00, 0x00, 0x00, 0x00,
  0xE8, 0xE4, 0xFD, 0x87, 0xF5, 0xF2, 0xFF, 0xFF, 0xE3, 0xE1, 0xFF, 0xFC, 0xE2, 0xE0, 0xFF, 0xFD,
  0xE3, 0xE1, 0xFF, 0xFF, 0xE3, 0xE1, 0xFF, 0xFF, 0xE3, 0xE1, 0xFF, 0xFF, 0xE3, 0xE1, 0xFF, 0xFF,
  0xE3, 0xE1, 0xFF, 0xFF, 0xE3, 0xE1, 0xFF, 0xFF, 0xE3, 0xE1, 0xFF, 0xFF, 0xE3, 0xE1, 0xFF, 0xFF,
  0xE3, 0xE1, 0xFF, 0xFF, 0xE3, 0xE1, 0xFF, 0xFF, 0xE3, 0xE1, 0xFF, 0xFF, 0xE3, 0xE1, 0xFF, 0xFF,
  0xE3, 0xE1, 0xFF, 0xFF, 0xE3, 0xE1, 0xFF, 0xFF, 0xE3, 0xE1, 0xFF, 0xFF, 0xE3, 0xE1, 0xFF, 0xFF,
  0xE3, 0xE1, 0xFF, 0xFF, 0xE3, 0xE1, 0xFF, 0xFF, 0xE3, 0xE1, 0xFF, 0xFF, 0xE3, 0xE1, 0xFF, 0xFF,
  0xE3, 0xE1, 0xFF, 0xFF, 0xE3, 0xE1, 0xFF, 0xFF, 0xE3, 0xE1, 0xFF, 0xFF, 0xE3, 0xE1, 0xFF, 0xFF,
  0xE3, 0xE1, 0xFF, 0xFF, 0xE3, 0xE1, 0xFF, 0xFF, 0xE2, 0xE0, 0xFF, 0xFE, 0xE3, 0xE0, 0xFF, 0xFB,
  0xF7, 0xF3, 0xFF, 0xFF, 0xE9, 0xE9, 0xFA, 0xA5, 0xFF, 0xFF, 0xFF, 0x02, 0xFF, 0xFF, 0xFF, 0x01,
  0xFF, 0xFF, 0xFF, 0x01, 0x00, 0x00, 0x00, 0x00, 0x00, 0x00, 0x00, 0x00, 0x00, 0x00, 0x00, 0x00,
  0x00, 0x00, 0x00, 0x00, 0x00, 0x00, 0x00, 0x00, 0xAA, 0xAA, 0xAA, 0x03, 0x00, 0x00, 0x00, 0x00,
  0xEB, 0xE1, 0xF5, 0x1A, 0xEA, 0xE6, 0xFC, 0xD4, 0xF2, 0xEC, 0xFF, 0xFF, 0xE4, 0xDF, 0xFF, 0xFA,
  0xE5, 0xE0, 0xFF, 0xFF, 0xE5, 0xE0, 0xFF, 0xFF, 0xE5, 0xE0, 0xFF, 0xFF, 0xE5, 0xE0, 0xFF, 0xFF,
  0xE5, 0xE0, 0xFF, 0xFF, 0xE5, 0xE0, 0xFF, 0xFF, 0xE5, 0xE0, 0xFF, 0xFF, 0xE5, 0xE0, 0xFF, 0xFF,
  0xE5, 0xE0, 0xFF, 0xFF, 0xE5, 0xE0, 0xFF, 0xFF, 0xE5, 0xE0, 0xFF, 0xFF, 0xE5, 0xE0, 0xFF, 0xFF,
  0xE5, 0xE0, 0xFF, 0xFF, 0xE5, 0xE0, 0xFF, 0xFF, 0xE5, 0xE0, 0xFF, 0xFF, 0xE5, 0xE0, 0xFF, 0xFF,
  0xE5, 0xE0, 0xFF, 0xFF, 0xE5, 0xE0, 0xFF, 0xFF, 0xE5, 0xE0, 0xFF, 0xFF, 0xE5, 0xE0, 0xFF, 0xFF,
  0xE5, 0xE0, 0xFF, 0xFF, 0xE5, 0xE0, 0xFF, 0xFF, 0xE5, 0xE0, 0xFF, 0xFF, 0xE5, 0xE0, 0xFF, 0xFF,
  0xE5, 0xE0, 0xFF, 0xFF, 0xE5, 0xE0, 0xFF, 0xFF, 0xE3, 0xE1, 0xFF, 0xFF, 0xE1, 0xDF, 0xFF, 0xFC,
  0xE7, 0xE4, 0xFF, 0xFF, 0xF0, 0xEB, 0xFF, 0xFF, 0xE7, 0xE2, 0xFC, 0x63, 0x00, 0x00, 0x00, 0x00,
  0xFF, 0xFF, 0xFF, 0x04, 0x00, 0x00, 0x00, 0x00, 0x00, 0x00, 0x00, 0x00, 0x00, 0x00, 0x00, 0x00,
  0x00, 0x00, 0x00, 0x00, 0x00, 0x00, 0x00, 0x00, 0x00, 0x00, 0x00, 0x00, 0x00, 0x00, 0x00, 0x00,
  0x00, 0x00, 0x00, 0x00, 0x00, 0x00, 0x00, 0x00, 0x00, 0x00, 0x00, 0x00, 0x00, 0x00, 0x00, 0x00,
  0x00, 0x00, 0x00, 0x00, 0x00, 0x00, 0x00, 0x00, 0x00, 0x00, 0x00, 0x00, 0x00, 0x00, 0x00, 0x00,
  0x00, 0x00, 0x00, 0x00, 0x00, 0x00, 0x00, 0x00, 0x00, 0x00, 0x00, 0x00, 0x00, 0x00, 0x00, 0x00,
  0x00, 0x00, 0x00, 0x00, 0x00, 0x00, 0x00, 0x00, 0x00, 0x00, 0x00, 0x00, 0x00, 0x00, 0x00, 0x00,
  0x00, 0x00, 0x00, 0x00, 0x00, 0x00, 0x00, 0x00, 0x00, 0x00, 0x00, 0x00, 0x00, 0x00, 0x00, 0x00,
  0x00, 0x00, 0x00, 0x00, 0x00, 0x00, 0x00, 0x00, 0x00, 0x00, 0x00, 0x00, 0x00, 0x00, 0x00, 0x00,
  0x00, 0x00, 0x00, 0x00, 0x00, 0x00, 0x00, 0x00, 0x00, 0x00, 0x00, 0x00, 0x00, 0x00, 0x00, 0x00,
  0x00, 0x00, 0x00, 0x00, 0xBF, 0xBF, 0xFF, 0x04, 0x00, 0x00, 0x00, 0x00, 0xE4, 0xE4, 0xF9, 0x8F,
  0xF3, 0xF1, 0xFF, 0xFF, 0xE4, 0xE2, 0xFF, 0xFA, 0xE2, 0xE0, 0xFF, 0xFE, 0xE3, 0xE1, 0xFF, 0xFF,
  0xE3, 0xE1, 0xFF, 0xFF, 0xE3, 0xE1, 0xFF, 0xFF, 0xE3, 0xE1, 0xFF, 0xFF, 0xE3, 0xE1, 0xFF, 0xFF,
  0xE3, 0xE1, 0xFF, 0xFF, 0xE3, 0xE1, 0xFF, 0xFF, 0xE3, 0xE1, 0xFF, 0xFF, 0xE3, 0xE1, 0xFF, 0xFF,
  0xE3, 0xE1, 0xFF, 0xFF, 0xE3, 0xE1, 0xFF, 0xFF, 0xE3, 0xE1, 0xFF, 0xFF, 0xE3, 0xE1, 0xFF, 0xFF,
  0xE3, 0xE1, 0xFF, 0xFF, 0xE3, 0xE1, 0xFF, 0xFF, 0xE3, 0xE1, 0xFF, 0xFF, 0xE3, 0xE1, 0xFF, 0xFF,
  0xE3, 0xE1, 0xFF, 0xFF, 0xE3, 0xE1, 0xFF, 0xFF, 0xE3, 0xE1, 0xFF, 0xFF, 0xE3, 0xE1, 0xFF, 0xFF,
  0xE3, 0xE1, 0xFF, 0xFF, 0xE3, 0xE1, 0xFF, 0xFF, 0xE3, 0xE1, 0xFF, 0xFF, 0xE3, 0xE1, 0xFF, 0xFF,
  0xE3, 0xE1, 0xFF, 0xFF, 0xE3, 0xE1, 0xFF, 0xFF, 0xE3, 0xE1, 0xFF, 0xFF, 0xE3, 0xE1, 0xFF, 0xFF,
  0xE2, 0xE1, 0xFF, 0xFA, 0xF6, 0xF2, 0xFF, 0xFF, 0xEA, 0xE6, 0xFD, 0xAF, 0xFF, 0xFF, 0xCC, 0x05,
  0xFF, 0xFF, 0xFF, 0x03, 0xFF, 0xFF, 0xFF, 0x01, 0x00, 0x00, 0x00, 0x00, 0x00, 0x00, 0x00, 0x00,
  0x00, 0x00, 0x00, 0x00, 0xFF, 0xFF, 0xFF, 0x02, 0x00, 0x00, 0x00, 0x00, 0xEB, 0xEB, 0xF5, 0x1A,
  0xEA, 0xE7, 0xFC, 0xD7, 0xF0, 0xEB, 0xFF, 0xFF, 0xE4, 0xDF, 0xFF, 0xFB, 0xE5, 0xE0, 0xFF, 0xFF,
  0xE5, 0xE0, 0xFF, 0xFF, 0xE5, 0xE0, 0xFF, 0xFF, 0xE5, 0xE0, 0xFF, 0xFF, 0xE5, 0xE0, 0xFF, 0xFF,
  0xE5, 0xE0, 0xFF, 0xFF, 0xE5, 0xE0, 0xFF, 0xFF, 0xE5, 0xE0, 0xFF, 0xFF, 0xE5, 0xE0, 0xFF, 0xFF,
  0xE5, 0xE0, 0xFF, 0xFF, 0xE5, 0xE0, 0xFF, 0xFF, 0xE5, 0xE0, 0xFF, 0xFF, 0xE5, 0xE0, 0xFF, 0xFF,
  0xE5, 0xE0, 0xFF, 0xFF, 0xE5, 0xE0, 0xFF, 0xFF, 0xE5, 0xE0, 0xFF, 0xFF, 0xE5, 0xE0, 0xFF, 0xFF,
  0xE5, 0xE0, 0xFF, 0xFF, 0xE5, 0xE0, 0xFF, 0xFF, 0xE5, 0xE0, 0xFF, 0xFF, 0xE5, 0xE0, 0xFF, 0xFF,
  0xE5, 0xE0, 0xFF, 0xFF, 0xE5, 0xE0, 0xFF, 0xFF, 0xE5, 0xE0, 0xFF, 0xFF, 0xE5, 0xE0, 0xFF, 0xFF,
  0xE5, 0xE0, 0xFF, 0xFF, 0xE5, 0xE0, 0xFF, 0xFF, 0xE3, 0xE1, 0xFF, 0xFF, 0xE3, 0xE1, 0xFF, 0xFF,
  0xE1, 0xE0, 0xFF, 0xFD, 0xE5, 0xE3, 0xFF, 0xFC, 0xF0, 0xEC, 0xFF, 0xFF, 0xE6, 0xE3, 0xFC, 0x5E,
  0x00, 0x00, 0x00, 0x00, 0xCC, 0xCC, 0xCC, 0x05, 0x00, 0x00, 0x00, 0x00, 0x00, 0x00, 0x00, 0x00,
  0x00, 0x00, 0x00, 0x00, 0x00, 0x00, 0x00, 0x00, 0x00, 0x00, 0x00, 0x00, 0x00, 0x00, 0x00, 0x00,
  0x00, 0x00, 0x00, 0x00, 0x00, 0x00, 0x00, 0x00, 0x00, 0x00, 0x00, 0x00, 0x00, 0x00, 0x00, 0x00,
  0x00, 0x00, 0x00, 0x00, 0x00, 0x00, 0x00, 0x00, 0x00, 0x00, 0x00, 0x00, 0x00, 0x00, 0x00, 0x00,
  0x00, 0x00, 0x00, 0x00, 0x00, 0x00, 0x00, 0x00, 0x00, 0x00, 0x00, 0x00, 0x00, 0x00, 0x00, 0x00,
  0x00, 0x00, 0x00, 0x00, 0x00, 0x00, 0x00, 0x00, 0x00, 0x00, 0x00, 0x00, 0x00, 0x00, 0x00, 0x00,
  0x00, 0x00, 0x00, 0x00, 0x00, 0x00, 0x00, 0x00, 0x00, 0x00, 0x00, 0x00, 0x00, 0x00, 0x00, 0x00,
  0x00, 0x00, 0x00, 0x00, 0x00, 0x00, 0x00, 0x00, 0x00, 0x00, 0x00, 0x00, 0x00, 0x00, 0x00, 0x00,
  0x00, 0x00, 0x00, 0x00, 0x00, 0x00, 0x00, 0x00, 0x00, 0x00, 0x00, 0x00, 0x00, 0x00, 0x00, 0x00,
  0xFF, 0xFF, 0xFF, 0x04, 0x00, 0x00, 0x00, 0x00, 0xE6, 0xE1, 0xFF, 0x7B, 0xF3, 0xF3, 0xFF, 0xFF,
  0xE0, 0xE1, 0xFC, 0xFA, 0xE2, 0xE1, 0xFF, 0xFF, 0xE2, 0xE1, 0xFF, 0xFF, 0xE3, 0xE1, 0xFF, 0xFF,
  0xE3, 0xE1, 0xFF, 0xFF, 0xE3, 0xE1, 0xFF, 0xFF, 0xE3, 0xE1, 0xFF, 0xFF, 0xE3, 0xE1, 0xFF, 0xFF,
  0xE3, 0xE1, 0xFF, 0xFF, 0xE3, 0xE1, 0xFF, 0xFF, 0xE3, 0xE1, 0xFF, 0xFF, 0xE3, 0xE1, 0xFF, 0xFF,
  0xE3, 0xE1, 0xFF, 0xFF, 0xE3, 0xE1, 0xFF, 0xFF, 0xE3, 0xE1, 0xFF, 0xFF, 0xE3, 0xE1, 0xFF, 0xFF,
  0xE3, 0xE1, 0xFF, 0xFF, 0xE3, 0xE1, 0xFF, 0xFF, 0xE3, 0xE1, 0xFF, 0xFF, 0xE3, 0xE1, 0xFF, 0xFF,
  0xE3, 0xE1, 0xFF, 0xFF, 0xE3, 0xE1, 0xFF, 0xFF, 0xE3, 0xE1, 0xFF, 0xFF, 0xE3, 0xE1, 0xFF, 0xFF,
  0xE3, 0xE1, 0xFF, 0xFF, 0xE3, 0xE1, 0xFF, 0xFF, 0xE3, 0xE1, 0xFF, 0xFF, 0xE3, 0xE1, 0xFF, 0xFF,
  0xE3, 0xE1, 0xFF, 0xFF, 0xE3, 0xE1, 0xFF, 0xFF, 0xE3, 0xE1, 0xFF, 0xFF, 0xE3, 0xE1, 0xFF, 0xFF,
  0xE3, 0xE1, 0xFF, 0xFF, 0xE3, 0xE0, 0xFF, 0xFA, 0xF8, 0xF3, 0xFF, 0xFF, 0xE8, 0xE3, 0xFD, 0xA7,
  0x00, 0x00, 0x00, 0x00, 0xAA, 0xAA, 0xFF, 0x03, 0x00, 0x00, 0x00, 0x00, 0x00, 0x00, 0x00, 0x00,
  0xFF, 0xFF, 0xFF, 0x01, 0xFF, 0xFF, 0xFF, 0x02, 0xDF, 0xFF, 0xDF, 0x08, 0xEA, 0xE5, 0xFD, 0xC8,
  0xF3, 0xEE, 0xFF, 0xFF, 0xE3, 0xDF, 0xFF, 0xFB, 0xE5, 0xE0, 0xFF, 0xFF, 0xE5, 0xE0, 0xFF, 0xFF,
  0xE5, 0xE0, 0xFF, 0xFF, 0xE5, 0xE0, 0xFF, 0xFF, 0xE5, 0xE0, 0xFF, 0xFF, 0xE5, 0xE0, 0xFF, 0xFF,
  0xE5, 0xE0, 0xFF, 0xFF, 0xE5, 0xE0, 0xFF, 0xFF, 0xE5, 0xE0, 0xFF, 0xFF, 0xE5, 0xE0, 0xFF, 0xFF,
  0xE5, 0xE0, 0xFF, 0xFF, 0xE5, 0xE0, 0xFF, 0xFF, 0xE5, 0xE0, 0xFF, 0xFF, 0xE5, 0xE0, 0xFF, 0xFF,
  0xE5, 0xE0, 0xFF, 0xFF, 0xE5, 0xE0, 0xFF, 0xFF, 0xE5, 0xE0, 0xFF, 0xFF, 0xE5, 0xE0, 0xFF, 0xFF,
  0xE5, 0xE0, 0xFF, 0xFF, 0xE5, 0xE0, 0xFF, 0xFF, 0xE5, 0xE0, 0xFF, 0xFF, 0xE5, 0xE0, 0xFF, 0xFF,
  0xE5, 0xE0, 0xFF, 0xFF, 0xE5, 0xE0, 0xFF, 0xFF, 0xE5, 0xE0, 0xFF, 0xFF, 0xE5, 0xE0, 0xFF, 0xFF,
  0xE5, 0xE0, 0xFF, 0xFF, 0xE5, 0xE0, 0xFF, 0xFF, 0xE4, 0xE1, 0xFF, 0xFF, 0xE4, 0xE1, 0xFF, 0xFF,
  0xE4, 0xE1, 0xFF, 0xFF, 0xE2, 0xDF, 0xFF, 0xFE, 0xE6, 0xE2, 0xFF, 0xFD, 0xEE, 0xE9, 0xFF, 0xFB,
  0xE5, 0xE2, 0xFB, 0x47, 0x00, 0x00, 0x00, 0x00, 0xFF, 0xFF, 0xFF, 0x03, 0x00, 0x00, 0x00, 0x00,
  0x00, 0x00, 0x00, 0x00, 0x00, 0x00, 0x00, 0x00, 0x00, 0x00, 0x00, 0x00, 0x00, 0x00, 0x00, 0x00,
  0x00, 0x00, 0x00, 0x00, 0x00, 0x00, 0x00, 0x00, 0x00, 0x00, 0x00, 0x00, 0x00, 0x00, 0x00, 0x00,
  0x00, 0x00, 0x00, 0x00, 0x00, 0x00, 0x00, 0x00, 0x00, 0x00, 0x00, 0x00, 0x00, 0x00, 0x00, 0x00,
  0x00, 0x00, 0x00, 0x00, 0x00, 0x00, 0x00, 0x00, 0x00, 0x00, 0x00, 0x00, 0x00, 0x00, 0x00, 0x00,
  0x00, 0x00, 0x00, 0x00, 0x00, 0x00, 0x00, 0x00, 0x00, 0x00, 0x00, 0x00, 0x00, 0x00, 0x00, 0x00,
  0x00, 0x00, 0x00, 0x00, 0x00, 0x00, 0x00, 0x00, 0x00, 0x00, 0x00, 0x00, 0x00, 0x00, 0x00, 0x00,
  0x00, 0x00, 0x00, 0x00, 0x00, 0x00, 0x00, 0x00, 0x00, 0x00, 0x00, 0x00, 0x00, 0x00, 0x00, 0x00,
  0x00, 0x00, 0x00, 0x00, 0x00, 0x00, 0x00, 0x00, 0x00, 0x00, 0x00, 0x00, 0xFF, 0xFF, 0xFF, 0x03,
  0x00, 0x00, 0x00, 0x00, 0xE2, 0xE2, 0xFC, 0x5B, 0xEF, 0xEE, 0xFF, 0xFF, 0xE1, 0xE2, 0xFF, 0xFA,
  0xDE, 0xE0, 0xFF, 0xFE, 0xE1, 0xE1, 0xFF, 0xFF, 0xE1, 0xE1, 0xFF, 0xFF, 0xE2, 0xE1, 0xFF, 0xFF,
  0xE3, 0xE1, 0xFF, 0xFF, 0xE3, 0xE1, 0xFF, 0xFF, 0xE3, 0xE1, 0xFF, 0xFF, 0xE3, 0xE1, 0xFF, 0xFF,
  0xE3, 0xE1, 0xFF, 0xFF, 0xE3, 0xE1, 0xFF, 0xFF, 0xE3, 0xE1, 0xFF, 0xFF, 0xE3, 0xE1, 0xFF, 0xFF,
  0xE3, 0xE1, 0xFF, 0xFF, 0xE3, 0xE1, 0xFF, 0xFF, 0xE3, 0xE1, 0xFF, 0xFF, 0xE3, 0xE1, 0xFF, 0xFF,
  0xE3, 0xE1, 0xFF, 0xFF, 0xE3, 0xE1, 0xFF, 0xFF, 0xE3, 0xE1, 0xFF, 0xFF, 0xE3, 0xE1, 0xFF, 0xFF,
  0xE3, 0xE1, 0xFF, 0xFF, 0xE3, 0xE1, 0xFF, 0xFF, 0xE3, 0xE1, 0xFF, 0xFF, 0xE3, 0xE1, 0xFF, 0xFF,
  0xE3, 0xE1, 0xFF, 0xFF, 0xE3, 0xE1, 0xFF, 0xFF, 0xE3, 0xE1, 0xFF, 0xFF, 0xE3, 0xE1, 0xFF, 0xFF,
  0xE3, 0xE1, 0xFF, 0xFF, 0xE3, 0xE1, 0xFF, 0xFF, 0xE3, 0xE1, 0xFF, 0xFF, 0xE3, 0xE1, 0xFF, 0xFF,
  0xE3, 0xE1, 0xFF, 0xFF, 0xE3, 0xE1, 0xFF, 0xFF, 0xE2, 0xE0, 0xFF, 0xFB, 0xF4, 0xEF, 0xFF, 0xFF,
  0xE7, 0xE3, 0xFC, 0x6E, 0x00, 0x00, 0x00, 0x00, 0xFF, 0xFF, 0xFF, 0x03, 0xFF, 0xFF, 0xFF, 0x01,
  0xBF, 0xBF, 0xFF, 0x04, 0x00, 0x00, 0x00, 0x00, 0xE5, 0xE3, 0xFC, 0xB1, 0xF4, 0xEF, 0xFF, 0xFF,
  0xE4, 0xDF, 0xFF, 0xFB, 0xE5, 0xE0, 0xFF, 0xFF, 0xE5, 0xE0, 0xFF, 0xFF, 0xE5, 0xE0, 0xFF, 0xFF,
  0xE5, 0xE0, 0xFF, 0xFF, 0xE5, 0xE0, 0xFF, 0xFF, 0xE5, 0xE0, 0xFF, 0xFF, 0xE5, 0xE0, 0xFF, 0xFF,
  0xE5, 0xE0, 0xFF, 0xFF, 0xE5, 0xE0, 0xFF, 0xFF, 0xE5, 0xE0, 0xFF, 0xFF, 0xE5, 0xE0, 0xFF, 0xFF,
  0xE5, 0xE0, 0xFF, 0xFF, 0xE5, 0xE0, 0xFF, 0xFF, 0xE5, 0xE0, 0xFF, 0xFF, 0xE5, 0xE0, 0xFF, 0xFF,
  0xE5, 0xE0, 0xFF, 0xFF, 0xE5, 0xE0, 0xFF, 0xFF, 0xE5, 0xE0, 0xFF, 0xFF, 0xE5, 0xE0, 0xFF, 0xFF,
  0xE5, 0xE0, 0xFF, 0xFF, 0xE5, 0xE0, 0xFF, 0xFF, 0xE5, 0xE0, 0xFF, 0xFF, 0xE5, 0xE0, 0xFF, 0xFF,
  0xE5, 0xE0, 0xFF, 0xFF, 0xE5, 0xE0, 0xFF, 0xFF, 0xE5, 0xE0, 0xFF, 0xFF, 0xE5, 0xE0, 0xFF, 0xFF,
  0xE5, 0xE0, 0xFF, 0xFF, 0xE5, 0xE0, 0xFF, 0xFF, 0xE5, 0xE0, 0xFF, 0xFF, 0xE5, 0xE0, 0xFF, 0xFF,
  0xE5, 0xE0, 0xFF, 0xFF, 0xE5, 0xE0, 0xFF, 0xFF, 0xE4, 0xDF, 0xFF, 0xFD, 0xEA, 0xE4, 0xFF, 0xFE,
  0xED, 0xE8, 0xFD, 0xEF, 0xEE, 0xE8, 0xFF, 0x2E, 0x00, 0x00, 0x00, 0x00, 0xFF, 0xFF, 0xFF, 0x02,
  0x00, 0x00, 0x00, 0x00, 0x00, 0x00, 0x00, 0x00, 0x00, 0x00, 0x00, 0x00, 0x00, 0x00, 0x00, 0x00,
  0x00, 0x00, 0x00, 0x00, 0x00, 0x00, 0x00, 0x00, 0x00, 0x00, 0x00, 0x00, 0x00, 0x00, 0x00, 0x00,
  0x00, 0x00, 0x00, 0x00, 0x00, 0x00, 0x00, 0x00, 0x00, 0x00, 0x00, 0x00, 0x00, 0x00, 0x00, 0x00,
  0x00, 0x00, 0x00, 0x00, 0x00, 0x00, 0x00, 0x00, 0x00, 0x00, 0x00, 0x00, 0x00, 0x00, 0x00, 0x00,
  0x00, 0x00, 0x00, 0x00, 0x00, 0x00, 0x00, 0x00, 0x00, 0x00, 0x00, 0x00, 0x00, 0x00, 0x00, 0x00,
  0x00, 0x00, 0x00, 0x00, 0x00, 0x00, 0x00, 0x00, 0x00, 0x00, 0x00, 0x00, 0x00, 0x00, 0x00, 0x00,
  0x00, 0x00, 0x00, 0x00, 0x00, 0x00, 0x00, 0x00, 0x00, 0x00, 0x00, 0x00, 0x00, 0x00, 0x00, 0x00,
  0x00, 0x00, 0x00, 0x00, 0x00, 0x00, 0x00, 0x00, 0xFF, 0xFF, 0xFF, 0x02, 0x00, 0x00, 0x00, 0x00,
  0xE9, 0xE9, 0xF0, 0x24, 0xEB, 0xE9, 0xFD, 0xF0, 0xE6, 0xE6, 0xFF, 0xFD, 0xDF, 0xE2, 0xFF, 0xFD,
  0xE1, 0xE3, 0xFF, 0xFF, 0xE1, 0xE1, 0xFF, 0xFF, 0xE1, 0xE1, 0xFF, 0xFF, 0xE2, 0xE1, 0xFF, 0xFF,
  0xE3, 0xE1, 0xFF, 0xFF, 0xE3, 0xE1, 0xFF, 0xFF, 0xE3, 0xE1, 0xFF, 0xFF, 0xE3, 0xE1, 0xFF, 0xFF,
  0xE3, 0xE1, 0xFF, 0xFF, 0xE3, 0xE1, 0xFF, 0xFF, 0xE3, 0xE1, 0xFF, 0xFF, 0xE3, 0xE1, 0xFF, 0xFF,
  0xE3, 0xE1, 0xFF, 0xFF, 0xE3, 0xE1, 0xFF, 0xFF, 0xE3, 0xE1, 0xFF, 0xFF, 0xE3, 0xE1, 0xFF, 0xFF,
  0xE3, 0xE1, 0xFF, 0xFF, 0xE3, 0xE1, 0xFF, 0xFF, 0xE3, 0xE1, 0xFF, 0xFF, 0xE3, 0xE1, 0xFF, 0xFF,
  0xE3, 0xE1, 0xFF, 0xFF, 0xE3, 0xE1, 0xFF, 0xFF, 0xE3, 0xE1, 0xFF, 0xFF, 0xE3, 0xE1, 0xFF, 0xFF,
  0xE3, 0xE1, 0xFF, 0xFF, 0xE3, 0xE1, 0xFF, 0xFF, 0xE3, 0xE1, 0xFF, 0xFF, 0xE3, 0xE1, 0xFF, 0xFF,
  0xE3, 0xE1, 0xFF, 0xFF, 0xE3, 0xE1, 0xFF, 0xFF, 0xE3, 0xE1, 0xFF, 0xFF, 0xE3, 0xE1, 0xFF, 0xFF,
  0xE3, 0xE1, 0xFF, 0xFF, 0xE3, 0xE1, 0xFF, 0xFF, 0xE3, 0xE0, 0xFF, 0xFE, 0xE4, 0xE2, 0xFF, 0xFB,
  0xF5, 0xF0, 0xFF, 0xFF, 0xE8, 0xE2, 0xFB, 0x50, 0x00, 0x00, 0x00, 0x00, 0xDA, 0xDA, 0xFF, 0x07,
  0x00, 0x00, 0x00, 0x00, 0xE4, 0xE4, 0xFA, 0x7B, 0xF6, 0xF2, 0xFF, 0xFF, 0xE2, 0xE0, 0xFF, 0xFB,
  0xE5, 0xE0, 0xFF, 0xFF, 0xE5, 0xE0, 0xFF, 0xFF, 0xE5, 0xE0, 0xFF, 0xFF, 0xE5, 0xE0, 0xFF, 0xFF,
  0xE5, 0xE0, 0xFF, 0xFF, 0xE5, 0xE0, 0xFF, 0xFF, 0xE5, 0xE0, 0xFF, 0xFF, 0xE5, 0xE0, 0xFF, 0xFF,
  0xE5, 0xE0, 0xFF, 0xFF, 0xE5, 0xE0, 0xFF, 0xFF, 0xE5, 0xE0, 0xFF, 0xFF, 0xE5, 0xE0, 0xFF, 0xFF,
  0xE5, 0xE0, 0xFF, 0xFF, 0xE5, 0xE0, 0xFF, 0xFF, 0xE5, 0xE0, 0xFF, 0xFF, 0xE5, 0xE0, 0xFF, 0xFF,
  0xE5, 0xE0, 0xFF, 0xFF, 0xE5, 0xE0, 0xFF, 0xFF, 0xE5, 0xE0, 0xFF, 0xFF, 0xE5, 0xE0, 0xFF, 0xFF,
  0xE5, 0xE0, 0xFF, 0xFF, 0xE5, 0xE0, 0xFF, 0xFF, 0xE5, 0xE0, 0xFF, 0xFF, 0xE5, 0xE0, 0xFF, 0xFF,
  0xE5, 0xE0, 0xFF, 0xFF, 0xE5, 0xE0, 0xFF, 0xFF, 0xE5, 0xE0, 0xFF, 0xFF, 0xE5, 0xE0, 0xFF, 0xFF,
  0xE5, 0xE0, 0xFF, 0xFF, 0xE5, 0xE0, 0xFF, 0xFF, 0xE5, 0xE0, 0xFF, 0xFF, 0xE5, 0xE0, 0xFF, 0xFF,
  0xE5, 0xE0, 0xFF, 0xFF, 0xE5, 0xE0, 0xFF, 0xFF, 0xE5, 0xE0, 0xFF, 0xFF, 0xE3, 0xDE, 0xFD, 0xFC,
  0xF0, 0xEC, 0xFF, 0xFF, 0xE7, 0xE4, 0xFF, 0xD0, 0xFF, 0xFF, 0xCC, 0x05, 0xFF, 0xFF, 0xFF, 0x03,
  0xFF, 0xFF, 0xFF, 0x01, 0x00, 0x00, 0x00, 0x00, 0x00, 0x00, 0x00, 0x00, 0x00, 0x00, 0x00, 0x00,
  0x00, 0x00, 0x00, 0x00, 0x00, 0x00, 0x00, 0x00, 0x00, 0x00, 0x00, 0x00, 0x00, 0x00, 0x00, 0x00,
  0x00, 0x00, 0x00, 0x00, 0x00, 0x00, 0x00, 0x00, 0x00, 0x00, 0x00, 0x00, 0x00, 0x00, 0x00, 0x00,
  0x00, 0x00, 0x00, 0x00, 0x00, 0x00, 0x00, 0x00, 0x00, 0x00, 0x00, 0x00, 0x00, 0x00, 0x00, 0x00,
  0x00, 0x00, 0x00, 0x00, 0x00, 0x00, 0x00, 0x00, 0x00, 0x00, 0x00, 0x00, 0x00, 0x00, 0x00, 0x00,
  0x00, 0x00, 0x00, 0x00, 0x00, 0x00, 0x00, 0x00, 0x00, 0x00, 0x00, 0x00, 0x00, 0x00, 0x00, 0x00,
  0x00, 0x00, 0x00, 0x00, 0x00, 0x00, 0x00, 0x00, 0x00, 0x00, 0x00, 0x00, 0x00, 0x00, 0x00, 0x00,
  0x00, 0x00, 0x00, 0x00, 0x01, 0x01, 0x00, 0x00, 0xAA, 0xAA, 0xFF, 0x03, 0xFF, 0xFF, 0xFF, 0x02,
  0xE6, 0xE2, 0xFD, 0xC5, 0xF0, 0xEF, 0xFF, 0xFF, 0xDF, 0xE0, 0xFF, 0xFC, 0xE0, 0xE3, 0xFF, 0xFF,
  0xE0, 0xE2, 0xFF, 0xFF, 0xE1, 0xE1, 0xFF, 0xFF, 0xE1, 0xE1, 0xFF, 0xFF, 0xE2, 0xE1, 0xFF, 0xFF,
  0xE3, 0xE1, 0xFF, 0xFF, 0xE3, 0xE1, 0xFF, 0xFF, 0xE3, 0xE1, 0xFF, 0xFF, 0xE3, 0xE1, 0xFF, 0xFF,
  0xE3, 0xE1, 0xFF, 0xFF, 0xE3, 0xE1, 0xFF, 0xFF, 0xE3, 0xE1, 0xFF, 0xFF, 0xE3, 0xE1, 0xFF, 0xFF,
  0xE3, 0xE1, 0xFF, 0xFF, 0xE3, 0xE1, 0xFF, 0xFF, 0xE3, 0xE1, 0xFF, 0xFF, 0xE3, 0xE1, 0xFF, 0xFF,
  0xE3, 0xE1, 0xFF, 0xFF, 0xE3, 0xE1, 0xFF, 0xFF, 0xE3, 0xE1, 0xFF, 0xFF, 0xE3, 0xE1, 0xFF, 0xFF,
  0xE3, 0xE1, 0xFF, 0xFF, 0xE3, 0xE1, 0xFF, 0xFF, 0xE3, 0xE1, 0xFF, 0xFF, 0xE3, 0xE1, 0xFF, 0xFF,
  0xE3, 0xE1, 0xFF, 0xFF, 0xE3, 0xE1, 0xFF, 0xFF, 0xE3, 0xE1, 0xFF, 0xFF, 0xE3, 0xE1, 0xFF, 0xFF,
  0xE3, 0xE1, 0xFF, 0xFF, 0xE3, 0xE1, 0xFF, 0xFF, 0xE3, 0xE1, 0xFF, 0xFF, 0xE3, 0xE1, 0xFF, 0xFF,
  0xE3, 0xE1, 0xFF, 0xFF, 0xE3, 0xE1, 0xFF, 0xFF, 0xE3, 0xE1, 0xFF, 0xFF, 0xE2, 0xE0, 0xFF, 0xFD,
  0xE8, 0xE5, 0xFF, 0xFE, 0xEA, 0xE5, 0xFD, 0xE7, 0xEA, 0xEA, 0xF4, 0x19, 0x00, 0x00, 0x00, 0x00,
  0xEC, 0xE8, 0xFF, 0x45, 0xED, 0xEA, 0xFD, 0xFE, 0xE7, 0xE3, 0xFD, 0xFB, 0xE3, 0xE0, 0xFF, 0xFE,
  0xE4, 0xE0, 0xFF, 0xFF, 0xE4, 0xE0, 0xFF, 0xFF, 0xE5, 0xE0, 0xFF, 0xFF, 0xE5, 0xE0, 0xFF, 0xFF,
  0xE5, 0xE0, 0xFF, 0xFF, 0xE5, 0xE0, 0xFF, 0xFF, 0xE5, 0xE0, 0xFF, 0xFF, 0xE5, 0xE0, 0xFF, 0xFF,
  0xE5, 0xE0, 0xFF, 0xFF, 0xE5, 0xE0, 0xFF, 0xFF, 0xE5, 0xE0, 0xFF, 0xFF, 0xE5, 0xE0, 0xFF, 0xFF,
  0xE5, 0xE0, 0xFF, 0xFF, 0xE5, 0xE0, 0xFF, 0xFF, 0xE5, 0xE0, 0xFF, 0xFF, 0xE5, 0xE0, 0xFF, 0xFF,
  0xE5, 0xE0, 0xFF, 0xFF, 0xE5, 0xE0, 0xFF, 0xFF, 0xE5, 0xE0, 0xFF, 0xFF, 0xE5, 0xE0, 0xFF, 0xFF,
  0xE5, 0xE0, 0xFF, 0xFF, 0xE5, 0xE0, 0xFF, 0xFF, 0xE5, 0xE0, 0xFF, 0xFF, 0xE5, 0xE0, 0xFF, 0xFF,
  0xE5, 0xE0, 0xFF, 0xFF, 0xE5, 0xE0, 0xFF, 0xFF, 0xE5, 0xE0, 0xFF, 0xFF, 0xE5, 0xE0, 0xFF, 0xFF,
  0xE5, 0xE0, 0xFF, 0xFF, 0xE5, 0xE0, 0xFF, 0xFF, 0xE5, 0xE0, 0xFF, 0xFF, 0xE5, 0xE0, 0xFF, 0xFF,
  0xE5, 0xE0, 0xFF, 0xFF, 0xE5, 0xE0, 0xFF, 0xFF, 0xE5, 0xE0, 0xFF, 0xFF, 0xE5, 0xE0, 0xFF, 0xFF,
  0xE1, 0xDF, 0xFD, 0xFB, 0xF6, 0xF1, 0xFF, 0xFF, 0xE8, 0xE2, 0xFF, 0x7F, 0x00, 0x00, 0x00, 0x00,
  0xFF, 0xFF, 0xFF, 0x03, 0x00, 0x00, 0x00, 0x00, 0x00, 0x00, 0x00, 0x00, 0x00, 0x00, 0x00, 0x00,
  0x00, 0x00, 0x00, 0x00, 0x00, 0x00, 0x00, 0x00, 0x00, 0x00, 0x00, 0x00, 0x00, 0x00, 0x00, 0x00,
  0x00, 0x00, 0x00, 0x00, 0x00, 0x00, 0x00, 0x00, 0x00, 0x00, 0x00, 0x00, 0x00, 0x00, 0x00, 0x00,
  0x00, 0x00, 0x00, 0x00, 0x00, 0x00, 0x00, 0x00, 0x00, 0x00, 0x00, 0x00, 0x00, 0x00, 0x00, 0x00,
  0x00, 0x00, 0x00, 0x00, 0x00, 0x00, 0x00, 0x00, 0x00, 0x00, 0x00, 0x00, 0x00, 0x00, 0x00, 0x00,
  0x00, 0x00, 0x00, 0x00, 0x00, 0x00, 0x00, 0x00, 0x00, 0x00, 0x00, 0x00, 0x00, 0x00, 0x00, 0x00,
  0x00, 0x00, 0x00, 0x00, 0x00, 0x00, 0x00, 0x00, 0x00, 0x00, 0x00, 0x00, 0x00, 0x00, 0x00, 0x00,
  0x00, 0x00, 0x00, 0x00, 0xFF, 0xFF, 0xFF, 0x03, 0x00, 0x00, 0x00, 0x00, 0xE7, 0xE2, 0xFC, 0x6C,
  0xF5, 0xF1, 0xFF, 0xFF, 0xDF, 0xE1, 0xFF, 0xFB, 0xDF, 0xE1, 0xFF, 0xFF, 0xDF, 0xE1, 0xFF, 0xFF,
  0xDF, 0xE1, 0xFF, 0xFF, 0xE1, 0xE1, 0xFF, 0xFF, 0xE1, 0xE1, 0xFF, 0xFF, 0xE2, 0xE1, 0xFF, 0xFF,
  0xE3, 0xE1, 0xFF, 0xFF, 0xE3, 0xE1, 0xFF, 0xFF, 0xE3, 0xE1, 0xFF, 0xFF, 0xE3, 0xE1, 0xFF, 0xFF,
  0xE3, 0xE1, 0xFF, 0xFF, 0xE3, 0xE1, 0xFF, 0xFF, 0xE3, 0xE1, 0xFF, 0xFF, 0xE3, 0xE1, 0xFF, 0xFF,
  0xE3, 0xE1, 0xFF, 0xFF, 0xE3, 0xE1, 0xFF, 0xFF, 0xE3, 0xE1, 0xFF, 0xFF, 0xE3, 0xE1, 0xFF, 0xFF,
  0xE3, 0xE1, 0xFF, 0xFF, 0xE3, 0xE1, 0xFF, 0xFF, 0xE3, 0xE1, 0xFF, 0xFF, 0xE3, 0xE1, 0xFF, 0xFF,
  0xE3, 0xE1, 0xFF, 0xFF, 0xE3, 0xE1, 0xFF, 0xFF, 0xE3, 0xE1, 0xFF, 0xFF, 0xE3, 0xE1, 0xFF, 0xFF,
  0xE3, 0xE1, 0xFF, 0xFF, 0xE3, 0xE1, 0xFF, 0xFF, 0xE3, 0xE1, 0xFF, 0xFF, 0xE3, 0xE1, 0xFF, 0xFF,
  0xE3, 0xE1, 0xFF, 0xFF, 0xE3, 0xE1, 0xFF, 0xFF, 0xE3, 0xE1, 0xFF, 0xFF, 0xE3, 0xE1, 0xFF, 0xFF,
  0xE3, 0xE1, 0xFF, 0xFF, 0xE3, 0xE1, 0xFF, 0xFF, 0xE3, 0xE1, 0xFF, 0xFF, 0xE3, 0xE1, 0xFF, 0xFF,
  0xE1, 0xDF, 0xFF, 0xFC, 0xF5, 0xF1, 0xFF, 0xFF, 0xE9, 0xE4, 0xFD, 0x9B, 0xEE, 0xEE, 0xFF, 0x0F,
  0xE8, 0xE2, 0xFD, 0xE0, 0xED, 0xE8, 0xFF, 0xFF, 0xE4, 0xE0, 0xFD, 0xFD, 0xE4, 0xE1, 0xFF, 0xFF,
  0xE3, 0xE1, 0xFF, 0xFF, 0xE3, 0xE1, 0xFF, 0xFF, 0xE4, 0xE1, 0xFF, 0xFF, 0xE5, 0xE0, 0xFF, 0xFF,
  0xE5, 0xE0, 0xFF, 0xFF, 0xE5, 0xE0, 0xFF, 0xFF, 0xE5, 0xE0, 0xFF, 0xFF, 0xE5, 0xE0, 0xFF, 0xFF,
  0xE5, 0xE0, 0xFF, 0xFF, 0xE5, 0xE0, 0xFF, 0xFF, 0xE5, 0xE0, 0xFF, 0xFF, 0xE5, 0xE0, 0xFF, 0xFF,
  0xE5, 0xE0, 0xFF, 0xFF, 0xE5, 0xE0, 0xFF, 0xFF, 0xE5, 0xE0, 0xFF, 0xFF, 0xE5, 0xE0, 0xFF, 0xFF,
  0xE5, 0xE0, 0xFF, 0xFF, 0xE5, 0xE0, 0xFF, 0xFF, 0xE5, 0xE0, 0xFF, 0xFF, 0xE5, 0xE0, 0xFF, 0xFF,
  0xE5, 0xE0, 0xFF, 0xFF, 0xE5, 0xE0, 0xFF, 0xFF, 0xE5, 0xE0, 0xFF, 0xFF, 0xE5, 0xE0, 0xFF, 0xFF,
  0xE5, 0xE0, 0xFF, 0xFF, 0xE5, 0xE0, 0xFF, 0xFF, 0xE5, 0xE0, 0xFF, 0xFF, 0xE5, 0xE0, 0xFF, 0xFF,
  0xE5, 0xE0, 0xFF, 0xFF, 0xE5, 0xE0, 0xFF, 0xFF, 0xE5, 0xE0, 0xFF, 0xFF, 0xE5, 0xE0, 0xFF, 0xFF,
  0xE5, 0xE0, 0xFF, 0xFF, 0xE5, 0xE0, 0xFF, 0xFF, 0xE5, 0xE0, 0xFF, 0xFF, 0xE5, 0xE0, 0xFF, 0xFF,
  0xE3, 0xE0, 0xFF, 0xFE, 0xE8, 0xE3, 0xFF, 0xFD, 0xEC, 0xE5, 0xFF, 0xF4, 0xEF, 0xE7, 0xF7, 0x21,
  0xFF, 0xFF, 0xFF, 0x01, 0xFF, 0xFF, 0xFF, 0x02, 0x00, 0x00, 0x00, 0x00, 0x00, 0x00, 0x00, 0x00,
  0x00, 0x00, 0x00, 0x00, 0x00, 0x00, 0x00, 0x00, 0x00, 0x00, 0x00, 0x00, 0x00, 0x00, 0x00, 0x00,
  0x00, 0x00, 0x00, 0x00, 0x00, 0x00, 0x00, 0x00, 0x00, 0x00, 0x00, 0x00, 0x00, 0x00, 0x00, 0x00,
  0x00, 0x00, 0x00, 0x00, 0x00, 0x00, 0x00, 0x00, 0x00, 0x00, 0x00, 0x00, 0x00, 0x00, 0x00, 0x00,
  0x00, 0x00, 0x00, 0x00, 0x00, 0x00, 0x00, 0x00, 0x00, 0x00, 0x00, 0x00, 0x00, 0x00, 0x00, 0x00,
  0x00, 0x00, 0x00, 0x00, 0x00, 0x00, 0x00, 0x00, 0x00, 0x00, 0x00, 0x00, 0x00, 0x00, 0x00, 0x00,
  0x00, 0x00, 0x00, 0x00, 0x00, 0x00, 0x00, 0x00, 0x00, 0x00, 0x00, 0x00, 0x00, 0x00, 0x00, 0x00,
  0x7F, 0x7F, 0xFF, 0x02, 0xFF, 0xFF, 0xFF, 0x01, 0xF2, 0xE6, 0xFF, 0x15, 0xE6, 0xE1, 0xFD, 0xF0,
  0xE5, 0xE5, 0xFF, 0xFD, 0xDE, 0xE1, 0xFD, 0xFE, 0xDF, 0xE1, 0xFF, 0xFF, 0xDF, 0xE1, 0xFF, 0xFF,
  0xDF, 0xE1, 0xFF, 0xFF, 0xE1, 0xE1, 0xFF, 0xFF, 0xE1, 0xE1, 0xFF, 0xFF, 0xE2, 0xE1, 0xFF, 0xFF,
  0xE3, 0xE1, 0xFF, 0xFF, 0xE3, 0xE1, 0xFF, 0xFF, 0xE3, 0xE1, 0xFF, 0xFF, 0xE3, 0xE1, 0xFF, 0xFF,
  0xE3, 0xE1, 0xFF, 0xFF, 0xE3, 0xE1, 0xFF, 0xFF, 0xE3, 0xE1, 0xFF, 0xFF, 0xE3, 0xE1, 0xFF, 0xFF,
  0xE3, 0xE1, 0xFF, 0xFF, 0xE3, 0xE1, 0xFF, 0xFF, 0xE3, 0xE1, 0xFF, 0xFF, 0xE3, 0xE1, 0xFF, 0xFF,
  0xE3, 0xE1, 0xFF, 0xFF, 0xE3, 0xE1, 0xFF, 0xFF, 0xE3, 0xE1, 0xFF, 0xFF, 0xE3, 0xE1, 0xFF, 0xFF,
  0xE3, 0xE1, 0xFF, 0xFF, 0xE3, 0xE1, 0xFF, 0xFF, 0xE2, 0xE0, 0xFF, 0xFF, 0xE2, 0xE0, 0xFF, 0xFF,
  0xE2, 0xE0, 0xFF, 0xFF, 0xE1, 0xE0, 0xFF, 0xFF, 0xE2, 0xE0, 0xFF, 0xFF, 0xE2, 0xE0, 0xFF, 0xFF,
  0xE3, 0xE0, 0xFF, 0xFF, 0xE2, 0xE1, 0xFF, 0xFF, 0xE3, 0xE1, 0xFF, 0xFF, 0xE3, 0xE1, 0xFF, 0xFF,
  0xE3, 0xE1, 0xFF, 0xFF, 0xE3, 0xE1, 0xFF, 0xFF, 0xE3, 0xE1, 0xFF, 0xFF, 0xE3, 0xE1, 0xFF, 0xFF,
  0xE3, 0xE1, 0xFF, 0xFF, 0xE5, 0xE2, 0xFF, 0xFE, 0xE5, 0xE1, 0xFF, 0xFE, 0xE6, 0xE3, 0xFD, 0xD3,
  0xEB, 0xE6, 0xFF, 0xFF, 0xE3, 0xDE, 0xFF, 0xFE, 0xE5, 0xE1, 0xFE, 0xFF, 0xE4, 0xE1, 0xFF, 0xFF,
  0xE3, 0xE1, 0xFF, 0xFF, 0xE3, 0xE1, 0xFF, 0xFF, 0xE4, 0xE1, 0xFF, 0xFF, 0xE5, 0xE0, 0xFF, 0xFF,
  0xE5, 0xE0, 0xFF, 0xFF, 0xE5, 0xE0, 0xFF, 0xFF, 0xE4, 0xDF, 0xFF, 0xFF, 0xE4, 0xDF, 0xFF, 0xFF,
  0xE4, 0xDF, 0xFF, 0xFF, 0xE4, 0xDF, 0xFF, 0xFF, 0xE4, 0xDF, 0xFF, 0xFF, 0xE4, 0xDF, 0xFF, 0xFF,
  0xE4, 0xDF, 0xFF, 0xFF, 0xE5, 0xE0, 0xFF, 0xFF, 0xE5, 0xE0, 0xFF, 0xFF, 0xE5, 0xE0, 0xFF, 0xFF,
  0xE5, 0xE0, 0xFF, 0xFF, 0xE5, 0xE0, 0xFF, 0xFF, 0xE5, 0xE0, 0xFF, 0xFF, 0xE5, 0xE0, 0xFF, 0xFF,
  0xE5, 0xE0, 0xFF, 0xFF, 0xE5, 0xE0, 0xFF, 0xFF, 0xE5, 0xE0, 0xFF, 0xFF, 0xE5, 0xE0, 0xFF, 0xFF,
  0xE5, 0xE0, 0xFF, 0xFF, 0xE5, 0xE0, 0xFF, 0xFF, 0xE5, 0xE0, 0xFF, 0xFF, 0xE5, 0xE0, 0xFF, 0xFF,
  0xE5, 0xE0, 0xFF, 0xFF, 0xE5, 0xE0, 0xFF, 0xFF, 0xE5, 0xE0, 0xFF, 0xFF, 0xE5, 0xE0, 0xFF, 0xFF,
  0xE5, 0xE0, 0xFF, 0xFF, 0xE5, 0xE0, 0xFF, 0xFF, 0xE5, 0xE0, 0xFF, 0xFF, 0xE5, 0xE0, 0xFF, 0xFF,
  0xE4, 0xE1, 0xFF, 0xFF, 0xE4, 0xE1, 0xFF, 0xFC, 0xF5, 0xF0, 0xFF, 0xFF, 0xE5, 0xE2, 0xFD, 0xAC,
  0x00, 0x00, 0x00, 0x00, 0xAA, 0xAA, 0xFF, 0x03, 0x00, 0x00, 0x00, 0x00, 0x00, 0x00, 0x00, 0x00,
  0x00, 0x00, 0x00, 0x00, 0x00, 0x00, 0x00, 0x00, 0x00, 0x00, 0x00, 0x00, 0x00, 0x00, 0x00, 0x00,
  0x00, 0x00, 0x00, 0x00, 0x00, 0x00, 0x00, 0x00, 0x00, 0x00, 0x00, 0x00, 0x00, 0x00, 0x00, 0x00,
  0x00, 0x00, 0x00, 0x00, 0x00, 0x00, 0x00, 0x00, 0x00, 0x00, 0x00, 0x00, 0x00, 0x00, 0x00, 0x00,
  0x00, 0x00, 0x00, 0x00, 0x00, 0x00, 0x00, 0x00, 0x00, 0x00, 0x00, 0x00, 0x00, 0x00, 0x00, 0x00,
  0x00, 0x00, 0x00, 0x00, 0x00, 0x00, 0x00, 0x00, 0x00, 0x00, 0x00, 0x00, 0x00, 0x00, 0x00, 0x00,
  0x00, 0x00, 0x00, 0x00, 0x00, 0x00, 0x00, 0x00, 0x00, 0x00, 0x00, 0x00, 0x00, 0x00, 0x00, 0x00,
  0xFF, 0xFF, 0xFF, 0x03, 0x00, 0x00, 0x00, 0x00, 0xE6, 0xE2, 0xFC, 0x7D, 0xF2, 0xEF, 0xFF, 0xFF,
  0xDF, 0xE0, 0xFF, 0xFB, 0xE1, 0xE2, 0xFF, 0xFF, 0xE0, 0xE1, 0xFF, 0xFF, 0xE0, 0xE1, 0xFF, 0xFF,
  0xE0, 0xE1, 0xFF, 0xFF, 0xE1, 0xE1, 0xFF, 0xFF, 0xE1, 0xE1, 0xFF, 0xFF, 0xE2, 0xE1, 0xFF, 0xFF,
  0xE4, 0xE1, 0xFF, 0xFF, 0xE4, 0xE1, 0xFF, 0xFF, 0xE4, 0xE1, 0xFF, 0xFF, 0xE4, 0xE1, 0xFF, 0xFF,
  0xE4, 0xE1, 0xFF, 0xFF, 0xE4, 0xE1, 0xFF, 0xFF, 0xE4, 0xE1, 0xFF, 0xFF, 0xE4, 0xE1, 0xFF, 0xFF,
  0xE4, 0xE1, 0xFF, 0xFF, 0xE4, 0xE1, 0xFF, 0xFF, 0xE4, 0xE1, 0xFF, 0xFF, 0xE4, 0xE1, 0xFF, 0xFF,
  0xE3, 0xE1, 0xFF, 0xFF, 0xE3, 0xE1, 0xFF, 0xFF, 0xE3, 0xE1, 0xFF, 0xFF, 0xE2, 0xE1, 0xFE, 0xFF,
  0xE2, 0xE0, 0xFE, 0xFF, 0xE4, 0xE2, 0xFE, 0xFF, 0xE5, 0xE4, 0xFF, 0xFF, 0xE7, 0xE5, 0xFF, 0xFF,
  0xE9, 0xE6, 0xFF, 0xFF, 0xEA, 0xE7, 0xFF, 0xFF, 0xE9, 0xE7, 0xFF, 0xFF, 0xE7, 0xE5, 0xFF, 0xFF,
  0xE5, 0xE3, 0xFF, 0xFF, 0xE2, 0xE1, 0xFF, 0xFF, 0xE1, 0xDF, 0xFE, 0xFF, 0xE2, 0xE0, 0xFF, 0xFF,
  0xE3, 0xE1, 0xFF, 0xFF, 0xE3, 0xE1, 0xFF, 0xFF, 0xE3, 0xE1, 0xFF, 0xFF, 0xE3, 0xE1, 0xFF, 0xFF,
  0xE3, 0xE1, 0xFF, 0xFF, 0xE4, 0xE1, 0xFF, 0xFF, 0xE5, 0xE2, 0xFF, 0xFF, 0xEA, 0xE8, 0xFF, 0xFF,
  0xE2, 0xDF, 0xFF, 0xFE, 0xE5, 0xE1, 0xFF, 0xFF, 0xE4, 0xE1, 0xFE, 0xFF, 0xE4, 0xE1, 0xFF, 0xFF,
  0xE3, 0xE1, 0xFF, 0xFF, 0xE3, 0xE1, 0xFF, 0xFF, 0xE4, 0xE1, 0xFF, 0xFF, 0xE4, 0xDF, 0xFF, 0xFF,
  0xE4, 0xDF, 0xFF, 0xFF, 0xE6, 0xE1, 0xFF, 0xFF, 0xE7, 0xE3, 0xFF, 0xFF, 0xEA, 0xE6, 0xFF, 0xFF,
  0xEB, 0xE6, 0xFF, 0xFF, 0xEB, 0xE6, 0xFF, 0xFF, 0xEB, 0xE7, 0xFF, 0xFF, 0xEA, 0xE5, 0xFF, 0xFF,
  0xE7, 0xE2, 0xFF, 0xFF, 0xE5, 0xE0, 0xFF, 0xFF, 0xE4, 0xDF, 0xFF, 0xFF, 0xE4, 0xDF, 0xFF, 0xFF,
  0xE5, 0xE0, 0xFF, 0xFF, 0xE5, 0xE0, 0xFF, 0xFF, 0xE5, 0xE0, 0xFF, 0xFF, 0xE5, 0xE0, 0xFF, 0xFF,
  0xE5, 0xE0, 0xFF, 0xFF, 0xE5, 0xE0, 0xFF, 0xFF, 0xE5, 0xE0, 0xFF, 0xFF, 0xE5, 0xE0, 0xFF, 0xFF,
  0xE5, 0xE0, 0xFF, 0xFF, 0xE5, 0xE0, 0xFF, 0xFF, 0xE5, 0xE0, 0xFF, 0xFF, 0xE5, 0xE0, 0xFF, 0xFF,
  0xE5, 0xE0, 0xFF, 0xFF, 0xE5, 0xE0, 0xFF, 0xFF, 0xE5, 0xE0, 0xFF, 0xFF, 0xE5, 0xE0, 0xFF, 0xFF,
  0xE5, 0xE0, 0xFF, 0xFF, 0xE5, 0xE0, 0xFF, 0xFF, 0xE5, 0xE0, 0xFF, 0xFF, 0xE5, 0xE0, 0xFF, 0xFF,
  0xE4, 0xE1, 0xFF, 0xFF, 0xE5, 0xE1, 0xFF, 0xFF, 0xE5, 0xE2, 0xFF, 0xFD, 0xEB, 0xE7, 0xFF, 0xFD,
  0xEC, 0xE7, 0xFF, 0x37, 0x00, 0x00, 0x00, 0x00, 0xFF, 0xFF, 0xFF, 0x02, 0x00, 0x00, 0x00, 0x00,
  0x00, 0x00, 0x00, 0x00, 0x00, 0x00, 0x00, 0x00, 0x00, 0x00, 0x00, 0x00, 0x00, 0x00, 0x00, 0x00,
  0x00, 0x00, 0x00, 0x00, 0x00, 0x00, 0x00, 0x00, 0x00, 0x00, 0x00, 0x00, 0x00, 0x00, 0x00, 0x00,
  0x00, 0x00, 0x00, 0x00, 0x00, 0x00, 0x00, 0x00, 0x00, 0x00, 0x00, 0x00, 0x00, 0x00, 0x00, 0x00,
  0x00, 0x00, 0x00, 0x00, 0x00, 0x00, 0x00, 0x00, 0x00, 0x00, 0x00, 0x00, 0x00, 0x00, 0x00, 0x00,
  0x00, 0x00, 0x00, 0x00, 0x00, 0x00, 0x00, 0x00, 0x00, 0x00, 0x00, 0x00, 0x00, 0x00, 0x00, 0x00,
  0x00, 0x00, 0x00, 0x00, 0x00, 0x00, 0x00, 0x00, 0x00, 0x00, 0x00, 0x00, 0xFF, 0xFF, 0xFF, 0x01,
  0x00, 0x00, 0x00, 0x00, 0xEF, 0xEF, 0xFF, 0x10, 0xE5, 0xE0, 0xFD, 0xEA, 0xE7, 0xE5, 0xFF, 0xFE,
  0xE2, 0xE0, 0xFD, 0xFD, 0xE2, 0xE0, 0xFE, 0xFF, 0xE2, 0xE0, 0xFE, 0xFF, 0xE2, 0xE0, 0xFE, 0xFF,
  0xE2, 0xE0, 0xFE, 0xFF, 0xE2, 0xE0, 0xFE, 0xFF, 0xE2, 0xE0, 0xFE, 0xFF, 0xE2, 0xE0, 0xFE, 0xFF,
  0xE5, 0xE0, 0xFF, 0xFF, 0xE5, 0xE0, 0xFF, 0xFF, 0xE5, 0xE0, 0xFF, 0xFF, 0xE5, 0xE0, 0xFF, 0xFF,
  0xE5, 0xE0, 0xFF, 0xFF, 0xE5, 0xE0, 0xFF, 0xFF, 0xE5, 0xE0, 0xFF, 0xFF, 0xE5, 0xE0, 0xFF, 0xFF,
  0xE5, 0xE0, 0xFF, 0xFF, 0xE5, 0xE0, 0xFF, 0xFF, 0xE5, 0xE0, 0xFF, 0xFF, 0xE5, 0xE0, 0xFF, 0xFF,
  0xE3, 0xE1, 0xFF, 0xFF, 0xE2, 0xE0, 0xFF, 0xFF, 0xE2, 0xE0, 0xFF, 0xFF, 0xE4, 0xE5, 0xFD, 0xFF,
  0xE6, 0xE6, 0xFE, 0xFF, 0xDE, 0xDF, 0xFE, 0xFF, 0xD4, 0xD5, 0xFD, 0xFF, 0xCB, 0xCB, 0xFA, 0xFF,
  0xBE, 0xBC, 0xFA, 0xFF, 0xB3, 0xB2, 0xFC, 0xFF, 0xC0, 0xBE, 0xFB, 0xFF, 0xCB, 0xCA, 0xFC, 0xFF,
  0xD4, 0xD5, 0xFD, 0xFF, 0xDF, 0xDF, 0xFE, 0xFF, 0xE6, 0xE5, 0xFF, 0xFF, 0xE6, 0xE4, 0xFF, 0xFF,
  0xE2, 0xE0, 0xFF, 0xFF, 0xE2, 0xE0, 0xFF, 0xFF, 0xE3, 0xE1, 0xFF, 0xFF, 0xE3, 0xE1, 0xFF, 0xFF,
  0xE3, 0xE1, 0xFF, 0xFF, 0xE3, 0xE1, 0xFF, 0xFF, 0xE3, 0xE1, 0xFF, 0xFF, 0xE2, 0xE0, 0xFF, 0xFD,
  0xE3, 0xE1, 0xFF, 0xFF, 0xE3, 0xE1, 0xFF, 0xFF, 0xE3, 0xE1, 0xFF, 0xFF, 0xE3, 0xE1, 0xFF, 0xFF,
  0xE3, 0xE1, 0xFF, 0xFF, 0xE2, 0xE0, 0xFF, 0xFF, 0xE4, 0xE1, 0xFF, 0xFF, 0xEA, 0xE5, 0xFF, 0xFF,
  0xE8, 0xE5, 0xFF, 0xFF, 0xDF, 0xDE, 0xFF, 0xFF, 0xD6, 0xD6, 0xFC, 0xFF, 0xBF, 0xBD, 0xFB, 0xFF,
  0xB1, 0xB0, 0xFB, 0xFF, 0xB4, 0xB4, 0xFB, 0xFF, 0xB5, 0xB3, 0xFB, 0xFF, 0xC0, 0xBF, 0xFC, 0xFF,
  0xD5, 0xD5, 0xFD, 0xFF, 0xE1, 0xE0, 0xFF, 0xFF, 0xEA, 0xE6, 0xFF, 0xFF, 0xE7, 0xE2, 0xFF, 0xFF,
  0xE4, 0xDF, 0xFF, 0xFF, 0xE4, 0xDF, 0xFF, 0xFF, 0xE5, 0xE0, 0xFF, 0xFF, 0xE5, 0xE0, 0xFF, 0xFF,
  0xE5, 0xE0, 0xFF, 0xFF, 0xE5, 0xE0, 0xFF, 0xFF, 0xE5, 0xE0, 0xFF, 0xFF, 0xE5, 0xE0, 0xFF, 0xFF,
  0xE5, 0xE0, 0xFF, 0xFF, 0xE5, 0xE0, 0xFF, 0xFF, 0xE5, 0xE0, 0xFF, 0xFF, 0xE5, 0xE0, 0xFF, 0xFF,
  0xE5, 0xE0, 0xFF, 0xFF, 0xE5, 0xE0, 0xFF, 0xFF, 0xE5, 0xE0, 0xFF, 0xFF, 0xE5, 0xE0, 0xFF, 0xFF,
  0xE5, 0xE0, 0xFF, 0xFF, 0xE5, 0xE0, 0xFF, 0xFF, 0xE5, 0xE0, 0xFF, 0xFF, 0xE5, 0xE0, 0xFF, 0xFF,
  0xE5, 0xE0, 0xFF, 0xFF, 0xE5, 0xE0, 0xFF, 0xFF, 0xE3, 0xE0, 0xFF, 0xFB, 0xF4, 0xF1, 0xFF, 0xFF,
  0xE6, 0xE3, 0xFC, 0xAE, 0x00, 0x00, 0x00, 0x00, 0xFF, 0xFF, 0xFF, 0x03, 0x00, 0x00, 0x00, 0x00,
  0x00, 0x00, 0x00, 0x00, 0x00, 0x00, 0x00, 0x00, 0x00, 0x00, 0x00, 0x00, 0x00, 0x00, 0x00, 0x00,
  0x00, 0x00, 0x00, 0x00, 0x00, 0x00, 0x00, 0x00, 0x00, 0x00, 0x00, 0x00, 0x00, 0x00, 0x00, 0x00,
  0x00, 0x00, 0x00, 0x00, 0x00, 0x00, 0x00, 0x00, 0x00, 0x00, 0x00, 0x00, 0x00, 0x00, 0x00, 0x00,
  0x00, 0x00, 0x00, 0x00, 0x00, 0x00, 0x00, 0x00, 0x00, 0x00, 0x00, 0x00, 0x00, 0x00, 0x00, 0x00,
  0x00, 0x00, 0x00, 0x00, 0x00, 0x00, 0x00, 0x00, 0x00, 0x00, 0x00, 0x00, 0x00, 0x00, 0x00, 0x00,
  0x00, 0x00, 0x00, 0x00, 0x00, 0x00, 0x00, 0x00, 0x00, 0x00, 0x00, 0x00, 0xFF, 0xFF, 0xFF, 0x04,
  0x00, 0x00, 0x00, 0x00, 0xE4, 0xE4, 0xFC, 0x61, 0xF2, 0xEF, 0xFF, 0xFF, 0xE0, 0xDE, 0xFD, 0xFC,
  0xE2, 0xE0, 0xFE, 0xFF, 0xE2, 0xE0, 0xFE, 0xFF, 0xE2, 0xE0, 0xFE, 0xFF, 0xE2, 0xE0, 0xFE, 0xFF,
  0xE2, 0xE0, 0xFE, 0xFF, 0xE2, 0xE0, 0xFE, 0xFF, 0xE2, 0xE0, 0xFE, 0xFF, 0xE2, 0xE0, 0xFE, 0xFF,
  0xE5, 0xE0, 0xFF, 0xFF, 0xE5, 0xE0, 0xFF, 0xFF, 0xE5, 0xE0, 0xFF, 0xFF, 0xE5, 0xE0, 0xFF, 0xFF,
  0xE5, 0xE0, 0xFF, 0xFF, 0xE5, 0xE0, 0xFF, 0xFF, 0xE5, 0xE0, 0xFF, 0xFF, 0xE5, 0xE0, 0xFF, 0xFF,
  0xE5, 0xE0, 0xFF, 0xFF, 0xE5, 0xE0, 0xFF, 0xFF, 0xE5, 0xE0, 0xFF, 0xFF, 0xE5, 0xE0, 0xFF, 0xFF,
  0xE2, 0xE0, 0xFF, 0xFF, 0xE4, 0xE3, 0xFE, 0xFF, 0xE4, 0xE6, 0xFF, 0xFF, 0xD0, 0xD1, 0xFD, 0xFF,
  0xAC, 0xAB, 0xFA, 0xFF, 0x8A, 0x86, 0xFA, 0xFF, 0x7C, 0x77, 0xF9, 0xFF, 0x73, 0x70, 0xF7, 0xFF,
  0x6E, 0x69, 0xF8, 0xFF, 0x6B, 0x64, 0xFB, 0xFF, 0x6E, 0x66, 0xFC, 0xFF, 0x75, 0x6B, 0xFC, 0xFF,
  0x7D, 0x76, 0xFC, 0xFF, 0x88, 0x84, 0xF8, 0xFF, 0xAF, 0xAD, 0xFA, 0xFF, 0xD4, 0xD4, 0xFD, 0xFF,
  0xE7, 0xE6, 0xFF, 0xFF, 0xE5, 0xE3, 0xFF, 0xFF, 0xE1, 0xE0, 0xFF, 0xFF, 0xE3, 0xE1, 0xFF, 0xFF,
  0xE3, 0xE1, 0xFF, 0xFF, 0xE3, 0xE1, 0xFF, 0xFF, 0xE3, 0xE1, 0xFF, 0xFF, 0xE3, 0xE1, 0xFF, 0xFF,
  0xE3, 0xE1, 0xFF, 0xFF, 0xE3, 0xE1, 0xFF, 0xFF, 0xE3, 0xE1, 0xFF, 0xFF, 0xE3, 0xE1, 0xFF, 0xFF,
  0xE1, 0xE0, 0xFF, 0xFF, 0xE4, 0xE5, 0xFF, 0xFF, 0xE0, 0xE0, 0xFE, 0xFF, 0xC9, 0xC5, 0xFD, 0xFF,
  0xAA, 0xA5, 0xF9, 0xFF, 0x87, 0x83, 0xF7, 0xFF, 0x7C, 0x76, 0xF7, 0xFF, 0x71, 0x69, 0xF9, 0xFF,
  0x69, 0x65, 0xF9, 0xFF, 0x69, 0x68, 0xF9, 0xFF, 0x6A, 0x67, 0xF9, 0xFF, 0x70, 0x6A, 0xFA, 0xFF,
  0x7B, 0x77, 0xFA, 0xFF, 0x8F, 0x8C, 0xF8, 0xFF, 0xB5, 0xB3, 0xFC, 0xFF, 0xD7, 0xD4, 0xFD, 0xFF,
  0xE8, 0xE5, 0xFF, 0xFF, 0xE6, 0xE2, 0xFF, 0xFF, 0xE4, 0xDF, 0xFF, 0xFF, 0xE5, 0xE0, 0xFF, 0xFF,
  0xE5, 0xE0, 0xFF, 0xFF, 0xE5, 0xE0, 0xFF, 0xFF, 0xE5, 0xE0, 0xFF, 0xFF, 0xE5, 0xE0, 0xFF, 0xFF,
  0xE5, 0xE0, 0xFF, 0xFF, 0xE5, 0xE0, 0xFF, 0xFF, 0xE5, 0xE0, 0xFF, 0xFF, 0xE5, 0xE0, 0xFF, 0xFF,
  0xE5, 0xE0, 0xFF, 0xFF, 0xE5, 0xE0, 0xFF, 0xFF, 0xE5, 0xE0, 0xFF, 0xFF, 0xE5, 0xE0, 0xFF, 0xFF,
  0xE5, 0xE0, 0xFF, 0xFF, 0xE5, 0xE0, 0xFF, 0xFF, 0xE5, 0xE0, 0xFF, 0xFF, 0xE5, 0xE0, 0xFF, 0xFF,
  0xE5, 0xE0, 0xFF, 0xFF, 0xE5, 0xE0, 0xFF, 0xFF, 0xE4, 0xE0, 0xFF, 0xFE, 0xE6, 0xE2, 0xFF, 0xFE,
  0xE9, 0xE5, 0xFD, 0xF9, 0xE5, 0xE5, 0xF8, 0x28, 0x00, 0x00, 0x00, 0x00, 0xFF, 0xFF, 0xFF, 0x02,
  0x00, 0x00, 0x00, 0x00, 0x00, 0x00, 0x00, 0x00, 0x00, 0x00, 0x00, 0x00, 0x00, 0x00, 0x00, 0x00,
  0x00, 0x00, 0x00, 0x00, 0x00, 0x00, 0x00, 0x00, 0x00, 0x00, 0x00, 0x00, 0x00, 0x00, 0x00, 0x00,
  0x00, 0x00, 0x00, 0x00, 0x00, 0x00, 0x00, 0x00, 0x00, 0x00, 0x00, 0x00, 0x00, 0x00, 0x00, 0x00,
  0x00, 0x00, 0x00, 0x00, 0x00, 0x00, 0x00, 0x00, 0x00, 0x00, 0x00, 0x00, 0x00, 0x00, 0x00, 0x00,
  0x00, 0x00, 0x00, 0x00, 0x00, 0x00, 0x00, 0x00, 0x00, 0x00, 0x00, 0x00, 0x00, 0x00, 0x00, 0x00,
  0x00, 0x00, 0x00, 0x00, 0x00, 0x00, 0x00, 0x00, 0x00, 0x00, 0x00, 0x00, 0xAA, 0xAA, 0xFF, 0x03,
  0xFF, 0xFF, 0xFF, 0x01, 0xE5, 0xE2, 0xFA, 0xB5, 0xEF, 0xEC, 0xFF, 0xFE, 0xE1, 0xDF, 0xFD, 0xFC,
  0xE2, 0xE0, 0xFE, 0xFF, 0xE2, 0xE0, 0xFE, 0xFF, 0xE3, 0xE0, 0xFE, 0xFF, 0xE3, 0xE0, 0xFE, 0xFF,
  0xE3, 0xE0, 0xFE, 0xFF, 0xE3, 0xE0, 0xFE, 0xFF, 0xE3, 0xE0, 0xFE, 0xFF, 0xE3, 0xE0, 0xFE, 0xFF,
  0xE5, 0xE0, 0xFF, 0xFF, 0xE5, 0xE0, 0xFF, 0xFF, 0xE5, 0xE0, 0xFF, 0xFF, 0xE5, 0xE0, 0xFF, 0xFF,
  0xE5, 0xE0, 0xFF, 0xFF, 0xE5, 0xE0, 0xFF, 0xFF, 0xE5, 0xE0, 0xFF, 0xFF, 0xE5, 0xE0, 0xFF, 0xFF,
  0xE5, 0xE0, 0xFF, 0xFF, 0xE5, 0xE0, 0xFF, 0xFF, 0xE5, 0xE0, 0xFF, 0xFF, 0xE5, 0xDF, 0xFF, 0xFF,
  0xE8, 0xE5, 0xFF, 0xFF, 0xD6, 0xD5, 0xFC, 0xFF, 0xA0, 0xA2, 0xF8, 0xFF, 0x78, 0x78, 0xF4, 0xFF,
  0x6A, 0x66, 0xFA, 0xFF, 0x69, 0x63, 0xFE, 0xFF, 0x68, 0x64, 0xFF, 0xFF, 0x69, 0x66, 0xFF, 0xFF,
  0x6A, 0x67, 0xFF, 0xFF, 0x6C, 0x67, 0xFF, 0xFF, 0x6A, 0x66, 0xFF, 0xFF, 0x6B, 0x65, 0xFF, 0xFF,
  0x6A, 0x64, 0xFE, 0xFF, 0x68, 0x65, 0xFC, 0xFF, 0x6E, 0x65, 0xFA, 0xFF, 0x80, 0x7A, 0xFA, 0xFF,
  0xA9, 0xA8, 0xFA, 0xFF, 0xD7, 0xD9, 0xFE, 0xFF, 0xE5, 0xE7, 0xFE, 0xFF, 0xE1, 0xE1, 0xFC, 0xFF,
  0xE3, 0xE1, 0xFF, 0xFF, 0xE3, 0xE1, 0xFF, 0xFF, 0xE3, 0xE1, 0xFF, 0xFF, 0xE3, 0xE1, 0xFF, 0xFF,
  0xE3, 0xE1, 0xFF, 0xFF, 0xE3, 0xE1, 0xFF, 0xFF, 0xE2, 0xE0, 0xFF, 0xFF, 0xE3, 0xE1, 0xFF, 0xFF,
  0xE6, 0xE5, 0xFF, 0xFF, 0xCE, 0xCF, 0xFD, 0xFF, 0x9B, 0x98, 0xFA, 0xFF, 0x74, 0x6E, 0xF9, 0xFF,
  0x6B, 0x63, 0xF8, 0xFF, 0x6B, 0x63, 0xFA, 0xFF, 0x6B, 0x65, 0xFE, 0xFF, 0x6C, 0x67, 0xFF, 0xFF,
  0x6C, 0x69, 0xFE, 0xFF, 0x6D, 0x69, 0xFC, 0xFF, 0x6F, 0x69, 0xFC, 0xFF, 0x6F, 0x68, 0xFD, 0xFF,
  0x6B, 0x66, 0xFC, 0xFF, 0x6E, 0x68, 0xFC, 0xFF, 0x70, 0x67, 0xFA, 0xFF, 0x80, 0x79, 0xF9, 0xFF,
  0xAB, 0xA9, 0xFA, 0xFF, 0xD8, 0xDA, 0xFE, 0xFF, 0xE6, 0xE4, 0xFF, 0xFF, 0xE3, 0xDF, 0xFF, 0xFF,
  0xE5, 0xE0, 0xFF, 0xFF, 0xE4, 0xE0, 0xFF, 0xFF, 0xE4, 0xE0, 0xFF, 0xFF, 0xE4, 0xE0, 0xFF, 0xFF,
  0xE5, 0xE0, 0xFF, 0xFF, 0xE5, 0xE0, 0xFF, 0xFF, 0xE5, 0xE0, 0xFF, 0xFF, 0xE5, 0xE0, 0xFF, 0xFF,
  0xE5, 0xE0, 0xFF, 0xFF, 0xE5, 0xE0, 0xFF, 0xFF, 0xE5, 0xE0, 0xFF, 0xFF, 0xE5, 0xE0, 0xFF, 0xFF,
  0xE5, 0xE0, 0xFF, 0xFF, 0xE5, 0xE0, 0xFF, 0xFF, 0xE5, 0xE0, 0xFF, 0xFF, 0xE5, 0xE0, 0xFF, 0xFF,
  0xE5, 0xE0, 0xFF, 0xFF, 0xE5, 0xE0, 0xFF, 0xFF, 0xE5, 0xE0, 0xFF, 0xFF, 0xE5, 0xE0, 0xFF, 0xFB,
  0xF6, 0xF2, 0xFF, 0xFF, 0xE7, 0xE6, 0xFD, 0x85, 0x00, 0x00, 0x00, 0x00, 0xBF, 0xBF, 0xFF, 0x04,
  0x00, 0x00, 0x00, 0x00, 0x00, 0x00, 0x00, 0x00, 0x00, 0x00, 0x00, 0x00, 0x00, 0x00, 0x00, 0x00,
  0x00, 0x00, 0x00, 0x00, 0x00, 0x00, 0x00, 0x00, 0x00, 0x00, 0x00, 0x00, 0x00, 0x00, 0x00, 0x00,
  0x00, 0x00, 0x00, 0x00, 0x00, 0x00, 0x00, 0x00, 0x00, 0x00, 0x00, 0x00, 0x00, 0x00, 0x00, 0x00,
  0x00, 0x00, 0x00, 0x00, 0x00, 0x00, 0x00, 0x00, 0x00, 0x00, 0x00, 0x00, 0x00, 0x00, 0x00, 0x00,
  0x00, 0x00, 0x00, 0x00, 0x00, 0x00, 0x00, 0x00, 0x00, 0x00, 0x00, 0x00, 0x00, 0x00, 0x00, 0x00,
  0x00, 0x00, 0x00, 0x00, 0x00, 0x00, 0x00, 0x00, 0xFF, 0xFF, 0xFF, 0x02, 0x00, 0x00, 0x00, 0x00,
  0xE7, 0xE7, 0xF7, 0x20, 0xE4, 0xE0, 0xFA, 0xFA, 0xE5, 0xE1, 0xFF, 0xFF, 0xE3, 0xE1, 0xFF, 0xFE,
  0xE3, 0xE1, 0xFF, 0xFF, 0xE4, 0xE1, 0xFF, 0xFF, 0xE5, 0xE0, 0xFF, 0xFF, 0xE5, 0xE0, 0xFF, 0xFF,
  0xE5, 0xE0, 0xFF, 0xFF, 0xE5, 0xE0, 0xFF, 0xFF, 0xE5, 0xE0, 0xFF, 0xFF, 0xE5, 0xE0, 0xFF, 0xFF,
  0xE5, 0xE0, 0xFF, 0xFF, 0xE5, 0xE0, 0xFF, 0xFF, 0xE5, 0xE0, 0xFF, 0xFF, 0xE5, 0xE0, 0xFF, 0xFF,
  0xE5, 0xE0, 0xFF, 0xFF, 0xE5, 0xE0, 0xFF, 0xFF, 0xE5, 0xE0, 0xFF, 0xFF, 0xE5, 0xE0, 0xFF, 0xFF,
  0xE5, 0xE0, 0xFF, 0xFF, 0xE4, 0xDF, 0xFF, 0xFF, 0xE5, 0xE1, 0xFF, 0xFF, 0xE3, 0xE2, 0xFF, 0xFF,
  0xB9, 0xB7, 0xFA, 0xFF, 0x80, 0x7D, 0xF5, 0xFF, 0x69, 0x65, 0xFA, 0xFF, 0x69, 0x66, 0xFB, 0xFF,
  0x6B, 0x69, 0xFD, 0xFF, 0x6B, 0x6A, 0xFE, 0xFF, 0x6A, 0x6A, 0xFE, 0xFF, 0x68, 0x69, 0xFE, 0xFF,
  0x67, 0x69, 0xFE, 0xFF, 0x67, 0x69, 0xFD, 0xFF, 0x67, 0x69, 0xFE, 0xFF, 0x68, 0x69, 0xFE, 0xFF,
  0x69, 0x69, 0xFD, 0xFF, 0x6A, 0x6B, 0xFE, 0xFF, 0x6D, 0x6A, 0xFF, 0xFF, 0x6D, 0x68, 0xFF, 0xFF,
  0x6B, 0x68, 0xFB, 0xFF, 0x84, 0x86, 0xF7, 0xFF, 0xC3, 0xC5, 0xFC, 0xFF, 0xE4, 0xE6, 0xFD, 0xFF,
  0xE2, 0xE1, 0xFE, 0xFF, 0xE2, 0xE1, 0xFF, 0xFF, 0xE1, 0xE1, 0xFF, 0xFF, 0xE1, 0xE1, 0xFF, 0xFF,
  0xE1, 0xE1, 0xFF, 0xFF, 0xE1, 0xE0, 0xFF, 0xFF, 0xE1, 0xE2, 0xFF, 0xFF, 0xE0, 0xE3, 0xFF, 0xFF,
  0xBA, 0xB9, 0xFC, 0xFF, 0x80, 0x7B, 0xFA, 0xFF, 0x6C, 0x64, 0xFC, 0xFF, 0x6E, 0x67, 0xFF, 0xFF,
  0x6D, 0x6A, 0xFF, 0xFF, 0x6C, 0x6A, 0xFF, 0xFF, 0x6C, 0x6A, 0xFF, 0xFF, 0x6A, 0x69, 0xFF, 0xFF,
  0x6A, 0x69, 0xFF, 0xFF, 0x69, 0x6A, 0xFE, 0xFF, 0x6B, 0x69, 0xFE, 0xFF, 0x6B, 0x6A, 0xFD, 0xFF,
  0x6B, 0x6A, 0xFE, 0xFF, 0x6E, 0x6B, 0xFF, 0xFF, 0x71, 0x6B, 0xFF, 0xFF, 0x6E, 0x65, 0xFE, 0xFF,
  0x6B, 0x68, 0xF9, 0xFF, 0x81, 0x85, 0xF4, 0xFF, 0xC2, 0xC5, 0xFB, 0xFF, 0xE7, 0xE5, 0xFF, 0xFF,
  0xE3, 0xDF, 0xFF, 0xFF, 0xE2, 0xDF, 0xFE, 0xFF, 0xE2, 0xE0, 0xFE, 0xFF, 0xE2, 0xE0, 0xFE, 0xFF,
  0xE5, 0xE0, 0xFF, 0xFF, 0xE5, 0xE0, 0xFF, 0xFF, 0xE5, 0xE0, 0xFF, 0xFF, 0xE5, 0xE0, 0xFF, 0xFF,
  0xE5, 0xE0, 0xFF, 0xFF, 0xE5, 0xE0, 0xFF, 0xFF, 0xE5, 0xE0, 0xFF, 0xFF, 0xE5, 0xE0, 0xFF, 0xFF,
  0xE5, 0xE0, 0xFF, 0xFF, 0xE5, 0xE0, 0xFF, 0xFF, 0xE5, 0xE0, 0xFF, 0xFF, 0xE5, 0xE0, 0xFF, 0xFF,
  0xE5, 0xE0, 0xFF, 0xFF, 0xE5, 0xE0, 0xFF, 0xFF, 0xE4, 0xE1, 0xFF, 0xFF, 0xE5, 0xE2, 0xFF, 0xFC,
  0xEF, 0xEC, 0xFF, 0xFF, 0xE4, 0xE2, 0xFB, 0xCD, 0xFF, 0xFF, 0xFF, 0x01, 0xFF, 0xFF, 0xFF, 0x01,
  0x00, 0x00, 0x00, 0x00, 0x00, 0x00, 0x00, 0x00, 0x00, 0x00, 0x00, 0x00, 0x00, 0x00, 0x00, 0x00,
  0x00, 0x00, 0x00, 0x00, 0x00, 0x00, 0x00, 0x00, 0x00, 0x00, 0x00, 0x00, 0x00, 0x00, 0x00, 0x00,
  0x00, 0x00, 0x00, 0x00, 0x00, 0x00, 0x00, 0x00, 0x00, 0x00, 0x00, 0x00, 0x00, 0x00, 0x00, 0x00,
  0x00, 0x00, 0x00, 0x00, 0x00, 0x00, 0x00, 0x00, 0x00, 0x00, 0x00, 0x00, 0x00, 0x00, 0x00, 0x00,
  0x00, 0x00, 0x00, 0x00, 0x00, 0x00, 0x00, 0x00, 0x00, 0x00, 0x00, 0x00, 0x00, 0x00, 0x00, 0x00,
  0x00, 0x00, 0x00, 0x00, 0x00, 0x00, 0x00, 0x00, 0xFF, 0xFF, 0xFF, 0x04, 0x00, 0x00, 0x00, 0x00,
  0xE7, 0xE7, 0xFC, 0x60, 0xF1, 0xEE, 0xFF, 0xFF, 0xE2, 0xDF, 0xFC, 0xFC, 0xE3, 0xE1, 0xFF, 0xFF,
  0xE3, 0xE1, 0xFF, 0xFF, 0xE4, 0xE1, 0xFF, 0xFF, 0xE5, 0xE0, 0xFF, 0xFF, 0xE5, 0xE0, 0xFF, 0xFF,
  0xE5, 0xE0, 0xFF, 0xFF, 0xE5, 0xE0, 0xFF, 0xFF, 0xE5, 0xE0, 0xFF, 0xFF, 0xE5, 0xE0, 0xFF, 0xFF,
  0xE5, 0xE0, 0xFF, 0xFF, 0xE5, 0xE0, 0xFF, 0xFF, 0xE5, 0xE0, 0xFF, 0xFF, 0xE5, 0xE0, 0xFF, 0xFF,
  0xE5, 0xE0, 0xFF, 0xFF, 0xE5, 0xE0, 0xFF, 0xFF, 0xE5, 0xE0, 0xFF, 0xFF, 0xE5, 0xE0, 0xFF, 0xFF,
  0xE4, 0xDF, 0xFF, 0xFF, 0xE4, 0xE0, 0xFF, 0xFF, 0xE2, 0xE3, 0xFF, 0xFF, 0xA6, 0xA1, 0xFB, 0xFF,
  0x6D, 0x66, 0xF8, 0xFF, 0x68, 0x65, 0xFA, 0xFF, 0x6D, 0x69, 0xFD, 0xFF, 0x6C, 0x69, 0xFD, 0xFF,
  0x6A, 0x69, 0xFC, 0xFF, 0x6A, 0x69, 0xFC, 0xFF, 0x69, 0x69, 0xFC, 0xFF, 0x68, 0x69, 0xFD, 0xFF,
  0x67, 0x69, 0xFD, 0xFF, 0x67, 0x69, 0xFD, 0xFF, 0x67, 0x69, 0xFD, 0xFF, 0x67, 0x69, 0xFD, 0xFF,
  0x67, 0x69, 0xFD, 0xFF, 0x67, 0x69, 0xFE, 0xFF, 0x6A, 0x6A, 0xFE, 0xFF, 0x6C, 0x6A, 0xFF, 0xFF,
  0x6D, 0x6B, 0xFF, 0xFF, 0x68, 0x65, 0xFC, 0xFF, 0x73, 0x6E, 0xFB, 0xFF, 0xB3, 0xB4, 0xFB, 0xFF,
  0xE0, 0xE3, 0xFE, 0xFF, 0xE0, 0xE0, 0xFF, 0xFF, 0xE1, 0xE1, 0xFF, 0xFF, 0xE1, 0xE1, 0xFF, 0xFF,
  0xE0, 0xE0, 0xFF, 0xFF, 0xE1, 0xE2, 0xFF, 0xFF, 0xDE, 0xE1, 0xFF, 0xFF, 0xAA, 0xAB, 0xF9, 0xFF,
  0x71, 0x71, 0xF8, 0xFF, 0x6C, 0x68, 0xFD, 0xFF, 0x6F, 0x69, 0xFF, 0xFF, 0x6D, 0x69, 0xFF, 0xFF,
  0x6B, 0x69, 0xFF, 0xFF, 0x6A, 0x69, 0xFF, 0xFF, 0x69, 0x69, 0xFF, 0xFF, 0x68, 0x69, 0xFF, 0xFF,
  0x68, 0x69, 0xFF, 0xFF, 0x68, 0x69, 0xFF, 0xFF, 0x6A, 0x69, 0xFF, 0xFF, 0x6A, 0x6A, 0xFF, 0xFF,
  0x6A, 0x6A, 0xFE, 0xFF, 0x6B, 0x6A, 0xFF, 0xFF, 0x6E, 0x69, 0xFF, 0xFF, 0x6E, 0x69, 0xFF, 0xFF,
  0x6D, 0x6A, 0xFF, 0xFF, 0x68, 0x69, 0xF7, 0xFF, 0x70, 0x6F, 0xF4, 0xFF, 0xAF, 0xB1, 0xFC, 0xFF,
  0xE5, 0xE4, 0xFF, 0xFF, 0xE2, 0xE0, 0xFE, 0xFF, 0xE1, 0xDF, 0xFE, 0xFF, 0xE2, 0xE0, 0xFE, 0xFF,
  0xE5, 0xE0, 0xFF, 0xFF, 0xE5, 0xE0, 0xFF, 0xFF, 0xE5, 0xE0, 0xFF, 0xFF, 0xE5, 0xE0, 0xFF, 0xFF,
  0xE5, 0xE0, 0xFF, 0xFF, 0xE5, 0xE0, 0xFF, 0xFF, 0xE5, 0xE0, 0xFF, 0xFF, 0xE5, 0xE0, 0xFF, 0xFF,
  0xE5, 0xE0, 0xFF, 0xFF, 0xE5, 0xE0, 0xFF, 0xFF, 0xE5, 0xE0, 0xFF, 0xFF, 0xE5, 0xE0, 0xFF, 0xFF,
  0xE5, 0xE0, 0xFF, 0xFF, 0xE5, 0xE0, 0xFF, 0xFF, 0xE4, 0xE1, 0xFF, 0xFF, 0xE5, 0xE2, 0xFF, 0xFE,
  0xE6, 0xE4, 0xFE, 0xFF, 0xE8, 0xE5, 0xFD, 0xF8, 0xE7, 0xE7, 0xF7, 0x21, 0x00, 0x00, 0x00, 0x00,
  0xFF, 0xFF, 0xFF, 0x02, 0x00, 0x00, 0x00, 0x00, 0x00, 0x00, 0x00, 0x00, 0x00, 0x00, 0x00, 0x00,
  0x00, 0x00, 0x00, 0x00, 0x00, 0x00, 0x00, 0x00, 0x00, 0x00, 0x00, 0x00, 0x00, 0x00, 0x00, 0x00,
  0x00, 0x00, 0x00, 0x00, 0x00, 0x00, 0x00, 0x00, 0x00, 0x00, 0x00, 0x00, 0x00, 0x00, 0x00, 0x00,
  0x00, 0x00, 0x00, 0x00, 0x00, 0x00, 0x00, 0x00, 0x00, 0x00, 0x00, 0x00, 0x00, 0x00, 0x00, 0x00,
  0x00, 0x00, 0x00, 0x00, 0x00, 0x00, 0x00, 0x00, 0x00, 0x00, 0x00, 0x00, 0x00, 0x00, 0x00, 0x00,
  0x00, 0x00, 0x00, 0x00, 0x00, 0x00, 0x00, 0x00, 0xFF, 0xFF, 0xFF, 0x03, 0x00, 0x00, 0x00, 0x00,
  0xE3, 0xE3, 0xFB, 0xA9, 0xF0, 0xEE, 0xFF, 0xFF, 0xE4, 0xE0, 0xFD, 0xFB, 0xE3, 0xE1, 0xFF, 0xFF,
  0xE3, 0xE1, 0xFF, 0xFF, 0xE4, 0xE1, 0xFF, 0xFF, 0xE5, 0xE0, 0xFF, 0xFF, 0xE5, 0xE0, 0xFF, 0xFF,
  0xE5, 0xE0, 0xFF, 0xFF, 0xE5, 0xE0, 0xFF, 0xFF, 0xE5, 0xE0, 0xFF, 0xFF, 0xE5, 0xE0, 0xFF, 0xFF,
  0xE5, 0xE0, 0xFF, 0xFF, 0xE5, 0xE0, 0xFF, 0xFF, 0xE5, 0xE0, 0xFF, 0xFF, 0xE5, 0xE0, 0xFF, 0xFF,
  0xE5, 0xE0, 0xFF, 0xFF, 0xE5, 0xE0, 0xFF, 0xFF, 0xE5, 0xE0, 0xFF, 0xFF, 0xE5, 0xDF, 0xFF, 0xFF,
  0xE5, 0xE1, 0xFF, 0xFF, 0xE1, 0xE0, 0xFE, 0xFF, 0xA3, 0x9E, 0xFA, 0xFF, 0x6E, 0x65, 0xF9, 0xFF,
  0x6A, 0x67, 0xFE, 0xFF, 0x67, 0x67, 0xFF, 0xFF, 0x6A, 0x68, 0xFD, 0xFF, 0x6B, 0x68, 0xFD, 0xFF,
  0x6A, 0x68, 0xFD, 0xFF, 0x6A, 0x69, 0xFD, 0xFF, 0x69, 0x69, 0xFD, 0xFF, 0x68, 0x69, 0xFD, 0xFF,
  0x67, 0x69, 0xFD, 0xFF, 0x67, 0x69, 0xFD, 0xFF, 0x67, 0x69, 0xFC, 0xFF, 0x67, 0x69, 0xFD, 0xFF,
  0x67, 0x69, 0xFD, 0xFF, 0x67, 0x69, 0xFD, 0xFF, 0x6A, 0x6A, 0xFE, 0xFF, 0x6B, 0x6A, 0xFF, 0xFF,
  0x6D, 0x6A, 0xFF, 0xFF, 0x6E, 0x6A, 0xFE, 0xFF, 0x6A, 0x68, 0xFC, 0xFF, 0x6C, 0x6F, 0xF9, 0xFF,
  0xAC, 0xAF, 0xFB, 0xFF, 0xE2, 0xE4, 0xFE, 0xFF, 0xE0, 0xE0, 0xFF, 0xFF, 0xE1, 0xE0, 0xFF, 0xFF,
  0xE2, 0xE2, 0xFF, 0xFF, 0xDE, 0xE1, 0xFF, 0xFF, 0xA0, 0x9F, 0xF9, 0xFF, 0x6C, 0x68, 0xF8, 0xFF,
  0x6A, 0x69, 0xFF, 0xFF, 0x6C, 0x6B, 0xFF, 0xFF, 0x6E, 0x6A, 0xFF, 0xFF, 0x6D, 0x6A, 0xFF, 0xFF,
  0x6C, 0x6A, 0xFF, 0xFF, 0x6B, 0x6B, 0xFF, 0xFF, 0x6A, 0x6B, 0xFF, 0xFF, 0x69, 0x6B, 0xFF, 0xFF,
  0x69, 0x6B, 0xFF, 0xFF, 0x6A, 0x6B, 0xFF, 0xFF, 0x6B, 0x6B, 0xFF, 0xFF, 0x6B, 0x6B, 0xFF, 0xFF,
  0x6B, 0x6B, 0xFF, 0xFF, 0x6C, 0x6A, 0xFF, 0xFF, 0x6C, 0x6A, 0xFF, 0xFF, 0x6C, 0x69, 0xFF, 0xFF,
  0x6D, 0x68, 0xFF, 0xFF, 0x6D, 0x69, 0xFF, 0xFF, 0x68, 0x67, 0xFD, 0xFF, 0x6C, 0x6C, 0xFA, 0xFF,
  0xA6, 0xA5, 0xFC, 0xFF, 0xDF, 0xE2, 0xFF, 0xFF, 0xE1, 0xE1, 0xFE, 0xFF, 0xE2, 0xE0, 0xFE, 0xFF,
  0xE5, 0xE0, 0xFF, 0xFF, 0xE5, 0xE0, 0xFF, 0xFF, 0xE5, 0xE0, 0xFF, 0xFF, 0xE5, 0xE0, 0xFF, 0xFF,
  0xE5, 0xE0, 0xFF, 0xFF, 0xE5, 0xE0, 0xFF, 0xFF, 0xE5, 0xE0, 0xFF, 0xFF, 0xE5, 0xE0, 0xFF, 0xFF,
  0xE5, 0xE0, 0xFF, 0xFF, 0xE5, 0xE0, 0xFF, 0xFF, 0xE5, 0xE0, 0xFF, 0xFF, 0xE5, 0xE0, 0xFF, 0xFF,
  0xE5, 0xE0, 0xFF, 0xFF, 0xE5, 0xE0, 0xFF, 0xFF, 0xE4, 0xE1, 0xFF, 0xFF, 0xE5, 0xE2, 0xFF, 0xFF,
  0xE3, 0xE1, 0xFC, 0xFC, 0xF4, 0xF1, 0xFF, 0xFF, 0xEA, 0xE8, 0xFC, 0x70, 0x00, 0x00, 0x00, 0x00,
  0xBF, 0xBF, 0xFF, 0x04, 0x00, 0x00, 0x00, 0x00, 0x00, 0x00, 0x00, 0x00, 0x00, 0x00, 0x00, 0x00,
  0x00, 0x00, 0x00, 0x00, 0x00, 0x00, 0x00, 0x00, 0x00, 0x00, 0x00, 0x00, 0x00, 0x00, 0x00, 0x00,
  0x00, 0x00, 0x00, 0x00, 0x00, 0x00, 0x00, 0x00, 0x00, 0x00, 0x00, 0x00, 0x00, 0x00, 0x00, 0x00,
  0x00, 0x00, 0x00, 0x00, 0x00, 0x00, 0x00, 0x00, 0x00, 0x00, 0x00, 0x00, 0x00, 0x00, 0x00, 0x00,
  0x00, 0x00, 0x00, 0x00, 0x00, 0x00, 0x00, 0x00, 0x00, 0x00, 0x00, 0x00, 0x00, 0x00, 0x00, 0x00,
  0x00, 0x00, 0x00, 0x00, 0x00, 0x00, 0x00, 0x00, 0x00, 0x00, 0x00, 0x00, 0xFF, 0xFF, 0xFF, 0x01,
  0xE6, 0xE2, 0xFC, 0xD9, 0xEC, 0xE9, 0xFF, 0xFF, 0xE4, 0xE0, 0xFD, 0xFD, 0xE3, 0xE1, 0xFF, 0xFF,
  0xE3, 0xE1, 0xFF, 0xFF, 0xE4, 0xE1, 0xFF, 0xFF, 0xE5, 0xE0, 0xFF, 0xFF, 0xE5, 0xE0, 0xFF, 0xFF,
  0xE5, 0xE0, 0xFF, 0xFF, 0xE5, 0xE0, 0xFF, 0xFF, 0xE5, 0xE0, 0xFF, 0xFF, 0xE5, 0xE0, 0xFF, 0xFF,
  0xE5, 0xE0, 0xFF, 0xFF, 0xE5, 0xE0, 0xFF, 0xFF, 0xE5, 0xE0, 0xFF, 0xFF, 0xE5, 0xE0, 0xFF, 0xFF,
  0xE5, 0xE0, 0xFF, 0xFF, 0xE5, 0xE0, 0xFF, 0xFF, 0xE5, 0xE0, 0xFF, 0xFF, 0xE5, 0xE0, 0xFF, 0xFF,
  0xE3, 0xE2, 0xFE, 0xFF, 0xA5, 0xA0, 0xFA, 0xFF, 0x6D, 0x64, 0xFB, 0xFF, 0x6E, 0x6A, 0xFD, 0xFF,
  0x6B, 0x6A, 0xFD, 0xFF, 0x69, 0x67, 0xFE, 0xFF, 0x6B, 0x68, 0xFE, 0xFF, 0x6B, 0x69, 0xFE, 0xFF,
  0x6B, 0x69, 0xFE, 0xFF, 0x6B, 0x6A, 0xFE, 0xFF, 0x6A, 0x6A, 0xFE, 0xFF, 0x6A, 0x6A, 0xFE, 0xFF,
  0x69, 0x6A, 0xFE, 0xFF, 0x69, 0x6A, 0xFE, 0xFF, 0x69, 0x6A, 0xFE, 0xFF, 0x69, 0x6A, 0xFE, 0xFF,
  0x69, 0x6A, 0xFE, 0xFF, 0x69, 0x6A, 0xFE, 0xFF, 0x6A, 0x6A, 0xFE, 0xFF, 0x6B, 0x69, 0xFE, 0xFF,
  0x6B, 0x6A, 0xFE, 0xFF, 0x6B, 0x6B, 0xFC, 0xFF, 0x6C, 0x6C, 0xFB, 0xFF, 0x68, 0x6C, 0xFC, 0xFF,
  0x70, 0x71, 0xFA, 0xFF, 0xBB, 0xBD, 0xFC, 0xFF, 0xE4, 0xE5, 0xFF, 0xFF, 0xE0, 0xE0, 0xFF, 0xFF,
  0xE2, 0xE2, 0xFF, 0xFF, 0xA9, 0xA6, 0xF9, 0xFF, 0x6D, 0x69, 0xF8, 0xFF, 0x6B, 0x68, 0xFF, 0xFF,
  0x6B, 0x6A, 0xFE, 0xFF, 0x6B, 0x6A, 0xFD, 0xFF, 0x6C, 0x69, 0xFE, 0xFF, 0x6C, 0x69, 0xFE, 0xFF,
  0x6B, 0x69, 0xFF, 0xFF, 0x6A, 0x6A, 0xFF, 0xFF, 0x6B, 0x6A, 0xFF, 0xFF, 0x6A, 0x6A, 0xFF, 0xFF,
  0x69, 0x6A, 0xFF, 0xFF, 0x6A, 0x6A, 0xFF, 0xFF, 0x6A, 0x6A, 0xFF, 0xFF, 0x6A, 0x6A, 0xFF, 0xFF,
  0x6B, 0x6A, 0xFF, 0xFF, 0x6B, 0x6A, 0xFF, 0xFF, 0x6B, 0x6A, 0xFF, 0xFF, 0x6B, 0x69, 0xFF, 0xFF,
  0x6B, 0x68, 0xFE, 0xFF, 0x6A, 0x67, 0xFF, 0xFF, 0x6A, 0x6A, 0xFE, 0xFF, 0x68, 0x68, 0xFD, 0xFF,
  0x67, 0x64, 0xFC, 0xFF, 0xA8, 0xA8, 0xFD, 0xFF, 0xE1, 0xE4, 0xFF, 0xFF, 0xE1, 0xE0, 0xFE, 0xFF,
  0xE5, 0xE0, 0xFF, 0xFF, 0xE5, 0xE0, 0xFF, 0xFF, 0xE5, 0xE0, 0xFF, 0xFF, 0xE5, 0xE0, 0xFF, 0xFF,
  0xE5, 0xE0, 0xFF, 0xFF, 0xE5, 0xE0, 0xFF, 0xFF, 0xE5, 0xE0, 0xFF, 0xFF, 0xE5, 0xE0, 0xFF, 0xFF,
  0xE5, 0xE0, 0xFF, 0xFF, 0xE5, 0xE0, 0xFF, 0xFF, 0xE5, 0xE0, 0xFF, 0xFF, 0xE5, 0xE0, 0xFF, 0xFF,
  0xE5, 0xE0, 0xFF, 0xFF, 0xE5, 0xE0, 0xFF, 0xFF, 0xE5, 0xE0, 0xFF, 0xFF, 0xE3, 0xE1, 0xFF, 0xFF,
  0xE2, 0xE1, 0xFF, 0xFB, 0xF2, 0xF0, 0xFF, 0xFF, 0xE7, 0xE4, 0xFD, 0xA5, 0x00, 0x00, 0x00, 0x00,
  0xBF, 0xBF, 0xFF, 0x04, 0x00, 0x00, 0x00, 0x00, 0x00, 0x00, 0x00, 0x00, 0x00, 0x00, 0x00, 0x00,
  0x00, 0x00, 0x00, 0x00, 0x00, 0x00, 0x00, 0x00, 0x00, 0x00, 0x00, 0x00, 0x00, 0x00, 0x00, 0x00,
  0x00, 0x00, 0x00, 0x00, 0x00, 0x00, 0x00, 0x00, 0x00, 0x00, 0x00, 0x00, 0x00, 0x00, 0x00, 0x00,
  0x00, 0x00, 0x00, 0x00, 0x00, 0x00, 0x00, 0x00, 0x00, 0x00, 0x00, 0x00, 0x00, 0x00, 0x00, 0x00,
  0x00, 0x00, 0x00, 0x00, 0x00, 0x00, 0x00, 0x00, 0x00, 0x00, 0x00, 0x00, 0x00, 0x00, 0x00, 0x00,
  0x00, 0x00, 0x00, 0x00, 0xFF, 0xFF, 0xFF, 0x02, 0x00, 0x00, 0x00, 0x00, 0xEF, 0xE7, 0xFF, 0x21,
  0xE8, 0xE3, 0xFD, 0xF5, 0xE7, 0xE3, 0xFE, 0xFF, 0xE4, 0xE1, 0xFF, 0xFE, 0xE3, 0xE1, 0xFF, 0xFF,
  0xE3, 0xE1, 0xFF, 0xFF, 0xE4, 0xE1, 0xFF, 0xFF, 0xE5, 0xE0, 0xFF, 0xFF, 0xE5, 0xE0, 0xFF, 0xFF,
  0xE5, 0xE0, 0xFF, 0xFF, 0xE5, 0xE0, 0xFF, 0xFF, 0xE5, 0xE0, 0xFF, 0xFF, 0xE5, 0xE0, 0xFF, 0xFF,
  0xE5, 0xE0, 0xFF, 0xFF, 0xE5, 0xE0, 0xFF, 0xFF, 0xE5, 0xE0, 0xFF, 0xFF, 0xE5, 0xE0, 0xFF, 0xFF,
  0xE5, 0xE0, 0xFF, 0xFF, 0xE5, 0xE0, 0xFF, 0xFF, 0xE4, 0xDF, 0xFF, 0xFF, 0xE7, 0xE5, 0xFF, 0xFF,
  0xBA, 0xB9, 0xFC, 0xFF, 0x70, 0x6A, 0xF6, 0xFF, 0x6D, 0x6A, 0xFC, 0xFF, 0x6C, 0x6A, 0xFE, 0xFF,
  0x6B, 0x69, 0xFE, 0xFF, 0x6B, 0x69, 0xFE, 0xFF, 0x6B, 0x69, 0xFE, 0xFF, 0x6B, 0x69, 0xFE, 0xFF,
  0x6B, 0x69, 0xFE, 0xFF, 0x6B, 0x6A, 0xFE, 0xFF, 0x6A, 0x6A, 0xFE, 0xFF, 0x6A, 0x6A, 0xFE, 0xFF,
  0x6A, 0x6A, 0xFE, 0xFF, 0x6A, 0x6A, 0xFE, 0xFF, 0x6A, 0x6A, 0xFE, 0xFF, 0x6A, 0x6A, 0xFE, 0xFF,
  0x6A, 0x6A, 0xFE, 0xFF, 0x6A, 0x6A, 0xFE, 0xFF, 0x6A, 0x6A, 0xFE, 0xFF, 0x6A, 0x6A, 0xFE, 0xFF,
  0x6A, 0x6A, 0xFE, 0xFF, 0x6B, 0x69, 0xFE, 0xFF, 0x6A, 0x6A, 0xFD, 0xFF, 0x6C, 0x6D, 0xFD, 0xFF,
  0x69, 0x68, 0xFF, 0xFF, 0x78, 0x7A, 0xF8, 0xFF, 0xCC, 0xCF, 0xFC, 0xFF, 0xE6, 0xE9, 0xFF, 0xFF,
  0xBA, 0xBB, 0xFC, 0xFF, 0x73, 0x6D, 0xFB, 0xFF, 0x6B, 0x69, 0xFE, 0xFF, 0x6B, 0x6A, 0xFE, 0xFF,
  0x6B, 0x69, 0xFE, 0xFF, 0x6B, 0x69, 0xFE, 0xFF, 0x6B, 0x69, 0xFE, 0xFF, 0x6B, 0x69, 0xFE, 0xFF,
  0x6B, 0x69, 0xFF, 0xFF, 0x6A, 0x69, 0xFF, 0xFF, 0x6A, 0x69, 0xFF, 0xFF, 0x6A, 0x69, 0xFF, 0xFF,
  0x6A, 0x69, 0xFF, 0xFF, 0x6A, 0x69, 0xFF, 0xFF, 0x6A, 0x69, 0xFF, 0xFF, 0x6A, 0x69, 0xFF, 0xFF,
  0x6A, 0x69, 0xFF, 0xFF, 0x6A, 0x69, 0xFF, 0xFF, 0x6A, 0x69, 0xFF, 0xFF, 0x6A, 0x69, 0xFF, 0xFF,
  0x6A, 0x69, 0xFF, 0xFF, 0x6A, 0x69, 0xFF, 0xFF, 0x69, 0x69, 0xFF, 0xFF, 0x6A, 0x69, 0xFE, 0xFF,
  0x68, 0x66, 0xFE, 0xFF, 0x71, 0x6F, 0xFB, 0xFF, 0xC7, 0xCA, 0xFD, 0xFF, 0xE6, 0xE3, 0xFF, 0xFF,
  0xE4, 0xDF, 0xFF, 0xFF, 0xE5, 0xE0, 0xFF, 0xFF, 0xE5, 0xE0, 0xFF, 0xFF, 0xE5, 0xE0, 0xFF, 0xFF,
  0xE5, 0xE0, 0xFF, 0xFF, 0xE5, 0xE0, 0xFF, 0xFF, 0xE5, 0xE0, 0xFF, 0xFF, 0xE5, 0xE0, 0xFF, 0xFF,
  0xE5, 0xE0, 0xFF, 0xFF, 0xE5, 0xE0, 0xFF, 0xFF, 0xE5, 0xE0, 0xFF, 0xFF, 0xE5, 0xE0, 0xFF, 0xFF,
  0xE5, 0xE0, 0xFF, 0xFF, 0xE5, 0xE0, 0xFF, 0xFF, 0xE5, 0xE0, 0xFF, 0xFF, 0xE3, 0xE1, 0xFF, 0xFF,
  0xE2, 0xE0, 0xFF, 0xFD, 0xEC, 0xEA, 0xFF, 0xFF, 0xE3, 0xE3, 0xFD, 0xCD, 0xFF, 0xFF, 0xFF, 0x03,
  0xFF, 0xFF, 0xFF, 0x01, 0x00, 0x00, 0x00, 0x00, 0x00, 0x00, 0x00, 0x00, 0x00, 0x00, 0x00, 0x00,
  0x00, 0x00, 0x00, 0x00, 0x00, 0x00, 0x00, 0x00, 0x00, 0x00, 0x00, 0x00, 0x00, 0x00, 0x00, 0x00,
  0x00, 0x00, 0x00, 0x00, 0x00, 0x00, 0x00, 0x00, 0x00, 0x00, 0x00, 0x00, 0x00, 0x00, 0x00, 0x00,
  0x00, 0x00, 0x00, 0x00, 0x00, 0x00, 0x00, 0x00, 0x00, 0x00, 0x00, 0x00, 0x00, 0x00, 0x00, 0x00,
  0x00, 0x00, 0x00, 0x00, 0x00, 0x00, 0x00, 0x00, 0x00, 0x00, 0x00, 0x00, 0x00, 0x00, 0x00, 0x00,
  0x00, 0x00, 0x00, 0x00, 0xFF, 0xFF, 0xFF, 0x03, 0x00, 0x00, 0x00, 0x00, 0xEB, 0xE4, 0xFB, 0x43,
  0xF1, 0xEB, 0xFF, 0xFF, 0xE4, 0xE0, 0xFD, 0xFD, 0xE4, 0xE1, 0xFE, 0xFF, 0xE3, 0xE1, 0xFF, 0xFF,
  0xE3, 0xE1, 0xFF, 0xFF, 0xE4, 0xE1, 0xFF, 0xFF, 0xE5, 0xE0, 0xFF, 0xFF, 0xE5, 0xE0, 0xFF, 0xFF,
  0xE5, 0xE0, 0xFF, 0xFF, 0xE5, 0xE0, 0xFF, 0xFF, 0xE5, 0xE0, 0xFF, 0xFF, 0xE5, 0xE0, 0xFF, 0xFF,
  0xE5, 0xE0, 0xFF, 0xFF, 0xE5, 0xE0, 0xFF, 0xFF, 0xE5, 0xE0, 0xFF, 0xFF, 0xE5, 0xE0, 0xFF, 0xFF,
  0xE5, 0xE0, 0xFF, 0xFF, 0xE4, 0xDF, 0xFF, 0xFF, 0xE7, 0xE4, 0xFE, 0xFF, 0xD4, 0xD4, 0xFD, 0xFF,
  0x7E, 0x79, 0xFB, 0xFF, 0x69, 0x66, 0xFE, 0xFF, 0x6B, 0x6C, 0xFC, 0xFF, 0x6B, 0x69, 0xFD, 0xFF,
  0x6B, 0x69, 0xFE, 0xFF, 0x6B, 0x69, 0xFE, 0xFF, 0x6B, 0x69, 0xFE, 0xFF, 0x6B, 0x69, 0xFE, 0xFF,
  0x6B, 0x69, 0xFE, 0xFF, 0x6B, 0x6A, 0xFE, 0xFF, 0x6A, 0x6A, 0xFE, 0xFF, 0x6A, 0x6A, 0xFE, 0xFF,
  0x6A, 0x6A, 0xFE, 0xFF, 0x6A, 0x6A, 0xFE, 0xFF, 0x6A, 0x6A, 0xFE, 0xFF, 0x6A, 0x6A, 0xFE, 0xFF,
  0x6A, 0x6A, 0xFE, 0xFF, 0x6A, 0x6A, 0xFE, 0xFF, 0x6A, 0x6A, 0xFE, 0xFF, 0x6A, 0x6A, 0xFE, 0xFF,
  0x6A, 0x6A, 0xFE, 0xFF, 0x6A, 0x6A, 0xFE, 0xFF, 0x6A, 0x6A, 0xFE, 0xFF, 0x6B, 0x6B, 0xFF, 0xFF,
  0x6D, 0x6C, 0xFF, 0xFF, 0x67, 0x68, 0xFB, 0xFF, 0x92, 0x92, 0xFA, 0xFF, 0xC7, 0xC6, 0xFE, 0xFF,
  0x81, 0x81, 0xFB, 0xFF, 0x6A, 0x69, 0xFE, 0xFF, 0x6B, 0x6A, 0xFE, 0xFF, 0x6B, 0x69, 0xFE, 0xFF,
  0x6B, 0x69, 0xFE, 0xFF, 0x6B, 0x69, 0xFE, 0xFF, 0x6B, 0x69, 0xFE, 0xFF, 0x6B, 0x69, 0xFE, 0xFF,
  0x6B, 0x69, 0xFF, 0xFF, 0x6A, 0x69, 0xFF, 0xFF, 0x6A, 0x69, 0xFF, 0xFF, 0x6A, 0x69, 0xFF, 0xFF,
  0x6A, 0x69, 0xFF, 0xFF, 0x6A, 0x69, 0xFF, 0xFF, 0x6A, 0x69, 0xFF, 0xFF, 0x6A, 0x69, 0xFF, 0xFF,
  0x6A, 0x69, 0xFF, 0xFF, 0x6A, 0x69, 0xFF, 0xFF, 0x6A, 0x69, 0xFF, 0xFF, 0x6B, 0x69, 0xFF, 0xFF,
  0x6A, 0x69, 0xFF, 0xFF, 0x6A, 0x69, 0xFF, 0xFF, 0x6A, 0x69, 0xFF, 0xFF, 0x69, 0x69, 0xFF, 0xFF,
  0x6A, 0x69, 0xFE, 0xFF, 0x67, 0x65, 0xFB, 0xFF, 0x8E, 0x90, 0xF8, 0xFF, 0xDF, 0xDD, 0xFF, 0xFF,
  0xE6, 0xE0, 0xFF, 0xFF, 0xE5, 0xE0, 0xFF, 0xFF, 0xE5, 0xE0, 0xFF, 0xFF, 0xE5, 0xE0, 0xFF, 0xFF,
  0xE5, 0xE0, 0xFF, 0xFF, 0xE5, 0xE0, 0xFF, 0xFF, 0xE5, 0xE0, 0xFF, 0xFF, 0xE5, 0xE0, 0xFF, 0xFF,
  0xE5, 0xE0, 0xFF, 0xFF, 0xE5, 0xE0, 0xFF, 0xFF, 0xE5, 0xE0, 0xFF, 0xFF, 0xE5, 0xE0, 0xFF, 0xFF,
  0xE5, 0xE0, 0xFF, 0xFF, 0xE5, 0xE0, 0xFF, 0xFF, 0xE5, 0xE0, 0xFF, 0xFF, 0xE3, 0xE1, 0xFF, 0xFF,
  0xE2, 0xE0, 0xFF, 0xFE, 0xE7, 0xE5, 0xFF, 0xFF, 0xE1, 0xE1, 0xFB, 0xED, 0xFF, 0xFF, 0xFF, 0x0E,
  0x00, 0x00, 0x00, 0x00, 0xFF, 0xFF, 0xFF, 0x01, 0x00, 0x00, 0x00, 0x00, 0x00, 0x00, 0x00, 0x00,
  0x00, 0x00, 0x00, 0x00, 0x00, 0x00, 0x00, 0x00, 0x00, 0x00, 0x00, 0x00, 0x00, 0x00, 0x00, 0x00,
  0x00, 0x00, 0x00, 0x00, 0x00, 0x00, 0x00, 0x00, 0x00, 0x00, 0x00, 0x00, 0x00, 0x00, 0x00, 0x00,
  0x00, 0x00, 0x00, 0x00, 0x00, 0x00, 0x00, 0x00, 0x00, 0x00, 0x00, 0x00, 0x00, 0x00, 0x00, 0x00,
  0x00, 0x00, 0x00, 0x00, 0x00, 0x00, 0x00, 0x00, 0x00, 0x00, 0x00, 0x00, 0x00, 0x00, 0x00, 0x00,
  0x00, 0x00, 0x00, 0x00, 0xFF, 0xFF, 0xFF, 0x03, 0x00, 0x00, 0x00, 0x00, 0xE9, 0xE6, 0xFB, 0x52,
  0xF2, 0xEE, 0xFF, 0xFF, 0xE4, 0xE0, 0xFD, 0xFC, 0xE4, 0xE1, 0xFE, 0xFF, 0xE3, 0xE1, 0xFF, 0xFF,
  0xE3, 0xE1, 0xFF, 0xFF, 0xE4, 0xE1, 0xFF, 0xFF, 0xE5, 0xE0, 0xFF, 0xFF, 0xE5, 0xE0, 0xFF, 0xFF,
  0xE5, 0xE0, 0xFF, 0xFF, 0xE5, 0xE0, 0xFF, 0xFF, 0xE5, 0xE0, 0xFF, 0xFF, 0xE5, 0xE0, 0xFF, 0xFF,
  0xE5, 0xE0, 0xFF, 0xFF, 0xE5, 0xE0, 0xFF, 0xFF, 0xE5, 0xE0, 0xFF, 0xFF, 0xE5, 0xE0, 0xFF, 0xFF,
  0xE5, 0xE0, 0xFF, 0xFF, 0xE4, 0xDF, 0xFF, 0xFF, 0xE5, 0xE5, 0xFD, 0xFF, 0xA1, 0x9F, 0xFC, 0xFF,
  0x69, 0x65, 0xFD, 0xFF, 0x69, 0x68, 0xFF, 0xFF, 0x69, 0x6A, 0xFE, 0xFF, 0x6B, 0x69, 0xFE, 0xFF,
  0x6B, 0x69, 0xFE, 0xFF, 0x6B, 0x69, 0xFE, 0xFF, 0x6B, 0x69, 0xFE, 0xFF, 0x6B, 0x69, 0xFE, 0xFF,
  0x6B, 0x69, 0xFE, 0xFF, 0x6B, 0x6A, 0xFE, 0xFF, 0x6A, 0x6A, 0xFE, 0xFF, 0x6A, 0x6A, 0xFE, 0xFF,
  0x6A, 0x6A, 0xFE, 0xFF, 0x6A, 0x6A, 0xFE, 0xFF, 0x6A, 0x6A, 0xFE, 0xFF, 0x6A, 0x6A, 0xFE, 0xFF,
  0x6A, 0x6A, 0xFE, 0xFF, 0x6A, 0x6A, 0xFE, 0xFF, 0x6A, 0x6A, 0xFE, 0xFF, 0x6A, 0x6A, 0xFE, 0xFF,
  0x6A, 0x6A, 0xFE, 0xFF, 0x6A, 0x6A, 0xFE, 0xFF, 0x6A, 0x6A, 0xFF, 0xFF, 0x6B, 0x6B, 0xFF, 0xFF,
  0x6B, 0x6B, 0xFF, 0xFF, 0x6B, 0x6A, 0xFF, 0xFF, 0x70, 0x6C, 0xFD, 0xFF, 0x7A, 0x74, 0xFC, 0xFF,
  0x6B, 0x6A, 0xFD, 0xFF, 0x68, 0x6A, 0xFC, 0xFF, 0x6B, 0x6A, 0xFD, 0xFF, 0x6B, 0x69, 0xFE, 0xFF,
  0x6B, 0x69, 0xFE, 0xFF, 0x6B, 0x69, 0xFE, 0xFF, 0x6B, 0x69, 0xFE, 0xFF, 0x6B, 0x69, 0xFE, 0xFF,
  0x6B, 0x69, 0xFF, 0xFF, 0x6A, 0x69, 0xFF, 0xFF, 0x6A, 0x6A, 0xFE, 0xFF, 0x6A, 0x69, 0xFF, 0xFF,
  0x6A, 0x69, 0xFF, 0xFF, 0x6A, 0x69, 0xFF, 0xFF, 0x6A, 0x69, 0xFF, 0xFF, 0x6A, 0x69, 0xFF, 0xFF,
  0x6A, 0x69, 0xFF, 0xFF, 0x6A, 0x69, 0xFF, 0xFF, 0x6A, 0x69, 0xFF, 0xFF, 0x6A, 0x69, 0xFF, 0xFF,
  0x6A, 0x69, 0xFF, 0xFF, 0x6A, 0x69, 0xFF, 0xFF, 0x6A, 0x69, 0xFF, 0xFF, 0x6A, 0x69, 0xFF, 0xFF,
  0x69, 0x68, 0xFF, 0xFF, 0x6B, 0x68, 0xFE, 0xFF, 0x6A, 0x68, 0xFA, 0xFF, 0xB9, 0xB7, 0xFC, 0xFF,
  0xEA, 0xE5, 0xFF, 0xFF, 0xE4, 0xDF, 0xFF, 0xFF, 0xE5, 0xE0, 0xFF, 0xFF, 0xE5, 0xE0, 0xFF, 0xFF,
  0xE5, 0xE0, 0xFF, 0xFF, 0xE5, 0xE0, 0xFF, 0xFF, 0xE5, 0xE0, 0xFF, 0xFF, 0xE5, 0xE0, 0xFF, 0xFF,
  0xE5, 0xE0, 0xFF, 0xFF, 0xE5, 0xE0, 0xFF, 0xFF, 0xE5, 0xE0, 0xFF, 0xFF, 0xE5, 0xE0, 0xFF, 0xFF,
  0xE5, 0xE0, 0xFF, 0xFF, 0xE5, 0xE0, 0xFF, 0xFF, 0xE5, 0xE0, 0xFF, 0xFF, 0xE5, 0xE0, 0xFF, 0xFF,
  0xE4, 0xDF, 0xFF, 0xFE, 0xE7, 0xE2, 0xFF, 0xFF, 0xE2, 0xE2, 0xFB, 0xF4, 0xEC, 0xEC, 0xF5, 0x1C,
  0x00, 0x00, 0x00, 0x00, 0xFF, 0xFF, 0xFF, 0x01, 0x00, 0x00, 0x00, 0x00, 0x00, 0x00, 0x00, 0x00,
  0x00, 0x00, 0x00, 0x00, 0x00, 0x00, 0x00, 0x00, 0x00, 0x00, 0x00, 0x00, 0x00, 0x00, 0x00, 0x00,
  0x00, 0x00, 0x00, 0x00, 0x00, 0x00, 0x00, 0x00, 0x00, 0x00, 0x00, 0x00, 0x00, 0x00, 0x00, 0x00,
  0x00, 0x00, 0x00, 0x00, 0x00, 0x00, 0x00, 0x00, 0x00, 0x00, 0x00, 0x00, 0x00, 0x00, 0x00, 0x00,
  0x00, 0x00, 0x00, 0x00, 0x00, 0x00, 0x00, 0x00, 0x00, 0x00, 0x00, 0x00, 0x00, 0x00, 0x00, 0x00,
  0x00, 0x00, 0x00, 0x00, 0xFF, 0xFF, 0xFF, 0x04, 0x00, 0x00, 0x00, 0x00, 0xE6, 0xE4, 0xFA, 0x72,
  0xF6, 0xF1, 0xFF, 0xFF, 0xE4, 0xE0, 0xFD, 0xFB, 0xE4, 0xE1, 0xFE, 0xFF, 0xE3, 0xE1, 0xFF, 0xFF,
  0xE3, 0xE1, 0xFF, 0xFF, 0xE4, 0xE1, 0xFF, 0xFF, 0xE5, 0xE0, 0xFF, 0xFF, 0xE5, 0xE0, 0xFF, 0xFF,
  0xE5, 0xE0, 0xFF, 0xFF, 0xE5, 0xE0, 0xFF, 0xFF, 0xE5, 0xE0, 0xFF, 0xFF, 0xE5, 0xE0, 0xFF, 0xFF,
  0xE5, 0xE0, 0xFF, 0xFF, 0xE5, 0xE0, 0xFF, 0xFF, 0xE5, 0xE0, 0xFF, 0xFF, 0xE5, 0xE0, 0xFF, 0xFF,
  0xE4, 0xDF, 0xFF, 0xFF, 0xE8, 0xE4, 0xFF, 0xFF, 0xD0, 0xD0, 0xFD, 0xFF, 0x77, 0x72, 0xFA, 0xFF,
  0x6E, 0x67, 0xFF, 0xFF, 0x6C, 0x69, 0xFF, 0xFF, 0x6B, 0x69, 0xFF, 0xFF, 0x6B, 0x69, 0xFE, 0xFF,
  0x6B, 0x69, 0xFE, 0xFF, 0x6B, 0x69, 0xFE, 0xFF, 0x6B, 0x69, 0xFE, 0xFF, 0x6B, 0x69, 0xFE, 0xFF,
  0x6B, 0x69, 0xFE, 0xFF, 0x6B, 0x6A, 0xFE, 0xFF, 0x6A, 0x6A, 0xFE, 0xFF, 0x6A, 0x6A, 0xFE, 0xFF,
  0x6A, 0x6A, 0xFE, 0xFF, 0x6A, 0x6A, 0xFE, 0xFF, 0x6A, 0x6A, 0xFE, 0xFF, 0x6A, 0x6A, 0xFE, 0xFF,
  0x6A, 0x6A, 0xFE, 0xFF, 0x6A, 0x6A, 0xFE, 0xFF, 0x6A, 0x6A, 0xFE, 0xFF, 0x6A, 0x6A, 0xFE, 0xFF,
  0x6A, 0x6A, 0xFE, 0xFF, 0x6A, 0x6A, 0xFE, 0xFF, 0x6A, 0x6A, 0xFE, 0xFF, 0x6B, 0x6B, 0xFF, 0xFF,
  0x6B, 0x6B, 0xFF, 0xFF, 0x6C, 0x6B, 0xFF, 0xFF, 0x6B, 0x69, 0xFE, 0xFF, 0x68, 0x67, 0xFD, 0xFF,
  0x69, 0x69, 0xFD, 0xFF, 0x69, 0x69, 0xFD, 0xFF, 0x6B, 0x69, 0xFE, 0xFF, 0x6B, 0x69, 0xFE, 0xFF,
  0x6B, 0x69, 0xFE, 0xFF, 0x6B, 0x69, 0xFE, 0xFF, 0x6B, 0x69, 0xFE, 0xFF, 0x6B, 0x69, 0xFE, 0xFF,
  0x6B, 0x69, 0xFE, 0xFF, 0x6A, 0x69, 0xFF, 0xFF, 0x6A, 0x69, 0xFF, 0xFF, 0x6A, 0x69, 0xFF, 0xFF,
  0x6A, 0x69, 0xFF, 0xFF, 0x6A, 0x69, 0xFF, 0xFF, 0x6A, 0x69, 0xFF, 0xFF, 0x6A, 0x69, 0xFF, 0xFF,
  0x6A, 0x69, 0xFF, 0xFF, 0x6A, 0x69, 0xFF, 0xFF, 0x6A, 0x69, 0xFF, 0xFF, 0x6A, 0x69, 0xFF, 0xFF,
  0x6A, 0x69, 0xFF, 0xFF, 0x6A, 0x69, 0xFF, 0xFF, 0x6A, 0x69, 0xFF, 0xFF, 0x6A, 0x69, 0xFF, 0xFF,
  0x6A, 0x69, 0xFF, 0xFF, 0x6B, 0x6A, 0xFF, 0xFF, 0x67, 0x66, 0xFE, 0xFF, 0x87, 0x87, 0xF8, 0xFF,
  0xE1, 0xDD, 0xFE, 0xFF, 0xE6, 0xE1, 0xFF, 0xFF, 0xE5, 0xE0, 0xFF, 0xFF, 0xE5, 0xE0, 0xFF, 0xFF,
  0xE5, 0xE0, 0xFF, 0xFF, 0xE5, 0xE0, 0xFF, 0xFF, 0xE5, 0xE0, 0xFF, 0xFF, 0xE5, 0xE0, 0xFF, 0xFF,
  0xE5, 0xE0, 0xFF, 0xFF, 0xE5, 0xE0, 0xFF, 0xFF, 0xE5, 0xE0, 0xFF, 0xFF, 0xE5, 0xE0, 0xFF, 0xFF,
  0xE5, 0xE0, 0xFF, 0xFF, 0xE5, 0xE0, 0xFF, 0xFF, 0xE5, 0xE0, 0xFF, 0xFF, 0xE5, 0xE0, 0xFF, 0xFF,
  0xE5, 0xE0, 0xFF, 0xFF, 0xE5, 0xDF, 0xFF, 0xFF, 0xE6, 0xE5, 0xFF, 0xFF, 0xE9, 0xE9, 0xFF, 0x30,
  0x00, 0x00, 0x00, 0x00, 0xFF, 0xFF, 0xFF, 0x02, 0x00, 0x00, 0x00, 0x00, 0x00, 0x00, 0x00, 0x00,
  0x00, 0x00, 0x00, 0x00, 0x00, 0x00, 0x00, 0x00, 0x00, 0x00, 0x00, 0x00, 0x00, 0x00, 0x00, 0x00,
  0x00, 0x00, 0x00, 0x00, 0x00, 0x00, 0x00, 0x00, 0x00, 0x00, 0x00, 0x00, 0x00, 0x00, 0x00, 0x00,
  0x00, 0x00, 0x00, 0x00, 0x00, 0x00, 0x00, 0x00, 0x00, 0x00, 0x00, 0x00, 0x00, 0x00, 0x00, 0x00,
  0x00, 0x00, 0x00, 0x00, 0x00, 0x00, 0x00, 0x00, 0x00, 0x00, 0x00, 0x00, 0x00, 0x00, 0x00, 0x00,
  0x00, 0x00, 0x00, 0x00, 0xFF, 0xFF, 0xFF, 0x04, 0x00, 0x00, 0x00, 0x00, 0xE7, 0xE3, 0xFB, 0x81,
  0xF6, 0xF1, 0xFF, 0xFF, 0xE4, 0xE0, 0xFD, 0xFB, 0xE4, 0xE1, 0xFE, 0xFF, 0xE3, 0xE1, 0xFF, 0xFF,
  0xE3, 0xE1, 0xFF, 0xFF, 0xE4, 0xE1, 0xFF, 0xFF, 0xE5, 0xE0, 0xFF, 0xFF, 0xE5, 0xE0, 0xFF, 0xFF,
  0xE5, 0xE0, 0xFF, 0xFF, 0xE5, 0xE0, 0xFF, 0xFF, 0xE5, 0xE0, 0xFF, 0xFF, 0xE5, 0xE0, 0xFF, 0xFF,
  0xE5, 0xE0, 0xFF, 0xFF, 0xE5, 0xE0, 0xFF, 0xFF, 0xE5, 0xE0, 0xFF, 0xFF, 0xE5, 0xE0, 0xFF, 0xFF,
  0xE4, 0xDF, 0xFF, 0xFF, 0xEA, 0xE6, 0xFF, 0xFF, 0xA9, 0xA8, 0xFA, 0xFF, 0x6B, 0x65, 0xFB, 0xFF,
  0x6F, 0x69, 0xFF, 0xFF, 0x6C, 0x69, 0xFF, 0xFF, 0x6B, 0x69, 0xFF, 0xFF, 0x6B, 0x69, 0xFE, 0xFF,
  0x6B, 0x69, 0xFE, 0xFF, 0x6B, 0x69, 0xFE, 0xFF, 0x6B, 0x69, 0xFE, 0xFF, 0x6A, 0x6A, 0xFE, 0xFF,
  0x6B, 0x69, 0xFE, 0xFF, 0x6B, 0x6A, 0xFE, 0xFF, 0x6A, 0x6A, 0xFE, 0xFF, 0x6A, 0x6A, 0xFE, 0xFF,
  0x6A, 0x6A, 0xFE, 0xFF, 0x6A, 0x6A, 0xFE, 0xFF, 0x6A, 0x6A, 0xFE, 0xFF, 0x6A, 0x6A, 0xFE, 0xFF,
  0x6A, 0x6A, 0xFE, 0xFF, 0x6A, 0x6A, 0xFE, 0xFF, 0x6A, 0x6A, 0xFE, 0xFF, 0x6A, 0x6A, 0xFE, 0xFF,
  0x6A, 0x6A, 0xFE, 0xFF, 0x6A, 0x6A, 0xFE, 0xFF, 0x6A, 0x6A, 0xFE, 0xFF, 0x6B, 0x6B, 0xFF, 0xFF,
  0x6B, 0x6B, 0xFF, 0xFF, 0x6B, 0x6B, 0xFF, 0xFF, 0x6B, 0x6A, 0xFE, 0xFF, 0x6A, 0x6A, 0xFD, 0xFF,
  0x69, 0x6A, 0xFD, 0xFF, 0x69, 0x69, 0xFD, 0xFF, 0x6B, 0x69, 0xFE, 0xFF, 0x6B, 0x69, 0xFE, 0xFF,
  0x6B, 0x69, 0xFE, 0xFF, 0x6B, 0x69, 0xFE, 0xFF, 0x6B, 0x69, 0xFE, 0xFF, 0x6B, 0x69, 0xFE, 0xFF,
  0x6B, 0x69, 0xFF, 0xFF, 0x6A, 0x69, 0xFF, 0xFF, 0x6A, 0x69, 0xFF, 0xFF, 0x6A, 0x69, 0xFF, 0xFF,
  0x6A, 0x69, 0xFF, 0xFF, 0x6A, 0x69, 0xFF, 0xFF, 0x6A, 0x69, 0xFF, 0xFF, 0x6A, 0x69, 0xFF, 0xFF,
  0x6A, 0x69, 0xFF, 0xFF, 0x6A, 0x69, 0xFF, 0xFF, 0x6A, 0x69, 0xFF, 0xFF, 0x6A, 0x69, 0xFF, 0xFF,
  0x6A, 0x69, 0xFF, 0xFF, 0x6A, 0x69, 0xFF, 0xFF, 0x69, 0x69, 0xFF, 0xFF, 0x69, 0x69, 0xFF, 0xFF,
  0x6A, 0x69, 0xFF, 0xFF, 0x69, 0x6A, 0xFF, 0xFF, 0x6A, 0x6B, 0xFD, 0xFF, 0x6D, 0x6B, 0xF8, 0xFF,
  0xBA, 0xB9, 0xFC, 0xFF, 0xEA, 0xE5, 0xFF, 0xFF, 0xE4, 0xDF, 0xFF, 0xFF, 0xE5, 0xE0, 0xFF, 0xFF,
  0xE5, 0xE0, 0xFF, 0xFF, 0xE5, 0xE0, 0xFF, 0xFF, 0xE5, 0xE0, 0xFF, 0xFF, 0xE5, 0xE0, 0xFF, 0xFF,
  0xE5, 0xE0, 0xFF, 0xFF, 0xE5, 0xE0, 0xFF, 0xFF, 0xE5, 0xE0, 0xFF, 0xFF, 0xE5, 0xE0, 0xFF, 0xFF,
  0xE5, 0xE0, 0xFF, 0xFF, 0xE5, 0xE0, 0xFF, 0xFF, 0xE5, 0xE0, 0xFF, 0xFF, 0xE5, 0xE0, 0xFF, 0xFF,
  0xE5, 0xE0, 0xFF, 0xFF, 0xE4, 0xDF, 0xFF, 0xFD, 0xEC, 0xEA, 0xFF, 0xFF, 0xE8, 0xE4, 0xFB, 0x43,
  0x00, 0x00, 0x00, 0x00, 0xFF, 0xFF, 0xFF, 0x03, 0x00, 0x00, 0x00, 0x00, 0x00, 0x00, 0x00, 0x00,
  0x00, 0x00, 0x00, 0x00, 0x00, 0x00, 0x00, 0x00, 0x00, 0x00, 0x00, 0x00, 0x00, 0x00, 0x00, 0x00,
  0x00, 0x00, 0x00, 0x00, 0x00, 0x00, 0x00, 0x00, 0x00, 0x00, 0x00, 0x00, 0x00, 0x00, 0x00, 0x00,
  0x00, 0x00, 0x00, 0x00, 0x00, 0x00, 0x00, 0x00, 0x00, 0x00, 0x00, 0x00, 0x00, 0x00, 0x00, 0x00,
  0x00, 0x00, 0x00, 0x00, 0x00, 0x00, 0x00, 0x00, 0x00, 0x00, 0x00, 0x00, 0x00, 0x00, 0x00, 0x00,
  0x00, 0x00, 0x00, 0x00, 0xFF, 0xBF, 0xFF, 0x04, 0x00, 0x00, 0x00, 0x00, 0xE5, 0xE3, 0xFB, 0x94,
  0xF5, 0xF1, 0xFF, 0xFF, 0xE4, 0xE0, 0xFD, 0xFB, 0xE4, 0xE1, 0xFE, 0xFF, 0xE3, 0xE1, 0xFF, 0xFF,
  0xE3, 0xE1, 0xFF, 0xFF, 0xE4, 0xE1, 0xFF, 0xFF, 0xE5, 0xE0, 0xFF, 0xFF, 0xE5, 0xE0, 0xFF, 0xFF,
  0xE5, 0xE0, 0xFF, 0xFF, 0xE5, 0xE0, 0xFF, 0xFF, 0xE5, 0xE0, 0xFF, 0xFF, 0xE5, 0xE0, 0xFF, 0xFF,
  0xE5, 0xE0, 0xFF, 0xFF, 0xE5, 0xE0, 0xFF, 0xFF, 0xE5, 0xE0, 0xFF, 0xFF, 0xE5, 0xE0, 0xFF, 0xFF,
  0xE5, 0xE0, 0xFF, 0xFF, 0xDE, 0xE0, 0xFE, 0xFF, 0x8A, 0x85, 0xFB, 0xFF, 0x6C, 0x64, 0xFE, 0xFF,
  0x6D, 0x6A, 0xFF, 0xFF, 0x6B, 0x69, 0xFF, 0xFF, 0x6B, 0x69, 0xFF, 0xFF, 0x6B, 0x69, 0xFE, 0xFF,
  0x6B, 0x69, 0xFE, 0xFF, 0x6B, 0x69, 0xFE, 0xFF, 0x6B, 0x69, 0xFE, 0xFF, 0x6B, 0x69, 0xFE, 0xFF,
  0x6B, 0x69, 0xFE, 0xFF, 0x6B, 0x6A, 0xFE, 0xFF, 0x6A, 0x6A, 0xFE, 0xFF, 0x6A, 0x6A, 0xFE, 0xFF,
  0x6A, 0x6A, 0xFE, 0xFF, 0x6A, 0x6A, 0xFE, 0xFF, 0x6A, 0x6A, 0xFE, 0xFF, 0x6A, 0x6A, 0xFE, 0xFF,
  0x6A, 0x6A, 0xFE, 0xFF, 0x6A, 0x6A, 0xFE, 0xFF, 0x6A, 0x6A, 0xFE, 0xFF, 0x6A, 0x6A, 0xFE, 0xFF,
  0x6A, 0x6A, 0xFE, 0xFF, 0x6A, 0x6A, 0xFE, 0xFF, 0x6A, 0x6A, 0xFE, 0xFF, 0x6B, 0x6B, 0xFF, 0xFF,
  0x6B, 0x6B, 0xFF, 0xFF, 0x6B, 0x6B, 0xFF, 0xFF, 0x6A, 0x6A, 0xFE, 0xFF, 0x6A, 0x6A, 0xFE, 0xFF,
  0x6A, 0x6A, 0xFE, 0xFF, 0x6A, 0x6A, 0xFE, 0xFF, 0x6B, 0x69, 0xFE, 0xFF, 0x6B, 0x69, 0xFE, 0xFF,
  0x6B, 0x69, 0xFE, 0xFF, 0x6B, 0x69, 0xFE, 0xFF, 0x6B, 0x69, 0xFE, 0xFF, 0x6B, 0x69, 0xFE, 0xFF,
  0x6B, 0x69, 0xFF, 0xFF, 0x6A, 0x69, 0xFF, 0xFF, 0x6A, 0x69, 0xFF, 0xFF, 0x6A, 0x69, 0xFF, 0xFF,
  0x6A, 0x69, 0xFF, 0xFF, 0x6A, 0x69, 0xFF, 0xFF, 0x6A, 0x69, 0xFF, 0xFF, 0x6A, 0x69, 0xFF, 0xFF,
  0x6A, 0x69, 0xFF, 0xFF, 0x6A, 0x69, 0xFF, 0xFF, 0x6A, 0x69, 0xFF, 0xFF, 0x6A, 0x69, 0xFF, 0xFF,
  0x6A, 0x69, 0xFF, 0xFF, 0x6A, 0x69, 0xFF, 0xFF, 0x6A, 0x69, 0xFF, 0xFF, 0x6A, 0x69, 0xFF, 0xFF,
  0x6A, 0x69, 0xFF, 0xFF, 0x6A, 0x69, 0xFE, 0xFF, 0x6C, 0x6D, 0xFC, 0xFF, 0x69, 0x64, 0xFB, 0xFF,
  0x93, 0x90, 0xFA, 0xFF, 0xE7, 0xE3, 0xFF, 0xFF, 0xE5, 0xDF, 0xFF, 0xFF, 0xE5, 0xE0, 0xFF, 0xFF,
  0xE5, 0xE0, 0xFF, 0xFF, 0xE5, 0xE0, 0xFF, 0xFF, 0xE5, 0xE0, 0xFF, 0xFF, 0xE5, 0xE0, 0xFF, 0xFF,
  0xE5, 0xE0, 0xFF, 0xFF, 0xE5, 0xE0, 0xFF, 0xFF, 0xE5, 0xE0, 0xFF, 0xFF, 0xE5, 0xE0, 0xFF, 0xFF,
  0xE5, 0xE0, 0xFF, 0xFF, 0xE5, 0xE0, 0xFF, 0xFF, 0xE5, 0xE0, 0xFF, 0xFF, 0xE5, 0xE0, 0xFF, 0xFF,
  0xE5, 0xE0, 0xFF, 0xFF, 0xE3, 0xDE, 0xFF, 0xFD, 0xEF, 0xEC, 0xFF, 0xFF, 0xEA, 0xE7, 0xFB, 0x4B,
  0x00, 0x00, 0x00, 0x00, 0xFF, 0xFF, 0xFF, 0x03, 0x00, 0x00, 0x00, 0x00, 0x00, 0x00, 0x00, 0x00,
  0x00, 0x00, 0x00, 0x00, 0x00, 0x00, 0x00, 0x00, 0x00, 0x00, 0x00, 0x00, 0x00, 0x00, 0x00, 0x00,
  0x00, 0x00, 0x00, 0x00, 0x00, 0x00, 0x00, 0x00, 0x00, 0x00, 0x00, 0x00, 0x00, 0x00, 0x00, 0x00,
  0x00, 0x00, 0x00, 0x00, 0x00, 0x00, 0x00, 0x00, 0x00, 0x00, 0x00, 0x00, 0x00, 0x00, 0x00, 0x00,
  0x00, 0x00, 0x00, 0x00, 0x00, 0x00, 0x00, 0x00, 0x00, 0x00, 0x00, 0x00, 0x00, 0x00, 0x00, 0x00,
  0x00, 0x00, 0x00, 0x00, 0xFF, 0xBF, 0xFF, 0x04, 0x00, 0x00, 0x00, 0x00, 0xE4, 0xE2, 0xFB, 0x98,
  0xF5, 0xF1, 0xFF, 0xFF, 0xE5, 0xE0, 0xFD, 0xFB, 0xE4, 0xE1, 0xFE, 0xFF, 0xE3, 0xE1, 0xFF, 0xFF,
  0xE3, 0xE1, 0xFF, 0xFF, 0xE4, 0xE1, 0xFF, 0xFF, 0xE5, 0xE0, 0xFF, 0xFF, 0xE5, 0xE0, 0xFF, 0xFF,
  0xE5, 0xE0, 0xFF, 0xFF, 0xE5, 0xE0, 0xFF, 0xFF, 0xE5, 0xE0, 0xFF, 0xFF, 0xE5, 0xE0, 0xFF, 0xFF,
  0xE5, 0xE0, 0xFF, 0xFF, 0xE5, 0xE0, 0xFF, 0xFF, 0xE5, 0xE0, 0xFF, 0xFF, 0xE4, 0xDF, 0xFF, 0xFF,
  0xE8, 0xE3, 0xFF, 0xFF, 0xCD, 0xCE, 0xFD, 0xFF, 0x78, 0x71, 0xFB, 0xFF, 0x6E, 0x67, 0xFF, 0xFF,
  0x6B, 0x6A, 0xFF, 0xFF, 0x6B, 0x6A, 0xFF, 0xFF, 0x6B, 0x6A, 0xFF, 0xFF, 0x6A, 0x69, 0xFF, 0xFF,
  0x6A, 0x69, 0xFF, 0xFF, 0x6A, 0x69, 0xFF, 0xFF, 0x6B, 0x69, 0xFF, 0xFF, 0x6A, 0x69, 0xFF, 0xFF,
  0x6A, 0x69, 0xFF, 0xFF, 0x6A, 0x69, 0xFF, 0xFF, 0x6A, 0x69, 0xFF, 0xFF, 0x6A, 0x69, 0xFF, 0xFF,
  0x6A, 0x69, 0xFF, 0xFF, 0x6A, 0x69, 0xFF, 0xFF, 0x6A, 0x69, 0xFF, 0xFF, 0x6A, 0x69, 0xFF, 0xFF,
  0x6A, 0x69, 0xFF, 0xFF, 0x6A, 0x69, 0xFF, 0xFF, 0x6A, 0x69, 0xFF, 0xFF, 0x6A, 0x69, 0xFF, 0xFF,
  0x6A, 0x69, 0xFF, 0xFF, 0x6A, 0x69, 0xFF, 0xFF, 0x6A, 0x69, 0xFF, 0xFF, 0x6A, 0x6A, 0xFF, 0xFF,
  0x6A, 0x6A, 0xFF, 0xFF, 0x6A, 0x6A, 0xFF, 0xFF, 0x6A, 0x6A, 0xFF, 0xFF, 0x6A, 0x69, 0xFF, 0xFF,
  0x6A, 0x69, 0xFF, 0xFF, 0x6A, 0x69, 0xFF, 0xFF, 0x6B, 0x69, 0xFF, 0xFF, 0x6B, 0x69, 0xFF, 0xFF,
  0x6B, 0x69, 0xFF, 0xFF, 0x6B, 0x69, 0xFF, 0xFF, 0x6B, 0x69, 0xFF, 0xFF, 0x6B, 0x69, 0xFF, 0xFF,
  0x6B, 0x69, 0xFF, 0xFF, 0x6B, 0x69, 0xFF, 0xFF, 0x6B, 0x69, 0xFF, 0xFF, 0x6B, 0x69, 0xFF, 0xFF,
  0x6B, 0x69, 0xFF, 0xFF, 0x6B, 0x69, 0xFF, 0xFF, 0x6B, 0x69, 0xFF, 0xFF, 0x6B, 0x69, 0xFF, 0xFF,
  0x6B, 0x69, 0xFF, 0xFF, 0x6B, 0x69, 0xFF, 0xFF, 0x6B, 0x69, 0xFF, 0xFF, 0x6B, 0x69, 0xFF, 0xFF,
  0x6B, 0x69, 0xFF, 0xFF, 0x6B, 0x69, 0xFF, 0xFF, 0x6B, 0x69, 0xFF, 0xFF, 0x6B, 0x69, 0xFF, 0xFF,
  0x6B, 0x69, 0xFF, 0xFF, 0x6A, 0x68, 0xFF, 0xFF, 0x6B, 0x68, 0xFF, 0xFF, 0x6B, 0x67, 0xFD, 0xFF,
  0x7D, 0x7B, 0xF7, 0xFF, 0xDB, 0xD8, 0xFE, 0xFF, 0xE7, 0xE2, 0xFF, 0xFF, 0xE5, 0xE0, 0xFF, 0xFF,
  0xE5, 0xE0, 0xFF, 0xFF, 0xE5, 0xE0, 0xFF, 0xFF, 0xE5, 0xE0, 0xFF, 0xFF, 0xE5, 0xE0, 0xFF, 0xFF,
  0xE5, 0xE0, 0xFF, 0xFF, 0xE5, 0xE0, 0xFF, 0xFF, 0xE5, 0xE0, 0xFF, 0xFF, 0xE5, 0xE0, 0xFF, 0xFF,
  0xE5, 0xE0, 0xFF, 0xFF, 0xE5, 0xE0, 0xFF, 0xFF, 0xE5, 0xE0, 0xFF, 0xFF, 0xE5, 0xE0, 0xFF, 0xFF,
  0xE5, 0xE0, 0xFF, 0xFF, 0xE4, 0xDF, 0xFF, 0xFC, 0xEF, 0xED, 0xFF, 0xFF, 0xEB, 0xE8, 0xFB, 0x4E,
  0x00, 0x00, 0x00, 0x00, 0xFF, 0xFF, 0xFF, 0x03, 0x00, 0x00, 0x00, 0x00, 0x00, 0x00, 0x00, 0x00,
  0x00, 0x00, 0x00, 0x00, 0x00, 0x00, 0x00, 0x00, 0x00, 0x00, 0x00, 0x00, 0x00, 0x00, 0x00, 0x00,
  0x00, 0x00, 0x00, 0x00, 0x00, 0x00, 0x00, 0x00, 0x00, 0x00, 0x00, 0x00, 0x00, 0x00, 0x00, 0x00,
  0x00, 0x00, 0x00, 0x00, 0x00, 0x00, 0x00, 0x00, 0x00, 0x00, 0x00, 0x00, 0x00, 0x00, 0x00, 0x00,
  0x00, 0x00, 0x00, 0x00, 0x00, 0x00, 0x00, 0x00, 0x00, 0x00, 0x00, 0x00, 0x00, 0x00, 0x00, 0x00,
  0x00, 0x00, 0x00, 0x00, 0xFF, 0xBF, 0xFF, 0x04, 0x00, 0x00, 0x00, 0x00, 0xE6, 0xE0, 0xFB, 0x90,
  0xF5, 0xF1, 0xFF, 0xFF, 0xE4, 0xE0, 0xFD, 0xFB, 0xE4, 0xE1, 0xFE, 0xFF, 0xE3, 0xE1, 0xFF, 0xFF,
  0xE3, 0xE1, 0xFF, 0xFF, 0xE4, 0xE1, 0xFF, 0xFF, 0xE5, 0xE0, 0xFF, 0xFF, 0xE5, 0xE0, 0xFF, 0xFF,
  0xE5, 0xE0, 0xFF, 0xFF, 0xE5, 0xE0, 0xFF, 0xFF, 0xE5, 0xE0, 0xFF, 0xFF, 0xE5, 0xE0, 0xFF, 0xFF,
  0xE5, 0xE0, 0xFF, 0xFF, 0xE5, 0xE0, 0xFF, 0xFF, 0xE5, 0xE0, 0xFF, 0xFF, 0xE4, 0xDF, 0xFF, 0xFF,
  0xEA, 0xE7, 0xFE, 0xFF, 0xB6, 0xB4, 0xFA, 0xFF, 0x6D, 0x66, 0xFB, 0xFF, 0x6E, 0x6B, 0xFF, 0xFF,
  0x6B, 0x6B, 0xFF, 0xFF, 0x6B, 0x6B, 0xFF, 0xFF, 0x6B, 0x6A, 0xFF, 0xFF, 0x6A, 0x69, 0xFF, 0xFF,
  0x6A, 0x69, 0xFF, 0xFF, 0x6A, 0x69, 0xFF, 0xFF, 0x6A, 0x69, 0xFF, 0xFF, 0x6A, 0x69, 0xFF, 0xFF,
  0x6A, 0x69, 0xFF, 0xFF, 0x6A, 0x69, 0xFF, 0xFF, 0x6A, 0x69, 0xFF, 0xFF, 0x6A, 0x69, 0xFF, 0xFF,
  0x6A, 0x69, 0xFF, 0xFF, 0x6A, 0x69, 0xFF, 0xFF, 0x6A, 0x69, 0xFF, 0xFF, 0x6A, 0x69, 0xFF, 0xFF,
  0x6A, 0x69, 0xFF, 0xFF, 0x6A, 0x69, 0xFF, 0xFF, 0x6A, 0x69, 0xFF, 0xFF, 0x6A, 0x69, 0xFF, 0xFF,
  0x6A, 0x69, 0xFF, 0xFF, 0x6A, 0x69, 0xFF, 0xFF, 0x6A, 0x69, 0xFF, 0xFF, 0x6A, 0x69, 0xFF, 0xFF,
  0x6A, 0x69, 0xFF, 0xFF, 0x6A, 0x69, 0xFF, 0xFF, 0x6A, 0x69, 0xFF, 0xFF, 0x6A, 0x69, 0xFF, 0xFF,
  0x6A, 0x69, 0xFF, 0xFF, 0x6A, 0x69, 0xFF, 0xFF, 0x6B, 0x69, 0xFF, 0xFF, 0x6B, 0x69, 0xFF, 0xFF,
  0x6B, 0x69, 0xFF, 0xFF, 0x6B, 0x69, 0xFF, 0xFF, 0x6B, 0x69, 0xFF, 0xFF, 0x6B, 0x69, 0xFF, 0xFF,
  0x6B, 0x69, 0xFF, 0xFF, 0x6B, 0x69, 0xFF, 0xFF, 0x6B, 0x69, 0xFF, 0xFF, 0x6B, 0x69, 0xFF, 0xFF,
  0x6B, 0x69, 0xFF, 0xFF, 0x6B, 0x69, 0xFF, 0xFF, 0x6B, 0x69, 0xFF, 0xFF, 0x6B, 0x69, 0xFF, 0xFF,
  0x6B, 0x69, 0xFF, 0xFF, 0x6B, 0x69, 0xFF, 0xFF, 0x6B, 0x69, 0xFF, 0xFF, 0x6B, 0x69, 0xFF, 0xFF,
  0x6B, 0x69, 0xFF, 0xFF, 0x6B, 0x69, 0xFF, 0xFF, 0x6B, 0x69, 0xFF, 0xFF, 0x6B, 0x69, 0xFF, 0xFF,
  0x6B, 0x69, 0xFF, 0xFF, 0x6A, 0x68, 0xFE, 0xFF, 0x6A, 0x68, 0xFF, 0xFF, 0x6E, 0x6A, 0xFD, 0xFF,
  0x6E, 0x6C, 0xF6, 0xFF, 0xC4, 0xC2, 0xFC, 0xFF, 0xEA, 0xE5, 0xFF, 0xFF, 0xE4, 0xDF, 0xFF, 0xFF,
  0xE5, 0xE0, 0xFF, 0xFF, 0xE5, 0xE0, 0xFF, 0xFF, 0xE5, 0xE0, 0xFF, 0xFF, 0xE5, 0xE0, 0xFF, 0xFF,
  0xE5, 0xE0, 0xFF, 0xFF, 0xE5, 0xE0, 0xFF, 0xFF, 0xE5, 0xE0, 0xFF, 0xFF, 0xE5, 0xE0, 0xFF, 0xFF,
  0xE5, 0xE0, 0xFF, 0xFF, 0xE5, 0xE0, 0xFF, 0xFF, 0xE5, 0xE0, 0xFF, 0xFF, 0xE5, 0xE0, 0xFF, 0xFF,
  0xE5, 0xE0, 0xFF, 0xFF, 0xE4, 0xDF, 0xFF, 0xFD, 0xEC, 0xEA, 0xFF, 0xFF, 0xEB, 0xE8, 0xFB, 0x43,
  0x00, 0x00, 0x00, 0x00, 0xFF, 0xFF, 0xFF, 0x03, 0x00, 0x00, 0x00, 0x00, 0x00, 0x00, 0x00, 0x00,
  0x00, 0x00, 0x00, 0x00, 0x00, 0x00, 0x00, 0x00, 0x00, 0x00, 0x00, 0x00, 0x00, 0x00, 0x00, 0x00,
  0x00, 0x00, 0x00, 0x00, 0x00, 0x00, 0x00, 0x00, 0x00, 0x00, 0x00, 0x00, 0x00, 0x00, 0x00, 0x00,
  0x00, 0x00, 0x00, 0x00, 0x00, 0x00, 0x00, 0x00, 0x00, 0x00, 0x00, 0x00, 0x00, 0x00, 0x00, 0x00,
  0x00, 0x00, 0x00, 0x00, 0x00, 0x00, 0x00, 0x00, 0x00, 0x00, 0x00, 0x00, 0x00, 0x00, 0x00, 0x00,
  0x00, 0x00, 0x00, 0x00, 0xFF, 0xFF, 0xFF, 0x04, 0x00, 0x00, 0x00, 0x00, 0xE8, 0xE4, 0xFC, 0x7D,
  0xF6, 0xF1, 0xFF, 0xFF, 0xE4, 0xE0, 0xFD, 0xFB, 0xE4, 0xE1, 0xFE, 0xFF, 0xE3, 0xE1, 0xFF, 0xFF,
  0xE3, 0xE1, 0xFF, 0xFF, 0xE4, 0xE1, 0xFF, 0xFF, 0xE5, 0xE0, 0xFF, 0xFF, 0xE5, 0xE0, 0xFF, 0xFF,
  0xE5, 0xE0, 0xFF, 0xFF, 0xE5, 0xE0, 0xFF, 0xFF, 0xE5, 0xE0, 0xFF, 0xFF, 0xE5, 0xE0, 0xFF, 0xFF,
  0xE5, 0xE0, 0xFF, 0xFF, 0xE5, 0xE0, 0xFF, 0xFF, 0xE5, 0xE0, 0xFF, 0xFF, 0xE4, 0xDF, 0xFF, 0xFF,
  0xE9, 0xE6, 0xFE, 0xFF, 0xA3, 0x9E, 0xFC, 0xFF, 0x66, 0x62, 0xFB, 0xFF, 0x6C, 0x6C, 0xFF, 0xFF,
  0x6A, 0x6B, 0xFF, 0xFF, 0x69, 0x6B, 0xFF, 0xFF, 0x6A, 0x6A, 0xFF, 0xFF, 0x6A, 0x69, 0xFF, 0xFF,
  0x6A, 0x69, 0xFF, 0xFF, 0x6A, 0x69, 0xFF, 0xFF, 0x6A, 0x69, 0xFF, 0xFF, 0x6A, 0x69, 0xFF, 0xFF,
  0x6A, 0x69, 0xFF, 0xFF, 0x6A, 0x69, 0xFF, 0xFF, 0x6A, 0x69, 0xFF, 0xFF, 0x6A, 0x69, 0xFF, 0xFF,
  0x6A, 0x69, 0xFF, 0xFF, 0x6A, 0x69, 0xFF, 0xFF, 0x6A, 0x69, 0xFF, 0xFF, 0x6A, 0x69, 0xFF, 0xFF,
  0x6A, 0x69, 0xFF, 0xFF, 0x6A, 0x69, 0xFF, 0xFF, 0x6A, 0x69, 0xFF, 0xFF, 0x6A, 0x69, 0xFF, 0xFF,
  0x6A, 0x69, 0xFF, 0xFF, 0x6A, 0x69, 0xFF, 0xFF, 0x6A, 0x69, 0xFF, 0xFF, 0x6A, 0x69, 0xFF, 0xFF,
  0x6A, 0x69, 0xFF, 0xFF, 0x6A, 0x69, 0xFF, 0xFF, 0x6A, 0x69, 0xFF, 0xFF, 0x6A, 0x69, 0xFF, 0xFF,
  0x6A, 0x69, 0xFF, 0xFF, 0x6A, 0x69, 0xFF, 0xFF, 0x6B, 0x69, 0xFF, 0xFF, 0x6B, 0x69, 0xFF, 0xFF,
  0x6B, 0x69, 0xFF, 0xFF, 0x6B, 0x69, 0xFF, 0xFF, 0x6B, 0x69, 0xFF, 0xFF, 0x6B, 0x69, 0xFF, 0xFF,
  0x6B, 0x69, 0xFF, 0xFF, 0x6B, 0x69, 0xFF, 0xFF, 0x6B, 0x69, 0xFF, 0xFF, 0x6B, 0x69, 0xFF, 0xFF,
  0x6B, 0x69, 0xFF, 0xFF, 0x6B, 0x69, 0xFF, 0xFF, 0x6B, 0x69, 0xFF, 0xFF, 0x6B, 0x69, 0xFF, 0xFF,
  0x6B, 0x69, 0xFF, 0xFF, 0x6B, 0x69, 0xFF, 0xFF, 0x6B, 0x69, 0xFF, 0xFF, 0x6B, 0x69, 0xFF, 0xFF,
  0x6B, 0x69, 0xFF, 0xFF, 0x6B, 0x69, 0xFF, 0xFF, 0x6B, 0x69, 0xFF, 0xFF, 0x6B, 0x69, 0xFF, 0xFF,
  0x6B, 0x69, 0xFF, 0xFF, 0x6B, 0x69, 0xFF, 0xFF, 0x6B, 0x69, 0xFE, 0xFF, 0x6D, 0x6B, 0xFD, 0xFF,
  0x69, 0x67, 0xF8, 0xFF, 0xB6, 0xB3, 0xFA, 0xFF, 0xEB, 0xE6, 0xFF, 0xFF, 0xE4, 0xDF, 0xFF, 0xFF,
  0xE5, 0xE0, 0xFF, 0xFF, 0xE5, 0xE0, 0xFF, 0xFF, 0xE5, 0xE0, 0xFF, 0xFF, 0xE5, 0xE0, 0xFF, 0xFF,
  0xE5, 0xE0, 0xFF, 0xFF, 0xE5, 0xE0, 0xFF, 0xFF, 0xE5, 0xE0, 0xFF, 0xFF, 0xE5, 0xE0, 0xFF, 0xFF,
  0xE5, 0xE0, 0xFF, 0xFF, 0xE5, 0xE0, 0xFF, 0xFF, 0xE5, 0xE0, 0xFF, 0xFF, 0xE5, 0xE0, 0xFF, 0xFF,
  0xE5, 0xE0, 0xFF, 0xFF, 0xE4, 0xDF, 0xFF, 0xFD, 0xEC, 0xEA, 0xFF, 0xFF, 0xEA, 0xE6, 0xFF, 0x3F,
  0x00, 0x00, 0x00, 0x00, 0xFF, 0xFF, 0xFF, 0x03, 0x00, 0x00, 0x00, 0x00, 0x00, 0x00, 0x00, 0x00,
  0x00, 0x00, 0x00, 0x00, 0x00, 0x00, 0x00, 0x00, 0x00, 0x00, 0x00, 0x00, 0x00, 0x00, 0x00, 0x00,
  0x00, 0x00, 0x00, 0x00, 0x00, 0x00, 0x00, 0x00, 0x00, 0x00, 0x00, 0x00, 0x00, 0x00, 0x00, 0x00,
  0x00, 0x00, 0x00, 0x00, 0x00, 0x00, 0x00, 0x00, 0x00, 0x00, 0x00, 0x00, 0x00, 0x00, 0x00, 0x00,
  0x00, 0x00, 0x00, 0x00, 0x00, 0x00, 0x00, 0x00, 0x00, 0x00, 0x00, 0x00, 0x00, 0x00, 0x00, 0x00,
  0x00, 0x00, 0x00, 0x00, 0xFF, 0xFF, 0xFF, 0x04, 0x00, 0x00, 0x00, 0x00, 0xE7, 0xE5, 0xFC, 0x63,
  0xF4, 0xEF, 0xFF, 0xFF, 0xE4, 0xE0, 0xFC, 0xFC, 0xE4, 0xE1, 0xFE, 0xFF, 0xE3, 0xE1, 0xFF, 0xFF,
  0xE3, 0xE1, 0xFF, 0xFF, 0xE4, 0xE1, 0xFF, 0xFF, 0xE5, 0xE0, 0xFF, 0xFF, 0xE5, 0xE0, 0xFF, 0xFF,
  0xE5, 0xE0, 0xFF, 0xFF, 0xE5, 0xE0, 0xFF, 0xFF, 0xE5, 0xE0, 0xFF, 0xFF, 0xE5, 0xE0, 0xFF, 0xFF,
  0xE5, 0xE0, 0xFF, 0xFF, 0xE5, 0xE0, 0xFF, 0xFF, 0xE5, 0xE0, 0xFF, 0xFF, 0xE5, 0xDF, 0xFF, 0xFF,
  0xE6, 0xE4, 0xFF, 0xFF, 0x97, 0x93, 0xFD, 0xFF, 0x65, 0x62, 0xFD, 0xFF, 0x6B, 0x6C, 0xFF, 0xFF,
  0x69, 0x6B, 0xFF, 0xFF, 0x69, 0x6B, 0xFF, 0xFF, 0x6A, 0x6A, 0xFF, 0xFF, 0x6A, 0x69, 0xFF, 0xFF,
  0x6A, 0x69, 0xFF, 0xFF, 0x6A, 0x69, 0xFF, 0xFF, 0x6A, 0x69, 0xFF, 0xFF, 0x6A, 0x69, 0xFF, 0xFF,
  0x6A, 0x69, 0xFF, 0xFF, 0x6A, 0x69, 0xFF, 0xFF, 0x6A, 0x69, 0xFF, 0xFF, 0x6A, 0x69, 0xFF, 0xFF,
  0x6A, 0x69, 0xFF, 0xFF, 0x6A, 0x69, 0xFF, 0xFF, 0x6A, 0x69, 0xFF, 0xFF, 0x6A, 0x69, 0xFF, 0xFF,
  0x6A, 0x69, 0xFF, 0xFF, 0x6A, 0x69, 0xFF, 0xFF, 0x6A, 0x69, 0xFF, 0xFF, 0x6A, 0x69, 0xFF, 0xFF,
  0x6A, 0x69, 0xFF, 0xFF, 0x6A, 0x69, 0xFF, 0xFF, 0x6A, 0x69, 0xFF, 0xFF, 0x6A, 0x69, 0xFF, 0xFF,
  0x6A, 0x69, 0xFF, 0xFF, 0x6A, 0x69, 0xFF, 0xFF, 0x6A, 0x69, 0xFF, 0xFF, 0x6A, 0x69, 0xFF, 0xFF,
  0x6A, 0x69, 0xFF, 0xFF, 0x6A, 0x69, 0xFF, 0xFF, 0x6B, 0x69, 0xFF, 0xFF, 0x6B, 0x69, 0xFF, 0xFF,
  0x6B, 0x69, 0xFF, 0xFF, 0x6B, 0x69, 0xFF, 0xFF, 0x6B, 0x69, 0xFF, 0xFF, 0x6B, 0x69, 0xFF, 0xFF,
  0x6B, 0x69, 0xFF, 0xFF, 0x6B, 0x69, 0xFF, 0xFF, 0x6B, 0x69, 0xFF, 0xFF, 0x6B, 0x69, 0xFF, 0xFF,
  0x6B, 0x69, 0xFF, 0xFF, 0x6B, 0x69, 0xFF, 0xFF, 0x6B, 0x69, 0xFF, 0xFF, 0x6B, 0x69, 0xFF, 0xFF,
  0x6B, 0x69, 0xFF, 0xFF, 0x6B, 0x69, 0xFF, 0xFF, 0x6B, 0x69, 0xFF, 0xFF, 0x6B, 0x69, 0xFF, 0xFF,
  0x6B, 0x69, 0xFF, 0xFF, 0x6B, 0x69, 0xFF, 0xFF, 0x6B, 0x69, 0xFF, 0xFF, 0x6B, 0x69, 0xFF, 0xFF,
  0x6B, 0x69, 0xFF, 0xFF, 0x6B, 0x69, 0xFE, 0xFF, 0x6B, 0x6A, 0xFC, 0xFF, 0x6C, 0x6C, 0xFD, 0xFF,
  0x66, 0x64, 0xFB, 0xFF, 0xAB, 0xA9, 0xFA, 0xFF, 0xEB, 0xE6, 0xFF, 0xFF, 0xE4, 0xDF, 0xFF, 0xFF,
  0xE5, 0xE0, 0xFF, 0xFF, 0xE5, 0xE0, 0xFF, 0xFF, 0xE5, 0xE0, 0xFF, 0xFF, 0xE5, 0xE0, 0xFF, 0xFF,
  0xE5, 0xE0, 0xFF, 0xFF, 0xE5, 0xE0, 0xFF, 0xFF, 0xE5, 0xE0, 0xFF, 0xFF, 0xE5, 0xE0, 0xFF, 0xFF,
  0xE5, 0xE0, 0xFF, 0xFF, 0xE5, 0xE0, 0xFF, 0xFF, 0xE5, 0xE0, 0xFF, 0xFF, 0xE5, 0xE0, 0xFF, 0xFF,
  0xE5, 0xE0, 0xFF, 0xFE, 0xE6, 0xE1, 0xFF, 0xFF, 0xE3, 0xE2, 0xFD, 0xFA, 0xEA, 0xE3, 0xF8, 0x25,
  0x00, 0x00, 0x00, 0x00, 0x7F, 0x7F, 0xFF, 0x02, 0x00, 0x00, 0x00, 0x00, 0x00, 0x00, 0x00, 0x00,
  0x00, 0x00, 0x00, 0x00, 0x00, 0x00, 0x00, 0x00, 0x00, 0x00, 0x00, 0x00, 0x00, 0x00, 0x00, 0x00,
  0x00, 0x00, 0x00, 0x00, 0x00, 0x00, 0x00, 0x00, 0x00, 0x00, 0x00, 0x00, 0x00, 0x00, 0x00, 0x00,
  0x00, 0x00, 0x00, 0x00, 0x00, 0x00, 0x00, 0x00, 0x00, 0x00, 0x00, 0x00, 0x00, 0x00, 0x00, 0x00,
  0x00, 0x00, 0x00, 0x00, 0x00, 0x00, 0x00, 0x00, 0x00, 0x00, 0x00, 0x00, 0x00, 0x00, 0x00, 0x00,
  0x00, 0x00, 0x00, 0x00, 0xFF, 0xFF, 0xFF, 0x03, 0x00, 0x00, 0x00, 0x00, 0xE8, 0xE4, 0xFB, 0x44,
  0xF0, 0xEB, 0xFF, 0xFF, 0xE5, 0xE1, 0xFF, 0xFC, 0xE4, 0xE1, 0xFE, 0xFF, 0xE3, 0xE1, 0xFF, 0xFF,
  0xE3, 0xE1, 0xFF, 0xFF, 0xE4, 0xE1, 0xFF, 0xFF, 0xE5, 0xE0, 0xFF, 0xFF, 0xE5, 0xE0, 0xFF, 0xFF,
  0xE5, 0xE0, 0xFF, 0xFF, 0xE5, 0xE0, 0xFF, 0xFF, 0xE5, 0xE0, 0xFF, 0xFF, 0xE5, 0xE0, 0xFF, 0xFF,
  0xE5, 0xE0, 0xFF, 0xFF, 0xE5, 0xE0, 0xFF, 0xFF, 0xE5, 0xE0, 0xFF, 0xFF, 0xE5, 0xDF, 0xFF, 0xFF,
  0xE5, 0xE2, 0xFF, 0xFF, 0x90, 0x8F, 0xFB, 0xFF, 0x64, 0x65, 0xFE, 0xFF, 0x6A, 0x6C, 0xFF, 0xFF,
  0x69, 0x6B, 0xFF, 0xFF, 0x69, 0x6B, 0xFF, 0xFF, 0x6A, 0x6A, 0xFF, 0xFF, 0x6A, 0x69, 0xFF, 0xFF,
  0x6A, 0x69, 0xFF, 0xFF, 0x6A, 0x69, 0xFF, 0xFF, 0x6A, 0x69, 0xFF, 0xFF, 0x6A, 0x69, 0xFF, 0xFF,
  0x6A, 0x69, 0xFF, 0xFF, 0x6A, 0x69, 0xFF, 0xFF, 0x6A, 0x69, 0xFF, 0xFF, 0x6A, 0x69, 0xFF, 0xFF,
  0x6A, 0x69, 0xFF, 0xFF, 0x6A, 0x69, 0xFF, 0xFF, 0x6A, 0x69, 0xFF, 0xFF, 0x6A, 0x69, 0xFF, 0xFF,
  0x6A, 0x69, 0xFF, 0xFF, 0x6A, 0x69, 0xFF, 0xFF, 0x6A, 0x69, 0xFF, 0xFF, 0x6A, 0x69, 0xFF, 0xFF,
  0x6A, 0x69, 0xFF, 0xFF, 0x6A, 0x69, 0xFF, 0xFF, 0x6A, 0x69, 0xFF, 0xFF, 0x6A, 0x69, 0xFF, 0xFF,
  0x6A, 0x69, 0xFF, 0xFF, 0x6A, 0x69, 0xFF, 0xFF, 0x6A, 0x69, 0xFF, 0xFF, 0x6A, 0x69, 0xFF, 0xFF,
  0x6A, 0x69, 0xFF, 0xFF, 0x6A, 0x69, 0xFF, 0xFF, 0x6B, 0x69, 0xFF, 0xFF, 0x6B, 0x69, 0xFF, 0xFF,
  0x6B, 0x69, 0xFF, 0xFF, 0x6B, 0x69, 0xFF, 0xFF, 0x6B, 0x69, 0xFF, 0xFF, 0x6B, 0x69, 0xFF, 0xFF,
  0x6B, 0x69, 0xFF, 0xFF, 0x6B, 0x69, 0xFF, 0xFF, 0x6B, 0x69, 0xFF, 0xFF, 0x6B, 0x69, 0xFF, 0xFF,
  0x6B, 0x69, 0xFF, 0xFF, 0x6B, 0x69, 0xFF, 0xFF, 0x6B, 0x69, 0xFF, 0xFF, 0x6B, 0x69, 0xFF, 0xFF,
  0x6B, 0x69, 0xFF, 0xFF, 0x6B, 0x69, 0xFF, 0xFF, 0x6B, 0x69, 0xFF, 0xFF, 0x6B, 0x69, 0xFF, 0xFF,
  0x6B, 0x69, 0xFF, 0xFF, 0x6B, 0x69, 0xFF, 0xFF, 0x6B, 0x69, 0xFF, 0xFF, 0x6B, 0x69, 0xFF, 0xFF,
  0x6B, 0x69, 0xFF, 0xFF, 0x6B, 0x69, 0xFF, 0xFF, 0x6B, 0x69, 0xFE, 0xFF, 0x6C, 0x6A, 0xFF, 0xFF,
  0x65, 0x63, 0xFD, 0xFF, 0xA4, 0xA1, 0xFB, 0xFF, 0xEA, 0xE6, 0xFF, 0xFF, 0xE3, 0xDE, 0xFF, 0xFF,
  0xE5, 0xE0, 0xFF, 0xFF, 0xE5, 0xE0, 0xFF, 0xFF, 0xE5, 0xE0, 0xFF, 0xFF, 0xE5, 0xE0, 0xFF, 0xFF,
  0xE5, 0xE0, 0xFF, 0xFF, 0xE5, 0xE0, 0xFF, 0xFF, 0xE5, 0xE0, 0xFF, 0xFF, 0xE5, 0xE0, 0xFF, 0xFF,
  0xE5, 0xE0, 0xFF, 0xFF, 0xE5, 0xE0, 0xFF, 0xFF, 0xE5, 0xE0, 0xFF, 0xFF, 0xE5, 0xE0, 0xFF, 0xFF,
  0xE4, 0xDF, 0xFF, 0xFE, 0xE9, 0xE5, 0xFF, 0xFF, 0xE1, 0xE1, 0xFC, 0xEA, 0xEB, 0xEB, 0xFF, 0x0D,
  0x00, 0x00, 0x00, 0x00, 0xFF, 0xFF, 0xFF, 0x01, 0x00, 0x00, 0x00, 0x00, 0x00, 0x00, 0x00, 0x00,
  0x00, 0x00, 0x00, 0x00, 0x00, 0x00, 0x00, 0x00, 0x00, 0x00, 0x00, 0x00, 0x00, 0x00, 0x00, 0x00,
  0x00, 0x00, 0x00, 0x00, 0x00, 0x00, 0x00, 0x00, 0x00, 0x00, 0x00, 0x00, 0x00, 0x00, 0x00, 0x00,
  0x00, 0x00, 0x00, 0x00, 0x00, 0x00, 0x00, 0x00, 0x00, 0x00, 0x00, 0x00, 0x00, 0x00, 0x00, 0x00,
  0x00, 0x00, 0x00, 0x00, 0x00, 0x00, 0x00, 0x00, 0x00, 0x00, 0x00, 0x00, 0x00, 0x00, 0x00, 0x00,
  0x00, 0x00, 0x00, 0x00, 0xFF, 0xFF, 0xFF, 0x02, 0x00, 0x00, 0x00, 0x00, 0xEE, 0xE9, 0xF9, 0x2F,
  0xE8, 0xE3, 0xFE, 0xFF, 0xE5, 0xE0, 0xFF, 0xFE, 0xE4, 0xE1, 0xFE, 0xFF, 0xE3, 0xE1, 0xFF, 0xFF,
  0xE3, 0xE1, 0xFF, 0xFF, 0xE4, 0xE1, 0xFF, 0xFF, 0xE5, 0xE0, 0xFF, 0xFF, 0xE5, 0xE0, 0xFF, 0xFF,
  0xE5, 0xE0, 0xFF, 0xFF, 0xE5, 0xE0, 0xFF, 0xFF, 0xE5, 0xE0, 0xFF, 0xFF, 0xE5, 0xE0, 0xFF, 0xFF,
  0xE5, 0xE0, 0xFF, 0xFF, 0xE5, 0xE0, 0xFF, 0xFF, 0xE5, 0xE0, 0xFF, 0xFF, 0xE5, 0xDF, 0xFF, 0xFF,
  0xE5, 0xE3, 0xFE, 0xFF, 0x8F, 0x8F, 0xFA, 0xFF, 0x63, 0x65, 0xFF, 0xFF, 0x6A, 0x6C, 0xFF, 0xFF,
  0x69, 0x6B, 0xFF, 0xFF, 0x69, 0x6B, 0xFF, 0xFF, 0x6A, 0x6A, 0xFF, 0xFF, 0x6A, 0x69, 0xFF, 0xFF,
  0x6A, 0x69, 0xFF, 0xFF, 0x6A, 0x69, 0xFF, 0xFF, 0x6A, 0x69, 0xFF, 0xFF, 0x6A, 0x69, 0xFF, 0xFF,
  0x6A, 0x69, 0xFF, 0xFF, 0x6A, 0x69, 0xFF, 0xFF, 0x6A, 0x69, 0xFF, 0xFF, 0x6A, 0x69, 0xFF, 0xFF,
  0x6A, 0x69, 0xFF, 0xFF, 0x6A, 0x69, 0xFF, 0xFF, 0x6A, 0x69, 0xFF, 0xFF, 0x6A, 0x69, 0xFF, 0xFF,
  0x6A, 0x69, 0xFF, 0xFF, 0x6A, 0x69, 0xFF, 0xFF, 0x6A, 0x69, 0xFF, 0xFF, 0x6A, 0x69, 0xFF, 0xFF,
  0x6A, 0x69, 0xFF, 0xFF, 0x6A, 0x69, 0xFF, 0xFF, 0x6A, 0x69, 0xFF, 0xFF, 0x6A, 0x69, 0xFF, 0xFF,
  0x6A, 0x69, 0xFF, 0xFF, 0x6A, 0x69, 0xFF, 0xFF, 0x6A, 0x69, 0xFF, 0xFF, 0x6A, 0x69, 0xFF, 0xFF,
  0x6A, 0x69, 0xFF, 0xFF, 0x6A, 0x69, 0xFF, 0xFF, 0x6B, 0x69, 0xFF, 0xFF, 0x6B, 0x69, 0xFF, 0xFF,
  0x6B, 0x69, 0xFF, 0xFF, 0x6B, 0x69, 0xFF, 0xFF, 0x6B, 0x69, 0xFF, 0xFF, 0x6B, 0x69, 0xFF, 0xFF,
  0x6B, 0x69, 0xFF, 0xFF, 0x6B, 0x69, 0xFF, 0xFF, 0x6B, 0x69, 0xFF, 0xFF, 0x6B, 0x69, 0xFF, 0xFF,
  0x6B, 0x69, 0xFF, 0xFF, 0x6B, 0x69, 0xFF, 0xFF, 0x6B, 0x69, 0xFF, 0xFF, 0x6B, 0x69, 0xFF, 0xFF,
  0x6B, 0x69, 0xFF, 0xFF, 0x6B, 0x69, 0xFF, 0xFF, 0x6B, 0x69, 0xFF, 0xFF, 0x6B, 0x69, 0xFF, 0xFF,
  0x6B, 0x69, 0xFF, 0xFF, 0x6B, 0x69, 0xFF, 0xFF, 0x6B, 0x69, 0xFF, 0xFF, 0x6B, 0x69, 0xFF, 0xFF,
  0x6B, 0x69, 0xFF, 0xFF, 0x6B, 0x69, 0xFF, 0xFF, 0x6B, 0x69, 0xFF, 0xFF, 0x6C, 0x6A, 0xFF, 0xFF,
  0x65, 0x63, 0xFD, 0xFF, 0xA4, 0xA1, 0xFB, 0xFF, 0xEA, 0xE6, 0xFF, 0xFF, 0xE4, 0xDE, 0xFF, 0xFF,
  0xE5, 0xE0, 0xFF, 0xFF, 0xE5, 0xE0, 0xFF, 0xFF, 0xE5, 0xE0, 0xFF, 0xFF, 0xE5, 0xE0, 0xFF, 0xFF,
  0xE5, 0xE0, 0xFF, 0xFF, 0xE5, 0xE0, 0xFF, 0xFF, 0xE5, 0xE0, 0xFF, 0xFF, 0xE5, 0xE0, 0xFF, 0xFF,
  0xE5, 0xE0, 0xFF, 0xFF, 0xE5, 0xE0, 0xFF, 0xFF, 0xE5, 0xE0, 0xFF, 0xFF, 0xE5, 0xE0, 0xFF, 0xFF,
  0xE4, 0xDF, 0xFF, 0xFD, 0xEC, 0xE7, 0xFF, 0xFF, 0xE2, 0xE2, 0xFB, 0xDA, 0xFF, 0xFF, 0xFF, 0x03,
  0x00, 0x00, 0x00, 0x00, 0xFF, 0xFF, 0xFF, 0x01, 0x00, 0x00, 0x00, 0x00, 0x00, 0x00, 0x00, 0x00,
  0x00, 0x00, 0x00, 0x00, 0x00, 0x00, 0x00, 0x00, 0x00, 0x00, 0x00, 0x00, 0x00, 0x00, 0x00, 0x00,
  0x00, 0x00, 0x00, 0x00, 0x00, 0x00, 0x00, 0x00, 0x00, 0x00, 0x00, 0x00, 0x00, 0x00, 0x00, 0x00,
  0x00, 0x00, 0x00, 0x00, 0x00, 0x00, 0x00, 0x00, 0x00, 0x00, 0x00, 0x00, 0x00, 0x00, 0x00, 0x00,
  0x00, 0x00, 0x00, 0x00, 0x00, 0x00, 0x00, 0x00, 0x00, 0x00, 0x00, 0x00, 0x00, 0x00, 0x00, 0x00,
  0x00, 0x00, 0x00, 0x00, 0xFF, 0xFF, 0xFF, 0x01, 0x00, 0x00, 0x00, 0x00, 0xE7, 0xE7, 0xE7, 0x0B,
  0xE4, 0xDF, 0xFC, 0xE4, 0xEA, 0xE6, 0xFF, 0xFF, 0xE4, 0xE1, 0xFD, 0xFD, 0xE3, 0xE1, 0xFF, 0xFF,
  0xE3, 0xE1, 0xFF, 0xFF, 0xE4, 0xE1, 0xFF, 0xFF, 0xE5, 0xE0, 0xFF, 0xFF, 0xE5, 0xE0, 0xFF, 0xFF,
  0xE5, 0xE0, 0xFF, 0xFF, 0xE5, 0xE0, 0xFF, 0xFF, 0xE5, 0xE0, 0xFF, 0xFF, 0xE5, 0xE0, 0xFF, 0xFF,
  0xE5, 0xE0, 0xFF, 0xFF, 0xE5, 0xE0, 0xFF, 0xFF, 0xE5, 0xE0, 0xFF, 0xFF, 0xE5, 0xE0, 0xFF, 0xFF,
  0xE4, 0xE2, 0xFF, 0xFF, 0x8E, 0x90, 0xFA, 0xFF, 0x62, 0x66, 0xFF, 0xFF, 0x6A, 0x6C, 0xFF, 0xFF,
  0x69, 0x6B, 0xFF, 0xFF, 0x69, 0x6B, 0xFF, 0xFF, 0x6A, 0x6A, 0xFF, 0xFF, 0x6A, 0x69, 0xFF, 0xFF,
  0x6A, 0x69, 0xFF, 0xFF, 0x6A, 0x69, 0xFF, 0xFF, 0x6A, 0x69, 0xFF, 0xFF, 0x6A, 0x69, 0xFF, 0xFF,
  0x6A, 0x69, 0xFF, 0xFF, 0x6A, 0x69, 0xFF, 0xFF, 0x6A, 0x69, 0xFF, 0xFF, 0x6A, 0x69, 0xFF, 0xFF,
  0x6A, 0x69, 0xFF, 0xFF, 0x6A, 0x69, 0xFF, 0xFF, 0x6A, 0x69, 0xFF, 0xFF, 0x6A, 0x69, 0xFF, 0xFF,
  0x6A, 0x69, 0xFF, 0xFF, 0x6A, 0x69, 0xFF, 0xFF, 0x6A, 0x69, 0xFF, 0xFF, 0x6A, 0x69, 0xFF, 0xFF,
  0x6A, 0x69, 0xFF, 0xFF, 0x6A, 0x69, 0xFF, 0xFF, 0x6A, 0x69, 0xFF, 0xFF, 0x6A, 0x69, 0xFF, 0xFF,
  0x6A, 0x69, 0xFF, 0xFF, 0x6A, 0x69, 0xFF, 0xFF, 0x6A, 0x69, 0xFF, 0xFF, 0x6A, 0x69, 0xFF, 0xFF,
  0x6A, 0x69, 0xFF, 0xFF, 0x6A, 0x69, 0xFF, 0xFF, 0x6B, 0x69, 0xFF, 0xFF, 0x6B, 0x69, 0xFF, 0xFF,
  0x6B, 0x69, 0xFF, 0xFF, 0x6B, 0x69, 0xFF, 0xFF, 0x6B, 0x69, 0xFF, 0xFF, 0x6B, 0x69, 0xFF, 0xFF,
  0x6B, 0x69, 0xFF, 0xFF, 0x6B, 0x69, 0xFF, 0xFF, 0x6B, 0x69, 0xFF, 0xFF, 0x6B, 0x69, 0xFF, 0xFF,
  0x6B, 0x69, 0xFF, 0xFF, 0x6B, 0x69, 0xFF, 0xFF, 0x6B, 0x69, 0xFF, 0xFF, 0x6B, 0x69, 0xFF, 0xFF,
  0x6B, 0x69, 0xFF, 0xFF, 0x6B, 0x69, 0xFF, 0xFF, 0x6B, 0x69, 0xFF, 0xFF, 0x6B, 0x69, 0xFF, 0xFF,
  0x6B, 0x69, 0xFF, 0xFF, 0x6B, 0x69, 0xFF, 0xFF, 0x6B, 0x69, 0xFF, 0xFF, 0x6B, 0x69, 0xFF, 0xFF,
  0x6B, 0x69, 0xFF, 0xFF, 0x6B, 0x69, 0xFF, 0xFF, 0x6B, 0x69, 0xFF, 0xFF, 0x6C, 0x6A, 0xFF, 0xFF,
  0x68, 0x63, 0xFD, 0xFF, 0xA6, 0xA2, 0xFB, 0xFF, 0xEA, 0xE5, 0xFF, 0xFF, 0xE4, 0xDF, 0xFF, 0xFF,
  0xE5, 0xE0, 0xFF, 0xFF, 0xE5, 0xE0, 0xFF, 0xFF, 0xE5, 0xE0, 0xFF, 0xFF, 0xE5, 0xE0, 0xFF, 0xFF,
  0xE5, 0xE0, 0xFF, 0xFF, 0xE5, 0xE0, 0xFF, 0xFF, 0xE5, 0xE0, 0xFF, 0xFF, 0xE5, 0xE0, 0xFF, 0xFF,
  0xE5, 0xE0, 0xFF, 0xFF, 0xE5, 0xE0, 0xFF, 0xFF, 0xE5, 0xE0, 0xFF, 0xFF, 0xE5, 0xE0, 0xFF, 0xFF,
  0xE4, 0xDF, 0xFF, 0xFC, 0xF0, 0xEB, 0xFF, 0xFF, 0xE3, 0xE4, 0xFC, 0xC3, 0x00, 0x00, 0x00, 0x00,
  0xFF, 0x7F, 0xFF, 0x02, 0x00, 0x00, 0x00, 0x00, 0x00, 0x00, 0x00, 0x00, 0x00, 0x00, 0x00, 0x00,
  0x00, 0x00, 0x00, 0x00, 0x00, 0x00, 0x00, 0x00, 0x00, 0x00, 0x00, 0x00, 0x00, 0x00, 0x00, 0x00,
  0x00, 0x00, 0x00, 0x00, 0x00, 0x00, 0x00, 0x00, 0x00, 0x00, 0x00, 0x00, 0x00, 0x00, 0x00, 0x00,
  0x00, 0x00, 0x00, 0x00, 0x00, 0x00, 0x00, 0x00, 0x00, 0x00, 0x00, 0x00, 0x00, 0x00, 0x00, 0x00,
  0x00, 0x00, 0x00, 0x00, 0x00, 0x00, 0x00, 0x00, 0x00, 0x00, 0x00, 0x00, 0x00, 0x00, 0x00, 0x00,
  0x00, 0x00, 0x00, 0x00, 0x00, 0x00, 0x00, 0x00, 0x7F, 0x7F, 0xFF, 0x02, 0x00, 0x00, 0x00, 0x00,
  0xE3, 0xE3, 0xFC, 0xC2, 0xED, 0xEC, 0xFF, 0xFF, 0xE4, 0xE1, 0xFD, 0xFC, 0xE3, 0xE1, 0xFF, 0xFF,
  0xE3, 0xE1, 0xFF, 0xFF, 0xE4, 0xE1, 0xFF, 0xFF, 0xE5, 0xE0, 0xFF, 0xFF, 0xE5, 0xE0, 0xFF, 0xFF,
  0xE5, 0xE0, 0xFF, 0xFF, 0xE5, 0xE0, 0xFF, 0xFF, 0xE5, 0xE0, 0xFF, 0xFF, 0xE5, 0xE0, 0xFF, 0xFF,
  0xE5, 0xE0, 0xFF, 0xFF, 0xE5, 0xE0, 0xFF, 0xFF, 0xE5, 0xE0, 0xFF, 0xFF, 0xE4, 0xDF, 0xFF, 0xFF,
  0xE6, 0xE4, 0xFF, 0xFF, 0x95, 0x98, 0xFA, 0xFF, 0x62, 0x66, 0xFE, 0xFF, 0x6A, 0x6C, 0xFF, 0xFF,
  0x69, 0x6B, 0xFF, 0xFF, 0x69, 0x6B, 0xFF, 0xFF, 0x6A, 0x6A, 0xFF, 0xFF, 0x6A, 0x69, 0xFF, 0xFF,
  0x6A, 0x69, 0xFF, 0xFF, 0x6A, 0x69, 0xFF, 0xFF, 0x6A, 0x69, 0xFF, 0xFF, 0x6A, 0x69, 0xFF, 0xFF,
  0x6A, 0x69, 0xFF, 0xFF, 0x6A, 0x69, 0xFF, 0xFF, 0x6A, 0x69, 0xFF, 0xFF, 0x6A, 0x69, 0xFF, 0xFF,
  0x6A, 0x69, 0xFF, 0xFF, 0x6A, 0x69, 0xFF, 0xFF, 0x6A, 0x69, 0xFF, 0xFF, 0x6A, 0x69, 0xFF, 0xFF,
  0x6A, 0x69, 0xFF, 0xFF, 0x6A, 0x69, 0xFF, 0xFF, 0x6A, 0x69, 0xFF, 0xFF, 0x6A, 0x69, 0xFF, 0xFF,
  0x6A, 0x69, 0xFF, 0xFF, 0x6A, 0x69, 0xFF, 0xFF, 0x6A, 0x69, 0xFF, 0xFF, 0x6A, 0x69, 0xFF, 0xFF,
  0x6A, 0x69, 0xFF, 0xFF, 0x6A, 0x69, 0xFF, 0xFF, 0x6A, 0x69, 0xFF, 0xFF, 0x6A, 0x69, 0xFF, 0xFF,
  0x6A, 0x69, 0xFF, 0xFF, 0x6A, 0x69, 0xFF, 0xFF, 0x6B, 0x69, 0xFF, 0xFF, 0x6B, 0x69, 0xFF, 0xFF,
  0x6B, 0x69, 0xFF, 0xFF, 0x6B, 0x69, 0xFF, 0xFF, 0x6B, 0x69, 0xFF, 0xFF, 0x6B, 0x69, 0xFF, 0xFF,
  0x6B, 0x69, 0xFF, 0xFF, 0x6B, 0x69, 0xFF, 0xFF, 0x6B, 0x69, 0xFF, 0xFF, 0x6B, 0x69, 0xFF, 0xFF,
  0x6B, 0x69, 0xFF, 0xFF, 0x6B, 0x69, 0xFF, 0xFF, 0x6B, 0x69, 0xFF, 0xFF, 0x6B, 0x69, 0xFF, 0xFF,
  0x6B, 0x69, 0xFF, 0xFF, 0x6B, 0x69, 0xFF, 0xFF, 0x6B, 0x69, 0xFF, 0xFF, 0x6B, 0x69, 0xFF, 0xFF,
  0x6B, 0x69, 0xFF, 0xFF, 0x6B, 0x69, 0xFF, 0xFF, 0x6B, 0x69, 0xFF, 0xFF, 0x6B, 0x69, 0xFF, 0xFF,
  0x6B, 0x69, 0xFF, 0xFF, 0x6A, 0x69, 0xFF, 0xFF, 0x6B, 0x69, 0xFF, 0xFF, 0x71, 0x69, 0xFF, 0xFF,
  0x6D, 0x62, 0xFD, 0xFF, 0xAD, 0xA9, 0xF9, 0xFF, 0xEB, 0xE6, 0xFF, 0xFF, 0xE4, 0xDF, 0xFF, 0xFF,
  0xE5, 0xE0, 0xFF, 0xFF, 0xE5, 0xE0, 0xFF, 0xFF, 0xE5, 0xE0, 0xFF, 0xFF, 0xE5, 0xE0, 0xFF, 0xFF,
  0xE5, 0xE0, 0xFF, 0xFF, 0xE5, 0xE0, 0xFF, 0xFF, 0xE5, 0xE0, 0xFF, 0xFF, 0xE5, 0xE0, 0xFF, 0xFF,
  0xE5, 0xE0, 0xFF, 0xFF, 0xE5, 0xE0, 0xFF, 0xFF, 0xE5, 0xE0, 0xFF, 0xFF, 0xE5, 0xE0, 0xFF, 0xFF,
  0xE4, 0xDF, 0xFF, 0xFB, 0xF3, 0xF0, 0xFF, 0xFE, 0xE7, 0xE5, 0xFF, 0x8B, 0x00, 0x00, 0x00, 0x00,
  0xBF, 0xFF, 0xFF, 0x04, 0x00, 0x00, 0x00, 0x00, 0x00, 0x00, 0x00, 0x00, 0x00, 0x00, 0x00, 0x00,
  0x00, 0x00, 0x00, 0x00, 0x00, 0x00, 0x00, 0x00, 0x00, 0x00, 0x00, 0x00, 0x00, 0x00, 0x00, 0x00,
  0x00, 0x00, 0x00, 0x00, 0x00, 0x00, 0x00, 0x00, 0x00, 0x00, 0x00, 0x00, 0x00, 0x00, 0x00, 0x00,
  0x00, 0x00, 0x00, 0x00, 0x00, 0x00, 0x00, 0x00, 0x00, 0x00, 0x00, 0x00, 0x00, 0x00, 0x00, 0x00,
  0x00, 0x00, 0x00, 0x00, 0x00, 0x00, 0x00, 0x00, 0x00, 0x00, 0x00, 0x00, 0x00, 0x00, 0x00, 0x00,
  0x00, 0x00, 0x00, 0x00, 0x00, 0x00, 0x00, 0x00, 0xFF, 0xFF, 0xFF, 0x04, 0x00, 0x00, 0x00, 0x00,
  0xE4, 0xE4, 0xFD, 0x93, 0xF1, 0xF0, 0xFF, 0xFE, 0xE4, 0xE0, 0xFD, 0xFB, 0xE3, 0xE1, 0xFF, 0xFF,
  0xE3, 0xE1, 0xFF, 0xFF, 0xE4, 0xE1, 0xFF, 0xFF, 0xE5, 0xE0, 0xFF, 0xFF, 0xE5, 0xE0, 0xFF, 0xFF,
  0xE5, 0xE0, 0xFF, 0xFF, 0xE5, 0xE0, 0xFF, 0xFF, 0xE5, 0xE0, 0xFF, 0xFF, 0xE5, 0xE0, 0xFF, 0xFF,
  0xE5, 0xE0, 0xFF, 0xFF, 0xE5, 0xE0, 0xFF, 0xFF, 0xE5, 0xE0, 0xFF, 0xFF, 0xE4, 0xDF, 0xFF, 0xFF,
  0xE9, 0xE6, 0xFF, 0xFF, 0x9B, 0x9E, 0xFB, 0xFF, 0x61, 0x64, 0xFC, 0xFF, 0x6A, 0x6C, 0xFF, 0xFF,
  0x69, 0x6B, 0xFF, 0xFF, 0x69, 0x6B, 0xFF, 0xFF, 0x6A, 0x6A, 0xFF, 0xFF, 0x6A, 0x69, 0xFF, 0xFF,
  0x6A, 0x69, 0xFF, 0xFF, 0x6A, 0x69, 0xFF, 0xFF, 0x6A, 0x69, 0xFF, 0xFF, 0x6A, 0x69, 0xFF, 0xFF,
  0x6A, 0x69, 0xFF, 0xFF, 0x6A, 0x69, 0xFF, 0xFF, 0x6A, 0x69, 0xFF, 0xFF, 0x6A, 0x69, 0xFF, 0xFF,
  0x6A, 0x69, 0xFF, 0xFF, 0x6A, 0x69, 0xFF, 0xFF, 0x6A, 0x69, 0xFF, 0xFF, 0x6A, 0x69, 0xFF, 0xFF,
  0x6A, 0x69, 0xFF, 0xFF, 0x6A, 0x69, 0xFF, 0xFF, 0x6A, 0x69, 0xFF, 0xFF, 0x6A, 0x69, 0xFF, 0xFF,
  0x6A, 0x69, 0xFF, 0xFF, 0x6A, 0x69, 0xFF, 0xFF, 0x6A, 0x69, 0xFF, 0xFF, 0x6A, 0x69, 0xFF, 0xFF,
  0x6A, 0x69, 0xFF, 0xFF, 0x6A, 0x69, 0xFF, 0xFF, 0x6A, 0x69, 0xFF, 0xFF, 0x6A, 0x69, 0xFF, 0xFF,
  0x6A, 0x69, 0xFF, 0xFF, 0x6A, 0x69, 0xFF, 0xFF, 0x6B, 0x69, 0xFF, 0xFF, 0x6B, 0x69, 0xFF, 0xFF,
  0x6B, 0x69, 0xFF, 0xFF, 0x6B, 0x69, 0xFF, 0xFF, 0x6B, 0x69, 0xFF, 0xFF, 0x6B, 0x69, 0xFF, 0xFF,
  0x6B, 0x69, 0xFF, 0xFF, 0x6B, 0x69, 0xFF, 0xFF, 0x6B, 0x69, 0xFF, 0xFF, 0x6B, 0x69, 0xFF, 0xFF,
  0x6B, 0x69, 0xFF, 0xFF, 0x6B, 0x69, 0xFF, 0xFF, 0x6B, 0x69, 0xFF, 0xFF, 0x6B, 0x69, 0xFF, 0xFF,
  0x6B, 0x69, 0xFF, 0xFF, 0x6B, 0x69, 0xFF, 0xFF, 0x6B, 0x69, 0xFF, 0xFF, 0x6B, 0x69, 0xFF, 0xFF,
  0x6B, 0x69, 0xFF, 0xFF, 0x6B, 0x69, 0xFF, 0xFF, 0x6B, 0x69, 0xFF, 0xFF, 0x6B, 0x69, 0xFF, 0xFF,
  0x6B, 0x69, 0xFF, 0xFF, 0x6B, 0x69, 0xFF, 0xFF, 0x6D, 0x68, 0xFF, 0xFF, 0x72, 0x69, 0xFF, 0xFF,
  0x70, 0x64, 0xFD, 0xFF, 0xB1, 0xAE, 0xFA, 0xFF, 0xEA, 0xE6, 0xFF, 0xFF, 0xE4, 0xDF, 0xFF, 0xFF,
  0xE5, 0xE0, 0xFF, 0xFF, 0xE5, 0xE0, 0xFF, 0xFF, 0xE5, 0xE0, 0xFF, 0xFF, 0xE5, 0xE0, 0xFF, 0xFF,
  0xE5, 0xE0, 0xFF, 0xFF, 0xE5, 0xE0, 0xFF, 0xFF, 0xE5, 0xE0, 0xFF, 0xFF, 0xE5, 0xE0, 0xFF, 0xFF,
  0xE5, 0xE0, 0xFF, 0xFF, 0xE5, 0xE0, 0xFF, 0xFF, 0xE5, 0xE0, 0xFF, 0xFF, 0xE5, 0xE0, 0xFF, 0xFF,
  0xE3, 0xDF, 0xFF, 0xFD, 0xF1, 0xEC, 0xFF, 0xFF, 0xEC, 0xE9, 0xFF, 0x46, 0x00, 0x00, 0x00, 0x00,
  0xFF, 0xFF, 0xFF, 0x03, 0x00, 0x00, 0x00, 0x00, 0x00, 0x00, 0x00, 0x00, 0x00, 0x00, 0x00, 0x00,
  0x00, 0x00, 0x00, 0x00, 0x00, 0x00, 0x00, 0x00, 0x00, 0x00, 0x00, 0x00, 0x00, 0x00, 0x00, 0x00,
  0x00, 0x00, 0x00, 0x00, 0x00, 0x00, 0x00, 0x00, 0x00, 0x00, 0x00, 0x00, 0x00, 0x00, 0x00, 0x00,
  0x00, 0x00, 0x00, 0x00, 0x00, 0x00, 0x00, 0x00, 0x00, 0x00, 0x00, 0x00, 0x00, 0x00, 0x00, 0x00,
  0x00, 0x00, 0x00, 0x00, 0x00, 0x00, 0x00, 0x00, 0x00, 0x00, 0x00, 0x00, 0x00, 0x00, 0x00, 0x00,
  0x00, 0x00, 0x00, 0x00, 0x00, 0x00, 0x00, 0x00, 0xFF, 0xFF, 0xFF, 0x03, 0x00, 0x00, 0x00, 0x00,
  0xE8, 0xE8, 0xFB, 0x43, 0xED, 0xEB, 0xFF, 0xFF, 0xE3, 0xE0, 0xFF, 0xFD, 0xE3, 0xE1, 0xFF, 0xFF,
  0xE3, 0xE1, 0xFF, 0xFF, 0xE4, 0xE1, 0xFF, 0xFF, 0xE5, 0xE0, 0xFF, 0xFF, 0xE5, 0xE0, 0xFF, 0xFF,
  0xE5, 0xE0, 0xFF, 0xFF, 0xE5, 0xE0, 0xFF, 0xFF, 0xE5, 0xE0, 0xFF, 0xFF, 0xE5, 0xE0, 0xFF, 0xFF,
  0xE5, 0xE0, 0xFF, 0xFF, 0xE5, 0xE0, 0xFF, 0xFF, 0xE5, 0xE0, 0xFF, 0xFF, 0xE4, 0xDF, 0xFF, 0xFF,
  0xEA, 0xE6, 0xFF, 0xFF, 0xA6, 0xA8, 0xFC, 0xFF, 0x60, 0x64, 0xFA, 0xFF, 0x69, 0x6B, 0xFF, 0xFF,
  0x69, 0x6A, 0xFF, 0xFF, 0x69, 0x6C, 0xFE, 0xFF, 0x6A, 0x6A, 0xFF, 0xFF, 0x6A, 0x69, 0xFF, 0xFF,
  0x6A, 0x69, 0xFF, 0xFF, 0x6A, 0x69, 0xFF, 0xFF, 0x6A, 0x69, 0xFF, 0xFF, 0x6A, 0x69, 0xFF, 0xFF,
  0x6A, 0x69, 0xFF, 0xFF, 0x6A, 0x69, 0xFF, 0xFF, 0x6A, 0x69, 0xFF, 0xFF, 0x6A, 0x69, 0xFF, 0xFF,
  0x6A, 0x69, 0xFF, 0xFF, 0x6A, 0x69, 0xFF, 0xFF, 0x6A, 0x69, 0xFF, 0xFF, 0x6A, 0x69, 0xFF, 0xFF,
  0x6A, 0x69, 0xFF, 0xFF, 0x6A, 0x69, 0xFF, 0xFF, 0x6A, 0x69, 0xFF, 0xFF, 0x6A, 0x69, 0xFF, 0xFF,
  0x6A, 0x69, 0xFF, 0xFF, 0x6A, 0x69, 0xFF, 0xFF, 0x6A, 0x69, 0xFF, 0xFF, 0x6A, 0x69, 0xFF, 0xFF,
  0x6A, 0x69, 0xFF, 0xFF, 0x6A, 0x69, 0xFF, 0xFF, 0x6A, 0x69, 0xFF, 0xFF, 0x6A, 0x69, 0xFF, 0xFF,
  0x6A, 0x69, 0xFF, 0xFF, 0x6A, 0x69, 0xFF, 0xFF, 0x6B, 0x69, 0xFF, 0xFF, 0x6B, 0x69, 0xFF, 0xFF,
  0x6B, 0x69, 0xFF, 0xFF, 0x6B, 0x69, 0xFF, 0xFF, 0x6B, 0x69, 0xFF, 0xFF, 0x6B, 0x69, 0xFF, 0xFF,
  0x6B, 0x69, 0xFF, 0xFF, 0x6B, 0x69, 0xFF, 0xFF, 0x6B, 0x69, 0xFF, 0xFF, 0x6B, 0x69, 0xFF, 0xFF,
  0x6B, 0x69, 0xFF, 0xFF, 0x6B, 0x69, 0xFF, 0xFF, 0x6B, 0x69, 0xFF, 0xFF, 0x6B, 0x69, 0xFF, 0xFF,
  0x6B, 0x69, 0xFF, 0xFF, 0x6B, 0x69, 0xFF, 0xFF, 0x6B, 0x69, 0xFF, 0xFF, 0x6B, 0x69, 0xFF, 0xFF,
  0x6B, 0x69, 0xFF, 0xFF, 0x6B, 0x69, 0xFF, 0xFF, 0x6B, 0x69, 0xFF, 0xFF, 0x6B, 0x69, 0xFF, 0xFF,
  0x6B, 0x69, 0xFF, 0xFF, 0x6C, 0x69, 0xFF, 0xFF, 0x6E, 0x68, 0xFF, 0xFF, 0x6F, 0x67, 0xFE, 0xFF,
  0x71, 0x65, 0xFD, 0xFF, 0xC0, 0xBB, 0xFF, 0xFF, 0xEA, 0xE6, 0xFF, 0xFF, 0xE4, 0xDF, 0xFF, 0xFF,
  0xE5, 0xE0, 0xFF, 0xFF, 0xE5, 0xE0, 0xFF, 0xFF, 0xE5, 0xE0, 0xFF, 0xFF, 0xE5, 0xE0, 0xFF, 0xFF,
  0xE5, 0xE0, 0xFF, 0xFF, 0xE5, 0xE0, 0xFF, 0xFF, 0xE5, 0xE0, 0xFF, 0xFF, 0xE5, 0xE0, 0xFF, 0xFF,
  0xE5, 0xE0, 0xFF, 0xFF, 0xE5, 0xE0, 0xFF, 0xFF, 0xE5, 0xE0, 0xFF, 0xFF, 0xE4, 0xDF, 0xFF, 0xFE,
  0xE9, 0xE5, 0xFF, 0xFF, 0xE6, 0xE2, 0xFD, 0xE7, 0xFF, 0xEE, 0xFF, 0x0F, 0x00, 0x00, 0x00, 0x00,
  0xFF, 0xFF, 0xFF, 0x01, 0x00, 0x00, 0x00, 0x00, 0x00, 0x00, 0x00, 0x00, 0x00, 0x00, 0x00, 0x00,
  0x00, 0x00, 0x00, 0x00, 0x00, 0x00, 0x00, 0x00, 0x00, 0x00, 0x00, 0x00, 0x00, 0x00, 0x00, 0x00,
  0x00, 0x00, 0x00, 0x00, 0x00, 0x00, 0x00, 0x00, 0x00, 0x00, 0x00, 0x00, 0x00, 0x00, 0x00, 0x00,
  0x00, 0x00, 0x00, 0x00, 0x00, 0x00, 0x00, 0x00, 0x00, 0x00, 0x00, 0x00, 0x00, 0x00, 0x00, 0x00,
  0x00, 0x00, 0x00, 0x00, 0x00, 0x00, 0x00, 0x00, 0x00, 0x00, 0x00, 0x00, 0x00, 0x00, 0x00, 0x00,
  0x00, 0x00, 0x00, 0x00, 0x00, 0x00, 0x00, 0x00, 0xFF, 0xFF, 0xFF, 0x01, 0x00, 0x00, 0x00, 0x00,
  0xF1, 0xF1, 0xFF, 0x13, 0xE4, 0xE1, 0xFC, 0xEB, 0xE8, 0xE5, 0xFF, 0xFF, 0xE2, 0xE0, 0xFF, 0xFE,
  0xE3, 0xE1, 0xFF, 0xFF, 0xE4, 0xE1, 0xFF, 0xFF, 0xE5, 0xE0, 0xFF, 0xFF, 0xE5, 0xE0, 0xFF, 0xFF,
  0xE5, 0xE0, 0xFF, 0xFF, 0xE5, 0xE0, 0xFF, 0xFF, 0xE5, 0xE0, 0xFF, 0xFF, 0xE5, 0xE0, 0xFF, 0xFF,
  0xE5, 0xE0, 0xFF, 0xFF, 0xE5, 0xE0, 0xFF, 0xFF, 0xE5, 0xE0, 0xFF, 0xFF, 0xE4, 0xDF, 0xFF, 0xFF,
  0xE8, 0xE6, 0xFF, 0xFF, 0xC2, 0xC3, 0xFE, 0xFF, 0x6B, 0x6C, 0xFE, 0xFF, 0x67, 0x68, 0xFF, 0xFF,
  0x69, 0x6A, 0xFF, 0xFF, 0x69, 0x6B, 0xFF, 0xFF, 0x6A, 0x6A, 0xFF, 0xFF, 0x6A, 0x69, 0xFF, 0xFF,
  0x6A, 0x69, 0xFF, 0xFF, 0x6A, 0x69, 0xFF, 0xFF, 0x6A, 0x69, 0xFF, 0xFF, 0x6A, 0x69, 0xFF, 0xFF,
  0x6A, 0x69, 0xFF, 0xFF, 0x6A, 0x69, 0xFF, 0xFF, 0x6A, 0x69, 0xFF, 0xFF, 0x6A, 0x69, 0xFF, 0xFF,
  0x6A, 0x69, 0xFF, 0xFF, 0x6A, 0x69, 0xFF, 0xFF, 0x6A, 0x69, 0xFF, 0xFF, 0x6A, 0x69, 0xFF, 0xFF,
  0x6A, 0x69, 0xFF, 0xFF, 0x6A, 0x69, 0xFF, 0xFF, 0x6A, 0x69, 0xFF, 0xFF, 0x6A, 0x69, 0xFF, 0xFF,
  0x6A, 0x69, 0xFF, 0xFF, 0x6A, 0x69, 0xFF, 0xFF, 0x6A, 0x69, 0xFF, 0xFF, 0x6A, 0x69, 0xFF, 0xFF,
  0x6A, 0x69, 0xFF, 0xFF, 0x6A, 0x69, 0xFF, 0xFF, 0x6A, 0x69, 0xFF, 0xFF, 0x6A, 0x69, 0xFF, 0xFF,
  0x6A, 0x69, 0xFF, 0xFF, 0x6A, 0x69, 0xFF, 0xFF, 0x6B, 0x69, 0xFF, 0xFF, 0x6B, 0x69, 0xFF, 0xFF,
  0x6B, 0x69, 0xFF, 0xFF, 0x6B, 0x69, 0xFF, 0xFF, 0x6B, 0x69, 0xFF, 0xFF, 0x6B, 0x69, 0xFF, 0xFF,
  0x6B, 0x69, 0xFF, 0xFF, 0x6B, 0x69, 0xFF, 0xFF, 0x6B, 0x69, 0xFF, 0xFF, 0x6B, 0x69, 0xFF, 0xFF,
  0x6B, 0x69, 0xFF, 0xFF, 0x6B, 0x69, 0xFF, 0xFF, 0x6B, 0x69, 0xFF, 0xFF, 0x6B, 0x69, 0xFF, 0xFF,
  0x6B, 0x69, 0xFF, 0xFF, 0x6B, 0x69, 0xFF, 0xFF, 0x6B, 0x69, 0xFF, 0xFF, 0x6B, 0x69, 0xFF, 0xFF,
  0x6B, 0x69, 0xFF, 0xFF, 0x6B, 0x69, 0xFF, 0xFF, 0x6B, 0x69, 0xFF, 0xFF, 0x6B, 0x69, 0xFF, 0xFF,
  0x6B, 0x69, 0xFF, 0xFF, 0x6C, 0x69, 0xFF, 0xFF, 0x6E, 0x6A, 0xFF, 0xFF, 0x68, 0x63, 0xFD, 0xFF,
  0x7E, 0x73, 0xFB, 0xFF, 0xD7, 0xD2, 0xFE, 0xFF, 0xE8, 0xE3, 0xFF, 0xFF, 0xE4, 0xDF, 0xFF, 0xFF,
  0xE5, 0xE0, 0xFF, 0xFF, 0xE5, 0xE0, 0xFF, 0xFF, 0xE5, 0xE0, 0xFF, 0xFF, 0xE5, 0xE0, 0xFF, 0xFF,
  0xE5, 0xE0, 0xFF, 0xFF, 0xE5, 0xE0, 0xFF, 0xFF, 0xE5, 0xE0, 0xFF, 0xFF, 0xE5, 0xE0, 0xFF, 0xFF,
  0xE5, 0xE0, 0xFF, 0xFF, 0xE5, 0xE0, 0xFF, 0xFF, 0xE5, 0xE0, 0xFF, 0xFF, 0xE4, 0xDF, 0xFF, 0xFC,
  0xF1, 0xED, 0xFF, 0xFF, 0xE5, 0xE3, 0xFC, 0xB7, 0x00, 0x00, 0x00, 0x00, 0xFF, 0xFF, 0xFF, 0x02,
  0x00, 0x00, 0x00, 0x00, 0x00, 0x00, 0x00, 0x00, 0x00, 0x00, 0x00, 0x00, 0x00, 0x00, 0x00, 0x00,
  0x00, 0x00, 0x00, 0x00, 0x00, 0x00, 0x00, 0x00, 0x00, 0x00, 0x00, 0x00, 0x00, 0x00, 0x00, 0x00,
  0x00, 0x00, 0x00, 0x00, 0x00, 0x00, 0x00, 0x00, 0x00, 0x00, 0x00, 0x00, 0x00, 0x00, 0x00, 0x00,
  0x00, 0x00, 0x00, 0x00, 0x00, 0x00, 0x00, 0x00, 0x00, 0x00, 0x00, 0x00, 0x00, 0x00, 0x00, 0x00,
  0x00, 0x00, 0x00, 0x00, 0x00, 0x00, 0x00, 0x00, 0x00, 0x00, 0x00, 0x00, 0x00, 0x00, 0x00, 0x00,
  0x00, 0x00, 0x00, 0x00, 0x00, 0x00, 0x00, 0x00, 0x00, 0x00, 0x00, 0x00, 0xAA, 0xAA, 0xFF, 0x03,
  0x00, 0x00, 0x00, 0x00, 0xE8, 0xE2, 0xFD, 0xB5, 0xF2, 0xEF, 0xFF, 0xFF, 0xE1, 0xE1, 0xFF, 0xFB,
  0xE1, 0xE1, 0xFF, 0xFF, 0xE1, 0xE1, 0xFF, 0xFF, 0xE1, 0xE1, 0xFF, 0xFF, 0xE2, 0xE1, 0xFF, 0xFF,
  0xE2, 0xE1, 0xFF, 0xFF, 0xE1, 0xE1, 0xFF, 0xFF, 0xE2, 0xE1, 0xFF, 0xFF, 0xE2, 0xE1, 0xFF, 0xFF,
  0xE2, 0xE1, 0xFF, 0xFF, 0xE2, 0xE1, 0xFF, 0xFF, 0xE2, 0xE1, 0xFF, 0xFF, 0xE2, 0xDF, 0xFE, 0xFF,
  0xE4, 0xE3, 0xFE, 0xFF, 0xD4, 0xD5, 0xFE, 0xFF, 0x79, 0x78, 0xFB, 0xFF, 0x67, 0x66, 0xFF, 0xFF,
  0x6A, 0x6A, 0xFF, 0xFF, 0x69, 0x6B, 0xFF, 0xFF, 0x6A, 0x6A, 0xFF, 0xFF, 0x6A, 0x69, 0xFF, 0xFF,
  0x6A, 0x69, 0xFF, 0xFF, 0x6A, 0x69, 0xFF, 0xFF, 0x6A, 0x69, 0xFF, 0xFF, 0x6A, 0x69, 0xFF, 0xFF,
  0x6A, 0x69, 0xFF, 0xFF, 0x6A, 0x69, 0xFF, 0xFF, 0x6A, 0x69, 0xFF, 0xFF, 0x6A, 0x69, 0xFF, 0xFF,
  0x6A, 0x69, 0xFF, 0xFF, 0x6A, 0x69, 0xFF, 0xFF, 0x6A, 0x69, 0xFF, 0xFF, 0x6A, 0x69, 0xFF, 0xFF,
  0x6A, 0x69, 0xFF, 0xFF, 0x6A, 0x69, 0xFF, 0xFF, 0x6A, 0x69, 0xFF, 0xFF, 0x6A, 0x69, 0xFF, 0xFF,
  0x6A, 0x69, 0xFF, 0xFF, 0x6A, 0x69, 0xFF, 0xFF, 0x6A, 0x69, 0xFF, 0xFF, 0x6A, 0x69, 0xFF, 0xFF,
  0x6A, 0x69, 0xFF, 0xFF, 0x6A, 0x69, 0xFF, 0xFF, 0x6A, 0x69, 0xFF, 0xFF, 0x6A, 0x69, 0xFF, 0xFF,
  0x6A, 0x69, 0xFF, 0xFF, 0x6A, 0x69, 0xFF, 0xFF, 0x6B, 0x69, 0xFF, 0xFF, 0x6B, 0x69, 0xFF, 0xFF,
  0x6B, 0x69, 0xFF, 0xFF, 0x6B, 0x69, 0xFF, 0xFF, 0x6B, 0x69, 0xFF, 0xFF, 0x6B, 0x69, 0xFF, 0xFF,
  0x6B, 0x69, 0xFF, 0xFF, 0x6B, 0x69, 0xFF, 0xFF, 0x6B, 0x69, 0xFF, 0xFF, 0x6B, 0x69, 0xFF, 0xFF,
  0x6B, 0x69, 0xFF, 0xFF, 0x6B, 0x69, 0xFF, 0xFF, 0x6B, 0x69, 0xFF, 0xFF, 0x6B, 0x69, 0xFF, 0xFF,
  0x6B, 0x69, 0xFF, 0xFF, 0x6B, 0x69, 0xFF, 0xFF, 0x6B, 0x69, 0xFF, 0xFF, 0x6B, 0x69, 0xFF, 0xFF,
  0x6B, 0x69, 0xFF, 0xFF, 0x6B, 0x69, 0xFF, 0xFF, 0x6B, 0x69, 0xFF, 0xFF, 0x6B, 0x69, 0xFF, 0xFF,
  0x6A, 0x69, 0xFF, 0xFF, 0x6C, 0x69, 0xFF, 0xFF, 0x6E, 0x6B, 0xFE, 0xFF, 0x67, 0x62, 0xFE, 0xFF,
  0x94, 0x8E, 0xF9, 0xFF, 0xE8, 0xE3, 0xFE, 0xFF, 0xE4, 0xDF, 0xFF, 0xFF, 0xE5, 0xE0, 0xFF, 0xFF,
  0xE5, 0xE0, 0xFF, 0xFF, 0xE5, 0xE0, 0xFF, 0xFF, 0xE5, 0xE0, 0xFF, 0xFF, 0xE5, 0xE0, 0xFF, 0xFF,
  0xE5, 0xE0, 0xFF, 0xFF, 0xE5, 0xE0, 0xFF, 0xFF, 0xE5, 0xE0, 0xFF, 0xFF, 0xE5, 0xE0, 0xFF, 0xFF,
  0xE5, 0xE0, 0xFF, 0xFF, 0xE5, 0xE0, 0xFF, 0xFF, 0xE5, 0xE0, 0xFF, 0xFF, 0xE3, 0xE0, 0xFF, 0xFB,
  0xF5, 0xF2, 0xFF, 0xFF, 0xE7, 0xE5, 0xFC, 0x76, 0xFF, 0xFF, 0xFF, 0x01, 0xFF, 0xFF, 0xFF, 0x04,
  0x00, 0x00, 0x00, 0x00, 0x00, 0x00, 0x00, 0x00, 0x00, 0x00, 0x00, 0x00, 0x00, 0x00, 0x00, 0x00,
  0x00, 0x00, 0x00, 0x00, 0x00, 0x00, 0x00, 0x00, 0x00, 0x00, 0x00, 0x00, 0x00, 0x00, 0x00, 0x00,
  0x00, 0x00, 0x00, 0x00, 0x00, 0x00, 0x00, 0x00, 0x00, 0x00, 0x00, 0x00, 0x00, 0x00, 0x00, 0x00,
  0x00, 0x00, 0x00, 0x00, 0x00, 0x00, 0x00, 0x00, 0x00, 0x00, 0x00, 0x00, 0x00, 0x00, 0x00, 0x00,
  0x00, 0x00, 0x00, 0x00, 0x00, 0x00, 0x00, 0x00, 0x00, 0x00, 0x00, 0x00, 0x00, 0x00, 0x00, 0x00,
  0x00, 0x00, 0x00, 0x00, 0x00, 0x00, 0x00, 0x00, 0x00, 0x00, 0x00, 0x00, 0xFF, 0xFF, 0xFF, 0x03,
  0xFF, 0xFF, 0xFF, 0x01, 0xEA, 0xE7, 0xFC, 0x62, 0xEE, 0xEE, 0xFF, 0xFF, 0xE0, 0xE0, 0xFF, 0xFC,
  0xE1, 0xE1, 0xFF, 0xFF, 0xE1, 0xE1, 0xFF, 0xFF, 0xE1, 0xE1, 0xFF, 0xFF, 0xE1, 0xE1, 0xFF, 0xFF,
  0xE1, 0xE1, 0xFF, 0xFF, 0xE1, 0xE1, 0xFF, 0xFF, 0xE1, 0xE1, 0xFF, 0xFF, 0xE1, 0xE1, 0xFF, 0xFF,
  0xE1, 0xE1, 0xFF, 0xFF, 0xE1, 0xE1, 0xFF, 0xFF, 0xE1, 0xE1, 0xFF, 0xFF, 0xE2, 0xE0, 0xFE, 0xFF,
  0xE1, 0xDF, 0xFE, 0xFF, 0xE3, 0xE4, 0xFF, 0xFF, 0x96, 0x97, 0xF8, 0xFF, 0x66, 0x65, 0xFC, 0xFF,
  0x6D, 0x6B, 0xFF, 0xFF, 0x69, 0x6B, 0xFF, 0xFF, 0x6A, 0x6A, 0xFF, 0xFF, 0x6B, 0x69, 0xFF, 0xFF,
  0x6A, 0x69, 0xFF, 0xFF, 0x6A, 0x69, 0xFF, 0xFF, 0x6A, 0x69, 0xFF, 0xFF, 0x6A, 0x69, 0xFF, 0xFF,
  0x6A, 0x69, 0xFF, 0xFF, 0x6A, 0x69, 0xFF, 0xFF, 0x6A, 0x69, 0xFF, 0xFF, 0x6A, 0x69, 0xFF, 0xFF,
  0x6A, 0x69, 0xFF, 0xFF, 0x6A, 0x69, 0xFF, 0xFF, 0x6A, 0x69, 0xFF, 0xFF, 0x6A, 0x69, 0xFF, 0xFF,
  0x6A, 0x69, 0xFF, 0xFF, 0x6A, 0x69, 0xFF, 0xFF, 0x6A, 0x69, 0xFF, 0xFF, 0x6A, 0x69, 0xFF, 0xFF,
  0x6A, 0x69, 0xFF, 0xFF, 0x6A, 0x69, 0xFF, 0xFF, 0x6A, 0x69, 0xFF, 0xFF, 0x6A, 0x69, 0xFF, 0xFF,
  0x6A, 0x69, 0xFF, 0xFF, 0x6A, 0x69, 0xFF, 0xFF, 0x6A, 0x69, 0xFF, 0xFF, 0x6A, 0x69, 0xFF, 0xFF,
  0x6A, 0x69, 0xFF, 0xFF, 0x6A, 0x69, 0xFF, 0xFF, 0x6B, 0x69, 0xFF, 0xFF, 0x6B, 0x69, 0xFF, 0xFF,
  0x6B, 0x69, 0xFF, 0xFF, 0x6B, 0x69, 0xFF, 0xFF, 0x6B, 0x69, 0xFF, 0xFF, 0x6B, 0x69, 0xFF, 0xFF,
  0x6B, 0x69, 0xFF, 0xFF, 0x6B, 0x69, 0xFF, 0xFF, 0x6B, 0x69, 0xFF, 0xFF, 0x6B, 0x69, 0xFF, 0xFF,
  0x6B, 0x69, 0xFF, 0xFF, 0x6B, 0x69, 0xFF, 0xFF, 0x6B, 0x69, 0xFF, 0xFF, 0x6B, 0x69, 0xFF, 0xFF,
  0x6B, 0x69, 0xFF, 0xFF, 0x6B, 0x69, 0xFF, 0xFF, 0x6B, 0x69, 0xFF, 0xFF, 0x6B, 0x69, 0xFF, 0xFF,
  0x6B, 0x69, 0xFF, 0xFF, 0x6B, 0x69, 0xFF, 0xFF, 0x6B, 0x69, 0xFF, 0xFF, 0x6B, 0x69, 0xFF, 0xFF,
  0x6B, 0x69, 0xFF, 0xFF, 0x6D, 0x69, 0xFF, 0xFF, 0x6F, 0x6A, 0xFE, 0xFF, 0x69, 0x65, 0xFB, 0xFF,
  0xA9, 0xA7, 0xFA, 0xFF, 0xE9, 0xE6, 0xFF, 0xFF, 0xE4, 0xDF, 0xFF, 0xFF, 0xE5, 0xE0, 0xFF, 0xFF,
  0xE5, 0xE0, 0xFF, 0xFF, 0xE5, 0xE0, 0xFF, 0xFF, 0xE5, 0xE0, 0xFF, 0xFF, 0xE5, 0xE0, 0xFF, 0xFF,
  0xE5, 0xE0, 0xFF, 0xFF, 0xE5, 0xE0, 0xFF, 0xFF, 0xE5, 0xE0, 0xFF, 0xFF, 0xE5, 0xE0, 0xFF, 0xFF,
  0xE5, 0xE0, 0xFF, 0xFF, 0xE5, 0xE0, 0xFF, 0xFF, 0xE4, 0xE0, 0xFF, 0xFE, 0xE4, 0xE1, 0xFF, 0xFE,
  0xE8, 0xE5, 0xFF, 0xF7, 0xEB, 0xEB, 0xFF, 0x27, 0x00, 0x00, 0x00, 0x00, 0xFF, 0xFF, 0xFF, 0x02,
  0x00, 0x00, 0x00, 0x00, 0x00, 0x00, 0x00, 0x00, 0x00, 0x00, 0x00, 0x00, 0x00, 0x00, 0x00, 0x00,
  0x00, 0x00, 0x00, 0x00, 0x00, 0x00, 0x00, 0x00, 0x00, 0x00, 0x00, 0x00, 0x00, 0x00, 0x00, 0x00,
  0x00, 0x00, 0x00, 0x00, 0x00, 0x00, 0x00, 0x00, 0x00, 0x00, 0x00, 0x00, 0x00, 0x00, 0x00, 0x00,
  0x00, 0x00, 0x00, 0x00, 0x00, 0x00, 0x00, 0x00, 0x00, 0x00, 0x00, 0x00, 0x00, 0x00, 0x00, 0x00,
  0x00, 0x00, 0x00, 0x00, 0x00, 0x00, 0x00, 0x00, 0x00, 0x00, 0x00, 0x00, 0x00, 0x00, 0x00, 0x00,
  0x00, 0x00, 0x00, 0x00, 0x00, 0x00, 0x00, 0x00, 0x00, 0x00, 0x00, 0x00, 0xFF, 0xFF, 0xFF, 0x01,
  0x00, 0x00, 0x00, 0x00, 0xF0, 0xF0, 0xF0, 0x11, 0xE1, 0xE3, 0xFD, 0xF2, 0xE3, 0xE4, 0xFF, 0xFF,
  0xE0, 0xE0, 0xFF, 0xFE, 0xE1, 0xE1, 0xFF, 0xFF, 0xE1, 0xE1, 0xFF, 0xFF, 0xE1, 0xE1, 0xFF, 0xFF,
  0xE1, 0xE1, 0xFF, 0xFF, 0xE1, 0xE1, 0xFF, 0xFF, 0xE1, 0xE1, 0xFF, 0xFF, 0xE1, 0xE1, 0xFF, 0xFF,
  0xE1, 0xE1, 0xFF, 0xFF, 0xE1, 0xE1, 0xFF, 0xFF, 0xE1, 0xE1, 0xFF, 0xFF, 0xE2, 0xE0, 0xFE, 0xFF,
  0xE1, 0xDF, 0xFE, 0xFF, 0xE9, 0xE6, 0xFF, 0xFF, 0xBE, 0xBE, 0xFC, 0xFF, 0x6C, 0x6A, 0xFA, 0xFF,
  0x6C, 0x6A, 0xFF, 0xFF, 0x69, 0x6B, 0xFF, 0xFF, 0x69, 0x69, 0xFF, 0xFF, 0x6A, 0x69, 0xFF, 0xFF,
  0x6A, 0x69, 0xFF, 0xFF, 0x6A, 0x69, 0xFF, 0xFF, 0x6A, 0x6A, 0xFF, 0xFF, 0x6A, 0x69, 0xFF, 0xFF,
  0x6A, 0x69, 0xFF, 0xFF, 0x6A, 0x69, 0xFF, 0xFF, 0x6A, 0x69, 0xFF, 0xFF, 0x6A, 0x69, 0xFF, 0xFF,
  0x6A, 0x69, 0xFF, 0xFF, 0x6A, 0x69, 0xFF, 0xFF, 0x6A, 0x69, 0xFF, 0xFF, 0x6A, 0x69, 0xFF, 0xFF,
  0x6A, 0x69, 0xFF, 0xFF, 0x6A, 0x69, 0xFF, 0xFF, 0x6A, 0x69, 0xFF, 0xFF, 0x6A, 0x69, 0xFF, 0xFF,
  0x6A, 0x69, 0xFF, 0xFF, 0x6A, 0x69, 0xFF, 0xFF, 0x6A, 0x69, 0xFF, 0xFF, 0x6A, 0x69, 0xFF, 0xFF,
  0x6A, 0x69, 0xFF, 0xFF, 0x6A, 0x69, 0xFF, 0xFF, 0x6A, 0x69, 0xFF, 0xFF, 0x6A, 0x69, 0xFF, 0xFF,
  0x6A, 0x69, 0xFF, 0xFF, 0x6A, 0x69, 0xFF, 0xFF, 0x6B, 0x69, 0xFF, 0xFF, 0x6B, 0x69, 0xFF, 0xFF,
  0x6B, 0x69, 0xFF, 0xFF, 0x6B, 0x69, 0xFF, 0xFF, 0x6B, 0x69, 0xFF, 0xFF, 0x6B, 0x69, 0xFF, 0xFF,
  0x6B, 0x69, 0xFF, 0xFF, 0x6B, 0x69, 0xFF, 0xFF, 0x6B, 0x69, 0xFF, 0xFF, 0x6B, 0x69, 0xFF, 0xFF,
  0x6B, 0x69, 0xFF, 0xFF, 0x6B, 0x69, 0xFF, 0xFF, 0x6B, 0x69, 0xFF, 0xFF, 0x6B, 0x69, 0xFF, 0xFF,
  0x6B, 0x69, 0xFF, 0xFF, 0x6B, 0x69, 0xFF, 0xFF, 0x6B, 0x69, 0xFF, 0xFF, 0x6B, 0x69, 0xFF, 0xFF,
  0x6B, 0x69, 0xFF, 0xFF, 0x6B, 0x69, 0xFF, 0xFF, 0x6B, 0x69, 0xFF, 0xFF, 0x6B, 0x69, 0xFF, 0xFF,
  0x6B, 0x69, 0xFF, 0xFF, 0x6D, 0x69, 0xFF, 0xFF, 0x6E, 0x68, 0xFE, 0xFF, 0x72, 0x6F, 0xFA, 0xFF,
  0xC5, 0xC7, 0xFE, 0xFF, 0xE7, 0xE5, 0xFF, 0xFF, 0xE4, 0xDF, 0xFF, 0xFF, 0xE5, 0xE0, 0xFF, 0xFF,
  0xE5, 0xE0, 0xFF, 0xFF, 0xE5, 0xE0, 0xFF, 0xFF, 0xE5, 0xE0, 0xFF, 0xFF, 0xE5, 0xE0, 0xFF, 0xFF,
  0xE5, 0xE0, 0xFF, 0xFF, 0xE5, 0xE0, 0xFF, 0xFF, 0xE5, 0xE0, 0xFF, 0xFF, 0xE5, 0xE0, 0xFF, 0xFF,
  0xE5, 0xE0, 0xFF, 0xFF, 0xE5, 0xE0, 0xFF, 0xFF, 0xE4, 0xDF, 0xFF, 0xFC, 0xF0, 0xEC, 0xFF, 0xFE,
  0xE6, 0xE2, 0xFD, 0xBE, 0x00, 0x00, 0x00, 0x00, 0xFF, 0xFF, 0xFF, 0x02, 0x00, 0x00, 0x00, 0x00,
  0x00, 0x00, 0x00, 0x00, 0x00, 0x00, 0x00, 0x00, 0x00, 0x00, 0x00, 0x00, 0x00, 0x00, 0x00, 0x00,
  0x00, 0x00, 0x00, 0x00, 0x00, 0x00, 0x00, 0x00, 0x00, 0x00, 0x00, 0x00, 0x00, 0x00, 0x00, 0x00,
  0x00, 0x00, 0x00, 0x00, 0x00, 0x00, 0x00, 0x00, 0x00, 0x00, 0x00, 0x00, 0x00, 0x00, 0x00, 0x00,
  0x00, 0x00, 0x00, 0x00, 0x00, 0x00, 0x00, 0x00, 0x00, 0x00, 0x00, 0x00, 0x00, 0x00, 0x00, 0x00,
  0x00, 0x00, 0x00, 0x00, 0x00, 0x00, 0x00, 0x00, 0x00, 0x00, 0x00, 0x00, 0x00, 0x00, 0x00, 0x00,
  0x00, 0x00, 0x00, 0x00, 0x00, 0x00, 0x00, 0x00, 0x00, 0x00, 0x00, 0x00, 0x00, 0x00, 0x00, 0x00,
  0xFF, 0xFF, 0xFF, 0x03, 0xFF, 0xFF, 0xFF, 0x01, 0xE5, 0xE4, 0xFD, 0xAB, 0xEF, 0xEF, 0xFF, 0xFF,
  0xE1, 0xE1, 0xFF, 0xFB, 0xE1, 0xE1, 0xFF, 0xFF, 0xE1, 0xE1, 0xFF, 0xFF, 0xE1, 0xE1, 0xFF, 0xFF,
  0xE1, 0xE1, 0xFF, 0xFF, 0xE1, 0xE1, 0xFF, 0xFF, 0xE1, 0xE1, 0xFF, 0xFF, 0xE1, 0xE1, 0xFF, 0xFF,
  0xE1, 0xE1, 0xFF, 0xFF, 0xE1, 0xE1, 0xFF, 0xFF, 0xE1, 0xE1, 0xFF, 0xFF, 0xE2, 0xE0, 0xFE, 0xFF,
  0xE2, 0xE0, 0xFE, 0xFF, 0xE3, 0xE1, 0xFE, 0xFF, 0xD9, 0xDA, 0xFD, 0xFF, 0x82, 0x7F, 0xF9, 0xFF,
  0x6A, 0x67, 0xFE, 0xFF, 0x6B, 0x69, 0xFF, 0xFF, 0x69, 0x69, 0xFF, 0xFF, 0x69, 0x6A, 0xFE, 0xFF,
  0x6A, 0x6A, 0xFE, 0xFF, 0x6A, 0x6A, 0xFE, 0xFF, 0x6A, 0x6A, 0xFE, 0xFF, 0x6A, 0x6A, 0xFE, 0xFF,
  0x6A, 0x6A, 0xFE, 0xFF, 0x6A, 0x6A, 0xFF, 0xFF, 0x6A, 0x69, 0xFF, 0xFF, 0x6A, 0x69, 0xFF, 0xFF,
  0x6A, 0x69, 0xFF, 0xFF, 0x6A, 0x69, 0xFF, 0xFF, 0x6A, 0x69, 0xFF, 0xFF, 0x6A, 0x69, 0xFF, 0xFF,
  0x6A, 0x69, 0xFF, 0xFF, 0x6A, 0x69, 0xFF, 0xFF, 0x6A, 0x69, 0xFF, 0xFF, 0x6A, 0x69, 0xFF, 0xFF,
  0x6A, 0x69, 0xFF, 0xFF, 0x6A, 0x69, 0xFF, 0xFF, 0x6A, 0x69, 0xFF, 0xFF, 0x6A, 0x69, 0xFF, 0xFF,
  0x6A, 0x69, 0xFF, 0xFF, 0x6A, 0x69, 0xFF, 0xFF, 0x6A, 0x69, 0xFF, 0xFF, 0x6A, 0x69, 0xFF, 0xFF,
  0x6A, 0x69, 0xFF, 0xFF, 0x6A, 0x69, 0xFF, 0xFF, 0x6B, 0x69, 0xFF, 0xFF, 0x6B, 0x69, 0xFF, 0xFF,
  0x6B, 0x69, 0xFF, 0xFF, 0x6B, 0x69, 0xFF, 0xFF, 0x6B, 0x69, 0xFF, 0xFF, 0x6B, 0x69, 0xFF, 0xFF,
  0x6B, 0x69, 0xFF, 0xFF, 0x6B, 0x69, 0xFF, 0xFF, 0x6B, 0x69, 0xFF, 0xFF, 0x6B, 0x69, 0xFF, 0xFF,
  0x6B, 0x69, 0xFF, 0xFF, 0x6B, 0x69, 0xFF, 0xFF, 0x6B, 0x69, 0xFF, 0xFF, 0x6B, 0x69, 0xFF, 0xFF,
  0x6B, 0x69, 0xFF, 0xFF, 0x6B, 0x69, 0xFF, 0xFF, 0x6B, 0x69, 0xFF, 0xFF, 0x6B, 0x69, 0xFF, 0xFF,
  0x6B, 0x69, 0xFF, 0xFF, 0x6B, 0x69, 0xFF, 0xFF, 0x6B, 0x69, 0xFF, 0xFF, 0x6B, 0x69, 0xFF, 0xFF,
  0x6A, 0x69, 0xFF, 0xFF, 0x6C, 0x6A, 0xFF, 0xFF, 0x69, 0x64, 0xFD, 0xFF, 0x8B, 0x8A, 0xFA, 0xFF,
  0xDE, 0xDF, 0xFF, 0xFF, 0xE2, 0xE0, 0xFE, 0xFF, 0xE3, 0xE0, 0xFE, 0xFF, 0xE5, 0xE0, 0xFF, 0xFF,
  0xE5, 0xE0, 0xFF, 0xFF, 0xE5, 0xE0, 0xFF, 0xFF, 0xE5, 0xE0, 0xFF, 0xFF, 0xE5, 0xE0, 0xFF, 0xFF,
  0xE5, 0xE0, 0xFF, 0xFF, 0xE5, 0xE0, 0xFF, 0xFF, 0xE5, 0xE0, 0xFF, 0xFF, 0xE5, 0xE0, 0xFF, 0xFF,
  0xE5, 0xE0, 0xFF, 0xFF, 0xE5, 0xE0, 0xFF, 0xFF, 0xE3, 0xDF, 0xFF, 0xFC, 0xF4, 0xEF, 0xFF, 0xFF,
  0xEA, 0xE4, 0xFC, 0x62, 0x00, 0x00, 0x00, 0x00, 0xFF, 0xFF, 0xFF, 0x03, 0x00, 0x00, 0x00, 0x00,
  0x00, 0x00, 0x00, 0x00, 0x00, 0x00, 0x00, 0x00, 0x00, 0x00, 0x00, 0x00, 0x00, 0x00, 0x00, 0x00,
  0x00, 0x00, 0x00, 0x00, 0x00, 0x00, 0x00, 0x00, 0x00, 0x00, 0x00, 0x00, 0x00, 0x00, 0x00, 0x00,
  0x00, 0x00, 0x00, 0x00, 0x00, 0x00, 0x00, 0x00, 0x00, 0x00, 0x00, 0x00, 0x00, 0x00, 0x00, 0x00,
  0x00, 0x00, 0x00, 0x00, 0x00, 0x00, 0x00, 0x00, 0x00, 0x00, 0x00, 0x00, 0x00, 0x00, 0x00, 0x00,
  0x00, 0x00, 0x00, 0x00, 0x00, 0x00, 0x00, 0x00, 0x00, 0x00, 0x00, 0x00, 0x00, 0x00, 0x00, 0x00,
  0x00, 0x00, 0x00, 0x00, 0x00, 0x00, 0x00, 0x00, 0x00, 0x00, 0x00, 0x00, 0x00, 0x00, 0x00, 0x00,
  0xFF, 0xFF, 0xFF, 0x03, 0x00, 0x00, 0x00, 0x00, 0xEC, 0xE7, 0xFF, 0x36, 0xEA, 0xE7, 0xFF, 0xFE,
  0xE1, 0xE0, 0xFF, 0xFD, 0xE1, 0xE1, 0xFF, 0xFF, 0xE1, 0xE1, 0xFF, 0xFF, 0xE1, 0xE1, 0xFF, 0xFF,
  0xE1, 0xE1, 0xFF, 0xFF, 0xE1, 0xE1, 0xFF, 0xFF, 0xE1, 0xE1, 0xFF, 0xFF, 0xE1, 0xE1, 0xFF, 0xFF,
  0xE1, 0xE1, 0xFF, 0xFF, 0xE1, 0xE1, 0xFF, 0xFF, 0xE1, 0xE1, 0xFF, 0xFF, 0xE2, 0xE0, 0xFE, 0xFF,
  0xE2, 0xE0, 0xFE, 0xFF, 0xE1, 0xDF, 0xFE, 0xFF, 0xE6, 0xE7, 0xFC, 0xFF, 0xA9, 0xA9, 0xFA, 0xFF,
  0x6A, 0x67, 0xFC, 0xFF, 0x6B, 0x69, 0xFF, 0xFF, 0x69, 0x69, 0xFF, 0xFF, 0x69, 0x6A, 0xFE, 0xFF,
  0x6A, 0x6A, 0xFE, 0xFF, 0x6A, 0x6A, 0xFE, 0xFF, 0x6A, 0x6A, 0xFE, 0xFF, 0x6A, 0x6A, 0xFE, 0xFF,
  0x6A, 0x6A, 0xFE, 0xFF, 0x6A, 0x6A, 0xFF, 0xFF, 0x6A, 0x69, 0xFF, 0xFF, 0x6A, 0x69, 0xFF, 0xFF,
  0x6A, 0x69, 0xFF, 0xFF, 0x6A, 0x69, 0xFF, 0xFF, 0x6A, 0x69, 0xFF, 0xFF, 0x6A, 0x69, 0xFF, 0xFF,
  0x6A, 0x69, 0xFF, 0xFF, 0x6A, 0x69, 0xFF, 0xFF, 0x6A, 0x69, 0xFF, 0xFF, 0x6A, 0x69, 0xFF, 0xFF,
  0x6A, 0x69, 0xFF, 0xFF, 0x6A, 0x69, 0xFF, 0xFF, 0x6A, 0x69, 0xFF, 0xFF, 0x6A, 0x69, 0xFF, 0xFF,
  0x6A, 0x69, 0xFF, 0xFF, 0x6A, 0x69, 0xFF, 0xFF, 0x6A, 0x69, 0xFF, 0xFF, 0x6A, 0x69, 0xFF, 0xFF,
  0x6A, 0x69, 0xFF, 0xFF, 0x6A, 0x69, 0xFF, 0xFF, 0x6B, 0x69, 0xFF, 0xFF, 0x6B, 0x69, 0xFF, 0xFF,
  0x6B, 0x69, 0xFF, 0xFF, 0x6B, 0x69, 0xFF, 0xFF, 0x6B, 0x69, 0xFF, 0xFF, 0x6B, 0x69, 0xFF, 0xFF,
  0x6B, 0x69, 0xFF, 0xFF, 0x6B, 0x69, 0xFF, 0xFF, 0x6B, 0x69, 0xFF, 0xFF, 0x6B, 0x69, 0xFF, 0xFF,
  0x6B, 0x69, 0xFF, 0xFF, 0x6B, 0x69, 0xFF, 0xFF, 0x6B, 0x69, 0xFF, 0xFF, 0x6B, 0x69, 0xFF, 0xFF,
  0x6B, 0x69, 0xFF, 0xFF, 0x6B, 0x69, 0xFF, 0xFF, 0x6B, 0x69, 0xFF, 0xFF, 0x6B, 0x69, 0xFF, 0xFF,
  0x6B, 0x69, 0xFF, 0xFF, 0x6B, 0x69, 0xFF, 0xFF, 0x6B, 0x69, 0xFF, 0xFF, 0x6B, 0x69, 0xFF, 0xFF,
  0x6B, 0x69, 0xFF, 0xFF, 0x6D, 0x6A, 0xFF, 0xFF, 0x6A, 0x67, 0xF9, 0xFF, 0xB6, 0xB7, 0xFB, 0xFF,
  0xE8, 0xE6, 0xFE, 0xFF, 0xE0, 0xDF, 0xFE, 0xFF, 0xE2, 0xE0, 0xFE, 0xFF, 0xE5, 0xE0, 0xFF, 0xFF,
  0xE5, 0xE0, 0xFF, 0xFF, 0xE5, 0xE0, 0xFF, 0xFF, 0xE5, 0xE0, 0xFF, 0xFF, 0xE5, 0xE0, 0xFF, 0xFF,
  0xE5, 0xE0, 0xFF, 0xFF, 0xE5, 0xE0, 0xFF, 0xFF, 0xE5, 0xE0, 0xFF, 0xFF, 0xE5, 0xE0, 0xFF, 0xFF,
  0xE5, 0xE0, 0xFF, 0xFF, 0xE5, 0xE0, 0xFF, 0xFD, 0xE9, 0xE5, 0xFF, 0xFE, 0xE6, 0xE2, 0xFC, 0xE9,
  0xEF, 0xEF, 0xFF, 0x10, 0x00, 0x00, 0xFF, 0x01, 0xFF, 0xFF, 0xFF, 0x01, 0x00, 0x00, 0x00, 0x00,
  0x00, 0x00, 0x00, 0x00, 0x00, 0x00, 0x00, 0x00, 0x00, 0x00, 0x00, 0x00, 0x00, 0x00, 0x00, 0x00,
  0x00, 0x00, 0x00, 0x00, 0x00, 0x00, 0x00, 0x00, 0x00, 0x00, 0x00, 0x00, 0x00, 0x00, 0x00, 0x00,
  0x00, 0x00, 0x00, 0x00, 0x00, 0x00, 0x00, 0x00, 0x00, 0x00, 0x00, 0x00, 0x00, 0x00, 0x00, 0x00,
  0x00, 0x00, 0x00, 0x00, 0x00, 0x00, 0x00, 0x00, 0x00, 0x00, 0x00, 0x00, 0x00, 0x00, 0x00, 0x00,
  0x00, 0x00, 0x00, 0x00, 0x00, 0x00, 0x00, 0x00, 0x00, 0x00, 0x00, 0x00, 0x00, 0x00, 0x00, 0x00,
  0x00, 0x00, 0x00, 0x00, 0x00, 0x00, 0x00, 0x00, 0x00, 0x00, 0x00, 0x00, 0x00, 0x00, 0x00, 0x00,
  0x00, 0x00, 0x00, 0x00, 0xFF, 0xFF, 0xFF, 0x02, 0x00, 0x00, 0x00, 0x00, 0xE6, 0xE1, 0xFF, 0xBE,
  0xEE, 0xED, 0xFF, 0xFF, 0xE0, 0xE0, 0xFF, 0xFC, 0xE1, 0xE1, 0xFF, 0xFF, 0xE1, 0xE1, 0xFF, 0xFF,
  0xE1, 0xE1, 0xFF, 0xFF, 0xE1, 0xE1, 0xFF, 0xFF, 0xE1, 0xE1, 0xFF, 0xFF, 0xE1, 0xE1, 0xFF, 0xFF,
  0xE1, 0xE1, 0xFF, 0xFF, 0xE1, 0xE1, 0xFF, 0xFF, 0xE1, 0xE1, 0xFF, 0xFF, 0xE2, 0xE0, 0xFE, 0xFF,
  0xE2, 0xE0, 0xFE, 0xFF, 0xE1, 0xDF, 0xFE, 0xFF, 0xE5, 0xE3, 0xFE, 0xFF, 0xCF, 0xCF, 0xFD, 0xFF,
  0x77, 0x74, 0xFA, 0xFF, 0x6A, 0x65, 0xFF, 0xFF, 0x69, 0x6A, 0xFF, 0xFF, 0x6A, 0x6A, 0xFE, 0xFF,
  0x6A, 0x6A, 0xFE, 0xFF, 0x6A, 0x6A, 0xFE, 0xFF, 0x6A, 0x6A, 0xFE, 0xFF, 0x6A, 0x6A, 0xFE, 0xFF,
  0x6A, 0x6A, 0xFE, 0xFF, 0x6A, 0x6A, 0xFF, 0xFF, 0x6A, 0x69, 0xFF, 0xFF, 0x6A, 0x69, 0xFF, 0xFF,
  0x6A, 0x69, 0xFF, 0xFF, 0x6A, 0x69, 0xFF, 0xFF, 0x6A, 0x69, 0xFF, 0xFF, 0x6A, 0x69, 0xFF, 0xFF,
  0x6A, 0x69, 0xFF, 0xFF, 0x6A, 0x69, 0xFF, 0xFF, 0x6A, 0x69, 0xFF, 0xFF, 0x6A, 0x69, 0xFF, 0xFF,
  0x6A, 0x69, 0xFF, 0xFF, 0x6A, 0x69, 0xFF, 0xFF, 0x6A, 0x69, 0xFF, 0xFF, 0x6A, 0x69, 0xFF, 0xFF,
  0x6A, 0x69, 0xFF, 0xFF, 0x6A, 0x69, 0xFF, 0xFF, 0x6A, 0x69, 0xFF, 0xFF, 0x6A, 0x69, 0xFF, 0xFF,
  0x6A, 0x69, 0xFF, 0xFF, 0x6A, 0x69, 0xFF, 0xFF, 0x6B, 0x69, 0xFF, 0xFF, 0x6B, 0x69, 0xFF, 0xFF,
  0x6B, 0x69, 0xFF, 0xFF, 0x6B, 0x69, 0xFF, 0xFF, 0x6B, 0x69, 0xFF, 0xFF, 0x6B, 0x69, 0xFF, 0xFF,
  0x6B, 0x69, 0xFF, 0xFF, 0x6B, 0x69, 0xFF, 0xFF, 0x6B, 0x69, 0xFF, 0xFF, 0x6B, 0x69, 0xFF, 0xFF,
  0x6B, 0x69, 0xFF, 0xFF, 0x6B, 0x69, 0xFF, 0xFF, 0x6B, 0x69, 0xFF, 0xFF, 0x6B, 0x69, 0xFF, 0xFF,
  0x6B, 0x69, 0xFF, 0xFF, 0x6B, 0x69, 0xFF, 0xFF, 0x6B, 0x69, 0xFF, 0xFF, 0x6B, 0x69, 0xFF, 0xFF,
  0x6B, 0x69, 0xFF, 0xFF, 0x6B, 0x69, 0xFF, 0xFF, 0x6B, 0x69, 0xFF, 0xFF, 0x6B, 0x69, 0xFF, 0xFF,
  0x6C, 0x6A, 0xFF, 0xFF, 0x69, 0x65, 0xFF, 0xFF, 0x7F, 0x7B, 0xFB, 0xFF, 0xD8, 0xD9, 0xFE, 0xFF,
  0xE3, 0xE1, 0xFE, 0xFF, 0xE2, 0xE0, 0xFE, 0xFF, 0xE2, 0xE0, 0xFE, 0xFF, 0xE5, 0xE0, 0xFF, 0xFF,
  0xE5, 0xE0, 0xFF, 0xFF, 0xE5, 0xE0, 0xFF, 0xFF, 0xE5, 0xE0, 0xFF, 0xFF, 0xE5, 0xE0, 0xFF, 0xFF,
  0xE5, 0xE0, 0xFF, 0xFF, 0xE5, 0xE0, 0xFF, 0xFF, 0xE5, 0xE0, 0xFF, 0xFF, 0xE5, 0xE0, 0xFF, 0xFF,
  0xE5, 0xE0, 0xFF, 0xFF, 0xE4, 0xDF, 0xFF, 0xFB, 0xF5, 0xF0, 0xFF, 0xFF, 0xE7, 0xE5, 0xFD, 0x80,
  0x00, 0x00, 0x00, 0x00, 0xBF, 0xBF, 0xFF, 0x04, 0x00, 0x00, 0x00, 0x00, 0x00, 0x00, 0x00, 0x00,
  0x00, 0x00, 0x00, 0x00, 0x00, 0x00, 0x00, 0x00, 0x00, 0x00, 0x00, 0x00, 0x00, 0x00, 0x00, 0x00,
  0x00, 0x00, 0x00, 0x00, 0x00, 0x00, 0x00, 0x00, 0x00, 0x00, 0x00, 0x00, 0x00, 0x00, 0x00, 0x00,
  0x00, 0x00, 0x00, 0x00, 0x00, 0x00, 0x00, 0x00, 0x00, 0x00, 0x00, 0x00, 0x00, 0x00, 0x00, 0x00,
  0x00, 0x00, 0x00, 0x00, 0x00, 0x00, 0x00, 0x00, 0x00, 0x00, 0x00, 0x00, 0x00, 0x00, 0x00, 0x00,
  0x00, 0x00, 0x00, 0x00, 0x00, 0x00, 0x00, 0x00, 0x00, 0x00, 0x00, 0x00, 0x00, 0x00, 0x00, 0x00,
  0x00, 0x00, 0x00, 0x00, 0x00, 0x00, 0x00, 0x00, 0x00, 0x00, 0x00, 0x00, 0x00, 0x00, 0x00, 0x00,
  0x00, 0x00, 0x00, 0x00, 0xFF, 0xFF, 0xFF, 0x03, 0x00, 0x00, 0x00, 0x00, 0xED, 0xE9, 0xF7, 0x47,
  0xED, 0xEB, 0xFF, 0xFE, 0xDF, 0xE0, 0xFF, 0xFD, 0xE1, 0xE1, 0xFF, 0xFF, 0xE1, 0xE1, 0xFF, 0xFF,
  0xE1, 0xE1, 0xFF, 0xFF, 0xE1, 0xE1, 0xFF, 0xFF, 0xE1, 0xE1, 0xFF, 0xFF, 0xE1, 0xE1, 0xFF, 0xFF,
  0xE1, 0xE1, 0xFF, 0xFF, 0xE1, 0xE1, 0xFF, 0xFF, 0xE1, 0xE1, 0xFF, 0xFF, 0xE2, 0xE0, 0xFE, 0xFF,
  0xE2, 0xE0, 0xFE, 0xFF, 0xE2, 0xE0, 0xFE, 0xFF, 0xE1, 0xDF, 0xFE, 0xFF, 0xE5, 0xE3, 0xFE, 0xFF,
  0xA0, 0x9C, 0xFB, 0xFF, 0x69, 0x63, 0xFE, 0xFF, 0x6B, 0x6A, 0xFE, 0xFF, 0x6A, 0x6A, 0xFE, 0xFF,
  0x6A, 0x6A, 0xFE, 0xFF, 0x6A, 0x6A, 0xFE, 0xFF, 0x6A, 0x6A, 0xFE, 0xFF, 0x6A, 0x6A, 0xFE, 0xFF,
  0x6A, 0x6A, 0xFE, 0xFF, 0x6A, 0x6A, 0xFF, 0xFF, 0x6A, 0x69, 0xFF, 0xFF, 0x6A, 0x69, 0xFF, 0xFF,
  0x6A, 0x69, 0xFF, 0xFF, 0x6A, 0x69, 0xFF, 0xFF, 0x6A, 0x69, 0xFF, 0xFF, 0x6A, 0x69, 0xFF, 0xFF,
  0x6A, 0x69, 0xFF, 0xFF, 0x6A, 0x69, 0xFF, 0xFF, 0x6A, 0x69, 0xFF, 0xFF, 0x6A, 0x69, 0xFF, 0xFF,
  0x6A, 0x69, 0xFF, 0xFF, 0x6A, 0x69, 0xFF, 0xFF, 0x6A, 0x69, 0xFF, 0xFF, 0x6A, 0x69, 0xFF, 0xFF,
  0x6A, 0x69, 0xFF, 0xFF, 0x6A, 0x69, 0xFF, 0xFF, 0x6A, 0x69, 0xFF, 0xFF, 0x6A, 0x69, 0xFF, 0xFF,
  0x6A, 0x69, 0xFF, 0xFF, 0x6A, 0x69, 0xFF, 0xFF, 0x6B, 0x69, 0xFF, 0xFF, 0x6B, 0x69, 0xFF, 0xFF,
  0x6B, 0x69, 0xFF, 0xFF, 0x6B, 0x69, 0xFF, 0xFF, 0x6B, 0x69, 0xFF, 0xFF, 0x6B, 0x69, 0xFF, 0xFF,
  0x6B, 0x69, 0xFF, 0xFF, 0x6B, 0x69, 0xFF, 0xFF, 0x6B, 0x69, 0xFF, 0xFF, 0x6B, 0x69, 0xFF, 0xFF,
  0x6B, 0x69, 0xFF, 0xFF, 0x6B, 0x69, 0xFF, 0xFF, 0x6B, 0x69, 0xFF, 0xFF, 0x6B, 0x69, 0xFF, 0xFF,
  0x6B, 0x69, 0xFF, 0xFF, 0x6B, 0x69, 0xFF, 0xFF, 0x6B, 0x69, 0xFF, 0xFF, 0x6B, 0x69, 0xFF, 0xFF,
  0x6B, 0x69, 0xFF, 0xFF, 0x6B, 0x69, 0xFF, 0xFF, 0x6C, 0x68, 0xFF, 0xFF, 0x6E, 0x69, 0xFF, 0xFF,
  0x6B, 0x6A, 0xFE, 0xFF, 0x69, 0x66, 0xF5, 0xFF, 0xB5, 0xB4, 0xF9, 0xFF, 0xE6, 0xE4, 0xFF, 0xFF,
  0xE2, 0xDF, 0xFE, 0xFF, 0xE4, 0xE0, 0xFF, 0xFF, 0xE4, 0xE0, 0xFF, 0xFF, 0xE5, 0xE0, 0xFF, 0xFF,
  0xE5, 0xE0, 0xFF, 0xFF, 0xE5, 0xE0, 0xFF, 0xFF, 0xE5, 0xE0, 0xFF, 0xFF, 0xE5, 0xE0, 0xFF, 0xFF,
  0xE5, 0xE0, 0xFF, 0xFF, 0xE5, 0xE0, 0xFF, 0xFF, 0xE5, 0xE0, 0xFF, 0xFF, 0xE5, 0xE0, 0xFF, 0xFF,
  0xE4, 0xDF, 0xFF, 0xFE, 0xE7, 0xE2, 0xFF, 0xFE, 0xE7, 0xE2, 0xFD, 0xF1, 0xF3, 0xF3, 0xFF, 0x16,
  0xFF, 0xFF, 0xFF, 0x01, 0xFF, 0xFF, 0xFF, 0x01, 0x00, 0x00, 0x00, 0x00, 0x00, 0x00, 0x00, 0x00,
  0x00, 0x00, 0x00, 0x00, 0x00, 0x00, 0x00, 0x00, 0x00, 0x00, 0x00, 0x00, 0x00, 0x00, 0x00, 0x00,
  0x00, 0x00, 0x00, 0x00, 0x00, 0x00, 0x00, 0x00, 0x00, 0x00, 0x00, 0x00, 0x00, 0x00, 0x00, 0x00,
  0x00, 0x00, 0x00, 0x00, 0x00, 0x00, 0x00, 0x00, 0x00, 0x00, 0x00, 0x00, 0x00, 0x00, 0x00, 0x00,
  0x00, 0x00, 0x00, 0x00, 0x00, 0x00, 0x00, 0x00, 0x00, 0x00, 0x00, 0x00, 0x00, 0x00, 0x00, 0x00,
  0x00, 0x00, 0x00, 0x00, 0x00, 0x00, 0x00, 0x00, 0x00, 0x00, 0x00, 0x00, 0x00, 0x00, 0x00, 0x00,
  0x00, 0x00, 0x00, 0x00, 0x00, 0x00, 0x00, 0x00, 0x00, 0x00, 0x00, 0x00, 0x00, 0x00, 0x00, 0x00,
  0x00, 0x00, 0x00, 0x00, 0x00, 0x00, 0x00, 0x00, 0xFF, 0xFF, 0xFF, 0x02, 0x00, 0x00, 0x00, 0x00,
  0xE3, 0xE1, 0xFD, 0xC9, 0xEB, 0xEB, 0xFF, 0xFE, 0xE0, 0xE0, 0xFF, 0xFC, 0xE1, 0xE1, 0xFF, 0xFF,
  0xE1, 0xE1, 0xFF, 0xFF, 0xE1, 0xE1, 0xFF, 0xFF, 0xE1, 0xE1, 0xFF, 0xFF, 0xE1, 0xE1, 0xFF, 0xFF,
  0xE1, 0xE1, 0xFF, 0xFF, 0xE1, 0xE1, 0xFF, 0xFF, 0xE1, 0xE1, 0xFF, 0xFF, 0xE2, 0xE0, 0xFE, 0xFF,
  0xE2, 0xE0, 0xFE, 0xFF, 0xE2, 0xE0, 0xFE, 0xFF, 0xE1, 0xDF, 0xFE, 0xFF, 0xE4, 0xE3, 0xFE, 0xFF,
  0xD2, 0xD2, 0xFD, 0xFF, 0x7F, 0x7B, 0xF7, 0xFF, 0x6A, 0x68, 0xFB, 0xFF, 0x6A, 0x6A, 0xFE, 0xFF,
  0x6A, 0x6A, 0xFE, 0xFF, 0x6A, 0x6A, 0xFE, 0xFF, 0x6A, 0x6A, 0xFE, 0xFF, 0x6A, 0x6A, 0xFE, 0xFF,
  0x6A, 0x6A, 0xFE, 0xFF, 0x6A, 0x6A, 0xFF, 0xFF, 0x6A, 0x69, 0xFF, 0xFF, 0x6A, 0x69, 0xFF, 0xFF,
  0x6A, 0x69, 0xFF, 0xFF, 0x6A, 0x69, 0xFF, 0xFF, 0x6A, 0x69, 0xFF, 0xFF, 0x6A, 0x69, 0xFF, 0xFF,
  0x6A, 0x69, 0xFF, 0xFF, 0x6A, 0x69, 0xFF, 0xFF, 0x6A, 0x69, 0xFF, 0xFF, 0x6A, 0x69, 0xFF, 0xFF,
  0x6A, 0x69, 0xFF, 0xFF, 0x6A, 0x69, 0xFF, 0xFF, 0x6A, 0x69, 0xFF, 0xFF, 0x6A, 0x69, 0xFF, 0xFF,
  0x6A, 0x69, 0xFF, 0xFF, 0x6A, 0x69, 0xFF, 0xFF, 0x6A, 0x69, 0xFF, 0xFF, 0x6A, 0x69, 0xFF, 0xFF,
  0x6A, 0x69, 0xFF, 0xFF, 0x6A, 0x69, 0xFF, 0xFF, 0x6B, 0x69, 0xFF, 0xFF, 0x6B, 0x69, 0xFF, 0xFF,
  0x6B, 0x69, 0xFF, 0xFF, 0x6B, 0x69, 0xFF, 0xFF, 0x6B, 0x69, 0xFF, 0xFF, 0x6B, 0x69, 0xFF, 0xFF,
  0x6B, 0x69, 0xFF, 0xFF, 0x6B, 0x69, 0xFF, 0xFF, 0x6B, 0x69, 0xFF, 0xFF, 0x6B, 0x69, 0xFF, 0xFF,
  0x6B, 0x69, 0xFF, 0xFF, 0x6B, 0x69, 0xFF, 0xFF, 0x6B, 0x69, 0xFF, 0xFF, 0x6B, 0x69, 0xFF, 0xFF,
  0x6B, 0x69, 0xFF, 0xFF, 0x6B, 0x69, 0xFF, 0xFF, 0x6B, 0x69, 0xFF, 0xFF, 0x6B, 0x69, 0xFF, 0xFF,
  0x6B, 0x69, 0xFF, 0xFF, 0x6B, 0x69, 0xFF, 0xFF, 0x6C, 0x69, 0xFF, 0xFF, 0x6E, 0x69, 0xFF, 0xFF,
  0x67, 0x68, 0xF9, 0xFF, 0x8A, 0x8D, 0xF2, 0xFF, 0xE1, 0xE0, 0xFA, 0xFF, 0xE4, 0xE0, 0xFE, 0xFF,
  0xE5, 0xE0, 0xFF, 0xFF, 0xE5, 0xE0, 0xFF, 0xFF, 0xE5, 0xE0, 0xFF, 0xFF, 0xE5, 0xE0, 0xFF, 0xFF,
  0xE5, 0xE0, 0xFF, 0xFF, 0xE5, 0xE0, 0xFF, 0xFF, 0xE5, 0xE0, 0xFF, 0xFF, 0xE5, 0xE0, 0xFF, 0xFF,
  0xE5, 0xE0, 0xFF, 0xFF, 0xE5, 0xE0, 0xFF, 0xFF, 0xE5, 0xE0, 0xFF, 0xFF, 0xE5, 0xE0, 0xFF, 0xFF,
  0xE4, 0xDF, 0xFF, 0xFB, 0xF6, 0xF0, 0xFF, 0xFF, 0xE6, 0xE3, 0xFB, 0x93, 0x00, 0x00, 0x00, 0x00,
  0xFF, 0xFF, 0xFF, 0x03, 0x00, 0x00, 0x00, 0x00, 0x00, 0x00, 0x00, 0x00, 0x00, 0x00, 0x00, 0x00,
  0x00, 0x00, 0x00, 0x00, 0x00, 0x00, 0x00, 0x00, 0x00, 0x00, 0x00, 0x00, 0x00, 0x00, 0x00, 0x00,
  0x00, 0x00, 0x00, 0x00, 0x00, 0x00, 0x00, 0x00, 0x00, 0x00, 0x00, 0x00, 0x00, 0x00, 0x00, 0x00,
  0x00, 0x00, 0x00, 0x00, 0x00, 0x00, 0x00, 0x00, 0x00, 0x00, 0x00, 0x00, 0x00, 0x00, 0x00, 0x00,
  0x00, 0x00, 0x00, 0x00, 0x00, 0x00, 0x00, 0x00, 0x00, 0x00, 0x00, 0x00, 0x00, 0x00, 0x00, 0x00,
  0x00, 0x00, 0x00, 0x00, 0x00, 0x00, 0x00, 0x00, 0x00, 0x00, 0x00, 0x00, 0x00, 0x00, 0x00, 0x00,
  0x00, 0x00, 0x00, 0x00, 0x00, 0x00, 0x00, 0x00, 0x00, 0x00, 0x00, 0x00, 0x00, 0x00, 0x00, 0x00,
  0x00, 0x00, 0x00, 0x00, 0x00, 0x00, 0x00, 0x00, 0xBF, 0xBF, 0xBF, 0x04, 0x00, 0x00, 0x00, 0x00,
  0xEA, 0xEA, 0xFF, 0x58, 0xF2, 0xF0, 0xFF, 0xFF, 0xE0, 0xDF, 0xFF, 0xFC, 0xE1, 0xE1, 0xFF, 0xFF,
  0xE1, 0xE1, 0xFF, 0xFF, 0xE1, 0xE1, 0xFF, 0xFF, 0xE1, 0xE1, 0xFF, 0xFF, 0xE1, 0xE1, 0xFF, 0xFF,
  0xE1, 0xE1, 0xFF, 0xFF, 0xE1, 0xE1, 0xFF, 0xFF, 0xE1, 0xE1, 0xFF, 0xFF, 0xE2, 0xE0, 0xFE, 0xFF,
  0xE2, 0xE0, 0xFE, 0xFF, 0xE2, 0xE0, 0xFE, 0xFF, 0xE2, 0xE0, 0xFE, 0xFF, 0xE1, 0xDF, 0xFE, 0xFF,
  0xE9, 0xE7, 0xFF, 0xFF, 0xB6, 0xB6, 0xFA, 0xFF, 0x68, 0x69, 0xF6, 0xFF, 0x6B, 0x6B, 0xFE, 0xFF,
  0x6A, 0x6A, 0xFE, 0xFF, 0x6A, 0x6A, 0xFE, 0xFF, 0x6A, 0x6A, 0xFE, 0xFF, 0x6A, 0x6A, 0xFE, 0xFF,
  0x6A, 0x6A, 0xFE, 0xFF, 0x6A, 0x6A, 0xFF, 0xFF, 0x6A, 0x69, 0xFF, 0xFF, 0x6A, 0x69, 0xFF, 0xFF,
  0x6A, 0x69, 0xFF, 0xFF, 0x6A, 0x69, 0xFF, 0xFF, 0x6A, 0x69, 0xFF, 0xFF, 0x6A, 0x69, 0xFF, 0xFF,
  0x6A, 0x69, 0xFF, 0xFF, 0x6A, 0x69, 0xFF, 0xFF, 0x6A, 0x69, 0xFF, 0xFF, 0x6A, 0x69, 0xFF, 0xFF,
  0x6A, 0x69, 0xFF, 0xFF, 0x6A, 0x69, 0xFF, 0xFF, 0x6A, 0x69, 0xFF, 0xFF, 0x6A, 0x69, 0xFF, 0xFF,
  0x6A, 0x69, 0xFF, 0xFF, 0x6A, 0x69, 0xFF, 0xFF, 0x6A, 0x69, 0xFF, 0xFF, 0x6A, 0x69, 0xFF, 0xFF,
  0x6A, 0x69, 0xFF, 0xFF, 0x6A, 0x69, 0xFF, 0xFF, 0x6B, 0x69, 0xFF, 0xFF, 0x6B, 0x69, 0xFF, 0xFF,
  0x6B, 0x69, 0xFF, 0xFF, 0x6B, 0x69, 0xFF, 0xFF, 0x6B, 0x69, 0xFF, 0xFF, 0x6B, 0x69, 0xFF, 0xFF,
  0x6B, 0x69, 0xFF, 0xFF, 0x6B, 0x69, 0xFF, 0xFF, 0x6B, 0x69, 0xFF, 0xFF, 0x6B, 0x69, 0xFF, 0xFF,
  0x6B, 0x69, 0xFF, 0xFF, 0x6B, 0x69, 0xFF, 0xFF, 0x6B, 0x69, 0xFF, 0xFF, 0x6B, 0x69, 0xFF, 0xFF,
  0x6B, 0x69, 0xFF, 0xFF, 0x6B, 0x69, 0xFF, 0xFF, 0x6B, 0x69, 0xFF, 0xFF, 0x6B, 0x69, 0xFF, 0xFF,
  0x6B, 0x69, 0xFF, 0xFF, 0x6B, 0x69, 0xFF, 0xFF, 0x6B, 0x69, 0xFF, 0xFF, 0x6C, 0x68, 0xFF, 0xFF,
  0x6A, 0x6B, 0xF8, 0xFF, 0xC0, 0xC4, 0xFA, 0xFF, 0xE8, 0xE4, 0xFD, 0xFF, 0xE3, 0xDE, 0xFE, 0xFF,
  0xE5, 0xE0, 0xFF, 0xFF, 0xE5, 0xE0, 0xFF, 0xFF, 0xE5, 0xE0, 0xFF, 0xFF, 0xE5, 0xE0, 0xFF, 0xFF,
  0xE5, 0xE0, 0xFF, 0xFF, 0xE5, 0xE0, 0xFF, 0xFF, 0xE5, 0xE0, 0xFF, 0xFF, 0xE5, 0xE0, 0xFF, 0xFF,
  0xE5, 0xE0, 0xFF, 0xFF, 0xE5, 0xE0, 0xFF, 0xFF, 0xE5, 0xE0, 0xFF, 0xFF, 0xE4, 0xDF, 0xFF, 0xFE,
  0xE9, 0xE4, 0xFF, 0xFD, 0xE9, 0xE4, 0xFC, 0xEE, 0xEB, 0xEB, 0xFF, 0x1A, 0xFF, 0xFF, 0xFF, 0x01,
  0xFF, 0xFF, 0xFF, 0x02, 0x00, 0x00, 0x00, 0x00, 0x00, 0x00, 0x00, 0x00, 0x00, 0x00, 0x00, 0x00,
  0x00, 0x00, 0x00, 0x00, 0x00, 0x00, 0x00, 0x00, 0x00, 0x00, 0x00, 0x00, 0x00, 0x00, 0x00, 0x00,
  0x00, 0x00, 0x00, 0x00, 0x00, 0x00, 0x00, 0x00, 0x00, 0x00, 0x00, 0x00, 0x00, 0x00, 0x00, 0x00,
  0x00, 0x00, 0x00, 0x00, 0x00, 0x00, 0x00, 0x00, 0x00, 0x00, 0x00, 0x00, 0x00, 0x00, 0x00, 0x00,
  0x00, 0x00, 0x00, 0x00, 0x00, 0x00, 0x00, 0x00, 0x00, 0x00, 0x00, 0x00, 0x00, 0x00, 0x00, 0x00,
  0x00, 0x00, 0x00, 0x00, 0x00, 0x00, 0x00, 0x00, 0x00, 0x00, 0x00, 0x00, 0x00, 0x00, 0x00, 0x00,
  0x00, 0x00, 0x00, 0x00, 0x00, 0x00, 0x00, 0x00, 0x00, 0x00, 0x00, 0x00, 0x00, 0x00, 0x00, 0x00,
  0x00, 0x00, 0x00, 0x00, 0x00, 0x00, 0x00, 0x00, 0x00, 0x00, 0x00, 0x00, 0xFF, 0xFF, 0xFF, 0x02,
  0xFF, 0xFF, 0xFF, 0x01, 0xE4, 0xE3, 0xFC, 0xC3, 0xEC, 0xEC, 0xFF, 0xFF, 0xE0, 0xE0, 0xFF, 0xFC,
  0xE1, 0xE1, 0xFF, 0xFF, 0xE1, 0xE1, 0xFF, 0xFF, 0xE1, 0xE1, 0xFF, 0xFF, 0xE1, 0xE1, 0xFF, 0xFF,
  0xE1, 0xE1, 0xFF, 0xFF, 0xE1, 0xE1, 0xFF, 0xFF, 0xE1, 0xE1, 0xFF, 0xFF, 0xE2, 0xE0, 0xFE, 0xFF,
  0xE2, 0xE0, 0xFE, 0xFF, 0xE2, 0xE0, 0xFE, 0xFF, 0xE2, 0xE0, 0xFE, 0xFF, 0xE2, 0xE0, 0xFE, 0xFF,
  0xE3, 0xE0, 0xFE, 0xFF, 0xDF, 0xDF, 0xFF, 0xFF, 0x89, 0x8B, 0xF7, 0xFF, 0x66, 0x66, 0xFB, 0xFF,
  0x6B, 0x6C, 0xFF, 0xFF, 0x68, 0x69, 0xFE, 0xFF, 0x69, 0x6A, 0xFE, 0xFF, 0x6A, 0x6A, 0xFE, 0xFF,
  0x6A, 0x6A, 0xFE, 0xFF, 0x6A, 0x6A, 0xFF, 0xFF, 0x6A, 0x69, 0xFF, 0xFF, 0x6A, 0x69, 0xFF, 0xFF,
  0x6A, 0x69, 0xFF, 0xFF, 0x6A, 0x69, 0xFF, 0xFF, 0x6A, 0x69, 0xFF, 0xFF, 0x6A, 0x69, 0xFF, 0xFF,
  0x6A, 0x69, 0xFF, 0xFF, 0x6A, 0x69, 0xFF, 0xFF, 0x6A, 0x69, 0xFF, 0xFF, 0x6A, 0x69, 0xFF, 0xFF,
  0x6A, 0x69, 0xFF, 0xFF, 0x6A, 0x69, 0xFF, 0xFF, 0x6A, 0x69, 0xFF, 0xFF, 0x6A, 0x69, 0xFF, 0xFF,
  0x6A, 0x69, 0xFF, 0xFF, 0x6A, 0x69, 0xFF, 0xFF, 0x6A, 0x69, 0xFF, 0xFF, 0x6A, 0x69, 0xFF, 0xFF,
  0x6A, 0x69, 0xFF, 0xFF, 0x6A, 0x69, 0xFF, 0xFF, 0x6B, 0x69, 0xFF, 0xFF, 0x6B, 0x69, 0xFF, 0xFF,
  0x6B, 0x69, 0xFF, 0xFF, 0x6B, 0x69, 0xFF, 0xFF, 0x6B, 0x69, 0xFF, 0xFF, 0x6B, 0x69, 0xFF, 0xFF,
  0x6B, 0x69, 0xFF, 0xFF, 0x6B, 0x69, 0xFF, 0xFF, 0x6B, 0x69, 0xFF, 0xFF, 0x6B, 0x69, 0xFF, 0xFF,
  0x6B, 0x69, 0xFF, 0xFF, 0x6B, 0x69, 0xFF, 0xFF, 0x6B, 0x69, 0xFF, 0xFF, 0x6B, 0x69, 0xFF, 0xFF,
  0x6B, 0x69, 0xFF, 0xFF, 0x6B, 0x69, 0xFF, 0xFF, 0x6B, 0x69, 0xFF, 0xFF, 0x6B, 0x69, 0xFF, 0xFF,
  0x6B, 0x69, 0xFF, 0xFF, 0x6B, 0x69, 0xFF, 0xFF, 0x6D, 0x6B, 0xFF, 0xFF, 0x67, 0x64, 0xFD, 0xFF,
  0x8F, 0x90, 0xFB, 0xFF, 0xDF, 0xDF, 0xFE, 0xFF, 0xE4, 0xE0, 0xFF, 0xFF, 0xE3, 0xE0, 0xFF, 0xFF,
  0xE5, 0xE0, 0xFF, 0xFF, 0xE5, 0xE0, 0xFF, 0xFF, 0xE5, 0xE0, 0xFF, 0xFF, 0xE5, 0xE0, 0xFF, 0xFF,
  0xE5, 0xE0, 0xFF, 0xFF, 0xE5, 0xE0, 0xFF, 0xFF, 0xE5, 0xE0, 0xFF, 0xFF, 0xE5, 0xE0, 0xFF, 0xFF,
  0xE5, 0xE0, 0xFF, 0xFF, 0xE5, 0xE0, 0xFF, 0xFF, 0xE5, 0xE0, 0xFF, 0xFF, 0xE4, 0xDF, 0xFF, 0xFB,
  0xF5, 0xF0, 0xFF, 0xFF, 0xE7, 0xE4, 0xFB, 0x85, 0x00, 0x00, 0x00, 0x00, 0xBF, 0xBF, 0xFF, 0x04,
  0x00, 0x00, 0x00, 0x00, 0x00, 0x00, 0x00, 0x00, 0x00, 0x00, 0x00, 0x00, 0x00, 0x00, 0x00, 0x00,
  0x00, 0x00, 0x00, 0x00, 0x00, 0x00, 0x00, 0x00, 0x00, 0x00, 0x00, 0x00, 0x00, 0x00, 0x00, 0x00,
  0x00, 0x00, 0x00, 0x00, 0x00, 0x00, 0x00, 0x00, 0x00, 0x00, 0x00, 0x00, 0x00, 0x00, 0x00, 0x00,
  0x00, 0x00, 0x00, 0x00, 0x00, 0x00, 0x00, 0x00, 0x00, 0x00, 0x00, 0x00, 0x00, 0x00, 0x00, 0x00,
  0x00, 0x00, 0x00, 0x00, 0x00, 0x00, 0x00, 0x00, 0x00, 0x00, 0x00, 0x00, 0x00, 0x00, 0x00, 0x00,
  0x00, 0x00, 0x00, 0x00, 0x00, 0x00, 0x00, 0x00, 0x00, 0x00, 0x00, 0x00, 0x00, 0x00, 0x00, 0x00,
  0x00, 0x00, 0x00, 0x00, 0x00, 0x00, 0x00, 0x00, 0x00, 0x00, 0x00, 0x00, 0x00, 0x00, 0x00, 0x00,
  0x00, 0x00, 0x00, 0x00, 0x00, 0x00, 0x00, 0x00, 0x00, 0x00, 0x00, 0x00, 0xFF, 0xFF, 0xFF, 0x02,
  0x00, 0x00, 0x00, 0x00, 0xE9, 0xE9, 0xF7, 0x24, 0xE8, 0xE6, 0xFF, 0xF8, 0xE3, 0xE3, 0xFF, 0xFD,
  0xE1, 0xE1, 0xFF, 0xFE, 0xE1, 0xE1, 0xFF, 0xFF, 0xE1, 0xE1, 0xFF, 0xFF, 0xE1, 0xE1, 0xFF, 0xFF,
  0xE1, 0xE1, 0xFF, 0xFF, 0xE1, 0xE1, 0xFF, 0xFF, 0xE1, 0xE1, 0xFF, 0xFF, 0xE2, 0xE0, 0xFE, 0xFF,
  0xE2, 0xE0, 0xFE, 0xFF, 0xE2, 0xE0, 0xFE, 0xFF, 0xE2, 0xE0, 0xFE, 0xFF, 0xE2, 0xE0, 0xFE, 0xFF,
  0xE1, 0xDF, 0xFE, 0xFF, 0xE5, 0xE4, 0xFF, 0xFF, 0xCA, 0xCC, 0xFD, 0xFF, 0x73, 0x73, 0xF7, 0xFF,
  0x67, 0x68, 0xFE, 0xFF, 0x67, 0x69, 0xFF, 0xFF, 0x6A, 0x6B, 0xFF, 0xFF, 0x6B, 0x6B, 0xFF, 0xFF,
  0x6B, 0x6B, 0xFF, 0xFF, 0x6B, 0x6A, 0xFF, 0xFF, 0x6A, 0x69, 0xFF, 0xFF, 0x6A, 0x69, 0xFF, 0xFF,
  0x6A, 0x69, 0xFF, 0xFF, 0x6A, 0x69, 0xFF, 0xFF, 0x6A, 0x69, 0xFF, 0xFF, 0x6A, 0x69, 0xFF, 0xFF,
  0x6A, 0x69, 0xFF, 0xFF, 0x6A, 0x69, 0xFF, 0xFF, 0x6A, 0x69, 0xFF, 0xFF, 0x6A, 0x69, 0xFF, 0xFF,
  0x6A, 0x69, 0xFF, 0xFF, 0x6A, 0x69, 0xFF, 0xFF, 0x6A, 0x69, 0xFF, 0xFF, 0x6A, 0x69, 0xFF, 0xFF,
  0x6A, 0x69, 0xFF, 0xFF, 0x6A, 0x69, 0xFF, 0xFF, 0x6A, 0x69, 0xFF, 0xFF, 0x6A, 0x69, 0xFF, 0xFF,
  0x6A, 0x69, 0xFF, 0xFF, 0x6A, 0x69, 0xFF, 0xFF, 0x6B, 0x69, 0xFF, 0xFF, 0x6B, 0x69, 0xFF, 0xFF,
  0x6B, 0x69, 0xFF, 0xFF, 0x6B, 0x69, 0xFF, 0xFF, 0x6B, 0x69, 0xFF, 0xFF, 0x6B, 0x69, 0xFF, 0xFF,
  0x6B, 0x69, 0xFF, 0xFF, 0x6B, 0x69, 0xFF, 0xFF, 0x6B, 0x69, 0xFF, 0xFF, 0x6B, 0x69, 0xFF, 0xFF,
  0x6B, 0x69, 0xFF, 0xFF, 0x6B, 0x69, 0xFF, 0xFF, 0x6B, 0x69, 0xFF, 0xFF, 0x6B, 0x69, 0xFF, 0xFF,
  0x6B, 0x69, 0xFF, 0xFF, 0x6B, 0x69, 0xFF, 0xFF, 0x6B, 0x69, 0xFF, 0xFF, 0x6B, 0x69, 0xFF, 0xFF,
  0x6B, 0x69, 0xFF, 0xFF, 0x6C, 0x6A, 0xFF, 0xFF, 0x68, 0x65, 0xFE, 0xFF, 0x7E, 0x7E, 0xF9, 0xFF,
  0xD7, 0xD5, 0xFD, 0xFF, 0xE6, 0xE3, 0xFF, 0xFF, 0xE2, 0xE0, 0xFF, 0xFF, 0xE3, 0xE1, 0xFF, 0xFF,
  0xE5, 0xE0, 0xFF, 0xFF, 0xE5, 0xE0, 0xFF, 0xFF, 0xE5, 0xE0, 0xFF, 0xFF, 0xE5, 0xE0, 0xFF, 0xFF,
  0xE5, 0xE0, 0xFF, 0xFF, 0xE5, 0xE0, 0xFF, 0xFF, 0xE5, 0xE0, 0xFF, 0xFF, 0xE5, 0xE0, 0xFF, 0xFF,
  0xE5, 0xE0, 0xFF, 0xFF, 0xE5, 0xE0, 0xFF, 0xFF, 0xE3, 0xDF, 0xFF, 0xFD, 0xEB, 0xE7, 0xFF, 0xFE,
  0xE6, 0xE4, 0xFB, 0xDE, 0xE5, 0xFF, 0xFF, 0x0A, 0xFF, 0xFF, 0xFF, 0x02, 0xFF, 0xFF, 0xFF, 0x01,
  0x00, 0x00, 0x00, 0x00, 0x00, 0x00, 0x00, 0x00, 0x00, 0x00, 0x00, 0x00, 0x00, 0x00, 0x00, 0x00,
  0x00, 0x00, 0x00, 0x00, 0x00, 0x00, 0x00, 0x00, 0x00, 0x00, 0x00, 0x00, 0x00, 0x00, 0x00, 0x00,
  0x00, 0x00, 0x00, 0x00, 0x00, 0x00, 0x00, 0x00, 0x00, 0x00, 0x00, 0x00, 0x00, 0x00, 0x00, 0x00,
  0x00, 0x00, 0x00, 0x00, 0x00, 0x00, 0x00, 0x00, 0x00, 0x00, 0x00, 0x00, 0x00, 0x00, 0x00, 0x00,
  0x00, 0x00, 0x00, 0x00, 0x00, 0x00, 0x00, 0x00, 0x00, 0x00, 0x00, 0x00, 0x00, 0x00, 0x00, 0x00,
  0x00, 0x00, 0x00, 0x00, 0x00, 0x00, 0x00, 0x00, 0x00, 0x00, 0x00, 0x00, 0x00, 0x00, 0x00, 0x00,
  0x00, 0x00, 0x00, 0x00, 0x00, 0x00, 0x00, 0x00, 0x00, 0x00, 0x00, 0x00, 0x00, 0x00, 0x00, 0x00,
  0x00, 0x00, 0x00, 0x00, 0x00, 0x00, 0x00, 0x00, 0x00, 0x00, 0x00, 0x00, 0x00, 0x00, 0x00, 0x00,
  0xFF, 0xFF, 0xFF, 0x03, 0x00, 0x00, 0x00, 0x00, 0xE4, 0xE4, 0xFB, 0x92, 0xF5, 0xF3, 0xFF, 0xFF,
  0xE2, 0xE1, 0xFF, 0xFB, 0xE1, 0xE1, 0xFF, 0xFF, 0xE1, 0xE1, 0xFF, 0xFF, 0xE1, 0xE1, 0xFF, 0xFF,
  0xE1, 0xE1, 0xFF, 0xFF, 0xE1, 0xE1, 0xFF, 0xFF, 0xE1, 0xE1, 0xFF, 0xFF, 0xE2, 0xE0, 0xFE, 0xFF,
  0xE2, 0xE0, 0xFE, 0xFF, 0xE2, 0xE0, 0xFE, 0xFF, 0xE2, 0xE0, 0xFE, 0xFF, 0xE2, 0xE0, 0xFE, 0xFF,
  0xE2, 0xE0, 0xFE, 0xFF, 0xE1, 0xDF, 0xFE, 0xFF, 0xE5, 0xE6, 0xFF, 0xFF, 0xAF, 0xAE, 0xFD, 0xFF,
  0x69, 0x65, 0xFB, 0xFF, 0x68, 0x6A, 0xFC, 0xFF, 0x6A, 0x6B, 0xFE, 0xFF, 0x6A, 0x6A, 0xFE, 0xFF,
  0x6B, 0x6B, 0xFF, 0xFF, 0x6A, 0x6A, 0xFF, 0xFF, 0x6A, 0x69, 0xFF, 0xFF, 0x6A, 0x69, 0xFF, 0xFF,
  0x6A, 0x69, 0xFF, 0xFF, 0x6A, 0x69, 0xFF, 0xFF, 0x6A, 0x69, 0xFF, 0xFF, 0x6A, 0x69, 0xFF, 0xFF,
  0x6A, 0x69, 0xFF, 0xFF, 0x6A, 0x69, 0xFF, 0xFF, 0x6A, 0x69, 0xFF, 0xFF, 0x6A, 0x69, 0xFF, 0xFF,
  0x6A, 0x69, 0xFF, 0xFF, 0x6A, 0x69, 0xFF, 0xFF, 0x6A, 0x69, 0xFF, 0xFF, 0x6A, 0x69, 0xFF, 0xFF,
  0x6A, 0x69, 0xFF, 0xFF, 0x6A, 0x69, 0xFF, 0xFF, 0x6A, 0x69, 0xFF, 0xFF, 0x6A, 0x69, 0xFF, 0xFF,
  0x6A, 0x69, 0xFF, 0xFF, 0x6A, 0x69, 0xFF, 0xFF, 0x6B, 0x69, 0xFF, 0xFF, 0x6B, 0x69, 0xFF, 0xFF,
  0x6B, 0x69, 0xFF, 0xFF, 0x6B, 0x69, 0xFF, 0xFF, 0x6B, 0x69, 0xFF, 0xFF, 0x6B, 0x69, 0xFF, 0xFF,
  0x6B, 0x69, 0xFF, 0xFF, 0x6B, 0x69, 0xFF, 0xFF, 0x6B, 0x69, 0xFF, 0xFF, 0x6B, 0x69, 0xFF, 0xFF,
  0x6B, 0x69, 0xFF, 0xFF, 0x6B, 0x69, 0xFF, 0xFF, 0x6B, 0x69, 0xFF, 0xFF, 0x6B, 0x69, 0xFF, 0xFF,
  0x6B, 0x69, 0xFF, 0xFF, 0x6B, 0x69, 0xFF, 0xFF, 0x6B, 0x69, 0xFF, 0xFF, 0x6B, 0x69, 0xFF, 0xFF,
  0x6B, 0x69, 0xFE, 0xFF, 0x6B, 0x68, 0xFE, 0xFF, 0x72, 0x70, 0xFB, 0xFF, 0xC4, 0xC2, 0xFC, 0xFF,
  0xEA, 0xE5, 0xFF, 0xFF, 0xE2, 0xE0, 0xFF, 0xFF, 0xE3, 0xE1, 0xFF, 0xFF, 0xE3, 0xE1, 0xFF, 0xFF,
  0xE5, 0xE0, 0xFF, 0xFF, 0xE5, 0xE0, 0xFF, 0xFF, 0xE5, 0xE0, 0xFF, 0xFF, 0xE5, 0xE0, 0xFF, 0xFF,
  0xE5, 0xE0, 0xFF, 0xFF, 0xE5, 0xE0, 0xFF, 0xFF, 0xE5, 0xE0, 0xFF, 0xFF, 0xE5, 0xE0, 0xFF, 0xFF,
  0xE5, 0xE0, 0xFF, 0xFF, 0xE5, 0xE0, 0xFF, 0xFF, 0xE4, 0xE1, 0xFF, 0xFC, 0xF0, 0xEC, 0xFF, 0xFF,
  0xEA, 0xE3, 0xFB, 0x49, 0x00, 0x00, 0x00, 0x00, 0xFF, 0xAA, 0xFF, 0x03, 0x00, 0x00, 0x00, 0x00,
  0x00, 0x00, 0x00, 0x00, 0x00, 0x00, 0x00, 0x00, 0x00, 0x00, 0x00, 0x00, 0x00, 0x00, 0x00, 0x00,
  0x00, 0x00, 0x00, 0x00, 0x00, 0x00, 0x00, 0x00, 0x00, 0x00, 0x00, 0x00, 0x00, 0x00, 0x00, 0x00,
  0x00, 0x00, 0x00, 0x00, 0x00, 0x00, 0x00, 0x00, 0x00, 0x00, 0x00, 0x00, 0x00, 0x00, 0x00, 0x00,
  0x00, 0x00, 0x00, 0x00, 0x00, 0x00, 0x00, 0x00, 0x00, 0x00, 0x00, 0x00, 0x00, 0x00, 0x00, 0x00,
  0x00, 0x00, 0x00, 0x00, 0x00, 0x00, 0x00, 0x00, 0x00, 0x00, 0x00, 0x00, 0x00, 0x00, 0x00, 0x00,
  0x00, 0x00, 0x00, 0x00, 0x00, 0x00, 0x00, 0x00, 0x00, 0x00, 0x00, 0x00, 0x00, 0x00, 0x00, 0x00,
  0x00, 0x00, 0x00, 0x00, 0x00, 0x00, 0x00, 0x00, 0x00, 0x00, 0x00, 0x00, 0x00, 0x00, 0x00, 0x00,
  0x00, 0x00, 0x00, 0x00, 0x00, 0x00, 0x00, 0x00, 0x00, 0x00, 0x00, 0x00, 0x00, 0x00, 0x00, 0x00,
  0xFF, 0xFF, 0xFF, 0x01, 0xFF, 0xFF, 0xFF, 0x02, 0xEB, 0xEB, 0xEB, 0x0D, 0xE7, 0xE6, 0xFD, 0xDD,
  0xE9, 0xEB, 0xFF, 0xFE, 0xE0, 0xE0, 0xFD, 0xFD, 0xE1, 0xE1, 0xFF, 0xFF, 0xE1, 0xE1, 0xFF, 0xFF,
  0xE1, 0xE1, 0xFF, 0xFF, 0xE1, 0xE1, 0xFF, 0xFF, 0xE1, 0xE1, 0xFF, 0xFF, 0xE2, 0xE0, 0xFE, 0xFF,
  0xE2, 0xE0, 0xFE, 0xFF, 0xE2, 0xE0, 0xFE, 0xFF, 0xE2, 0xE0, 0xFE, 0xFF, 0xE2, 0xE0, 0xFE, 0xFF,
  0xE2, 0xE0, 0xFE, 0xFF, 0xE2, 0xE0, 0xFE, 0xFF, 0xE2, 0xE0, 0xFE, 0xFF, 0xE3, 0xE3, 0xFE, 0xFF,
  0xA1, 0x9C, 0xFC, 0xFF, 0x69, 0x62, 0xFA, 0xFF, 0x6A, 0x69, 0xFD, 0xFF, 0x69, 0x6A, 0xFE, 0xFF,
  0x68, 0x6A, 0xFE, 0xFF, 0x69, 0x6A, 0xFE, 0xFF, 0x6A, 0x69, 0xFF, 0xFF, 0x6A, 0x69, 0xFF, 0xFF,
  0x6A, 0x69, 0xFF, 0xFF, 0x6A, 0x69, 0xFF, 0xFF, 0x6A, 0x69, 0xFF, 0xFF, 0x6A, 0x69, 0xFF, 0xFF,
  0x6A, 0x69, 0xFF, 0xFF, 0x6A, 0x69, 0xFF, 0xFF, 0x6A, 0x69, 0xFF, 0xFF, 0x6A, 0x69, 0xFF, 0xFF,
  0x6A, 0x69, 0xFF, 0xFF, 0x6A, 0x69, 0xFF, 0xFF, 0x6A, 0x69, 0xFF, 0xFF, 0x6A, 0x69, 0xFF, 0xFF,
  0x6A, 0x69, 0xFF, 0xFF, 0x6A, 0x69, 0xFF, 0xFF, 0x6A, 0x69, 0xFF, 0xFF, 0x6A, 0x69, 0xFF, 0xFF,
  0x6A, 0x69, 0xFF, 0xFF, 0x6A, 0x69, 0xFF, 0xFF, 0x6B, 0x69, 0xFF, 0xFF, 0x6B, 0x69, 0xFF, 0xFF,
  0x6B, 0x69, 0xFF, 0xFF, 0x6B, 0x69, 0xFF, 0xFF, 0x6B, 0x69, 0xFF, 0xFF, 0x6B, 0x69, 0xFF, 0xFF,
  0x6B, 0x69, 0xFF, 0xFF, 0x6B, 0x69, 0xFF, 0xFF, 0x6B, 0x69, 0xFF, 0xFF, 0x6B, 0x69, 0xFF, 0xFF,
  0x6B, 0x69, 0xFF, 0xFF, 0x6B, 0x69, 0xFF, 0xFF, 0x6B, 0x69, 0xFF, 0xFF, 0x6B, 0x69, 0xFF, 0xFF,
  0x6B, 0x69, 0xFF, 0xFF, 0x6B, 0x69, 0xFF, 0xFF, 0x6B, 0x69, 0xFF, 0xFF, 0x6B, 0x69, 0xFF, 0xFF,
  0x6D, 0x6B, 0xFF, 0xFF, 0x66, 0x62, 0xFA, 0xFF, 0xA6, 0xA6, 0xFC, 0xFF, 0xE9, 0xE6, 0xFF, 0xFF,
  0xE4, 0xDF, 0xFF, 0xFF, 0xE4, 0xE0, 0xFF, 0xFF, 0xE4, 0xE0, 0xFF, 0xFF, 0xE4, 0xE1, 0xFF, 0xFF,
  0xE5, 0xE0, 0xFF, 0xFF, 0xE5, 0xE0, 0xFF, 0xFF, 0xE5, 0xE0, 0xFF, 0xFF, 0xE5, 0xE0, 0xFF, 0xFF,
  0xE5, 0xE0, 0xFF, 0xFF, 0xE5, 0xE0, 0xFF, 0xFF, 0xE5, 0xE0, 0xFF, 0xFF, 0xE5, 0xE0, 0xFF, 0xFF,
  0xE5, 0xE0, 0xFF, 0xFF, 0xE4, 0xDF, 0xFF, 0xFB, 0xF4, 0xF0, 0xFF, 0xFF, 0xE5, 0xE1, 0xFD, 0x9E,
  0x00, 0x00, 0x00, 0x00, 0xFF, 0xFF, 0xFF, 0x03, 0x00, 0x00, 0x00, 0x00, 0x00, 0x00, 0x00, 0x00,
  0x00, 0x00, 0x00, 0x00, 0x00, 0x00, 0x00, 0x00, 0x00, 0x00, 0x00, 0x00, 0x00, 0x00, 0x00, 0x00,
  0x00, 0x00, 0x00, 0x00, 0x00, 0x00, 0x00, 0x00, 0x00, 0x00, 0x00, 0x00, 0x00, 0x00, 0x00, 0x00,
  0x00, 0x00, 0x00, 0x00, 0x00, 0x00, 0x00, 0x00, 0x00, 0x00, 0x00, 0x00, 0x00, 0x00, 0x00, 0x00,
  0x00, 0x00, 0x00, 0x00, 0x00, 0x00, 0x00, 0x00, 0x00, 0x00, 0x00, 0x00, 0x00, 0x00, 0x00, 0x00,
  0x00, 0x00, 0x00, 0x00, 0x00, 0x00, 0x00, 0x00, 0x00, 0x00, 0x00, 0x00, 0x00, 0x00, 0x00, 0x00,
  0x00, 0x00, 0x00, 0x00, 0x00, 0x00, 0x00, 0x00, 0x00, 0x00, 0x00, 0x00, 0x00, 0x00, 0x00, 0x00,
  0x00, 0x00, 0x00, 0x00, 0x00, 0x00, 0x00, 0x00, 0x00, 0x00, 0x00, 0x00, 0x00, 0x00, 0x00, 0x00,
  0x00, 0x00, 0x00, 0x00, 0x00, 0x00, 0x00, 0x00, 0x00, 0x00, 0x00, 0x00, 0x00, 0x00, 0x00, 0x00,
  0x00, 0x00, 0x00, 0x00, 0xFF, 0xFF, 0xFF, 0x03, 0x00, 0x00, 0x00, 0x00, 0xE6, 0xE6, 0xFB, 0x53,
  0xF1, 0xEF, 0xFF, 0xFF, 0xE3, 0xE2, 0xFF, 0xFA, 0xE1, 0xE1, 0xFF, 0xFF, 0xE1, 0xE1, 0xFF, 0xFF,
  0xE1, 0xE1, 0xFF, 0xFF, 0xE1, 0xE1, 0xFF, 0xFF, 0xE1, 0xE1, 0xFF, 0xFF, 0xE2, 0xE0, 0xFE, 0xFF,
  0xE2, 0xE0, 0xFE, 0xFF, 0xE2, 0xE0, 0xFE, 0xFF, 0xE2, 0xE0, 0xFE, 0xFF, 0xE2, 0xE0, 0xFE, 0xFF,
  0xE2, 0xE0, 0xFE, 0xFF, 0xE2, 0xE0, 0xFE, 0xFF, 0xE1, 0xDF, 0xFE, 0xFF, 0xE3, 0xE1, 0xFE, 0xFF,
  0xDF, 0xDF, 0xFF, 0xFF, 0x97, 0x8F, 0xFA, 0xFF, 0x6C, 0x63, 0xFC, 0xFF, 0x6A, 0x69, 0xFF, 0xFF,
  0x65, 0x6B, 0xFE, 0xFF, 0x67, 0x6B, 0xFE, 0xFF, 0x6A, 0x69, 0xFF, 0xFF, 0x6A, 0x69, 0xFF, 0xFF,
  0x6A, 0x69, 0xFF, 0xFF, 0x6A, 0x69, 0xFF, 0xFF, 0x6A, 0x69, 0xFF, 0xFF, 0x6A, 0x69, 0xFF, 0xFF,
  0x6A, 0x69, 0xFF, 0xFF, 0x6A, 0x69, 0xFF, 0xFF, 0x6A, 0x69, 0xFF, 0xFF, 0x6A, 0x69, 0xFF, 0xFF,
  0x6A, 0x69, 0xFF, 0xFF, 0x6A, 0x69, 0xFF, 0xFF, 0x6A, 0x69, 0xFF, 0xFF, 0x6A, 0x69, 0xFF, 0xFF,
  0x6A, 0x69, 0xFF, 0xFF, 0x6A, 0x69, 0xFF, 0xFF, 0x6A, 0x69, 0xFF, 0xFF, 0x6A, 0x69, 0xFF, 0xFF,
  0x6A, 0x69, 0xFF, 0xFF, 0x6A, 0x69, 0xFF, 0xFF, 0x6B, 0x69, 0xFF, 0xFF, 0x6B, 0x69, 0xFF, 0xFF,
  0x6B, 0x69, 0xFF, 0xFF, 0x6B, 0x69, 0xFF, 0xFF, 0x6B, 0x69, 0xFF, 0xFF, 0x6B, 0x69, 0xFF, 0xFF,
  0x6B, 0x69, 0xFF, 0xFF, 0x6B, 0x69, 0xFF, 0xFF, 0x6B, 0x69, 0xFF, 0xFF, 0x6B, 0x69, 0xFF, 0xFF,
  0x6B, 0x69, 0xFF, 0xFF, 0x6B, 0x69, 0xFF, 0xFF, 0x6B, 0x69, 0xFF, 0xFF, 0x6B, 0x69, 0xFF, 0xFF,
  0x6B, 0x69, 0xFF, 0xFF, 0x6B, 0x69, 0xFF, 0xFF, 0x6A, 0x69, 0xFF, 0xFF, 0x6B, 0x6B, 0xFF, 0xFF,
  0x68, 0x65, 0xFC, 0xFF, 0x95, 0x93, 0xF9, 0xFF, 0xDF, 0xDF, 0xFF, 0xFF, 0xE5, 0xE1, 0xFF, 0xFF,
  0xE5, 0xE0, 0xFF, 0xFF, 0xE5, 0xE0, 0xFF, 0xFF, 0xE5, 0xE0, 0xFF, 0xFF, 0xE5, 0xE0, 0xFF, 0xFF,
  0xE5, 0xE0, 0xFF, 0xFF, 0xE5, 0xE0, 0xFF, 0xFF, 0xE5, 0xE0, 0xFF, 0xFF, 0xE5, 0xE0, 0xFF, 0xFF,
  0xE5, 0xE0, 0xFF, 0xFF, 0xE5, 0xE0, 0xFF, 0xFF, 0xE5, 0xE0, 0xFF, 0xFF, 0xE5, 0xE0, 0xFF, 0xFF,
  0xE4, 0xDF, 0xFF, 0xFD, 0xEA, 0xE4, 0xFF, 0xFE, 0xE9, 0xE5, 0xFD, 0xE9, 0xF1, 0xF1, 0xF1, 0x13,
  0xFF, 0xFF, 0xFF, 0x02, 0xFF, 0xFF, 0xFF, 0x02, 0x00, 0x00, 0x00, 0x00, 0x00, 0x00, 0x00, 0x00,
  0x00, 0x00, 0x00, 0x00, 0x00, 0x00, 0x00, 0x00, 0x00, 0x00, 0x00, 0x00, 0x00, 0x00, 0x00, 0x00,
  0x00, 0x00, 0x00, 0x00, 0x00, 0x00, 0x00, 0x00, 0x00, 0x00, 0x00, 0x00, 0x00, 0x00, 0x00, 0x00,
  0x00, 0x00, 0x00, 0x00, 0x00, 0x00, 0x00, 0x00, 0x00, 0x00, 0x00, 0x00, 0x00, 0x00, 0x00, 0x00,
  0x00, 0x00, 0x00, 0x00, 0x00, 0x00, 0x00, 0x00, 0x00, 0x00, 0x00, 0x00, 0x00, 0x00, 0x00, 0x00,
  0x00, 0x00, 0x00, 0x00, 0x00, 0x00, 0x00, 0x00, 0x00, 0x00, 0x00, 0x00, 0x00, 0x00, 0x00, 0x00,
  0x00, 0x00, 0x00, 0x00, 0x00, 0x00, 0x00, 0x00, 0x00, 0x00, 0x00, 0x00, 0x00, 0x00, 0x00, 0x00,
  0x00, 0x00, 0x00, 0x00, 0x00, 0x00, 0x00, 0x00, 0x00, 0x00, 0x00, 0x00, 0x00, 0x00, 0x00, 0x00,
  0x00, 0x00, 0x00, 0x00, 0x00, 0x00, 0x00, 0x00, 0x00, 0x00, 0x00, 0x00, 0x00, 0x00, 0x00, 0x00,
  0x00, 0x00, 0x00, 0x00, 0x00, 0x00, 0x00, 0x00, 0xFF, 0xFF, 0xFF, 0x03, 0x00, 0x00, 0x00, 0x00,
  0xE6, 0xE2, 0xFD, 0x90, 0xF5, 0xF2, 0xFF, 0xFF, 0xDF, 0xDF, 0xFF, 0xFC, 0xE1, 0xE1, 0xFF, 0xFF,
  0xE1, 0xE1, 0xFF, 0xFF, 0xE1, 0xE1, 0xFF, 0xFF, 0xE1, 0xE1, 0xFF, 0xFF, 0xE2, 0xE0, 0xFE, 0xFF,
  0xE2, 0xE0, 0xFE, 0xFF, 0xE2, 0xE0, 0xFE, 0xFF, 0xE2, 0xE0, 0xFE, 0xFF, 0xE2, 0xE0, 0xFE, 0xFF,
  0xE2, 0xE0, 0xFE, 0xFF, 0xE2, 0xE0, 0xFE, 0xFF, 0xE2, 0xE0, 0xFE, 0xFF, 0xE1, 0xDF, 0xFE, 0xFF,
  0xE4, 0xE3, 0xFE, 0xFF, 0xD9, 0xD8, 0xFD, 0xFF, 0x8C, 0x84, 0xF6, 0xFF, 0x6B, 0x66, 0xFC, 0xFF,
  0x68, 0x6D, 0xFF, 0xFF, 0x67, 0x6B, 0xFE, 0xFF, 0x6A, 0x69, 0xFF, 0xFF, 0x6A, 0x69, 0xFF, 0xFF,
  0x6A, 0x69, 0xFF, 0xFF, 0x6A, 0x69, 0xFF, 0xFF, 0x6A, 0x69, 0xFF, 0xFF, 0x6A, 0x69, 0xFF, 0xFF,
  0x6A, 0x69, 0xFF, 0xFF, 0x6A, 0x69, 0xFF, 0xFF, 0x6A, 0x69, 0xFF, 0xFF, 0x6A, 0x69, 0xFF, 0xFF,
  0x6A, 0x69, 0xFF, 0xFF, 0x6A, 0x69, 0xFF, 0xFF, 0x6A, 0x69, 0xFF, 0xFF, 0x6A, 0x69, 0xFF, 0xFF,
  0x6A, 0x69, 0xFF, 0xFF, 0x6A, 0x69, 0xFF, 0xFF, 0x6A, 0x69, 0xFF, 0xFF, 0x6A, 0x69, 0xFF, 0xFF,
  0x6A, 0x69, 0xFF, 0xFF, 0x6A, 0x69, 0xFF, 0xFF, 0x6B, 0x69, 0xFF, 0xFF, 0x6B, 0x69, 0xFF, 0xFF,
  0x6B, 0x69, 0xFF, 0xFF, 0x6B, 0x69, 0xFF, 0xFF, 0x6B, 0x69, 0xFF, 0xFF, 0x6B, 0x69, 0xFF, 0xFF,
  0x6B, 0x69, 0xFF, 0xFF, 0x6B, 0x69, 0xFF, 0xFF, 0x6B, 0x69, 0xFF, 0xFF, 0x6B, 0x69, 0xFF, 0xFF,
  0x6B, 0x69, 0xFF, 0xFF, 0x6B, 0x69, 0xFF, 0xFF, 0x6B, 0x69, 0xFF, 0xFF, 0x6B, 0x69, 0xFF, 0xFF,
  0x6B, 0x69, 0xFF, 0xFF, 0x6B, 0x69, 0xFF, 0xFF, 0x6C, 0x6A, 0xFF, 0xFF, 0x69, 0x65, 0xFD, 0xFF,
  0x8B, 0x89, 0xF9, 0xFF, 0xDE, 0xDC, 0xFE, 0xFF, 0xE7, 0xE2, 0xFF, 0xFF, 0xE4, 0xDF, 0xFF, 0xFF,
  0xE5, 0xE0, 0xFF, 0xFF, 0xE5, 0xE0, 0xFF, 0xFF, 0xE5, 0xE0, 0xFF, 0xFF, 0xE5, 0xE0, 0xFF, 0xFF,
  0xE5, 0xE0, 0xFF, 0xFF, 0xE5, 0xE0, 0xFF, 0xFF, 0xE5, 0xE0, 0xFF, 0xFF, 0xE5, 0xE0, 0xFF, 0xFF,
  0xE5, 0xE0, 0xFF, 0xFF, 0xE5, 0xE0, 0xFF, 0xFF, 0xE5, 0xE0, 0xFF, 0xFF, 0xE5, 0xE0, 0xFF, 0xFF,
  0xE5, 0xE0, 0xFF, 0xFB, 0xF1, 0xED, 0xFF, 0xFF, 0xE7, 0xE4, 0xFC, 0x55, 0x00, 0x00, 0x00, 0x00,
  0xFF, 0xFF, 0xFF, 0x03, 0x00, 0x00, 0x00, 0x00, 0x00, 0x00, 0x00, 0x00, 0x00, 0x00, 0x00, 0x00,
  0x00, 0x00, 0x00, 0x00, 0x00, 0x00, 0x00, 0x00, 0x00, 0x00, 0x00, 0x00, 0x00, 0x00, 0x00, 0x00,
  0x00, 0x00, 0x00, 0x00, 0x00, 0x00, 0x00, 0x00, 0x00, 0x00, 0x00, 0x00, 0x00, 0x00, 0x00, 0x00,
  0x00, 0x00, 0x00, 0x00, 0x00, 0x00, 0x00, 0x00, 0x00, 0x00, 0x00, 0x00, 0x00, 0x00, 0x00, 0x00,
  0x00, 0x00, 0x00, 0x00, 0x00, 0x00, 0x00, 0x00, 0x00, 0x00, 0x00, 0x00, 0x00, 0x00, 0x00, 0x00,
  0x00, 0x00, 0x00, 0x00, 0x00, 0x00, 0x00, 0x00, 0x00, 0x00, 0x00, 0x00, 0x00, 0x00, 0x00, 0x00,
  0x00, 0x00, 0x00, 0x00, 0x00, 0x00, 0x00, 0x00, 0x00, 0x00, 0x00, 0x00, 0x00, 0x00, 0x00, 0x00,
  0x00, 0x00, 0x00, 0x00, 0x00, 0x00, 0x00, 0x00, 0x00, 0x00, 0x00, 0x00, 0x00, 0x00, 0x00, 0x00,
  0x00, 0x00, 0x00, 0x00, 0x00, 0x00, 0x00, 0x00, 0x00, 0x00, 0x00, 0x00, 0x00, 0x00, 0x00, 0x00,
  0x00, 0x00, 0x00, 0x00, 0x00, 0x00, 0x00, 0x00, 0xFF, 0xFF, 0xFF, 0x01, 0xFF, 0xFF, 0xFF, 0x03,
  0xFF, 0xFF, 0xFF, 0x06, 0xE7, 0xE2, 0xFD, 0xCC, 0xEC, 0xEA, 0xFF, 0xFF, 0xDF, 0xE0, 0xFF, 0xFC,
  0xE1, 0xE1, 0xFF, 0xFF, 0xE1, 0xE1, 0xFF, 0xFF, 0xE1, 0xE1, 0xFF, 0xFF, 0xE2, 0xE0, 0xFE, 0xFF,
  0xE2, 0xE0, 0xFE, 0xFF, 0xE2, 0xE0, 0xFE, 0xFF, 0xE2, 0xE0, 0xFE, 0xFF, 0xE2, 0xE0, 0xFE, 0xFF,
  0xE2, 0xE0, 0xFE, 0xFF, 0xE2, 0xE0, 0xFE, 0xFF, 0xE2, 0xE0, 0xFE, 0xFF, 0xE2, 0xE0, 0xFE, 0xFF,
  0xE1, 0xDF, 0xFE, 0xFF, 0xE5, 0xE2, 0xFF, 0xFF, 0xD4, 0xD4, 0xFC, 0xFF, 0x89, 0x84, 0xF8, 0xFF,
  0x6C, 0x67, 0xFE, 0xFF, 0x6C, 0x6B, 0xFF, 0xFF, 0x6A, 0x69, 0xFF, 0xFF, 0x6A, 0x69, 0xFF, 0xFF,
  0x6A, 0x69, 0xFF, 0xFF, 0x6A, 0x69, 0xFF, 0xFF, 0x6A, 0x69, 0xFF, 0xFF, 0x6A, 0x69, 0xFF, 0xFF,
  0x6A, 0x69, 0xFF, 0xFF, 0x6A, 0x69, 0xFF, 0xFF, 0x6A, 0x69, 0xFF, 0xFF, 0x6A, 0x69, 0xFF, 0xFF,
  0x6A, 0x69, 0xFF, 0xFF, 0x6A, 0x69, 0xFF, 0xFF, 0x6A, 0x69, 0xFF, 0xFF, 0x6A, 0x69, 0xFF, 0xFF,
  0x6A, 0x69, 0xFF, 0xFF, 0x6A, 0x69, 0xFF, 0xFF, 0x6A, 0x69, 0xFF, 0xFF, 0x6A, 0x69, 0xFF, 0xFF,
  0x6A, 0x69, 0xFF, 0xFF, 0x6A, 0x69, 0xFF, 0xFF, 0x6B, 0x69, 0xFF, 0xFF, 0x6B, 0x69, 0xFF, 0xFF,
  0x6B, 0x69, 0xFF, 0xFF, 0x6B, 0x69, 0xFF, 0xFF, 0x6B, 0x69, 0xFF, 0xFF, 0x6B, 0x69, 0xFF, 0xFF,
  0x6B, 0x69, 0xFF, 0xFF, 0x6B, 0x69, 0xFF, 0xFF, 0x6B, 0x69, 0xFF, 0xFF, 0x6B, 0x69, 0xFF, 0xFF,
  0x6B, 0x69, 0xFF, 0xFF, 0x6B, 0x69, 0xFF, 0xFF, 0x6B, 0x69, 0xFF, 0xFF, 0x6B, 0x69, 0xFF, 0xFF,
  0x6B, 0x69, 0xFF, 0xFF, 0x6C, 0x6B, 0xFF, 0xFF, 0x68, 0x64, 0xFD, 0xFF, 0x8E, 0x8D, 0xFA, 0xFF,
  0xD7, 0xD9, 0xFC, 0xFF, 0xE4, 0xE3, 0xFF, 0xFF, 0xE1, 0xE0, 0xFF, 0xFF, 0xE2, 0xE1, 0xFF, 0xFF,
  0xE2, 0xE1, 0xFF, 0xFF, 0xE2, 0xE1, 0xFF, 0xFF, 0xE2, 0xE1, 0xFF, 0xFF, 0xE2, 0xE1, 0xFF, 0xFF,
  0xE2, 0xE1, 0xFF, 0xFF, 0xE2, 0xE1, 0xFF, 0xFF, 0xE2, 0xE1, 0xFF, 0xFF, 0xE2, 0xE1, 0xFF, 0xFF,
  0xE2, 0xE1, 0xFF, 0xFF, 0xE2, 0xE1, 0xFF, 0xFF, 0xE3, 0xE1, 0xFF, 0xFF, 0xE1, 0xE0, 0xFF, 0xFB,
  0xF5, 0xF1, 0xFF, 0xFF, 0xE4, 0xE2, 0xFD, 0x91, 0x00, 0x00, 0x00, 0x00, 0xFF, 0xFF, 0xFF, 0x03,
  0x00, 0x00, 0x00, 0x00, 0x00, 0x00, 0x00, 0x00, 0x00, 0x00, 0x00, 0x00, 0x00, 0x00, 0x00, 0x00,
  0x00, 0x00, 0x00, 0x00, 0x00, 0x00, 0x00, 0x00, 0x00, 0x00, 0x00, 0x00, 0x00, 0x00, 0x00, 0x00,
  0x00, 0x00, 0x00, 0x00, 0x00, 0x00, 0x00, 0x00, 0x00, 0x00, 0x00, 0x00, 0x00, 0x00, 0x00, 0x00,
  0x00, 0x00, 0x00, 0x00, 0x00, 0x00, 0x00, 0x00, 0x00, 0x00, 0x00, 0x00, 0x00, 0x00, 0x00, 0x00,
  0x00, 0x00, 0x00, 0x00, 0x00, 0x00, 0x00, 0x00, 0x00, 0x00, 0x00, 0x00, 0x00, 0x00, 0x00, 0x00,
  0x00, 0x00, 0x00, 0x00, 0x00, 0x00, 0x00, 0x00, 0x00, 0x00, 0x00, 0x00, 0x00, 0x00, 0x00, 0x00,
  0x00, 0x00, 0x00, 0x00, 0x00, 0x00, 0x00, 0x00, 0x00, 0x00, 0x00, 0x00, 0x00, 0x00, 0x00, 0x00,
  0x00, 0x00, 0x00, 0x00, 0x00, 0x00, 0x00, 0x00, 0x00, 0x00, 0x00, 0x00, 0x00, 0x00, 0x00, 0x00,
  0x00, 0x00, 0x00, 0x00, 0x00, 0x00, 0x00, 0x00, 0x00, 0x00, 0x00, 0x00, 0x00, 0x00, 0x00, 0x00,
  0x00, 0x00, 0x00, 0x00, 0x00, 0x00, 0x00, 0x00, 0x00, 0x00, 0x00, 0x00, 0xFF, 0xFF, 0xFF, 0x02,
  0x00, 0x00, 0x00, 0x00, 0xF1, 0xEA, 0xF8, 0x25, 0xE9, 0xE6, 0xFD, 0xF9, 0xE4, 0xE3, 0xFF, 0xFE,
  0xDF, 0xDF, 0xFF, 0xFE, 0xE1, 0xE1, 0xFF, 0xFF, 0xE1, 0xE1, 0xFF, 0xFF, 0xE2, 0xE0, 0xFE, 0xFF,
  0xE2, 0xE0, 0xFE, 0xFF, 0xE2, 0xE0, 0xFE, 0xFF, 0xE2, 0xE0, 0xFE, 0xFF, 0xE2, 0xE0, 0xFE, 0xFF,
  0xE2, 0xE0, 0xFE, 0xFF, 0xE2, 0xE0, 0xFE, 0xFF, 0xE2, 0xE0, 0xFE, 0xFF, 0xE2, 0xE0, 0xFE, 0xFF,
  0xE2, 0xE0, 0xFE, 0xFF, 0xE1, 0xDE, 0xFE, 0xFF, 0xE4, 0xE5, 0xFF, 0xFF, 0xCC, 0xCE, 0xFC, 0xFF,
  0x82, 0x78, 0xFA, 0xFF, 0x6C, 0x64, 0xFE, 0xFF, 0x6C, 0x6A, 0xFF, 0xFF, 0x68, 0x6B, 0xFD, 0xFF,
  0x68, 0x69, 0xFF, 0xFF, 0x69, 0x69, 0xFF, 0xFF, 0x6A, 0x69, 0xFF, 0xFF, 0x6A, 0x69, 0xFF, 0xFF,
  0x6A, 0x69, 0xFF, 0xFF, 0x6A, 0x69, 0xFF, 0xFF, 0x6A, 0x69, 0xFF, 0xFF, 0x6A, 0x69, 0xFF, 0xFF,
  0x6A, 0x69, 0xFF, 0xFF, 0x6A, 0x69, 0xFF, 0xFF, 0x6A, 0x69, 0xFF, 0xFF, 0x6A, 0x69, 0xFF, 0xFF,
  0x6A, 0x69, 0xFF, 0xFF, 0x6A, 0x69, 0xFF, 0xFF, 0x6A, 0x69, 0xFF, 0xFF, 0x6A, 0x69, 0xFF, 0xFF,
  0x6A, 0x69, 0xFF, 0xFF, 0x6A, 0x69, 0xFF, 0xFF, 0x6B, 0x69, 0xFF, 0xFF, 0x6B, 0x69, 0xFF, 0xFF,
  0x6B, 0x69, 0xFF, 0xFF, 0x6B, 0x69, 0xFF, 0xFF, 0x6B, 0x69, 0xFF, 0xFF, 0x6B, 0x69, 0xFF, 0xFF,
  0x6B, 0x69, 0xFF, 0xFF, 0x6B, 0x69, 0xFF, 0xFF, 0x6B, 0x69, 0xFF, 0xFF, 0x6B, 0x69, 0xFF, 0xFF,
  0x6B, 0x69, 0xFF, 0xFF, 0x6B, 0x69, 0xFF, 0xFF, 0x6B, 0x69, 0xFF, 0xFF, 0x6B, 0x69, 0xFE, 0xFF,
  0x6C, 0x69, 0xFF, 0xFF, 0x67, 0x63, 0xFE, 0xFF, 0x83, 0x82, 0xF8, 0xFF, 0xD3, 0xD5, 0xFC, 0xFF,
  0xE4, 0xE5, 0xFE, 0xFF, 0xDF, 0xE0, 0xFF, 0xFF, 0xE1, 0xE1, 0xFF, 0xFF, 0xE1, 0xE1, 0xFF, 0xFF,
  0xE1, 0xE1, 0xFF, 0xFF, 0xE1, 0xE1, 0xFF, 0xFF, 0xE1, 0xE1, 0xFF, 0xFF, 0xE1, 0xE1, 0xFF, 0xFF,
  0xE1, 0xE1, 0xFF, 0xFF, 0xE1, 0xE1, 0xFF, 0xFF, 0xE1, 0xE1, 0xFF, 0xFF, 0xE1, 0xE1, 0xFF, 0xFF,
  0xE1, 0xE1, 0xFF, 0xFF, 0xE1, 0xE1, 0xFF, 0xFF, 0xDF, 0xE0, 0xFF, 0xFC, 0xEB, 0xEA, 0xFF, 0xFF,
  0xE7, 0xE3, 0xFD, 0xCE, 0xFF, 0xFF, 0xFF, 0x07, 0xFF, 0xAA, 0xFF, 0x03, 0xFF, 0xFF, 0xFF, 0x01,
  0x00, 0x00, 0x00, 0x00, 0x00, 0x00, 0x00, 0x00, 0x00, 0x00, 0x00, 0x00, 0x00, 0x00, 0x00, 0x00,
  0x00, 0x00, 0x00, 0x00, 0x00, 0x00, 0x00, 0x00, 0x00, 0x00, 0x00, 0x00, 0x00, 0x00, 0x00, 0x00,
  0x00, 0x00, 0x00, 0x00, 0x00, 0x00, 0x00, 0x00, 0x00, 0x00, 0x00, 0x00, 0x00, 0x00, 0x00, 0x00,
  0x00, 0x00, 0x00, 0x00, 0x00, 0x00, 0x00, 0x00, 0x00, 0x00, 0x00, 0x00, 0x00, 0x00, 0x00, 0x00,
  0x00, 0x00, 0x00, 0x00, 0x00, 0x00, 0x00, 0x00, 0x00, 0x00, 0x00, 0x00, 0x00, 0x00, 0x00, 0x00,
  0x00, 0x00, 0x00, 0x00, 0x00, 0x00, 0x00, 0x00, 0x00, 0x00, 0x00, 0x00, 0x00, 0x00, 0x00, 0x00,
  0x00, 0x00, 0x00, 0x00, 0x00, 0x00, 0x00, 0x00, 0x00, 0x00, 0x00, 0x00, 0x00, 0x00, 0x00, 0x00,
  0x00, 0x00, 0x00, 0x00, 0x00, 0x00, 0x00, 0x00, 0x00, 0x00, 0x00, 0x00, 0x00, 0x00, 0x00, 0x00,
  0x00, 0x00, 0x00, 0x00, 0x00, 0x00, 0x00, 0x00, 0x00, 0x00, 0x00, 0x00, 0x00, 0x00, 0x00, 0x00,
  0x00, 0x00, 0x00, 0x00, 0x00, 0x00, 0x00, 0x00, 0x00, 0x00, 0x00, 0x00, 0x00, 0x00, 0x00, 0x00,
  0xFF, 0xFF, 0xFF, 0x03, 0x00, 0x00, 0x00, 0x00, 0xE6, 0xE6, 0xFF, 0x52, 0xEB, 0xE9, 0xFF, 0xFE,
  0xE3, 0xE3, 0xFF, 0xFB, 0xE0, 0xE0, 0xFF, 0xFE, 0xE1, 0xE1, 0xFF, 0xFF, 0xE2, 0xE0, 0xFE, 0xFF,
  0xE2, 0xE0, 0xFE, 0xFF, 0xE2, 0xE0, 0xFE, 0xFF, 0xE2, 0xE0, 0xFE, 0xFF, 0xE2, 0xE0, 0xFE, 0xFF,
  0xE2, 0xE0, 0xFE, 0xFF, 0xE2, 0xE0, 0xFE, 0xFF, 0xE2, 0xE0, 0xFE, 0xFF, 0xE2, 0xE0, 0xFE, 0xFF,
  0xE2, 0xE0, 0xFE, 0xFF, 0xE2, 0xE0, 0xFE, 0xFF, 0xE0, 0xDE, 0xFE, 0xFF, 0xE7, 0xE4, 0xFF, 0xFF,
  0xC9, 0xC7, 0xFD, 0xFF, 0x81, 0x78, 0xFB, 0xFF, 0x6A, 0x64, 0xFD, 0xFF, 0x67, 0x6B, 0xFD, 0xFF,
  0x66, 0x69, 0xFF, 0xFF, 0x6A, 0x69, 0xFF, 0xFF, 0x6A, 0x69, 0xFF, 0xFF, 0x6A, 0x69, 0xFF, 0xFF,
  0x6A, 0x69, 0xFF, 0xFF, 0x6A, 0x69, 0xFF, 0xFF, 0x6A, 0x69, 0xFF, 0xFF, 0x6A, 0x69, 0xFF, 0xFF,
  0x6A, 0x69, 0xFF, 0xFF, 0x6A, 0x69, 0xFF, 0xFF, 0x6A, 0x69, 0xFF, 0xFF, 0x6A, 0x69, 0xFF, 0xFF,
  0x6A, 0x69, 0xFF, 0xFF, 0x6A, 0x69, 0xFF, 0xFF, 0x6A, 0x69, 0xFF, 0xFF, 0x6A, 0x69, 0xFF, 0xFF,
  0x6A, 0x69, 0xFF, 0xFF, 0x6A, 0x69, 0xFF, 0xFF, 0x6B, 0x69, 0xFF, 0xFF, 0x6B, 0x69, 0xFF, 0xFF,
  0x6B, 0x69, 0xFF, 0xFF, 0x6B, 0x69, 0xFF, 0xFF, 0x6B, 0x69, 0xFF, 0xFF, 0x6B, 0x69, 0xFF, 0xFF,
  0x6B, 0x69, 0xFF, 0xFF, 0x6B, 0x69, 0xFF, 0xFF, 0x6B, 0x69, 0xFF, 0xFF, 0x6B, 0x69, 0xFF, 0xFF,
  0x6B, 0x69, 0xFF, 0xFF, 0x6B, 0x69, 0xFF, 0xFF, 0x6B, 0x69, 0xFE, 0xFF, 0x6B, 0x6A, 0xFF, 0xFF,
  0x66, 0x62, 0xFE, 0xFF, 0x84, 0x82, 0xFA, 0xFF, 0xD0, 0xD4, 0xFD, 0xFF, 0xE3, 0xE4, 0xFE, 0xFF,
  0xDF, 0xDF, 0xFE, 0xFF, 0xE1, 0xE1, 0xFF, 0xFF, 0xE1, 0xE1, 0xFF, 0xFF, 0xE1, 0xE1, 0xFF, 0xFF,
  0xE1, 0xE1, 0xFF, 0xFF, 0xE1, 0xE1, 0xFF, 0xFF, 0xE1, 0xE1, 0xFF, 0xFF, 0xE1, 0xE1, 0xFF, 0xFF,
  0xE1, 0xE1, 0xFF, 0xFF, 0xE1, 0xE1, 0xFF, 0xFF, 0xE1, 0xE1, 0xFF, 0xFF, 0xE1, 0xE1, 0xFF, 0xFF,
  0xE1, 0xE1, 0xFF, 0xFF, 0xDF, 0xDF, 0xFD, 0xFE, 0xE6, 0xE4, 0xFF, 0xFD, 0xEB, 0xE8, 0xFD, 0xF4,
  0xEA, 0xEA, 0xFF, 0x26, 0x00, 0x00, 0x00, 0x00, 0xFF, 0xFF, 0xFF, 0x02, 0x00, 0x00, 0x00, 0x00,
  0x00, 0x00, 0x00, 0x00, 0x00, 0x00, 0x00, 0x00, 0x00, 0x00, 0x00, 0x00, 0x00, 0x00, 0x00, 0x00,
  0x00, 0x00, 0x00, 0x00, 0x00, 0x00, 0x00, 0x00, 0x00, 0x00, 0x00, 0x00, 0x00, 0x00, 0x00, 0x00,
  0x00, 0x00, 0x00, 0x00, 0x00, 0x00, 0x00, 0x00, 0x00, 0x00, 0x00, 0x00, 0x00, 0x00, 0x00, 0x00,
  0x00, 0x00, 0x00, 0x00, 0x00, 0x00, 0x00, 0x00, 0x00, 0x00, 0x00, 0x00, 0x00, 0x00, 0x00, 0x00,
  0x00, 0x00, 0x00, 0x00, 0x00, 0x00, 0x00, 0x00, 0x00, 0x00, 0x00, 0x00, 0x00, 0x00, 0x00, 0x00,
  0x00, 0x00, 0x00, 0x00, 0x00, 0x00, 0x00, 0x00, 0x00, 0x00, 0x00, 0x00, 0x00, 0x00, 0x00, 0x00,
  0x00, 0x00, 0x00, 0x00, 0x00, 0x00, 0x00, 0x00, 0x00, 0x00, 0x00, 0x00, 0x00, 0x00, 0x00, 0x00,
  0x00, 0x00, 0x00, 0x00, 0x00, 0x00, 0x00, 0x00, 0x00, 0x00, 0x00, 0x00, 0x00, 0x00, 0x00, 0x00,
  0x00, 0x00, 0x00, 0x00, 0x00, 0x00, 0x00, 0x00, 0x00, 0x00, 0x00, 0x00, 0x00, 0x00, 0x00, 0x00,
  0x00, 0x00, 0x00, 0x00, 0x00, 0x00, 0x00, 0x00, 0x00, 0x00, 0x00, 0x00, 0x00, 0x00, 0x00, 0x00,
  0x00, 0x00, 0x00, 0x00, 0xBF, 0xBF, 0xFF, 0x04, 0x00, 0x00, 0x00, 0x00, 0xE5, 0xE5, 0xFD, 0x80,
  0xF4, 0xF2, 0xFF, 0xFF, 0xE0, 0xE0, 0xFF, 0xFB, 0xE1, 0xE1, 0xFF, 0xFF, 0xE2, 0xE0, 0xFE, 0xFF,
  0xE2, 0xE0, 0xFE, 0xFF, 0xE2, 0xE0, 0xFE, 0xFF, 0xE2, 0xE0, 0xFE, 0xFF, 0xE2, 0xE0, 0xFE, 0xFF,
  0xE2, 0xE0, 0xFE, 0xFF, 0xE2, 0xE0, 0xFE, 0xFF, 0xE2, 0xE0, 0xFE, 0xFF, 0xE2, 0xE0, 0xFE, 0xFF,
  0xE2, 0xE0, 0xFE, 0xFF, 0xE2, 0xE0, 0xFE, 0xFF, 0xE2, 0xE0, 0xFE, 0xFF, 0xE2, 0xDF, 0xFF, 0xFF,
  0xE5, 0xE4, 0xFF, 0xFF, 0xCD, 0xD0, 0xFD, 0xFF, 0x88, 0x80, 0xFA, 0xFF, 0x67, 0x61, 0xFD, 0xFF,
  0x69, 0x68, 0xFF, 0xFF, 0x6A, 0x69, 0xFF, 0xFF, 0x6A, 0x69, 0xFF, 0xFF, 0x6A, 0x69, 0xFF, 0xFF,
  0x6A, 0x69, 0xFF, 0xFF, 0x6A, 0x69, 0xFF, 0xFF, 0x6A, 0x69, 0xFF, 0xFF, 0x6A, 0x69, 0xFF, 0xFF,
  0x6A, 0x69, 0xFF, 0xFF, 0x6A, 0x69, 0xFF, 0xFF, 0x6A, 0x69, 0xFF, 0xFF, 0x6A, 0x69, 0xFF, 0xFF,
  0x6A, 0x69, 0xFF, 0xFF, 0x6A, 0x69, 0xFF, 0xFF, 0x6A, 0x69, 0xFF, 0xFF, 0x6A, 0x69, 0xFF, 0xFF,
  0x6A, 0x69, 0xFF, 0xFF, 0x6A, 0x69, 0xFF, 0xFF, 0x6B, 0x69, 0xFF, 0xFF, 0x6B, 0x69, 0xFF, 0xFF,
  0x6B, 0x69, 0xFF, 0xFF, 0x6B, 0x69, 0xFF, 0xFF, 0x6B, 0x69, 0xFF, 0xFF, 0x6B, 0x69, 0xFF, 0xFF,
  0x6B, 0x69, 0xFF, 0xFF, 0x6B, 0x69, 0xFF, 0xFF, 0x6B, 0x69, 0xFF, 0xFF, 0x6B, 0x69, 0xFF, 0xFF,
  0x6B, 0x69, 0xFF, 0xFF, 0x6B, 0x69, 0xFF, 0xFF, 0x69, 0x67, 0xFC, 0xFF, 0x65, 0x62, 0xFC, 0xFF,
  0x85, 0x84, 0xFB, 0xFF, 0xD2, 0xD5, 0xFD, 0xFF, 0xE4, 0xE5, 0xFF, 0xFF, 0xDF, 0xE0, 0xFF, 0xFF,
  0xE1, 0xE1, 0xFF, 0xFF, 0xE1, 0xE1, 0xFF, 0xFF, 0xE1, 0xE1, 0xFF, 0xFF, 0xE1, 0xE1, 0xFF, 0xFF,
  0xE1, 0xE1, 0xFF, 0xFF, 0xE1, 0xE1, 0xFF, 0xFF, 0xE1, 0xE1, 0xFF, 0xFF, 0xE1, 0xE1, 0xFF, 0xFF,
  0xE1, 0xE1, 0xFF, 0xFF, 0xE1, 0xE1, 0xFF, 0xFF, 0xE1, 0xE1, 0xFF, 0xFF, 0xE1, 0xE1, 0xFF, 0xFF,
  0xE0, 0xE0, 0xFF, 0xFE, 0xE3, 0xE2, 0xFF, 0xFB, 0xF2, 0xEE, 0xFF, 0xFF, 0xE8, 0xE5, 0xFC, 0x59,
  0x00, 0x00, 0x00, 0x00, 0xFF, 0xFF, 0xFF, 0x03, 0x00, 0x00, 0x00, 0x00, 0x00, 0x00, 0x00, 0x00,
  0x00, 0x00, 0x00, 0x00, 0x00, 0x00, 0x00, 0x00, 0x00, 0x00, 0x00, 0x00, 0x00, 0x00, 0x00, 0x00,
  0x00, 0x00, 0x00, 0x00, 0x00, 0x00, 0x00, 0x00, 0x00, 0x00, 0x00, 0x00, 0x00, 0x00, 0x00, 0x00,
  0x00, 0x00, 0x00, 0x00, 0x00, 0x00, 0x00, 0x00, 0x00, 0x00, 0x00, 0x00, 0x00, 0x00, 0x00, 0x00,
  0x00, 0x00, 0x00, 0x00, 0x00, 0x00, 0x00, 0x00, 0x00, 0x00, 0x00, 0x00, 0x00, 0x00, 0x00, 0x00,
  0x00, 0x00, 0x00, 0x00, 0x00, 0x00, 0x00, 0x00, 0x00, 0x00, 0x00, 0x00, 0x00, 0x00, 0x00, 0x00,
  0x00, 0x00, 0x00, 0x00, 0x00, 0x00, 0x00, 0x00, 0x00, 0x00, 0x00, 0x00, 0x00, 0x00, 0x00, 0x00,
  0x00, 0x00, 0x00, 0x00, 0x00, 0x00, 0x00, 0x00, 0x00, 0x00, 0x00, 0x00, 0x00, 0x00, 0x00, 0x00,
  0x00, 0x00, 0x00, 0x00, 0x00, 0x00, 0x00, 0x00, 0x00, 0x00, 0x00, 0x00, 0x00, 0x00, 0x00, 0x00,
  0x00, 0x00, 0x00, 0x00, 0x00, 0x00, 0x00, 0x00, 0x00, 0x00, 0x00, 0x00, 0x00, 0x00, 0x00, 0x00,
  0x00, 0x00, 0x00, 0x00, 0x00, 0x00, 0x00, 0x00, 0x00, 0x00, 0x00, 0x00, 0x00, 0x00, 0x00, 0x00,
  0x00, 0x00, 0x00, 0x00, 0x00, 0x00, 0x00, 0x00, 0xCC, 0xCC, 0xFF, 0x05, 0x00, 0x00, 0x00, 0x00,
  0xE7, 0xE5, 0xFB, 0x98, 0xF3, 0xF0, 0xFF, 0xFF, 0xDF, 0xDF, 0xFF, 0xFB, 0xE2, 0xE0, 0xFE, 0xFF,
  0xE2, 0xE0, 0xFE, 0xFF, 0xE2, 0xE0, 0xFE, 0xFF, 0xE2, 0xE0, 0xFE, 0xFF, 0xE2, 0xE0, 0xFE, 0xFF,
  0xE2, 0xE0, 0xFE, 0xFF, 0xE2, 0xE0, 0xFE, 0xFF, 0xE2, 0xE0, 0xFE, 0xFF, 0xE2, 0xE0, 0xFE, 0xFF,
  0xE2, 0xE0, 0xFE, 0xFF, 0xE2, 0xE0, 0xFE, 0xFF, 0xE2, 0xE0, 0xFE, 0xFF, 0xE2, 0xE0, 0xFE, 0xFF,
  0xE1, 0xDF, 0xFE, 0xFF, 0xE5, 0xE5, 0xFF, 0xFF, 0xD4, 0xD1, 0xFD, 0xFF, 0x8E, 0x87, 0xF9, 0xFF,
  0x6B, 0x63, 0xFB, 0xFF, 0x6B, 0x69, 0xFF, 0xFF, 0x6B, 0x6A, 0xFF, 0xFF, 0x68, 0x69, 0xFF, 0xFF,
  0x6A, 0x69, 0xFF, 0xFF, 0x6A, 0x69, 0xFF, 0xFF, 0x6A, 0x69, 0xFF, 0xFF, 0x6A, 0x69, 0xFF, 0xFF,
  0x6A, 0x69, 0xFF, 0xFF, 0x6A, 0x69, 0xFF, 0xFF, 0x6A, 0x69, 0xFF, 0xFF, 0x6A, 0x69, 0xFF, 0xFF,
  0x6A, 0x69, 0xFF, 0xFF, 0x6A, 0x69, 0xFF, 0xFF, 0x6A, 0x69, 0xFF, 0xFF, 0x6A, 0x69, 0xFF, 0xFF,
  0x6A, 0x69, 0xFF, 0xFF, 0x6A, 0x69, 0xFF, 0xFF, 0x6B, 0x69, 0xFF, 0xFF, 0x6B, 0x69, 0xFF, 0xFF,
  0x6B, 0x69, 0xFF, 0xFF, 0x6B, 0x69, 0xFF, 0xFF, 0x6B, 0x69, 0xFF, 0xFF, 0x6B, 0x69, 0xFF, 0xFF,
  0x6B, 0x69, 0xFF, 0xFF, 0x6C, 0x69, 0xFF, 0xFF, 0x6B, 0x6A, 0xFE, 0xFF, 0x6B, 0x69, 0xFE, 0xFF,
  0x6B, 0x69, 0xFF, 0xFF, 0x6A, 0x68, 0xFE, 0xFF, 0x68, 0x65, 0xFB, 0xFF, 0x8C, 0x8A, 0xFB, 0xFF,
  0xD3, 0xD5, 0xFD, 0xFF, 0xE4, 0xE5, 0xFF, 0xFF, 0xE0, 0xE0, 0xFF, 0xFF, 0xE1, 0xE1, 0xFF, 0xFF,
  0xE1, 0xE1, 0xFF, 0xFF, 0xE1, 0xE1, 0xFF, 0xFF, 0xE1, 0xE1, 0xFF, 0xFF, 0xE1, 0xE1, 0xFF, 0xFF,
  0xE1, 0xE1, 0xFF, 0xFF, 0xE1, 0xE1, 0xFF, 0xFF, 0xE1, 0xE1, 0xFF, 0xFF, 0xE1, 0xE1, 0xFF, 0xFF,
  0xE1, 0xE1, 0xFF, 0xFF, 0xE1, 0xE1, 0xFF, 0xFF, 0xE1, 0xE1, 0xFF, 0xFF, 0xE1, 0xE1, 0xFF, 0xFF,
  0xE1, 0xE1, 0xFF, 0xFB, 0xF3, 0xF1, 0xFF, 0xFF, 0xE6, 0xE4, 0xFC, 0x72, 0x00, 0x00, 0x00, 0x00,
  0xBF, 0xBF, 0xFF, 0x04, 0x00, 0x00, 0x00, 0x00, 0x00, 0x00, 0x00, 0x00, 0x00, 0x00, 0x00, 0x00,
  0x00, 0x00, 0x00, 0x00, 0x00, 0x00, 0x00, 0x00, 0x00, 0x00, 0x00, 0x00, 0x00, 0x00, 0x00, 0x00,
  0x00, 0x00, 0x00, 0x00, 0x00, 0x00, 0x00, 0x00, 0x00, 0x00, 0x00, 0x00, 0x00, 0x00, 0x00, 0x00,
  0x00, 0x00, 0x00, 0x00, 0x00, 0x00, 0x00, 0x00, 0x00, 0x00, 0x00, 0x00, 0x00, 0x00, 0x00, 0x00,
  0x00, 0x00, 0x00, 0x00, 0x00, 0x00, 0x00, 0x00, 0x00, 0x00, 0x00, 0x00, 0x00, 0x00, 0x00, 0x00,
  0x00, 0x00, 0x00, 0x00, 0x00, 0x00, 0x00, 0x00, 0x00, 0x00, 0x00, 0x00, 0x00, 0x00, 0x00, 0x00,
  0x00, 0x00, 0x00, 0x00, 0x00, 0x00, 0x00, 0x00, 0x00, 0x00, 0x00, 0x00, 0x00, 0x00, 0x00, 0x00,
  0x00, 0x00, 0x00, 0x00, 0x00, 0x00, 0x00, 0x00, 0x00, 0x00, 0x00, 0x00, 0x00, 0x00, 0x00, 0x00,
  0x00, 0x00, 0x00, 0x00, 0x00, 0x00, 0x00, 0x00, 0x00, 0x00, 0x00, 0x00, 0x00, 0x00, 0x00, 0x00,
  0x00, 0x00, 0x00, 0x00, 0x00, 0x00, 0x00, 0x00, 0x00, 0x00, 0x00, 0x00, 0x00, 0x00, 0x00, 0x00,
  0x00, 0x00, 0x00, 0x00, 0x00, 0x00, 0x00, 0x00, 0x00, 0x00, 0x00, 0x00, 0x00, 0x00, 0x00, 0x00,
  0x00, 0x00, 0x00, 0x00, 0x00, 0x00, 0x00, 0x00, 0xFF, 0xFF, 0xFF, 0x01, 0xFF, 0xFF, 0xFF, 0x02,
  0xE9, 0xE9, 0xFF, 0x0C, 0xE8, 0xE4, 0xFF, 0xD5, 0xEF, 0xEC, 0xFF, 0xFF, 0xE0, 0xDE, 0xFD, 0xFC,
  0xE2, 0xE0, 0xFE, 0xFF, 0xE2, 0xE0, 0xFE, 0xFF, 0xE2, 0xE0, 0xFE, 0xFF, 0xE2, 0xE0, 0xFE, 0xFF,
  0xE2, 0xE0, 0xFE, 0xFF, 0xE2, 0xE0, 0xFE, 0xFF, 0xE2, 0xE0, 0xFE, 0xFF, 0xE2, 0xE0, 0xFE, 0xFF,
  0xE2, 0xE0, 0xFE, 0xFF, 0xE2, 0xE0, 0xFE, 0xFF, 0xE2, 0xE0, 0xFE, 0xFF, 0xE2, 0xE0, 0xFE, 0xFF,
  0xE2, 0xE0, 0xFE, 0xFF, 0xE1, 0xDF, 0xFE, 0xFF, 0xE7, 0xE1, 0xFF, 0xFF, 0xDD, 0xD9, 0xFE, 0xFF,
  0xA0, 0x9B, 0xF8, 0xFF, 0x6D, 0x67, 0xFA, 0xFF, 0x69, 0x69, 0xFF, 0xFF, 0x66, 0x6B, 0xFF, 0xFF,
  0x69, 0x6A, 0xFF, 0xFF, 0x6A, 0x69, 0xFF, 0xFF, 0x6A, 0x69, 0xFF, 0xFF, 0x6A, 0x69, 0xFF, 0xFF,
  0x6A, 0x69, 0xFF, 0xFF, 0x6A, 0x69, 0xFF, 0xFF, 0x6A, 0x69, 0xFF, 0xFF, 0x6A, 0x69, 0xFF, 0xFF,
  0x6A, 0x69, 0xFF, 0xFF, 0x6A, 0x69, 0xFF, 0xFF, 0x6A, 0x69, 0xFF, 0xFF, 0x6A, 0x69, 0xFF, 0xFF,
  0x6A, 0x69, 0xFF, 0xFF, 0x6A, 0x69, 0xFF, 0xFF, 0x6B, 0x69, 0xFF, 0xFF, 0x6B, 0x69, 0xFF, 0xFF,
  0x6B, 0x69, 0xFF, 0xFF, 0x6B, 0x69, 0xFF, 0xFF, 0x6B, 0x69, 0xFF, 0xFF, 0x6B, 0x69, 0xFF, 0xFF,
  0x6C, 0x68, 0xFF, 0xFF, 0x6C, 0x68, 0xFF, 0xFF, 0x6B, 0x6C, 0xFA, 0xFF, 0x6C, 0x6B, 0xFD, 0xFF,
  0x66, 0x64, 0xFD, 0xFF, 0x69, 0x69, 0xF9, 0xFF, 0x9F, 0x9F, 0xFB, 0xFF, 0xDE, 0xDE, 0xFF, 0xFF,
  0xE6, 0xE5, 0xFF, 0xFF, 0xE3, 0xE1, 0xFF, 0xFF, 0xE4, 0xE2, 0xFF, 0xFF, 0xE1, 0xE1, 0xFF, 0xFF,
  0xE1, 0xE1, 0xFF, 0xFF, 0xE1, 0xE1, 0xFF, 0xFF, 0xE1, 0xE1, 0xFF, 0xFF, 0xE1, 0xE1, 0xFF, 0xFF,
  0xE1, 0xE1, 0xFF, 0xFF, 0xE1, 0xE1, 0xFF, 0xFF, 0xE1, 0xE1, 0xFF, 0xFF, 0xE1, 0xE1, 0xFF, 0xFF,
  0xE1, 0xE1, 0xFF, 0xFF, 0xE1, 0xE1, 0xFF, 0xFF, 0xE1, 0xE1, 0xFF, 0xFF, 0xE0, 0xE0, 0xFF, 0xFB,
  0xF1, 0xF0, 0xFF, 0xFF, 0xE6, 0xE6, 0xFB, 0x8F, 0x00, 0x00, 0x00, 0x00, 0xBF, 0xBF, 0xFF, 0x04,
  0x00, 0x00, 0x00, 0x00, 0x00, 0x00, 0x00, 0x00, 0x00, 0x00, 0x00, 0x00, 0x00, 0x00, 0x00, 0x00,
  0x00, 0x00, 0x00, 0x00, 0x00, 0x00, 0x00, 0x00, 0x00, 0x00, 0x00, 0x00, 0x00, 0x00, 0x00, 0x00,
  0x00, 0x00, 0x00, 0x00, 0x00, 0x00, 0x00, 0x00, 0x00, 0x00, 0x00, 0x00, 0x00, 0x00, 0x00, 0x00,
  0x00, 0x00, 0x00, 0x00, 0x00, 0x00, 0x00, 0x00, 0x00, 0x00, 0x00, 0x00, 0x00, 0x00, 0x00, 0x00,
  0x00, 0x00, 0x00, 0x00, 0x00, 0x00, 0x00, 0x00, 0x00, 0x00, 0x00, 0x00, 0x00, 0x00, 0x00, 0x00,
  0x00, 0x00, 0x00, 0x00, 0x00, 0x00, 0x00, 0x00, 0x00, 0x00, 0x00, 0x00, 0x00, 0x00, 0x00, 0x00,
  0x00, 0x00, 0x00, 0x00, 0x00, 0x00, 0x00, 0x00, 0x00, 0x00, 0x00, 0x00, 0x00, 0x00, 0x00, 0x00,
  0x00, 0x00, 0x00, 0x00, 0x00, 0x00, 0x00, 0x00, 0x00, 0x00, 0x00, 0x00, 0x00, 0x00, 0x00, 0x00,
  0x00, 0x00, 0x00, 0x00, 0x00, 0x00, 0x00, 0x00, 0x00, 0x00, 0x00, 0x00, 0x00, 0x00, 0x00, 0x00,
  0x00, 0x00, 0x00, 0x00, 0x00, 0x00, 0x00, 0x00, 0x00, 0x00, 0x00, 0x00, 0x00, 0x00, 0x00, 0x00,
  0x00, 0x00, 0x00, 0x00, 0x00, 0x00, 0x00, 0x00, 0x00, 0x00, 0x00, 0x00, 0x00, 0x00, 0x00, 0x00,
  0x00, 0x00, 0x00, 0x00, 0x00, 0x00, 0x00, 0x00, 0x00, 0x00, 0x00, 0x00, 0xFF, 0xFF, 0xFF, 0x02,
  0x00, 0x00, 0x00, 0x00, 0xF5, 0xEC, 0xFF, 0x1B, 0xEC, 0xE7, 0xFD, 0xDC, 0xED, 0xEB, 0xFF, 0xFF,
  0xDF, 0xDF, 0xFD, 0xFC, 0xE2, 0xE0, 0xFE, 0xFF, 0xE2, 0xE0, 0xFE, 0xFF, 0xE2, 0xE0, 0xFE, 0xFF,
  0xE2, 0xE0, 0xFE, 0xFF, 0xE2, 0xE0, 0xFE, 0xFF, 0xE2, 0xE0, 0xFE, 0xFF, 0xE2, 0xE0, 0xFE, 0xFF,
  0xE2, 0xE0, 0xFE, 0xFF, 0xE2, 0xE0, 0xFE, 0xFF, 0xE2, 0xE0, 0xFE, 0xFF, 0xE2, 0xE0, 0xFE, 0xFF,
  0xE2, 0xE0, 0xFE, 0xFF, 0xE2, 0xE0, 0xFE, 0xFF, 0xE2, 0xDF, 0xFF, 0xFF, 0xE3, 0xE2, 0xFF, 0xFF,
  0xDE, 0xE1, 0xFF, 0xFF, 0xA8, 0xA8, 0xF8, 0xFF, 0x70, 0x6E, 0xF9, 0xFF, 0x65, 0x67, 0xFC, 0xFF,
  0x69, 0x6B, 0xFF, 0xFF, 0x6A, 0x69, 0xFF, 0xFF, 0x6A, 0x69, 0xFF, 0xFF, 0x6A, 0x69, 0xFF, 0xFF,
  0x69, 0x69, 0xFF, 0xFF, 0x6A, 0x69, 0xFF, 0xFF, 0x6B, 0x69, 0xFF, 0xFF, 0x6A, 0x69, 0xFF, 0xFF,
  0x6A, 0x69, 0xFF, 0xFF, 0x6A, 0x69, 0xFF, 0xFF, 0x6A, 0x69, 0xFF, 0xFF, 0x6A, 0x69, 0xFF, 0xFF,
  0x6A, 0x69, 0xFF, 0xFF, 0x6A, 0x69, 0xFF, 0xFF, 0x6B, 0x69, 0xFF, 0xFF, 0x6B, 0x69, 0xFF, 0xFF,
  0x6B, 0x69, 0xFF, 0xFF, 0x6B, 0x69, 0xFF, 0xFF, 0x6B, 0x69, 0xFF, 0xFF, 0x6B, 0x69, 0xFF, 0xFF,
  0x6C, 0x68, 0xFF, 0xFF, 0x6D, 0x68, 0xFF, 0xFF, 0x6C, 0x69, 0xFE, 0xFF, 0x66, 0x63, 0xFC, 0xFF,
  0x6E, 0x6F, 0xFA, 0xFF, 0xA8, 0xAD, 0xFA, 0xFF, 0xE1, 0xE4, 0xFD, 0xFF, 0xE5, 0xE3, 0xFE, 0xFF,
  0xE2, 0xE1, 0xFF, 0xFF, 0xE3, 0xE2, 0xFF, 0xFF, 0xE3, 0xE2, 0xFF, 0xFF, 0xE1, 0xE1, 0xFF, 0xFF,
  0xE1, 0xE1, 0xFF, 0xFF, 0xE1, 0xE1, 0xFF, 0xFF, 0xE1, 0xE1, 0xFF, 0xFF, 0xE1, 0xE1, 0xFF, 0xFF,
  0xE1, 0xE1, 0xFF, 0xFF, 0xE1, 0xE1, 0xFF, 0xFF, 0xE1, 0xE1, 0xFF, 0xFF, 0xE1, 0xE1, 0xFF, 0xFF,
  0xE1, 0xE1, 0xFF, 0xFF, 0xE1, 0xE1, 0xFF, 0xFF, 0xDF, 0xE0, 0xFF, 0xFA, 0xF2, 0xF2, 0xFF, 0xFF,
  0xE6, 0xE5, 0xFC, 0xB2, 0x00, 0x00, 0x00, 0x00, 0xFF, 0xFF, 0xFF, 0x04, 0xFF, 0xFF, 0xFF, 0x01,
  0x00, 0x00, 0x00, 0x00, 0x00, 0x00, 0x00, 0x00, 0x00, 0x00, 0x00, 0x00, 0x00, 0x00, 0x00, 0x00,
  0x00, 0x00, 0x00, 0x00, 0x00, 0x00, 0x00, 0x00, 0x00, 0x00, 0x00, 0x00, 0x00, 0x00, 0x00, 0x00,
  0x00, 0x00, 0x00, 0x00, 0x00, 0x00, 0x00, 0x00, 0x00, 0x00, 0x00, 0x00, 0x00, 0x00, 0x00, 0x00,
  0x00, 0x00, 0x00, 0x00, 0x00, 0x00, 0x00, 0x00, 0x00, 0x00, 0x00, 0x00, 0x00, 0x00, 0x00, 0x00,
  0x00, 0x00, 0x00, 0x00, 0x00, 0x00, 0x00, 0x00, 0x00, 0x00, 0x00, 0x00, 0x00, 0x00, 0x00, 0x00,
  0x00, 0x00, 0x00, 0x00, 0x00, 0x00, 0x00, 0x00, 0x00, 0x00, 0x00, 0x00, 0x00, 0x00, 0x00, 0x00,
  0x00, 0x00, 0x00, 0x00, 0x00, 0x00, 0x00, 0x00, 0x00, 0x00, 0x00, 0x00, 0x00, 0x00, 0x00, 0x00,
  0x00, 0x00, 0x00, 0x00, 0x00, 0x00, 0x00, 0x00, 0x00, 0x00, 0x00, 0x00, 0x00, 0x00, 0x00, 0x00,
  0x00, 0x00, 0x00, 0x00, 0x00, 0x00, 0x00, 0x00, 0x00, 0x00, 0x00, 0x00, 0x00, 0x00, 0x00, 0x00,
  0x00, 0x00, 0x00, 0x00, 0x00, 0x00, 0x00, 0x00, 0x00, 0x00, 0x00, 0x00, 0x00, 0x00, 0x00, 0x00,
  0x00, 0x00, 0x00, 0x00, 0x00, 0x00, 0x00, 0x00, 0x00, 0x00, 0x00, 0x00, 0x00, 0x00, 0x00, 0x00,
  0x00, 0x00, 0x00, 0x00, 0x00, 0x00, 0x00, 0x00, 0x00, 0x00, 0x00, 0x00, 0x00, 0x00, 0x00, 0x00,
  0xFF, 0xFF, 0xFF, 0x03, 0x00, 0x00, 0x00, 0x00, 0xE4, 0xE4, 0xF8, 0x26, 0xEC, 0xEA, 0xFD, 0xE2,
  0xED, 0xEB, 0xFF, 0xFF, 0xE1, 0xDF, 0xFF, 0xFC, 0xE2, 0xE0, 0xFE, 0xFF, 0xE2, 0xE0, 0xFE, 0xFF,
  0xE2, 0xE0, 0xFE, 0xFF, 0xE2, 0xE0, 0xFE, 0xFF, 0xE2, 0xE0, 0xFE, 0xFF, 0xE2, 0xE0, 0xFE, 0xFF,
  0xE2, 0xE0, 0xFE, 0xFF, 0xE2, 0xE0, 0xFE, 0xFF, 0xE2, 0xE0, 0xFE, 0xFF, 0xE2, 0xE0, 0xFE, 0xFF,
  0xE2, 0xE0, 0xFE, 0xFF, 0xE2, 0xE0, 0xFE, 0xFF, 0xE1, 0xE1, 0xFF, 0xFF, 0xE0, 0xE0, 0xFF, 0xFF,
  0xE1, 0xE1, 0xFF, 0xFF, 0xE3, 0xE5, 0xFF, 0xFF, 0xBE, 0xBF, 0xFB, 0xFF, 0x76, 0x77, 0xF7, 0xFF,
  0x66, 0x64, 0xFD, 0xFF, 0x6B, 0x6A, 0xFF, 0xFF, 0x6A, 0x6A, 0xFF, 0xFF, 0x69, 0x6A, 0xFF, 0xFF,
  0x6A, 0x69, 0xFF, 0xFF, 0x6B, 0x69, 0xFF, 0xFF, 0x6B, 0x69, 0xFF, 0xFF, 0x6B, 0x69, 0xFF, 0xFF,
  0x6A, 0x69, 0xFF, 0xFF, 0x6A, 0x69, 0xFF, 0xFF, 0x6A, 0x69, 0xFF, 0xFF, 0x6A, 0x69, 0xFF, 0xFF,
  0x6A, 0x69, 0xFF, 0xFF, 0x6A, 0x69, 0xFF, 0xFF, 0x6B, 0x69, 0xFF, 0xFF, 0x6B, 0x69, 0xFF, 0xFF,
  0x6B, 0x69, 0xFF, 0xFF, 0x6B, 0x69, 0xFF, 0xFF, 0x6B, 0x69, 0xFF, 0xFF, 0x6A, 0x69, 0xFF, 0xFF,
  0x6C, 0x6A, 0xFF, 0xFF, 0x6E, 0x68, 0xFF, 0xFF, 0x67, 0x65, 0xFA, 0xFF, 0x83, 0x85, 0xF7, 0xFF,
  0xC0, 0xC2, 0xFC, 0xFF, 0xE1, 0xE4, 0xFE, 0xFF, 0xDF, 0xE2, 0xFD, 0xFF, 0xDF, 0xE1, 0xFE, 0xFF,
  0xE1, 0xE1, 0xFF, 0xFF, 0xE1, 0xE1, 0xFF, 0xFF, 0xE1, 0xE1, 0xFF, 0xFF, 0xE1, 0xE1, 0xFF, 0xFF,
  0xE1, 0xE1, 0xFF, 0xFF, 0xE1, 0xE1, 0xFF, 0xFF, 0xE1, 0xE1, 0xFF, 0xFF, 0xE1, 0xE1, 0xFF, 0xFF,
  0xE1, 0xE1, 0xFF, 0xFF, 0xE1, 0xE1, 0xFF, 0xFF, 0xE1, 0xE1, 0xFF, 0xFF, 0xE1, 0xE1, 0xFF, 0xFF,
  0xE1, 0xE1, 0xFF, 0xFF, 0xDF, 0xE0, 0xFF, 0xFB, 0xF1, 0xF1, 0xFF, 0xFF, 0xE9, 0xE9, 0xFD, 0xCC,
  0xEF, 0xEF, 0xEF, 0x10, 0xFF, 0xFF, 0xFF, 0x02, 0xFF, 0xFF, 0xFF, 0x02, 0x00, 0x00, 0x00, 0x00,
  0x00, 0x00, 0x00, 0x00, 0x00, 0x00, 0x00, 0x00, 0x00, 0x00, 0x00, 0x00, 0x00, 0x00, 0x00, 0x00,
  0x00, 0x00, 0x00, 0x00, 0x00, 0x00, 0x00, 0x00, 0x00, 0x00, 0x00, 0x00, 0x00, 0x00, 0x00, 0x00,
  0x00, 0x00, 0x00, 0x00, 0x00, 0x00, 0x00, 0x00, 0x00, 0x00, 0x00, 0x00, 0x00, 0x00, 0x00, 0x00,
  0x00, 0x00, 0x00, 0x00, 0x00, 0x00, 0x00, 0x00, 0x00, 0x00, 0x00, 0x00, 0x00, 0x00, 0x00, 0x00,
  0x00, 0x00, 0x00, 0x00, 0x00, 0x00, 0x00, 0x00, 0x00, 0x00, 0x00, 0x00, 0x00, 0x00, 0x00, 0x00,
  0x00, 0x00, 0x00, 0x00, 0x00, 0x00, 0x00, 0x00, 0x00, 0x00, 0x00, 0x00, 0x00, 0x00, 0x00, 0x00,
  0x00, 0x00, 0x00, 0x00, 0x00, 0x00, 0x00, 0x00, 0x00, 0x00, 0x00, 0x00, 0x00, 0x00, 0x00, 0x00,
  0x00, 0x00, 0x00, 0x00, 0x00, 0x00, 0x00, 0x00, 0x00, 0x00, 0x00, 0x00, 0x00, 0x00, 0x00, 0x00,
  0x00, 0x00, 0x00, 0x00, 0x00, 0x00, 0x00, 0x00, 0x00, 0x00, 0x00, 0x00, 0x00, 0x00, 0x00, 0x00,
  0x00, 0x00, 0x00, 0x00, 0x00, 0x00, 0x00, 0x00, 0x00, 0x00, 0x00, 0x00, 0x00, 0x00, 0x00, 0x00,
  0x00, 0x00, 0x00, 0x00, 0x00, 0x00, 0x00, 0x00, 0x00, 0x00, 0x00, 0x00, 0x00, 0x00, 0x00, 0x00,
  0x00, 0x00, 0x00, 0x00, 0x00, 0x00, 0x00, 0x00, 0x00, 0x00, 0x00, 0x00, 0x00, 0x00, 0x00, 0x00,
  0x00, 0x00, 0x00, 0x00, 0xBF, 0xBF, 0xFF, 0x04, 0x00, 0x00, 0x00, 0x00, 0xE3, 0xE3, 0xF9, 0x2F,
  0xED, 0xE9, 0xFD, 0xE8, 0xEB, 0xE7, 0xFF, 0xFF, 0xE1, 0xDF, 0xFD, 0xFC, 0xE2, 0xE0, 0xFE, 0xFF,
  0xE2, 0xE0, 0xFE, 0xFF, 0xE2, 0xE0, 0xFE, 0xFF, 0xE2, 0xE0, 0xFE, 0xFF, 0xE2, 0xE0, 0xFE, 0xFF,
  0xE2, 0xE0, 0xFE, 0xFF, 0xE2, 0xE0, 0xFE, 0xFF, 0xE2, 0xE0, 0xFE, 0xFF, 0xE2, 0xE0, 0xFE, 0xFF,
  0xE2, 0xE0, 0xFE, 0xFF, 0xE2, 0xE0, 0xFE, 0xFF, 0xE1, 0xE1, 0xFF, 0xFF, 0xE1, 0xE1, 0xFF, 0xFF,
  0xE1, 0xE1, 0xFF, 0xFF, 0xE1, 0xE0, 0xFF, 0xFF, 0xE5, 0xE6, 0xFF, 0xFF, 0xCB, 0xCD, 0xFD, 0xFF,
  0x8F, 0x8F, 0xF7, 0xFF, 0x6B, 0x69, 0xF7, 0xFF, 0x69, 0x68, 0xFE, 0xFF, 0x6A, 0x6B, 0xFE, 0xFF,
  0x6C, 0x69, 0xFF, 0xFF, 0x6D, 0x67, 0xFE, 0xFF, 0x6C, 0x68, 0xFF, 0xFF, 0x6A, 0x68, 0xFE, 0xFF,
  0x6A, 0x69, 0xFF, 0xFF, 0x6A, 0x69, 0xFF, 0xFF, 0x6A, 0x69, 0xFF, 0xFF, 0x6A, 0x69, 0xFF, 0xFF,
  0x6A, 0x69, 0xFF, 0xFF, 0x6A, 0x69, 0xFF, 0xFF, 0x6B, 0x69, 0xFF, 0xFF, 0x6B, 0x69, 0xFF, 0xFF,
  0x6B, 0x69, 0xFF, 0xFF, 0x69, 0x68, 0xFE, 0xFF, 0x6A, 0x68, 0xFE, 0xFF, 0x6A, 0x6B, 0xFF, 0xFF,
  0x6D, 0x68, 0xFE, 0xFF, 0x75, 0x6D, 0xF9, 0xFF, 0x9E, 0x9D, 0xF9, 0xFF, 0xD9, 0xD9, 0xFE, 0xFF,
  0xE8, 0xE6, 0xFF, 0xFF, 0xDF, 0xE1, 0xFE, 0xFF, 0xDF, 0xE2, 0xFE, 0xFF, 0xE0, 0xE2, 0xFE, 0xFF,
  0xE1, 0xE1, 0xFF, 0xFF, 0xE1, 0xE1, 0xFF, 0xFF, 0xE1, 0xE1, 0xFF, 0xFF, 0xE1, 0xE1, 0xFF, 0xFF,
  0xE1, 0xE1, 0xFF, 0xFF, 0xE1, 0xE1, 0xFF, 0xFF, 0xE1, 0xE1, 0xFF, 0xFF, 0xE1, 0xE1, 0xFF, 0xFF,
  0xE1, 0xE1, 0xFF, 0xFF, 0xE1, 0xE1, 0xFF, 0xFF, 0xE1, 0xE1, 0xFF, 0xFF, 0xE1, 0xE1, 0xFF, 0xFF,
  0xDF, 0xDF, 0xFF, 0xFB, 0xEE, 0xEF, 0xFF, 0xFF, 0xEA, 0xEB, 0xFC, 0xC7, 0xE0, 0xEA, 0xFF, 0x19,
  0x00, 0x00, 0x00, 0x00, 0xFF, 0xFF, 0xFF, 0x02, 0x00, 0x00, 0x00, 0x00, 0x00, 0x00, 0x00, 0x00,
  0x00, 0x00, 0x00, 0x00, 0x00, 0x00, 0x00, 0x00, 0x00, 0x00, 0x00, 0x00, 0x00, 0x00, 0x00, 0x00,
  0x00, 0x00, 0x00, 0x00, 0x00, 0x00, 0x00, 0x00, 0x00, 0x00, 0x00, 0x00, 0x00, 0x00, 0x00, 0x00,
  0x00, 0x00, 0x00, 0x00, 0x00, 0x00, 0x00, 0x00, 0x00, 0x00, 0x00, 0x00, 0x00, 0x00, 0x00, 0x00,
  0x00, 0x00, 0x00, 0x00, 0x00, 0x00, 0x00, 0x00, 0x00, 0x00, 0x00, 0x00, 0x00, 0x00, 0x00, 0x00,
  0x00, 0x00, 0x00, 0x00, 0x00, 0x00, 0x00, 0x00, 0x00, 0x00, 0x00, 0x00, 0x00, 0x00, 0x00, 0x00,
  0x00, 0x00, 0x00, 0x00, 0x00, 0x00, 0x00, 0x00, 0x00, 0x00, 0x00, 0x00, 0x00, 0x00, 0x00, 0x00,
  0x00, 0x00, 0x00, 0x00, 0x00, 0x00, 0x00, 0x00, 0x00, 0x00, 0x00, 0x00, 0x00, 0x00, 0x00, 0x00,
  0x00, 0x00, 0x00, 0x00, 0x00, 0x00, 0x00, 0x00, 0x00, 0x00, 0x00, 0x00, 0x00, 0x00, 0x00, 0x00,
  0x00, 0x00, 0x00, 0x00, 0x00, 0x00, 0x00, 0x00, 0x00, 0x00, 0x00, 0x00, 0x00, 0x00, 0x00, 0x00,
  0x00, 0x00, 0x00, 0x00, 0x00, 0x00, 0x00, 0x00, 0x00, 0x00, 0x00, 0x00, 0x00, 0x00, 0x00, 0x00,
  0x00, 0x00, 0x00, 0x00, 0x00, 0x00, 0x00, 0x00, 0x00, 0x00, 0x00, 0x00, 0x00, 0x00, 0x00, 0x00,
  0x00, 0x00, 0x00, 0x00, 0x00, 0x00, 0x00, 0x00, 0x00, 0x00, 0x00, 0x00, 0x00, 0x00, 0x00, 0x00,
  0x00, 0x00, 0x00, 0x00, 0x00, 0x00, 0x00, 0x00, 0xBF, 0xBF, 0xFF, 0x04, 0x00, 0x00, 0x00, 0x00,
  0xE3, 0xDE, 0xFF, 0x2F, 0xED, 0xE8, 0xFF, 0xEA, 0xEB, 0xE8, 0xFF, 0xFF, 0xE0, 0xDE, 0xFD, 0xFC,
  0xE2, 0xE0, 0xFE, 0xFF, 0xE2, 0xE0, 0xFE, 0xFF, 0xE2, 0xE0, 0xFE, 0xFF, 0xE2, 0xE0, 0xFE, 0xFF,
  0xE2, 0xE0, 0xFE, 0xFF, 0xE2, 0xE0, 0xFE, 0xFF, 0xE2, 0xE0, 0xFE, 0xFF, 0xE2, 0xE0, 0xFE, 0xFF,
  0xE2, 0xE0, 0xFE, 0xFF, 0xE2, 0xE0, 0xFE, 0xFF, 0xE1, 0xE1, 0xFF, 0xFF, 0xE1, 0xE1, 0xFF, 0xFF,
  0xE1, 0xE1, 0xFF, 0xFF, 0xE1, 0xE0, 0xFF, 0xFF, 0xE0, 0xDF, 0xFF, 0xFF, 0xE4, 0xE3, 0xFE, 0xFF,
  0xE1, 0xE0, 0xFE, 0xFF, 0xAB, 0xAA, 0xF8, 0xFF, 0x6F, 0x6F, 0xF6, 0xFF, 0x67, 0x67, 0xFB, 0xFF,
  0x6D, 0x6A, 0xFF, 0xFF, 0x6D, 0x69, 0xFF, 0xFF, 0x6D, 0x68, 0xFE, 0xFF, 0x6A, 0x68, 0xFE, 0xFF,
  0x6A, 0x69, 0xFF, 0xFF, 0x6A, 0x69, 0xFF, 0xFF, 0x6A, 0x69, 0xFF, 0xFF, 0x6A, 0x69, 0xFF, 0xFF,
  0x6A, 0x69, 0xFF, 0xFF, 0x6A, 0x69, 0xFF, 0xFF, 0x6B, 0x69, 0xFF, 0xFF, 0x6B, 0x69, 0xFF, 0xFF,
  0x6B, 0x69, 0xFF, 0xFF, 0x6D, 0x67, 0xFF, 0xFF, 0x6E, 0x66, 0xFF, 0xFF, 0x6A, 0x63, 0xFC, 0xFF,
  0x7B, 0x77, 0xF4, 0xFF, 0xBA, 0xBB, 0xFA, 0xFF, 0xE0, 0xE3, 0xFF, 0xFF, 0xE3, 0xE3, 0xFF, 0xFF,
  0xE0, 0xE0, 0xFF, 0xFF, 0xDF, 0xE1, 0xFF, 0xFF, 0xDF, 0xE2, 0xFE, 0xFF, 0xE0, 0xE1, 0xFF, 0xFF,
  0xE1, 0xE1, 0xFF, 0xFF, 0xE1, 0xE1, 0xFF, 0xFF, 0xE1, 0xE1, 0xFF, 0xFF, 0xE1, 0xE1, 0xFF, 0xFF,
  0xE1, 0xE1, 0xFF, 0xFF, 0xE1, 0xE1, 0xFF, 0xFF, 0xE1, 0xE1, 0xFF, 0xFF, 0xE1, 0xE1, 0xFF, 0xFF,
  0xE1, 0xE1, 0xFF, 0xFF, 0xE1, 0xE1, 0xFF, 0xFF, 0xE1, 0xE1, 0xFF, 0xFF, 0xDF, 0xDF, 0xFF, 0xFB,
  0xEF, 0xEF, 0xFF, 0xFF, 0xE8, 0xE7, 0xFD, 0xCF, 0xEE, 0xEE, 0xFF, 0x0F, 0x00, 0x00, 0x00, 0x00,
  0xFF, 0xFF, 0xFF, 0x02, 0x00, 0x00, 0x00, 0x00, 0x00, 0x00, 0x00, 0x00, 0x00, 0x00, 0x00, 0x00,
  0x00, 0x00, 0x00, 0x00, 0x00, 0x00, 0x00, 0x00, 0x00, 0x00, 0x00, 0x00, 0x00, 0x00, 0x00, 0x00,
  0x00, 0x00, 0x00, 0x00, 0x00, 0x00, 0x00, 0x00, 0x00, 0x00, 0x00, 0x00, 0x00, 0x00, 0x00, 0x00,
  0x00, 0x00, 0x00, 0x00, 0x00, 0x00, 0x00, 0x00, 0x00, 0x00, 0x00, 0x00, 0x00, 0x00, 0x00, 0x00,
  0x00, 0x00, 0x00, 0x00, 0x00, 0x00, 0x00, 0x00, 0x00, 0x00, 0x00, 0x00, 0x00, 0x00, 0x00, 0x00,
  0x00, 0x00, 0x00, 0x00, 0x00, 0x00, 0x00, 0x00, 0x00, 0x00, 0x00, 0x00, 0x00, 0x00, 0x00, 0x00,
  0x00, 0x00, 0x00, 0x00, 0x00, 0x00, 0x00, 0x00, 0x00, 0x00, 0x00, 0x00, 0x00, 0x00, 0x00, 0x00,
  0x00, 0x00, 0x00, 0x00, 0x00, 0x00, 0x00, 0x00, 0x00, 0x00, 0x00, 0x00, 0x00, 0x00, 0x00, 0x00,
  0x00, 0x00, 0x00, 0x00, 0x00, 0x00, 0x00, 0x00, 0x00, 0x00, 0x00, 0x00, 0x00, 0x00, 0x00, 0x00,
  0x00, 0x00, 0x00, 0x00, 0x00, 0x00, 0x00, 0x00, 0x00, 0x00, 0x00, 0x00, 0x00, 0x00, 0x00, 0x00,
  0x00, 0x00, 0x00, 0x00, 0x00, 0x00, 0x00, 0x00, 0x00, 0x00, 0x00, 0x00, 0x00, 0x00, 0x00, 0x00,
  0x00, 0x00, 0x00, 0x00, 0x00, 0x00, 0x00, 0x00, 0x00, 0x00, 0x00, 0x00, 0x00, 0x00, 0x00, 0x00,
  0x00, 0x00, 0x00, 0x00, 0x00, 0x00, 0x00, 0x00, 0x00, 0x00, 0x00, 0x00, 0x00, 0x00, 0x00, 0x00,
  0x00, 0x00, 0x00, 0x00, 0x00, 0x00, 0x00, 0x00, 0x00, 0x00, 0x00, 0x00, 0xBF, 0xBF, 0xFF, 0x04,
  0x00, 0x00, 0x00, 0x00, 0xE5, 0xE5, 0xFF, 0x32, 0xEC, 0xE9, 0xFF, 0xE8, 0xEC, 0xE9, 0xFF, 0xFF,
  0xE0, 0xDF, 0xFD, 0xFC, 0xE2, 0xE1, 0xFF, 0xFF, 0xE1, 0xE1, 0xFF, 0xFF, 0xE1, 0xE1, 0xFF, 0xFF,
  0xE2, 0xE0, 0xFE, 0xFF, 0xE2, 0xE0, 0xFE, 0xFF, 0xE2, 0xE0, 0xFE, 0xFF, 0xE2, 0xE0, 0xFE, 0xFF,
  0xE2, 0xE0, 0xFE, 0xFF, 0xE2, 0xE0, 0xFE, 0xFF, 0xE2, 0xE0, 0xFE, 0xFF, 0xE2, 0xE0, 0xFE, 0xFF,
  0xE2, 0xE0, 0xFE, 0xFF, 0xE2, 0xE0, 0xFE, 0xFF, 0xE2, 0xE0, 0xFE, 0xFF, 0xE1, 0xDF, 0xFE, 0xFF,
  0xE3, 0xE0, 0xFE, 0xFF, 0xE5, 0xE4, 0xFF, 0xFF, 0xC0, 0xC1, 0xFC, 0xFF, 0x83, 0x86, 0xF7, 0xFF,
  0x67, 0x67, 0xF6, 0xFF, 0x6B, 0x6A, 0xFB, 0xFF, 0x6C, 0x6C, 0xFE, 0xFF, 0x6C, 0x6A, 0xFF, 0xFF,
  0x6C, 0x6A, 0xFF, 0xFF, 0x6B, 0x6B, 0xFF, 0xFF, 0x6B, 0x6A, 0xFF, 0xFF, 0x6B, 0x6B, 0xFF, 0xFF,
  0x6A, 0x6A, 0xFF, 0xFF, 0x6B, 0x6A, 0xFF, 0xFF, 0x6C, 0x6A, 0xFF, 0xFF, 0x6D, 0x6A, 0xFF, 0xFF,
  0x70, 0x6B, 0xFF, 0xFF, 0x6F, 0x65, 0xFD, 0xFF, 0x72, 0x66, 0xFA, 0xFF, 0x95, 0x8E, 0xFA, 0xFF,
  0xCB, 0xCC, 0xFB, 0xFF, 0xE3, 0xE5, 0xFF, 0xFF, 0xDF, 0xE1, 0xFF, 0xFF, 0xDE, 0xE0, 0xFF, 0xFF,
  0xDF, 0xE1, 0xFF, 0xFF, 0xDF, 0xE1, 0xFF, 0xFF, 0xDF, 0xE1, 0xFF, 0xFF, 0xE0, 0xE1, 0xFF, 0xFF,
  0xE1, 0xE1, 0xFF, 0xFF, 0xE1, 0xE1, 0xFF, 0xFF, 0xE1, 0xE1, 0xFF, 0xFF, 0xE1, 0xE1, 0xFF, 0xFF,
  0xE1, 0xE1, 0xFF, 0xFF, 0xE1, 0xE1, 0xFF, 0xFF, 0xE1, 0xE1, 0xFF, 0xFF, 0xE1, 0xE1, 0xFF, 0xFF,
  0xE1, 0xE1, 0xFF, 0xFF, 0xE1, 0xE1, 0xFF, 0xFF, 0xE0, 0xE0, 0xFF, 0xFB, 0xF2, 0xF1, 0xFF, 0xFF,
  0xEB, 0xEA, 0xFD, 0xC7, 0xE4, 0xE4, 0xF1, 0x13, 0x00, 0x00, 0x00, 0x00, 0xFF, 0xFF, 0xFF, 0x03,
  0x00, 0x00, 0x00, 0x00, 0x00, 0x00, 0x00, 0x00, 0x00, 0x00, 0x00, 0x00, 0x00, 0x00, 0x00, 0x00,
  0x00, 0x00, 0x00, 0x00, 0x00, 0x00, 0x00, 0x00, 0x00, 0x00, 0x00, 0x00, 0x00, 0x00, 0x00, 0x00,
  0x00, 0x00, 0x00, 0x00, 0x00, 0x00, 0x00, 0x00, 0x00, 0x00, 0x00, 0x00, 0x00, 0x00, 0x00, 0x00,
  0x00, 0x00, 0x00, 0x00, 0x00, 0x00, 0x00, 0x00, 0x00, 0x00, 0x00, 0x00, 0x00, 0x00, 0x00, 0x00,
  0x00, 0x00, 0x00, 0x00, 0x00, 0x00, 0x00, 0x00, 0x00, 0x00, 0x00, 0x00, 0x00, 0x00, 0x00, 0x00,
  0x00, 0x00, 0x00, 0x00, 0x00, 0x00, 0x00, 0x00, 0x00, 0x00, 0x00, 0x00, 0x00, 0x00, 0x00, 0x00,
  0x00, 0x00, 0x00, 0x00, 0x00, 0x00, 0x00, 0x00, 0x00, 0x00, 0x00, 0x00, 0x00, 0x00, 0x00, 0x00,
  0x00, 0x00, 0x00, 0x00, 0x00, 0x00, 0x00, 0x00, 0x00, 0x00, 0x00, 0x00, 0x00, 0x00, 0x00, 0x00,
  0x00, 0x00, 0x00, 0x00, 0x00, 0x00, 0x00, 0x00, 0x00, 0x00, 0x00, 0x00, 0x00, 0x00, 0x00, 0x00,
  0x00, 0x00, 0x00, 0x00, 0x00, 0x00, 0x00, 0x00, 0x00, 0x00, 0x00, 0x00, 0x00, 0x00, 0x00, 0x00,
  0x00, 0x00, 0x00, 0x00, 0x00, 0x00, 0x00, 0x00, 0x00, 0x00, 0x00, 0x00, 0x00, 0x00, 0x00, 0x00,
  0x00, 0x00, 0x00, 0x00, 0x00, 0x00, 0x00, 0x00, 0x00, 0x00, 0x00, 0x00, 0x00, 0x00, 0x00, 0x00,
  0x00, 0x00, 0x00, 0x00, 0x00, 0x00, 0x00, 0x00, 0x00, 0x00, 0x00, 0x00, 0x00, 0x00, 0x00, 0x00,
  0x00, 0x00, 0x00, 0x00, 0x00, 0x00, 0x00, 0x00, 0x00, 0x00, 0x00, 0x00, 0x00, 0x00, 0x00, 0x00,
  0xFF, 0xFF, 0xFF, 0x03, 0x00, 0x00, 0x00, 0x00, 0xE9, 0xE1, 0xFF, 0x23, 0xE9, 0xE6, 0xFC, 0xD9,
  0xEF, 0xEE, 0xFF, 0xFF, 0xDF, 0xE0, 0xFD, 0xFB, 0xE1, 0xE1, 0xFF, 0xFF, 0xE1, 0xE1, 0xFF, 0xFF,
  0xE2, 0xE0, 0xFE, 0xFF, 0xE2, 0xE0, 0xFE, 0xFF, 0xE2, 0xE0, 0xFE, 0xFF, 0xE2, 0xE0, 0xFE, 0xFF,
  0xE2, 0xE0, 0xFE, 0xFF, 0xE2, 0xE0, 0xFE, 0xFF, 0xE2, 0xE0, 0xFE, 0xFF, 0xE2, 0xE0, 0xFE, 0xFF,
  0xE2, 0xE0, 0xFE, 0xFF, 0xE2, 0xE0, 0xFE, 0xFF, 0xE2, 0xE0, 0xFE, 0xFF, 0xE2, 0xE0, 0xFE, 0xFF,
  0xE2, 0xE0, 0xFE, 0xFF, 0xE1, 0xDF, 0xFE, 0xFF, 0xE6, 0xE5, 0xFF, 0xFF, 0xDA, 0xD8, 0xFE, 0xFF,
  0xA7, 0xA9, 0xF6, 0xFF, 0x75, 0x76, 0xF7, 0xFF, 0x6B, 0x63, 0xFC, 0xFF, 0x6C, 0x6A, 0xFF, 0xFF,
  0x6B, 0x6D, 0xFF, 0xFF, 0x6A, 0x6B, 0xFF, 0xFF, 0x69, 0x6B, 0xFF, 0xFF, 0x6B, 0x6B, 0xFF, 0xFF,
  0x6B, 0x6C, 0xFF, 0xFF, 0x6A, 0x6B, 0xFE, 0xFF, 0x6C, 0x69, 0xFF, 0xFF, 0x6D, 0x6B, 0xFF, 0xFF,
  0x69, 0x67, 0xFD, 0xFF, 0x7A, 0x73, 0xF6, 0xFF, 0xB4, 0xB1, 0xFA, 0xFF, 0xDF, 0xE0, 0xFF, 0xFF,
  0xE2, 0xE4, 0xFF, 0xFF, 0xDE, 0xE0, 0xFF, 0xFF, 0xDF, 0xE1, 0xFF, 0xFF, 0xDF, 0xE1, 0xFF, 0xFF,
  0xDF, 0xE1, 0xFF, 0xFF, 0xDF, 0xE1, 0xFF, 0xFF, 0xDF, 0xE1, 0xFF, 0xFF, 0xE0, 0xE1, 0xFF, 0xFF,
  0xE1, 0xE1, 0xFF, 0xFF, 0xE1, 0xE1, 0xFF, 0xFF, 0xE1, 0xE1, 0xFF, 0xFF, 0xE1, 0xE1, 0xFF, 0xFF,
  0xE1, 0xE1, 0xFF, 0xFF, 0xE1, 0xE1, 0xFF, 0xFF, 0xE1, 0xE1, 0xFF, 0xFF, 0xE1, 0xE1, 0xFF, 0xFF,
  0xE1, 0xE1, 0xFF, 0xFF, 0xE0, 0xE0, 0xFF, 0xFB, 0xF0, 0xF0, 0xFF, 0xFF, 0xE9, 0xE8, 0xFA, 0xB6,
  0xDA, 0xDA, 0xEC, 0x0E, 0x00, 0x00, 0x00, 0x00, 0xFF, 0xFF, 0xFF, 0x02, 0x00, 0x00, 0x00, 0x00,
  0x00, 0x00, 0x00, 0x00, 0x00, 0x00, 0x00, 0x00, 0x00, 0x00, 0x00, 0x00, 0x00, 0x00, 0x00, 0x00,
  0x00, 0x00, 0x00, 0x00, 0x00, 0x00, 0x00, 0x00, 0x00, 0x00, 0x00, 0x00, 0x00, 0x00, 0x00, 0x00,
  0x00, 0x00, 0x00, 0x00, 0x00, 0x00, 0x00, 0x00, 0x00, 0x00, 0x00, 0x00, 0x00, 0x00, 0x00, 0x00,
  0x00, 0x00, 0x00, 0x00, 0x00, 0x00, 0x00, 0x00, 0x00, 0x00, 0x00, 0x00, 0x00, 0x00, 0x00, 0x00,
  0x00, 0x00, 0x00, 0x00, 0x00, 0x00, 0x00, 0x00, 0x00, 0x00, 0x00, 0x00, 0x00, 0x00, 0x00, 0x00,
  0x00, 0x00, 0x00, 0x00, 0x00, 0x00, 0x00, 0x00, 0x00, 0x00, 0x00, 0x00, 0x00, 0x00, 0x00, 0x00,
  0x00, 0x00, 0x00, 0x00, 0x00, 0x00, 0x00, 0x00, 0x00, 0x00, 0x00, 0x00, 0x00, 0x00, 0x00, 0x00,
  0x00, 0x00, 0x00, 0x00, 0x00, 0x00, 0x00, 0x00, 0x00, 0x00, 0x00, 0x00, 0x00, 0x00, 0x00, 0x00,
  0x00, 0x00, 0x00, 0x00, 0x00, 0x00, 0x00, 0x00, 0x00, 0x00, 0x00, 0x00, 0x00, 0x00, 0x00, 0x00,
  0x00, 0x00, 0x00, 0x00, 0x00, 0x00, 0x00, 0x00, 0x00, 0x00, 0x00, 0x00, 0x00, 0x00, 0x00, 0x00,
  0x00, 0x00, 0x00, 0x00, 0x00, 0x00, 0x00, 0x00, 0x00, 0x00, 0x00, 0x00, 0x00, 0x00, 0x00, 0x00,
  0x00, 0x00, 0x00, 0x00, 0x00, 0x00, 0x00, 0x00, 0x00, 0x00, 0x00, 0x00, 0x00, 0x00, 0x00, 0x00,
  0x00, 0x00, 0x00, 0x00, 0x00, 0x00, 0x00, 0x00, 0x00, 0x00, 0x00, 0x00, 0x00, 0x00, 0x00, 0x00,
  0x00, 0x00, 0x00, 0x00, 0x00, 0x00, 0x00, 0x00, 0x00, 0x00, 0x00, 0x00, 0x00, 0x00, 0x00, 0x00,
  0x00, 0x00, 0x00, 0x00, 0xBF, 0xBF, 0xFF, 0x04, 0x00, 0x00, 0x00, 0x00, 0xE0, 0xE0, 0xF4, 0x19,
  0xEC, 0xE8, 0xFD, 0xCE, 0xF2, 0xEF, 0xFF, 0xFF, 0xE1, 0xE1, 0xFF, 0xFA, 0xE2, 0xE2, 0xFF, 0xFF,
  0xE2, 0xE0, 0xFE, 0xFF, 0xE2, 0xE0, 0xFE, 0xFF, 0xE2, 0xE0, 0xFE, 0xFF, 0xE2, 0xE0, 0xFE, 0xFF,
  0xE2, 0xE0, 0xFE, 0xFF, 0xE2, 0xE0, 0xFE, 0xFF, 0xE2, 0xE0, 0xFE, 0xFF, 0xE2, 0xE0, 0xFE, 0xFF,
  0xE2, 0xE0, 0xFE, 0xFF, 0xE2, 0xE0, 0xFE, 0xFF, 0xE2, 0xE0, 0xFE, 0xFF, 0xE2, 0xE0, 0xFE, 0xFF,
  0xE2, 0xE0, 0xFE, 0xFF, 0xE2, 0xE0, 0xFE, 0xFF, 0xE1, 0xDF, 0xFE, 0xFF, 0xE5, 0xE1, 0xFF, 0xFF,
  0xE8, 0xE4, 0xFF, 0xFF, 0xCB, 0xC9, 0xFD, 0xFF, 0x99, 0x93, 0xF7, 0xFF, 0x6B, 0x68, 0xF7, 0xFF,
  0x69, 0x6A, 0xFC, 0xFF, 0x6D, 0x6C, 0xFF, 0xFF, 0x6A, 0x6A, 0xFF, 0xFF, 0x6B, 0x6C, 0xFE, 0xFF,
  0x6C, 0x6B, 0xFF, 0xFF, 0x6D, 0x69, 0xFE, 0xFF, 0x67, 0x62, 0xFE, 0xFF, 0x6C, 0x6B, 0xF9, 0xFF,
  0x96, 0x98, 0xF9, 0xFF, 0xCE, 0xCD, 0xFD, 0xFF, 0xE5, 0xE5, 0xFF, 0xFF, 0xE0, 0xE1, 0xFF, 0xFF,
  0xDF, 0xE0, 0xFE, 0xFF, 0xE0, 0xE1, 0xFF, 0xFF, 0xE0, 0xE1, 0xFF, 0xFF, 0xE0, 0xE1, 0xFF, 0xFF,
  0xE0, 0xE1, 0xFF, 0xFF, 0xE0, 0xE1, 0xFF, 0xFF, 0xE0, 0xE1, 0xFF, 0xFF, 0xE0, 0xE1, 0xFF, 0xFF,
  0xE1, 0xE1, 0xFF, 0xFF, 0xE1, 0xE1, 0xFF, 0xFF, 0xE1, 0xE1, 0xFF, 0xFF, 0xE1, 0xE1, 0xFF, 0xFF,
  0xE1, 0xE1, 0xFF, 0xFF, 0xE1, 0xE1, 0xFF, 0xFF, 0xE1, 0xE1, 0xFF, 0xFF, 0xE1, 0xE0, 0xFF, 0xFE,
  0xE1, 0xE0, 0xFF, 0xFB, 0xF8, 0xF5, 0xFF, 0xFF, 0xE8, 0xE7, 0xFD, 0xAA, 0x00, 0xFF, 0x00, 0x01,
  0x00, 0x00, 0x00, 0x00, 0xFF, 0xFF, 0xFF, 0x02, 0x00, 0x00, 0x00, 0x00, 0x00, 0x00, 0x00, 0x00,
  0x00, 0x00, 0x00, 0x00, 0x00, 0x00, 0x00, 0x00, 0x00, 0x00, 0x00, 0x00, 0x00, 0x00, 0x00, 0x00,
  0x00, 0x00, 0x00, 0x00, 0x00, 0x00, 0x00, 0x00, 0x00, 0x00, 0x00, 0x00, 0x00, 0x00, 0x00, 0x00,
  0x00, 0x00, 0x00, 0x00, 0x00, 0x00, 0x00, 0x00, 0x00, 0x00, 0x00, 0x00, 0x00, 0x00, 0x00, 0x00,
  0x00, 0x00, 0x00, 0x00, 0x00, 0x00, 0x00, 0x00, 0x00, 0x00, 0x00, 0x00, 0x00, 0x00, 0x00, 0x00,
  0x00, 0x00, 0x00, 0x00, 0x00, 0x00, 0x00, 0x00, 0x00, 0x00, 0x00, 0x00, 0x00, 0x00, 0x00, 0x00,
  0x00, 0x00, 0x00, 0x00, 0x00, 0x00, 0x00, 0x00, 0x00, 0x00, 0x00, 0x00, 0x00, 0x00, 0x00, 0x00,
  0x00, 0x00, 0x00, 0x00, 0x00, 0x00, 0x00, 0x00, 0x00, 0x00, 0x00, 0x00, 0x00, 0x00, 0x00, 0x00,
  0x00, 0x00, 0x00, 0x00, 0x00, 0x00, 0x00, 0x00, 0x00, 0x00, 0x00, 0x00, 0x00, 0x00, 0x00, 0x00,
  0x00, 0x00, 0x00, 0x00, 0x00, 0x00, 0x00, 0x00, 0x00, 0x00, 0x00, 0x00, 0x00, 0x00, 0x00, 0x00,
  0x00, 0x00, 0x00, 0x00, 0x00, 0x00, 0x00, 0x00, 0x00, 0x00, 0x00, 0x00, 0x00, 0x00, 0x00, 0x00,
  0x00, 0x00, 0x00, 0x00, 0x00, 0x00, 0x00, 0x00, 0x00, 0x00, 0x00, 0x00, 0x00, 0x00, 0x00, 0x00,
  0x00, 0x00, 0x00, 0x00, 0x00, 0x00, 0x00, 0x00, 0x00, 0x00, 0x00, 0x00, 0x00, 0x00, 0x00, 0x00,
  0x00, 0x00, 0x00, 0x00, 0x00, 0x00, 0x00, 0x00, 0x00, 0x00, 0x00, 0x00, 0x00, 0x00, 0x00, 0x00,
  0x00, 0x00, 0x00, 0x00, 0x00, 0x00, 0x00, 0x00, 0x00, 0x00, 0x00, 0x00, 0x00, 0x00, 0x00, 0x00,
  0x00, 0x00, 0x00, 0x00, 0x00, 0x00, 0x00, 0x00, 0xFF, 0xFF, 0xFF, 0x03, 0x00, 0x00, 0x00, 0x00,
  0xE4, 0xE4, 0xFF, 0x13, 0xEB, 0xE7, 0xFD, 0xC1, 0xF5, 0xF3, 0xFF, 0xFF, 0xE3, 0xE2, 0xFF, 0xFB,
  0xE1, 0xE0, 0xFD, 0xFF, 0xE2, 0xE0, 0xFE, 0xFF, 0xE2, 0xE0, 0xFE, 0xFF, 0xE2, 0xE0, 0xFE, 0xFF,
  0xE2, 0xE0, 0xFE, 0xFF, 0xE2, 0xE0, 0xFE, 0xFF, 0xE2, 0xE0, 0xFE, 0xFF, 0xE2, 0xE0, 0xFE, 0xFF,
  0xE2, 0xE0, 0xFE, 0xFF, 0xE2, 0xE0, 0xFE, 0xFF, 0xE2, 0xE0, 0xFE, 0xFF, 0xE2, 0xE0, 0xFE, 0xFF,
  0xE2, 0xE0, 0xFE, 0xFF, 0xE2, 0xE0, 0xFE, 0xFF, 0xE2, 0xE0, 0xFE, 0xFF, 0xE1, 0xE0, 0xFE, 0xFF,
  0xE1, 0xDE, 0xFE, 0xFF, 0xE5, 0xE4, 0xFF, 0xFF, 0xE1, 0xE4, 0xFE, 0xFF, 0xAF, 0xB0, 0xF8, 0xFF,
  0x7B, 0x77, 0xF8, 0xFF, 0x6C, 0x63, 0xFE, 0xFF, 0x6C, 0x68, 0xFF, 0xFF, 0x6D, 0x6B, 0xFF, 0xFF,
  0x6B, 0x66, 0xFF, 0xFF, 0x6A, 0x64, 0xFB, 0xFF, 0x83, 0x7E, 0xF9, 0xFF, 0xB9, 0xB8, 0xFC, 0xFF,
  0xE4, 0xE3, 0xFF, 0xFF, 0xE5, 0xE4, 0xFF, 0xFF, 0xE1, 0xDF, 0xFE, 0xFF, 0xE2, 0xE0, 0xFE, 0xFF,
  0xE2, 0xE0, 0xFE, 0xFF, 0xE2, 0xE0, 0xFE, 0xFF, 0xE2, 0xE0, 0xFE, 0xFF, 0xE2, 0xE0, 0xFE, 0xFF,
  0xE2, 0xE0, 0xFE, 0xFF, 0xE2, 0xE0, 0xFE, 0xFF, 0xE2, 0xE0, 0xFE, 0xFF, 0xE2, 0xE0, 0xFE, 0xFF,
  0xE2, 0xE0, 0xFE, 0xFF, 0xE2, 0xE0, 0xFE, 0xFF, 0xE2, 0xE0, 0xFE, 0xFF, 0xE2, 0xE0, 0xFE, 0xFF,
  0xE2, 0xE0, 0xFE, 0xFF, 0xE2, 0xE0, 0xFE, 0xFF, 0xE1, 0xDF, 0xFD, 0xFD, 0xE3, 0xE1, 0xFF, 0xFD,
  0xF0, 0xED, 0xFF, 0xFF, 0xEB, 0xE7, 0xFD, 0x9A, 0xBF, 0xFF, 0xBF, 0x04, 0xFF, 0xFF, 0xFF, 0x01,
  0xFF, 0xFF, 0xFF, 0x02, 0x00, 0x00, 0x00, 0x00, 0x00, 0x00, 0x00, 0x00, 0x00, 0x00, 0x00, 0x00,
  0x00, 0x00, 0x00, 0x00, 0x00, 0x00, 0x00, 0x00, 0x00, 0x00, 0x00, 0x00, 0x00, 0x00, 0x00, 0x00,
  0x00, 0x00, 0x00, 0x00, 0x00, 0x00, 0x00, 0x00, 0x00, 0x00, 0x00, 0x00, 0x00, 0x00, 0x00, 0x00,
  0x00, 0x00, 0x00, 0x00, 0x00, 0x00, 0x00, 0x00, 0x00, 0x00, 0x00, 0x00, 0x00, 0x00, 0x00, 0x00,
  0x00, 0x00, 0x00, 0x00, 0x00, 0x00, 0x00, 0x00, 0x00, 0x00, 0x00, 0x00, 0x00, 0x00, 0x00, 0x00,
  0x00, 0x00, 0x00, 0x00, 0x00, 0x00, 0x00, 0x00, 0x00, 0x00, 0x00, 0x00, 0x00, 0x00, 0x00, 0x00,
  0x00, 0x00, 0x00, 0x00, 0x00, 0x00, 0x00, 0x00, 0x00, 0x00, 0x00, 0x00, 0x00, 0x00, 0x00, 0x00,
  0x00, 0x00, 0x00, 0x00, 0x00, 0x00, 0x00, 0x00, 0x00, 0x00, 0x00, 0x00, 0x00, 0x00, 0x00, 0x00,
  0x00, 0x00, 0x00, 0x00, 0x00, 0x00, 0x00, 0x00, 0x00, 0x00, 0x00, 0x00, 0x00, 0x00, 0x00, 0x00,
  0x00, 0x00, 0x00, 0x00, 0x00, 0x00, 0x00, 0x00, 0x00, 0x00, 0x00, 0x00, 0x00, 0x00, 0x00, 0x00,
  0x00, 0x00, 0x00, 0x00, 0x00, 0x00, 0x00, 0x00, 0x00, 0x00, 0x00, 0x00, 0x00, 0x00, 0x00, 0x00,
  0x00, 0x00, 0x00, 0x00, 0x00, 0x00, 0x00, 0x00, 0x00, 0x00, 0x00, 0x00, 0x00, 0x00, 0x00, 0x00,
  0x00, 0x00, 0x00, 0x00, 0x00, 0x00, 0x00, 0x00, 0x00, 0x00, 0x00, 0x00, 0x00, 0x00, 0x00, 0x00,
  0x00, 0x00, 0x00, 0x00, 0x00, 0x00, 0x00, 0x00, 0x00, 0x00, 0x00, 0x00, 0x00, 0x00, 0x00, 0x00,
  0x00, 0x00, 0x00, 0x00, 0x00, 0x00, 0x00, 0x00, 0x00, 0x00, 0x00, 0x00, 0x00, 0x00, 0x00, 0x00,
  0x00, 0x00, 0x00, 0x00, 0x00, 0x00, 0x00, 0x00, 0x00, 0x00, 0x00, 0x00, 0xFF, 0xFF, 0xFF, 0x02,
  0x00, 0x00, 0x00, 0x00, 0xE2, 0xE2, 0xFF, 0x09, 0xE9, 0xE7, 0xFD, 0xB0, 0xF1, 0xEF, 0xFF, 0xFF,
  0xE3, 0xE1, 0xFF, 0xFC, 0xE0, 0xDE, 0xFD, 0xFE, 0xE2, 0xE0, 0xFE, 0xFF, 0xE2, 0xE0, 0xFE, 0xFF,
  0xE2, 0xE0, 0xFE, 0xFF, 0xE2, 0xE0, 0xFE, 0xFF, 0xE2, 0xE0, 0xFE, 0xFF, 0xE2, 0xE0, 0xFE, 0xFF,
  0xE2, 0xE0, 0xFE, 0xFF, 0xE2, 0xE0, 0xFE, 0xFF, 0xE2, 0xE0, 0xFE, 0xFF, 0xE2, 0xE0, 0xFE, 0xFF,
  0xE2, 0xE0, 0xFE, 0xFF, 0xE2, 0xE0, 0xFE, 0xFF, 0xE2, 0xE0, 0xFE, 0xFF, 0xE2, 0xE0, 0xFE, 0xFF,
  0xE2, 0xE0, 0xFE, 0xFF, 0xE1, 0xDF, 0xFE, 0xFF, 0xE0, 0xE0, 0xFE, 0xFF, 0xE4, 0xE6, 0xFF, 0xFF,
  0xCF, 0xD0, 0xFE, 0xFF, 0xA1, 0x9D, 0xFC, 0xFF, 0x76, 0x70, 0xFD, 0xFF, 0x66, 0x65, 0xFA, 0xFF,
  0x78, 0x79, 0xF7, 0xFF, 0xAA, 0xAC, 0xFA, 0xFF, 0xDC, 0xD9, 0xFD, 0xFF, 0xEB, 0xE6, 0xFF, 0xFF,
  0xE6, 0xE2, 0xFF, 0xFF, 0xE5, 0xE1, 0xFF, 0xFF, 0xE4, 0xE1, 0xFF, 0xFF, 0xE2, 0xE0, 0xFE, 0xFF,
  0xE2, 0xE0, 0xFE, 0xFF, 0xE2, 0xE0, 0xFE, 0xFF, 0xE2, 0xE0, 0xFE, 0xFF, 0xE2, 0xE0, 0xFE, 0xFF,
  0xE2, 0xE0, 0xFE, 0xFF, 0xE2, 0xE0, 0xFE, 0xFF, 0xE2, 0xE0, 0xFE, 0xFF, 0xE2, 0xE0, 0xFE, 0xFF,
  0xE2, 0xE0, 0xFE, 0xFF, 0xE2, 0xE0, 0xFE, 0xFF, 0xE2, 0xE0, 0xFE, 0xFF, 0xE2, 0xE0, 0xFE, 0xFF,
  0xE2, 0xE0, 0xFE, 0xFF, 0xE0, 0xDE, 0xFD, 0xFD, 0xE7, 0xE4, 0xFF, 0xFF, 0xF0, 0xED, 0xFF, 0xFF,
  0xEC, 0xE8, 0xFC, 0x6F, 0x00, 0x00, 0x00, 0x00, 0xFF, 0xFF, 0xFF, 0x01, 0xFF, 0xFF, 0xFF, 0x01,
  0x00, 0x00, 0x00, 0x00, 0x00, 0x00, 0x00, 0x00, 0x00, 0x00, 0x00, 0x00, 0x00, 0x00, 0x00, 0x00,
  0x00, 0x00, 0x00, 0x00, 0x00, 0x00, 0x00, 0x00, 0x00, 0x00, 0x00, 0x00, 0x00, 0x00, 0x00, 0x00,
  0x00, 0x00, 0x00, 0x00, 0x00, 0x00, 0x00, 0x00, 0x00, 0x00, 0x00, 0x00, 0x00, 0x00, 0x00, 0x00,
  0x00, 0x00, 0x00, 0x00, 0x00, 0x00, 0x00, 0x00, 0x00, 0x00, 0x00, 0x00, 0x00, 0x00, 0x00, 0x00,
  0x00, 0x00, 0x00, 0x00, 0x00, 0x00, 0x00, 0x00, 0x00, 0x00, 0x00, 0x00, 0x00, 0x00, 0x00, 0x00,
  0x00, 0x00, 0x00, 0x00, 0x00, 0x00, 0x00, 0x00, 0x00, 0x00, 0x00, 0x00, 0x00, 0x00, 0x00, 0x00,
  0x00, 0x00, 0x00, 0x00, 0x00, 0x00, 0x00, 0x00, 0x00, 0x00, 0x00, 0x00, 0x00, 0x00, 0x00, 0x00,
  0x00, 0x00, 0x00, 0x00, 0x00, 0x00, 0x00, 0x00, 0x00, 0x00, 0x00, 0x00, 0x00, 0x00, 0x00, 0x00,
  0x00, 0x00, 0x00, 0x00, 0x00, 0x00, 0x00, 0x00, 0x00, 0x00, 0x00, 0x00, 0x00, 0x00, 0x00, 0x00,
  0x00, 0x00, 0x00, 0x00, 0x00, 0x00, 0x00, 0x00, 0x00, 0x00, 0x00, 0x00, 0x00, 0x00, 0x00, 0x00,
  0x00, 0x00, 0x00, 0x00, 0x00, 0x00, 0x00, 0x00, 0x00, 0x00, 0x00, 0x00, 0x00, 0x00, 0x00, 0x00,
  0x00, 0x00, 0x00, 0x00, 0x00, 0x00, 0x00, 0x00, 0x00, 0x00, 0x00, 0x00, 0x00, 0x00, 0x00, 0x00,
  0x00, 0x00, 0x00, 0x00, 0x00, 0x00, 0x00, 0x00, 0x00, 0x00, 0x00, 0x00, 0x00, 0x00, 0x00, 0x00,
  0x00, 0x00, 0x00, 0x00, 0x00, 0x00, 0x00, 0x00, 0x00, 0x00, 0x00, 0x00, 0x00, 0x00, 0x00, 0x00,
  0x00, 0x00, 0x00, 0x00, 0x00, 0x00, 0x00, 0x00, 0x00, 0x00, 0x00, 0x00, 0x00, 0x00, 0x00, 0x00,
  0x00, 0x00, 0x00, 0x00, 0x00, 0x00, 0x00, 0x00, 0x00, 0x00, 0x00, 0x00, 0x00, 0x00, 0x00, 0x00,
  0xFF, 0xFF, 0xFF, 0x02, 0x00, 0x00, 0x00, 0x00, 0x00, 0x00, 0x00, 0x00, 0xEB, 0xE9, 0xFC, 0x74,
  0xEE, 0xEC, 0xFF, 0xFF, 0xE3, 0xE2, 0xFF, 0xFE, 0xE1, 0xDF, 0xFD, 0xFC, 0xE3, 0xE1, 0xFF, 0xFF,
  0xE2, 0xE0, 0xFE, 0xFF, 0xE2, 0xE0, 0xFE, 0xFF, 0xE3, 0xE0, 0xFE, 0xFF, 0xE3, 0xE0, 0xFE, 0xFF,
  0xE3, 0xE0, 0xFE, 0xFF, 0xE3, 0xE0, 0xFE, 0xFF, 0xE3, 0xE0, 0xFE, 0xFF, 0xE3, 0xE0, 0xFE, 0xFF,
  0xE3, 0xE0, 0xFE, 0xFF, 0xE3, 0xE0, 0xFE, 0xFF, 0xE3, 0xE0, 0xFE, 0xFF, 0xE3, 0xE0, 0xFE, 0xFF,
  0xE3, 0xE0, 0xFE, 0xFF, 0xE3, 0xE0, 0xFE, 0xFF, 0xE3, 0xE0, 0xFE, 0xFF, 0xE2, 0xDF, 0xFE, 0xFF,
  0xE5, 0xE3, 0xFF, 0xFF, 0xE7, 0xE6, 0xFE, 0xFF, 0xC8, 0xC5, 0xFD, 0xFF, 0xA8, 0xA7, 0xF9, 0xFF,
  0xCE, 0xD0, 0xFB, 0xFF, 0xE5, 0xE8, 0xFE, 0xFF, 0xE3, 0xE1, 0xFF, 0xFF, 0xE3, 0xE0, 0xFF, 0xFF,
  0xE5, 0xE1, 0xFF, 0xFF, 0xE5, 0xE2, 0xFF, 0xFF, 0xE4, 0xE1, 0xFF, 0xFF, 0xE3, 0xE0, 0xFE, 0xFF,
  0xE3, 0xE0, 0xFE, 0xFF, 0xE3, 0xE0, 0xFE, 0xFF, 0xE3, 0xE0, 0xFE, 0xFF, 0xE3, 0xE0, 0xFE, 0xFF,
  0xE3, 0xE0, 0xFE, 0xFF, 0xE3, 0xE0, 0xFE, 0xFF, 0xE3, 0xE0, 0xFE, 0xFF, 0xE3, 0xE0, 0xFE, 0xFF,
  0xE3, 0xE0, 0xFE, 0xFF, 0xE3, 0xE0, 0xFE, 0xFF, 0xE3, 0xE0, 0xFE, 0xFF, 0xE2, 0xE0, 0xFE, 0xFF,
  0xE0, 0xE0, 0xFF, 0xFB, 0xEA, 0xE8, 0xFF, 0xFF, 0xEE, 0xEA, 0xFD, 0xED, 0xE9, 0xE4, 0xFC, 0x5F,
  0x00, 0x00, 0x00, 0x00, 0xFF, 0xFF, 0xFF, 0x04, 0xFF, 0xFF, 0xFF, 0x01, 0x00, 0x00, 0x00, 0x00,
  0x00, 0x00, 0x00, 0x00, 0x00, 0x00, 0x00, 0x00, 0x00, 0x00, 0x00, 0x00, 0x00, 0x00, 0x00, 0x00,
  0x00, 0x00, 0x00, 0x00, 0x00, 0x00, 0x00, 0x00, 0x00, 0x00, 0x00, 0x00, 0x00, 0x00, 0x00, 0x00,
  0x00, 0x00, 0x00, 0x00, 0x00, 0x00, 0x00, 0x00, 0x00, 0x00, 0x00, 0x00, 0x00, 0x00, 0x00, 0x00,
  0x00, 0x00, 0x00, 0x00, 0x00, 0x00, 0x00, 0x00, 0x00, 0x00, 0x00, 0x00, 0x00, 0x00, 0x00, 0x00,
  0x00, 0x00, 0x00, 0x00, 0x00, 0x00, 0x00, 0x00, 0x00, 0x00, 0x00, 0x00, 0x00, 0x00, 0x00, 0x00,
  0x00, 0x00, 0x00, 0x00, 0x00, 0x00, 0x00, 0x00, 0x00, 0x00, 0x00, 0x00, 0x00, 0x00, 0x00, 0x00,
  0x00, 0x00, 0x00, 0x00, 0x00, 0x00, 0x00, 0x00, 0x00, 0x00, 0x00, 0x00, 0x00, 0x00, 0x00, 0x00,
  0x00, 0x00, 0x00, 0x00, 0x00, 0x00, 0x00, 0x00, 0x00, 0x00, 0x00, 0x00, 0x00, 0x00, 0x00, 0x00,
  0x00, 0x00, 0x00, 0x00, 0x00, 0x00, 0x00, 0x00, 0x00, 0x00, 0x00, 0x00, 0x00, 0x00, 0x00, 0x00,
  0x00, 0x00, 0x00, 0x00, 0x00, 0x00, 0x00, 0x00, 0x00, 0x00, 0x00, 0x00, 0x00, 0x00, 0x00, 0x00,
  0x00, 0x00, 0x00, 0x00, 0x00, 0x00, 0x00, 0x00, 0x00, 0x00, 0x00, 0x00, 0x00, 0x00, 0x00, 0x00,
  0x00, 0x00, 0x00, 0x00, 0x00, 0x00, 0x00, 0x00, 0x00, 0x00, 0x00, 0x00, 0x00, 0x00, 0x00, 0x00,
  0x00, 0x00, 0x00, 0x00, 0x00, 0x00, 0x00, 0x00, 0x00, 0x00, 0x00, 0x00, 0x00, 0x00, 0x00, 0x00,
  0x00, 0x00, 0x00, 0x00, 0x00, 0x00, 0x00, 0x00, 0x00, 0x00, 0x00, 0x00, 0x00, 0x00, 0x00, 0x00,
  0x00, 0x00, 0x00, 0x00, 0x00, 0x00, 0x00, 0x00, 0x00, 0x00, 0x00, 0x00, 0x00, 0x00, 0x00, 0x00,
  0x00, 0x00, 0x00, 0x00, 0x00, 0x00, 0x00, 0x00, 0x00, 0x00, 0x00, 0x00, 0x00, 0x00, 0x00, 0x00,
  0x00, 0x00, 0x00, 0x00, 0xFF, 0xFF, 0xFF, 0x01, 0xFF, 0xFF, 0xFF, 0x02, 0x00, 0x00, 0x00, 0x00,
  0xE7, 0xE7, 0xFC, 0x60, 0xEA, 0xE8, 0xFF, 0xF9, 0xEC, 0xE9, 0xFF, 0xFF, 0xE1, 0xDF, 0xFF, 0xFB,
  0xE3, 0xE1, 0xFF, 0xFF, 0xE3, 0xE1, 0xFF, 0xFF, 0xE5, 0xE0, 0xFF, 0xFF, 0xE5, 0xE0, 0xFF, 0xFF,
  0xE5, 0xE0, 0xFF, 0xFF, 0xE5, 0xE0, 0xFF, 0xFF, 0xE5, 0xE0, 0xFF, 0xFF, 0xE5, 0xE0, 0xFF, 0xFF,
  0xE5, 0xE0, 0xFF, 0xFF, 0xE5, 0xE0, 0xFF, 0xFF, 0xE5, 0xE0, 0xFF, 0xFF, 0xE5, 0xE0, 0xFF, 0xFF,
  0xE5, 0xE0, 0xFF, 0xFF, 0xE5, 0xE0, 0xFF, 0xFF, 0xE5, 0xE0, 0xFF, 0xFF, 0xE5, 0xE0, 0xFF, 0xFF,
  0xE4, 0xDF, 0xFF, 0xFF, 0xE5, 0xDF, 0xFF, 0xFF, 0xE9, 0xE4, 0xFF, 0xFF, 0xEC, 0xE6, 0xFF, 0xFF,
  0xE6, 0xE3, 0xFF, 0xFF, 0xE0, 0xE0, 0xFF, 0xFF, 0xE0, 0xE1, 0xFF, 0xFF, 0xE2, 0xE1, 0xFF, 0xFF,
  0xE3, 0xE1, 0xFF, 0xFF, 0xE3, 0xE1, 0xFF, 0xFF, 0xE4, 0xE1, 0xFF, 0xFF, 0xE5, 0xE0, 0xFF, 0xFF,
  0xE5, 0xE0, 0xFF, 0xFF, 0xE5, 0xE0, 0xFF, 0xFF, 0xE5, 0xE0, 0xFF, 0xFF, 0xE5, 0xE0, 0xFF, 0xFF,
  0xE5, 0xE0, 0xFF, 0xFF, 0xE5, 0xE0, 0xFF, 0xFF, 0xE5, 0xE0, 0xFF, 0xFF, 0xE5, 0xE0, 0xFF, 0xFF,
  0xE5, 0xE0, 0xFF, 0xFF, 0xE5, 0xE0, 0xFF, 0xFF, 0xE4, 0xDF, 0xFF, 0xFE, 0xE1, 0xDF, 0xFF, 0xFB,
  0xF3, 0xF1, 0xFF, 0xFF, 0xEB, 0xE8, 0xFC, 0xDB, 0xE4, 0xE4, 0xF8, 0x26, 0x00, 0x00, 0x00, 0x00,
  0xFF, 0xBF, 0xFF, 0x04, 0x00, 0x00, 0x00, 0x00, 0x00, 0x00, 0x00, 0x00, 0x00, 0x00, 0x00, 0x00,
  0x00, 0x00, 0x00, 0x00, 0x00, 0x00, 0x00, 0x00, 0x00, 0x00, 0x00, 0x00, 0x00, 0x00, 0x00, 0x00,
  0x00, 0x00, 0x00, 0x00, 0x00, 0x00, 0x00, 0x00, 0x00, 0x00, 0x00, 0x00, 0x00, 0x00, 0x00, 0x00,
  0x00, 0x00, 0x00, 0x00, 0x00, 0x00, 0x00, 0x00, 0x00, 0x00, 0x00, 0x00, 0x00, 0x00, 0x00, 0x00,
  0x00, 0x00, 0x00, 0x00, 0x00, 0x00, 0x00, 0x00, 0x00, 0x00, 0x00, 0x00, 0x00, 0x00, 0x00, 0x00,
  0x00, 0x00, 0x00, 0x00, 0x00, 0x00, 0x00, 0x00, 0x00, 0x00, 0x00, 0x00, 0x00, 0x00, 0x00, 0x00,
  0x00, 0x00, 0x00, 0x00, 0x00, 0x00, 0x00, 0x00, 0x00, 0x00, 0x00, 0x00, 0x00, 0x00, 0x00, 0x00,
  0x00, 0x00, 0x00, 0x00, 0x00, 0x00, 0x00, 0x00, 0x00, 0x00, 0x00, 0x00, 0x00, 0x00, 0x00, 0x00,
  0x00, 0x00, 0x00, 0x00, 0x00, 0x00, 0x00, 0x00, 0x00, 0x00, 0x00, 0x00, 0x00, 0x00, 0x00, 0x00,
  0x00, 0x00, 0x00, 0x00, 0x00, 0x00, 0x00, 0x00, 0x00, 0x00, 0x00, 0x00, 0x00, 0x00, 0x00, 0x00,
  0x00, 0x00, 0x00, 0x00, 0x00, 0x00, 0x00, 0x00, 0x00, 0x00, 0x00, 0x00, 0x00, 0x00, 0x00, 0x00,
  0x00, 0x00, 0x00, 0x00, 0x00, 0x00, 0x00, 0x00, 0x00, 0x00, 0x00, 0x00, 0x00, 0x00, 0x00, 0x00,
  0x00, 0x00, 0x00, 0x00, 0x00, 0x00, 0x00, 0x00, 0x00, 0x00, 0x00, 0x00, 0x00, 0x00, 0x00, 0x00,
  0x00, 0x00, 0x00, 0x00, 0x00, 0x00, 0x00, 0x00, 0x00, 0x00, 0x00, 0x00, 0x00, 0x00, 0x00, 0x00,
  0x00, 0x00, 0x00, 0x00, 0x00, 0x00, 0x00, 0x00, 0x00, 0x00, 0x00, 0x00, 0x00, 0x00, 0x00, 0x00,
  0x00, 0x00, 0x00, 0x00, 0x00, 0x00, 0x00, 0x00, 0x00, 0x00, 0x00, 0x00, 0x00, 0x00, 0x00, 0x00,
  0x00, 0x00, 0x00, 0x00, 0x00, 0x00, 0x00, 0x00, 0x00, 0x00, 0x00, 0x00, 0x00, 0x00, 0x00, 0x00,
  0x00, 0x00, 0x00, 0x00, 0x00, 0x00, 0x00, 0x00, 0x00, 0x00, 0x00, 0x00, 0xBF, 0xBF, 0xFF, 0x04,
  0x00, 0x00, 0x00, 0x00, 0xEB, 0xE6, 0xFF, 0x34, 0xEC, 0xE8, 0xFD, 0xD0, 0xF8, 0xF3, 0xFF, 0xFF,
  0xE2, 0xE0, 0xFF, 0xFB, 0xE2, 0xE0, 0xFF, 0xFF, 0xE5, 0xE0, 0xFF, 0xFF, 0xE5, 0xE0, 0xFF, 0xFF,
  0xE5, 0xE0, 0xFF, 0xFF, 0xE5, 0xE0, 0xFF, 0xFF, 0xE5, 0xE0, 0xFF, 0xFF, 0xE5, 0xE0, 0xFF, 0xFF,
  0xE5, 0xE0, 0xFF, 0xFF, 0xE5, 0xE0, 0xFF, 0xFF, 0xE5, 0xE0, 0xFF, 0xFF, 0xE5, 0xE0, 0xFF, 0xFF,
  0xE5, 0xE0, 0xFF, 0xFF, 0xE5, 0xE0, 0xFF, 0xFF, 0xE5, 0xE0, 0xFF, 0xFF, 0xE5, 0xE0, 0xFF, 0xFF,
  0xE5, 0xE0, 0xFF, 0xFF, 0xE5, 0xE0, 0xFF, 0xFF, 0xE4, 0xDF, 0xFF, 0xFF, 0xE4, 0xDF, 0xFF, 0xFF,
  0xE2, 0xE0, 0xFF, 0xFF, 0xE1, 0xE1, 0xFF, 0xFF, 0xE1, 0xE1, 0xFF, 0xFF, 0xE2, 0xE1, 0xFF, 0xFF,
  0xE3, 0xE1, 0xFF, 0xFF, 0xE3, 0xE1, 0xFF, 0xFF, 0xE4, 0xE1, 0xFF, 0xFF, 0xE5, 0xE0, 0xFF, 0xFF,
  0xE5, 0xE0, 0xFF, 0xFF, 0xE5, 0xE0, 0xFF, 0xFF, 0xE5, 0xE0, 0xFF, 0xFF, 0xE5, 0xE0, 0xFF, 0xFF,
  0xE5, 0xE0, 0xFF, 0xFF, 0xE5, 0xE0, 0xFF, 0xFF, 0xE5, 0xE0, 0xFF, 0xFF, 0xE5, 0xE0, 0xFF, 0xFF,
  0xE5, 0xE0, 0xFF, 0xFF, 0xE4, 0xDF, 0xFF, 0xFD, 0xE4, 0xDF, 0xFF, 0xFE, 0xF3, 0xEE, 0xFF, 0xFF,
  0xEB, 0xE8, 0xFF, 0xAA, 0xE7, 0xE7, 0xF3, 0x16, 0x00, 0x00, 0x00, 0x00, 0xBF, 0xBF, 0xFF, 0x04,
  0x00, 0x00, 0x00, 0x00, 0x00, 0x00, 0x00, 0x00, 0x00, 0x00, 0x00, 0x00, 0x00, 0x00, 0x00, 0x00,
  0x00, 0x00, 0x00, 0x00, 0x00, 0x00, 0x00, 0x00, 0x00, 0x00, 0x00, 0x00, 0x00, 0x00, 0x00, 0x00,
  0x00, 0x00, 0x00, 0x00, 0x00, 0x00, 0x00, 0x00, 0x00, 0x00, 0x00, 0x00, 0x00, 0x00, 0x00, 0x00,
  0x00, 0x00, 0x00, 0x00, 0x00, 0x00, 0x00, 0x00, 0x00, 0x00, 0x00, 0x00, 0x00, 0x00, 0x00, 0x00,
  0x00, 0x00, 0x00, 0x00, 0x00, 0x00, 0x00, 0x00, 0x00, 0x00, 0x00, 0x00, 0x00, 0x00, 0x00, 0x00,
  0x00, 0x00, 0x00, 0x00, 0x00, 0x00, 0x00, 0x00, 0x00, 0x00, 0x00, 0x00, 0x00, 0x00, 0x00, 0x00,
  0x00, 0x00, 0x00, 0x00, 0x00, 0x00, 0x00, 0x00, 0x00, 0x00, 0x00, 0x00, 0x00, 0x00, 0x00, 0x00,
  0x00, 0x00, 0x00, 0x00, 0x00, 0x00, 0x00, 0x00, 0x00, 0x00, 0x00, 0x00, 0x00, 0x00, 0x00, 0x00,
  0x00, 0x00, 0x00, 0x00, 0x00, 0x00, 0x00, 0x00, 0x00, 0x00, 0x00, 0x00, 0x00, 0x00, 0x00, 0x00,
  0x00, 0x00, 0x00, 0x00, 0x00, 0x00, 0x00, 0x00, 0x00, 0x00, 0x00, 0x00, 0x00, 0x00, 0x00, 0x00,
  0x00, 0x00, 0x00, 0x00, 0x00, 0x00, 0x00, 0x00, 0x00, 0x00, 0x00, 0x00, 0x00, 0x00, 0x00, 0x00,
  0x00, 0x00, 0x00, 0x00, 0x00, 0x00, 0x00, 0x00, 0x00, 0x00, 0x00, 0x00, 0x00, 0x00, 0x00, 0x00,
  0x00, 0x00, 0x00, 0x00, 0x00, 0x00, 0x00, 0x00, 0x00, 0x00, 0x00, 0x00, 0x00, 0x00, 0x00, 0x00,
  0x00, 0x00, 0x00, 0x00, 0x00, 0x00, 0x00, 0x00, 0x00, 0x00, 0x00, 0x00, 0x00, 0x00, 0x00, 0x00,
  0x00, 0x00, 0x00, 0x00, 0x00, 0x00, 0x00, 0x00, 0x00, 0x00, 0x00, 0x00, 0x00, 0x00, 0x00, 0x00,
  0x00, 0x00, 0x00, 0x00, 0x00, 0x00, 0x00, 0x00, 0x00, 0x00, 0x00, 0x00, 0x00, 0x00, 0x00, 0x00,
  0x00, 0x00, 0x00, 0x00, 0x00, 0x00, 0x00, 0x00, 0x00, 0x00, 0x00, 0x00, 0x00, 0x00, 0x00, 0x00,
  0x00, 0x00, 0x00, 0x00, 0x00, 0x00, 0x00, 0x00, 0x00, 0x00, 0x00, 0x00, 0x00, 0x00, 0x00, 0x00,
  0xFF, 0xFF, 0xFF, 0x04, 0x00, 0x00, 0x00, 0x00, 0xE7, 0xDC, 0xF3, 0x16, 0xF0, 0xE8, 0xFF, 0xAB,
  0xF2, 0xED, 0xFF, 0xFF, 0xE4, 0xE1, 0xFD, 0xFE, 0xE3, 0xDF, 0xFD, 0xFD, 0xE5, 0xE0, 0xFF, 0xFF,
  0xE5, 0xE0, 0xFF, 0xFF, 0xE5, 0xE0, 0xFF, 0xFF, 0xE5, 0xE0, 0xFF, 0xFF, 0xE5, 0xE0, 0xFF, 0xFF,
  0xE5, 0xE0, 0xFF, 0xFF, 0xE5, 0xE0, 0xFF, 0xFF, 0xE5, 0xE0, 0xFF, 0xFF, 0xE5, 0xE0, 0xFF, 0xFF,
  0xE5, 0xE0, 0xFF, 0xFF, 0xE5, 0xE0, 0xFF, 0xFF, 0xE5, 0xE0, 0xFF, 0xFF, 0xE5, 0xE0, 0xFF, 0xFF,
  0xE5, 0xE0, 0xFF, 0xFF, 0xE5, 0xE0, 0xFF, 0xFF, 0xE5, 0xE0, 0xFF, 0xFF, 0xE5, 0xE0, 0xFF, 0xFF,
  0xE3, 0xE1, 0xFF, 0xFF, 0xE1, 0xE1, 0xFF, 0xFF, 0xE1, 0xE1, 0xFF, 0xFF, 0xE2, 0xE1, 0xFF, 0xFF,
  0xE3, 0xE1, 0xFF, 0xFF, 0xE3, 0xE1, 0xFF, 0xFF, 0xE4, 0xE1, 0xFF, 0xFF, 0xE5, 0xE0, 0xFF, 0xFF,
  0xE5, 0xE0, 0xFF, 0xFF, 0xE5, 0xE0, 0xFF, 0xFF, 0xE5, 0xE0, 0xFF, 0xFF, 0xE5, 0xE0, 0xFF, 0xFF,
  0xE5, 0xE0, 0xFF, 0xFF, 0xE5, 0xE0, 0xFF, 0xFF, 0xE5, 0xE0, 0xFF, 0xFF, 0xE5, 0xE0, 0xFF, 0xFF,
  0xE3, 0xDE, 0xFF, 0xFC, 0xEA, 0xE5, 0xFF, 0xFF, 0xED, 0xE9, 0xFF, 0xFE, 0xE8, 0xE6, 0xFB, 0x8A,
  0x00, 0x00, 0x00, 0x00, 0x00, 0x00, 0x00, 0x00, 0xFF, 0xFF, 0xFF, 0x02, 0x00, 0x00, 0x00, 0x00,
  0x00, 0x00, 0x00, 0x00, 0x00, 0x00, 0x00, 0x00, 0x00, 0x00, 0x00, 0x00, 0x00, 0x00, 0x00, 0x00,
  0x00, 0x00, 0x00, 0x00, 0x00, 0x00, 0x00, 0x00, 0x00, 0x00, 0x00, 0x00, 0x00, 0x00, 0x00, 0x00,
  0x00, 0x00, 0x00, 0x00, 0x00, 0x00, 0x00, 0x00, 0x00, 0x00, 0x00, 0x00, 0x00, 0x00, 0x00, 0x00,
  0x00, 0x00, 0x00, 0x00, 0x00, 0x00, 0x00, 0x00, 0x00, 0x00, 0x00, 0x00, 0x00, 0x00, 0x00, 0x00,
  0x00, 0x00, 0x00, 0x00, 0x00, 0x00, 0x00, 0x00, 0x00, 0x00, 0x00, 0x00, 0x00, 0x00, 0x00, 0x00,
  0x00, 0x00, 0x00, 0x00, 0x00, 0x00, 0x00, 0x00, 0x00, 0x00, 0x00, 0x00, 0x00, 0x00, 0x00, 0x00,
  0x00, 0x00, 0x00, 0x00, 0x00, 0x00, 0x00, 0x00, 0x00, 0x00, 0x00, 0x00, 0x00, 0x00, 0x00, 0x00,
  0x00, 0x00, 0x00, 0x00, 0x00, 0x00, 0x00, 0x00, 0x00, 0x00, 0x00, 0x00, 0x00, 0x00, 0x00, 0x00,
  0x00, 0x00, 0x00, 0x00, 0x00, 0x00, 0x00, 0x00, 0x00, 0x00, 0x00, 0x00, 0x00, 0x00, 0x00, 0x00,
  0x00, 0x00, 0x00, 0x00, 0x00, 0x00, 0x00, 0x00, 0x00, 0x00, 0x00, 0x00, 0x00, 0x00, 0x00, 0x00,
  0x00, 0x00, 0x00, 0x00, 0x00, 0x00, 0x00, 0x00, 0x00, 0x00, 0x00, 0x00, 0x00, 0x00, 0x00, 0x00,
  0x00, 0x00, 0x00, 0x00, 0x00, 0x00, 0x00, 0x00, 0x00, 0x00, 0x00, 0x00, 0x00, 0x00, 0x00, 0x00,
  0x00, 0x00, 0x00, 0x00, 0x00, 0x00, 0x00, 0x00, 0x00, 0x00, 0x00, 0x00, 0x00, 0x00, 0x00, 0x00,
  0x00, 0x00, 0x00, 0x00, 0x00, 0x00, 0x00, 0x00, 0x00, 0x00, 0x00, 0x00, 0x00, 0x00, 0x00, 0x00,
  0x00, 0x00, 0x00, 0x00, 0x00, 0x00, 0x00, 0x00, 0x00, 0x00, 0x00, 0x00, 0x00, 0x00, 0x00, 0x00,
  0x00, 0x00, 0x00, 0x00, 0x00, 0x00, 0x00, 0x00, 0x00, 0x00, 0x00, 0x00, 0x00, 0x00, 0x00, 0x00,
  0x00, 0x00, 0x00, 0x00, 0x00, 0x00, 0x00, 0x00, 0x00, 0x00, 0x00, 0x00, 0x00, 0x00, 0x00, 0x00,
  0x00, 0x00, 0x00, 0x00, 0x00, 0x00, 0x00, 0x00, 0x00, 0x00, 0x00, 0x00, 0x00, 0x00, 0x00, 0x00,
  0x00, 0x00, 0x00, 0x00, 0xFF, 0xFF, 0xFF, 0x03, 0x00, 0x00, 0x00, 0x00, 0x00, 0x00, 0x00, 0x00,
  0xEB, 0xE7, 0xFF, 0x75, 0xEF, 0xEA, 0xFF, 0xFF, 0xEC, 0xE8, 0xFF, 0xFF, 0xE4, 0xDF, 0xFF, 0xFB,
  0xE5, 0xE0, 0xFF, 0xFF, 0xE5, 0xE0, 0xFF, 0xFF, 0xE5, 0xE0, 0xFF, 0xFF, 0xE5, 0xE0, 0xFF, 0xFF,
  0xE5, 0xE0, 0xFF, 0xFF, 0xE5, 0xE0, 0xFF, 0xFF, 0xE5, 0xE0, 0xFF, 0xFF, 0xE5, 0xE0, 0xFF, 0xFF,
  0xE5, 0xE0, 0xFF, 0xFF, 0xE5, 0xE0, 0xFF, 0xFF, 0xE5, 0xE0, 0xFF, 0xFF, 0xE5, 0xE0, 0xFF, 0xFF,
  0xE5, 0xE0, 0xFF, 0xFF, 0xE5, 0xE0, 0xFF, 0xFF, 0xE5, 0xE0, 0xFF, 0xFF, 0xE5, 0xE0, 0xFF, 0xFF,
  0xE3, 0xE1, 0xFF, 0xFF, 0xE1, 0xE1, 0xFF, 0xFF, 0xE1, 0xE1, 0xFF, 0xFF, 0xE2, 0xE1, 0xFF, 0xFF,
  0xE3, 0xE1, 0xFF, 0xFF, 0xE3, 0xE1, 0xFF, 0xFF, 0xE4, 0xE1, 0xFF, 0xFF, 0xE5, 0xE0, 0xFF, 0xFF,
  0xE5, 0xE0, 0xFF, 0xFF, 0xE5, 0xE0, 0xFF, 0xFF, 0xE5, 0xE0, 0xFF, 0xFF, 0xE5, 0xE0, 0xFF, 0xFF,
  0xE5, 0xE0, 0xFF, 0xFF, 0xE5, 0xE0, 0xFF, 0xFF, 0xE4, 0xDF, 0xFF, 0xFE, 0xE4, 0xDF, 0xFF, 0xFB,
  0xF1, 0xEC, 0xFF, 0xFF, 0xEB, 0xE8, 0xFC, 0xE3, 0xE8, 0xE8, 0xFB, 0x45, 0x00, 0x00, 0x00, 0x00,
  0xAA, 0xAA, 0xFF, 0x03, 0xFF, 0xFF, 0xFF, 0x02, 0x00, 0x00, 0x00, 0x00, 0x00, 0x00, 0x00, 0x00,
  0x00, 0x00, 0x00, 0x00, 0x00, 0x00, 0x00, 0x00, 0x00, 0x00, 0x00, 0x00, 0x00, 0x00, 0x00, 0x00,
  0x00, 0x00, 0x00, 0x00, 0x00, 0x00, 0x00, 0x00, 0x00, 0x00, 0x00, 0x00, 0x00, 0x00, 0x00, 0x00,
  0x00, 0x00, 0x00, 0x00, 0x00, 0x00, 0x00, 0x00, 0x00, 0x00, 0x00, 0x00, 0x00, 0x00, 0x00, 0x00,
  0x00, 0x00, 0x00, 0x00, 0x00, 0x00, 0x00, 0x00, 0x00, 0x00, 0x00, 0x00, 0x00, 0x00, 0x00, 0x00,
  0x00, 0x00, 0x00, 0x00, 0x00, 0x00, 0x00, 0x00, 0x00, 0x00, 0x00, 0x00, 0x00, 0x00, 0x00, 0x00,
  0x00, 0x00, 0x00, 0x00, 0x00, 0x00, 0x00, 0x00, 0x00, 0x00, 0x00, 0x00, 0x00, 0x00, 0x00, 0x00,
  0x00, 0x00, 0x00, 0x00, 0x00, 0x00, 0x00, 0x00, 0x00, 0x00, 0x00, 0x00, 0x00, 0x00, 0x00, 0x00,
  0x00, 0x00, 0x00, 0x00, 0x00, 0x00, 0x00, 0x00, 0x00, 0x00, 0x00, 0x00, 0x00, 0x00, 0x00, 0x00,
  0x00, 0x00, 0x00, 0x00, 0x00, 0x00, 0x00, 0x00, 0x00, 0x00, 0x00, 0x00, 0x00, 0x00, 0x00, 0x00,
  0x00, 0x00, 0x00, 0x00, 0x00, 0x00, 0x00, 0x00, 0x00, 0x00, 0x00, 0x00, 0x00, 0x00, 0x00, 0x00,
  0x00, 0x00, 0x00, 0x00, 0x00, 0x00, 0x00, 0x00, 0x00, 0x00, 0x00, 0x00, 0x00, 0x00, 0x00, 0x00,
  0x00, 0x00, 0x00, 0x00, 0x00, 0x00, 0x00, 0x00, 0x00, 0x00, 0x00, 0x00, 0x00, 0x00, 0x00, 0x00,
  0x00, 0x00, 0x00, 0x00, 0x00, 0x00, 0x00, 0x00, 0x00, 0x00, 0x00, 0x00, 0x00, 0x00, 0x00, 0x00,
  0x00, 0x00, 0x00, 0x00, 0x00, 0x00, 0x00, 0x00, 0x00, 0x00, 0x00, 0x00, 0x00, 0x00, 0x00, 0x00,
  0x00, 0x00, 0x00, 0x00, 0x00, 0x00, 0x00, 0x00, 0x00, 0x00, 0x00, 0x00, 0x00, 0x00, 0x00, 0x00,
  0x00, 0x00, 0x00, 0x00, 0x00, 0x00, 0x00, 0x00, 0x00, 0x00, 0x00, 0x00, 0x00, 0x00, 0x00, 0x00,
  0x00, 0x00, 0x00, 0x00, 0x00, 0x00, 0x00, 0x00, 0x00, 0x00, 0x00, 0x00, 0x00, 0x00, 0x00, 0x00,
  0x00, 0x00, 0x00, 0x00, 0x00, 0x00, 0x00, 0x00, 0x00, 0x00, 0x00, 0x00, 0x00, 0x00, 0x00, 0x00,
  0x00, 0x00, 0x00, 0x00, 0x00, 0x00, 0x00, 0x00, 0x7F, 0x7F, 0x7F, 0x02, 0xFF, 0xFF, 0xFF, 0x03,
  0x00, 0x00, 0x00, 0x00, 0xEA, 0xE5, 0xFA, 0x3D, 0xEB, 0xE8, 0xFC, 0xD0, 0xF8, 0xF4, 0xFF, 0xFF,
  0xE4, 0xDF, 0xFF, 0xFC, 0xE3, 0xDF, 0xFF, 0xFE, 0xE5, 0xE0, 0xFF, 0xFF, 0xE5, 0xE0, 0xFF, 0xFF,
  0xE5, 0xE0, 0xFF, 0xFF, 0xE5, 0xE0, 0xFF, 0xFF, 0xE5, 0xE0, 0xFF, 0xFF, 0xE5, 0xE0, 0xFF, 0xFF,
  0xE5, 0xE0, 0xFF, 0xFF, 0xE5, 0xE0, 0xFF, 0xFF, 0xE5, 0xE0, 0xFF, 0xFF, 0xE5, 0xE0, 0xFF, 0xFF,
  0xE5, 0xE0, 0xFF, 0xFF, 0xE5, 0xE0, 0xFF, 0xFF, 0xE5, 0xE0, 0xFF, 0xFF, 0xE5, 0xE0, 0xFF, 0xFF,
  0xE3, 0xE1, 0xFF, 0xFF, 0xE1, 0xE1, 0xFF, 0xFF, 0xE1, 0xE1, 0xFF, 0xFF, 0xE2, 0xE1, 0xFF, 0xFF,
  0xE3, 0xE1, 0xFF, 0xFF, 0xE3, 0xE1, 0xFF, 0xFF, 0xE4, 0xE1, 0xFF, 0xFF, 0xE5, 0xE0, 0xFF, 0xFF,
  0xE5, 0xE0, 0xFF, 0xFF, 0xE5, 0xE0, 0xFF, 0xFF, 0xE5, 0xE0, 0xFF, 0xFF, 0xE5, 0xE0, 0xFF, 0xFF,
  0xE5, 0xE0, 0xFF, 0xFF, 0xE4, 0xDF, 0xFF, 0xFC, 0xE4, 0xE0, 0xFF, 0xFE, 0xF6, 0xF2, 0xFF, 0xFF,
  0xEB, 0xE8, 0xFD, 0xB7, 0xDD, 0xDD, 0xF3, 0x17, 0x00, 0x00, 0x00, 0x00, 0xFF, 0xFF, 0xFF, 0x03,
  0x00, 0x00, 0x00, 0x00, 0x00, 0x00, 0x00, 0x00, 0x00, 0x00, 0x00, 0x00, 0x00, 0x00, 0x00, 0x00,
  0x00, 0x00, 0x00, 0x00, 0x00, 0x00, 0x00, 0x00, 0x00, 0x00, 0x00, 0x00, 0x00, 0x00, 0x00, 0x00,
  0x00, 0x00, 0x00, 0x00, 0x00, 0x00, 0x00, 0x00, 0x00, 0x00, 0x00, 0x00, 0x00, 0x00, 0x00, 0x00,
  0x00, 0x00, 0x00, 0x00, 0x00, 0x00, 0x00, 0x00, 0x00, 0x00, 0x00, 0x00, 0x00, 0x00, 0x00, 0x00,
  0x00, 0x00, 0x00, 0x00, 0x00, 0x00, 0x00, 0x00, 0x00, 0x00, 0x00, 0x00, 0x00, 0x00, 0x00, 0x00,
  0x00, 0x00, 0x00, 0x00, 0x00, 0x00, 0x00, 0x00, 0x00, 0x00, 0x00, 0x00, 0x00, 0x00, 0x00, 0x00,
  0x00, 0x00, 0x00, 0x00, 0x00, 0x00, 0x00, 0x00, 0x00, 0x00, 0x00, 0x00, 0x00, 0x00, 0x00, 0x00,
  0x00, 0x00, 0x00, 0x00, 0x00, 0x00, 0x00, 0x00, 0x00, 0x00, 0x00, 0x00, 0x00, 0x00, 0x00, 0x00,
  0x00, 0x00, 0x00, 0x00, 0x00, 0x00, 0x00, 0x00, 0x00, 0x00, 0x00, 0x00, 0x00, 0x00, 0x00, 0x00,
  0x00, 0x00, 0x00, 0x00, 0x00, 0x00, 0x00, 0x00, 0x00, 0x00, 0x00, 0x00, 0x00, 0x00, 0x00, 0x00,
  0x00, 0x00, 0x00, 0x00, 0x00, 0x00, 0x00, 0x00, 0x00, 0x00, 0x00, 0x00, 0x00, 0x00, 0x00, 0x00,
  0x00, 0x00, 0x00, 0x00, 0x00, 0x00, 0x00, 0x00, 0x00, 0x00, 0x00, 0x00, 0x00, 0x00, 0x00, 0x00,
  0x00, 0x00, 0x00, 0x00, 0x00, 0x00, 0x00, 0x00, 0x00, 0x00, 0x00, 0x00, 0x00, 0x00, 0x00, 0x00,
  0x00, 0x00, 0x00, 0x00, 0x00, 0x00, 0x00, 0x00, 0x00, 0x00, 0x00, 0x00, 0x00, 0x00, 0x00, 0x00,
  0x00, 0x00, 0x00, 0x00, 0x00, 0x00, 0x00, 0x00, 0x00, 0x00, 0x00, 0x00, 0x00, 0x00, 0x00, 0x00,
  0x00, 0x00, 0x00, 0x00, 0x00, 0x00, 0x00, 0x00, 0x00, 0x00, 0x00, 0x00, 0x00, 0x00, 0x00, 0x00,
  0x00, 0x00, 0x00, 0x00, 0x00, 0x00, 0x00, 0x00, 0x00, 0x00, 0x00, 0x00, 0x00, 0x00, 0x00, 0x00,
  0x00, 0x00, 0x00, 0x00, 0x00, 0x00, 0x00, 0x00, 0x00, 0x00, 0x00, 0x00, 0x00, 0x00, 0x00, 0x00,
  0x00, 0x00, 0x00, 0x00, 0x00, 0x00, 0x00, 0x00, 0x00, 0x00, 0x00, 0x00, 0x00, 0x00, 0x00, 0x00,
  0x00, 0x00, 0x00, 0x00, 0x00, 0x00, 0x00, 0x00, 0x00, 0x00, 0x00, 0x00, 0x00, 0x00, 0x00, 0x00,
  0xBF, 0xBF, 0xFF, 0x04, 0x00, 0x00, 0x00, 0x00, 0xE2, 0xE2, 0xF0, 0x12, 0xEE, 0xEA, 0xFD, 0xA5,
  0xF3, 0xEE, 0xFF, 0xFF, 0xE9, 0xE4, 0xFF, 0xFF, 0xE1, 0xDF, 0xFF, 0xFC, 0xE5, 0xE0, 0xFF, 0xFF,
  0xE5, 0xE0, 0xFF, 0xFF, 0xE5, 0xE0, 0xFF, 0xFF, 0xE5, 0xE0, 0xFF, 0xFF, 0xE5, 0xE0, 0xFF, 0xFF,
  0xE5, 0xE0, 0xFF, 0xFF, 0xE5, 0xE0, 0xFF, 0xFF, 0xE5, 0xE0, 0xFF, 0xFF, 0xE5, 0xE0, 0xFF, 0xFF,
  0xE5, 0xE0, 0xFF, 0xFF, 0xE5, 0xE0, 0xFF, 0xFF, 0xE5, 0xE0, 0xFF, 0xFF, 0xE5, 0xE0, 0xFF, 0xFF,
  0xE3, 0xE1, 0xFF, 0xFF, 0xE1, 0xE1, 0xFF, 0xFF, 0xE1, 0xE1, 0xFF, 0xFF, 0xE2, 0xE1, 0xFF, 0xFF,
  0xE3, 0xE1, 0xFF, 0xFF, 0xE3, 0xE1, 0xFF, 0xFF, 0xE4, 0xE1, 0xFF, 0xFF, 0xE5, 0xE0, 0xFF, 0xFF,
  0xE5, 0xE0, 0xFF, 0xFF, 0xE5, 0xE0, 0xFF, 0xFF, 0xE5, 0xE0, 0xFF, 0xFF, 0xE5, 0xE0, 0xFF, 0xFF,
  0xE4, 0xDF, 0xFF, 0xFB, 0xEF, 0xEA, 0xFF, 0xFF, 0xED, 0xE7, 0xFF, 0xFA, 0xEC, 0xE8, 0xFC, 0x7A,
  0x7F, 0x7F, 0x7F, 0x02, 0x00, 0x00, 0x00, 0x00, 0xFF, 0xFF, 0xFF, 0x03, 0x00, 0x00, 0x00, 0x00,
  0x00, 0x00, 0x00, 0x00, 0x00, 0x00, 0x00, 0x00, 0x00, 0x00, 0x00, 0x00, 0x00, 0x00, 0x00, 0x00,
  0x00, 0x00, 0x00, 0x00, 0x00, 0x00, 0x00, 0x00, 0x00, 0x00, 0x00, 0x00, 0x00, 0x00, 0x00, 0x00,
  0x00, 0x00, 0x00, 0x00, 0x00, 0x00, 0x00, 0x00, 0x00, 0x00, 0x00, 0x00, 0x00, 0x00, 0x00, 0x00,
  0x00, 0x00, 0x00, 0x00, 0x00, 0x00, 0x00, 0x00, 0x00, 0x00, 0x00, 0x00, 0x00, 0x00, 0x00, 0x00,
  0x00, 0x00, 0x00, 0x00, 0x00, 0x00, 0x00, 0x00, 0x00, 0x00, 0x00, 0x00, 0x00, 0x00, 0x00, 0x00,
  0x00, 0x00, 0x00, 0x00, 0x00, 0x00, 0x00, 0x00, 0x00, 0x00, 0x00, 0x00, 0x00, 0x00, 0x00, 0x00,
  0x00, 0x00, 0x00, 0x00, 0x00, 0x00, 0x00, 0x00, 0x00, 0x00, 0x00, 0x00, 0x00, 0x00, 0x00, 0x00,
  0x00, 0x00, 0x00, 0x00, 0x00, 0x00, 0x00, 0x00, 0x00, 0x00, 0x00, 0x00, 0x00, 0x00, 0x00, 0x00,
  0x00, 0x00, 0x00, 0x00, 0x00, 0x00, 0x00, 0x00, 0x00, 0x00, 0x00, 0x00, 0x00, 0x00, 0x00, 0x00,
  0x00, 0x00, 0x00, 0x00, 0x00, 0x00, 0x00, 0x00, 0x00, 0x00, 0x00, 0x00, 0x00, 0x00, 0x00, 0x00,
  0x00, 0x00, 0x00, 0x00, 0x00, 0x00, 0x00, 0x00, 0x00, 0x00, 0x00, 0x00, 0x00, 0x00, 0x00, 0x00,
  0x00, 0x00, 0x00, 0x00, 0x00, 0x00, 0x00, 0x00, 0x00, 0x00, 0x00, 0x00, 0x00, 0x00, 0x00, 0x00,
  0x00, 0x00, 0x00, 0x00, 0x00, 0x00, 0x00, 0x00, 0x00, 0x00, 0x00, 0x00, 0x00, 0x00, 0x00, 0x00,
  0x00, 0x00, 0x00, 0x00, 0x00, 0x00, 0x00, 0x00, 0x00, 0x00, 0x00, 0x00, 0x00, 0x00, 0x00, 0x00,
  0x00, 0x00, 0x00, 0x00, 0x00, 0x00, 0x00, 0x00, 0x00, 0x00, 0x00, 0x00, 0x00, 0x00, 0x00, 0x00,
  0x00, 0x00, 0x00, 0x00, 0x00, 0x00, 0x00, 0x00, 0x00, 0x00, 0x00, 0x00, 0x00, 0x00, 0x00, 0x00,
  0x00, 0x00, 0x00, 0x00, 0x00, 0x00, 0x00, 0x00, 0x00, 0x00, 0x00, 0x00, 0x00, 0x00, 0x00, 0x00,
  0x00, 0x00, 0x00, 0x00, 0x00, 0x00, 0x00, 0x00, 0x00, 0x00, 0x00, 0x00, 0x00, 0x00, 0x00, 0x00,
  0x00, 0x00, 0x00, 0x00, 0x00, 0x00, 0x00, 0x00, 0x00, 0x00, 0x00, 0x00, 0x00, 0x00, 0x00, 0x00,
  0x00, 0x00, 0x00, 0x00, 0x00, 0x00, 0x00, 0x00, 0x00, 0x00, 0x00, 0x00, 0x00, 0x00, 0x00, 0x00,
  0x00, 0x00, 0x00, 0x00, 0xFF, 0xFF, 0xFF, 0x03, 0x00, 0x00, 0x00, 0x00, 0x00, 0x00, 0x00, 0x00,
  0xEB, 0xE8, 0xF9, 0x5A, 0xED, 0xE9, 0xFD, 0xE9, 0xF3, 0xF0, 0xFF, 0xFF, 0xE2, 0xDF, 0xFF, 0xFD,
  0xE3, 0xDF, 0xFF, 0xFE, 0xE5, 0xE0, 0xFF, 0xFF, 0xE5, 0xE0, 0xFF, 0xFF, 0xE5, 0xE0, 0xFF, 0xFF,
  0xE5, 0xE0, 0xFF, 0xFF, 0xE5, 0xE0, 0xFF, 0xFF, 0xE5, 0xE0, 0xFF, 0xFF, 0xE5, 0xE0, 0xFF, 0xFF,
  0xE5, 0xE0, 0xFF, 0xFF, 0xE5, 0xE0, 0xFF, 0xFF, 0xE5, 0xE0, 0xFF, 0xFF, 0xE5, 0xE0, 0xFF, 0xFF,
  0xE3, 0xE1, 0xFF, 0xFF, 0xE1, 0xE1, 0xFF, 0xFF, 0xE1, 0xE1, 0xFF, 0xFF, 0xE2, 0xE1, 0xFF, 0xFF,
  0xE3, 0xE1, 0xFF, 0xFF, 0xE3, 0xE1, 0xFF, 0xFF, 0xE4, 0xE1, 0xFF, 0xFF, 0xE5, 0xE0, 0xFF, 0xFF,
  0xE5, 0xE0, 0xFF, 0xFF, 0xE5, 0xE0, 0xFF, 0xFF, 0xE3, 0xDE, 0xFF, 0xFD, 0xE4, 0xDF, 0xFF, 0xFE,
  0xF5, 0xF0, 0xFF, 0xFF, 0xEE, 0xEA, 0xFD, 0xCA, 0xE9, 0xE5, 0xFF, 0x3C, 0x00, 0x00, 0x00, 0x00,
  0xFF, 0xFF, 0xFF, 0x01, 0x7F, 0x7F, 0xFF, 0x02, 0x00, 0x00, 0x00, 0x00, 0x00, 0x00, 0x00, 0x00,
  0x00, 0x00, 0x00, 0x00, 0x00, 0x00, 0x00, 0x00, 0x00, 0x00, 0x00, 0x00, 0x00, 0x00, 0x00, 0x00,
  0x00, 0x00, 0x00, 0x00, 0x00, 0x00, 0x00, 0x00, 0x00, 0x00, 0x00, 0x00, 0x00, 0x00, 0x00, 0x00,
  0x00, 0x00, 0x00, 0x00, 0x00, 0x00, 0x00, 0x00, 0x00, 0x00, 0x00, 0x00, 0x00, 0x00, 0x00, 0x00,
  0x00, 0x00, 0x00, 0x00, 0x00, 0x00, 0x00, 0x00, 0x00, 0x00, 0x00, 0x00, 0x00, 0x00, 0x00, 0x00,
  0x00, 0x00, 0x00, 0x00, 0x00, 0x00, 0x00, 0x00, 0x00, 0x00, 0x00, 0x00, 0x00, 0x00, 0x00, 0x00,
  0x00, 0x00, 0x00, 0x00, 0x00, 0x00, 0x00, 0x00, 0x00, 0x00, 0x00, 0x00, 0x00, 0x00, 0x00, 0x00,
  0x00, 0x00, 0x00, 0x00, 0x00, 0x00, 0x00, 0x00, 0x00, 0x00, 0x00, 0x00, 0x00, 0x00, 0x00, 0x00,
  0x00, 0x00, 0x00, 0x00, 0x00, 0x00, 0x00, 0x00, 0x00, 0x00, 0x00, 0x00, 0x00, 0x00, 0x00, 0x00,
  0x00, 0x00, 0x00, 0x00, 0x00, 0x00, 0x00, 0x00, 0x00, 0x00, 0x00, 0x00, 0x00, 0x00, 0x00, 0x00,
  0x00, 0x00, 0x00, 0x00, 0x00, 0x00, 0x00, 0x00, 0x00, 0x00, 0x00, 0x00, 0x00, 0x00, 0x00, 0x00,
  0x00, 0x00, 0x00, 0x00, 0x00, 0x00, 0x00, 0x00, 0x00, 0x00, 0x00, 0x00, 0x00, 0x00, 0x00, 0x00,
  0x00, 0x00, 0x00, 0x00, 0x00, 0x00, 0x00, 0x00, 0x00, 0x00, 0x00, 0x00, 0x00, 0x00, 0x00, 0x00,
  0x00, 0x00, 0x00, 0x00, 0x00, 0x00, 0x00, 0x00, 0x00, 0x00, 0x00, 0x00, 0x00, 0x00, 0x00, 0x00,
  0x00, 0x00, 0x00, 0x00, 0x00, 0x00, 0x00, 0x00, 0x00, 0x00, 0x00, 0x00, 0x00, 0x00, 0x00, 0x00,
  0x00, 0x00, 0x00, 0x00, 0x00, 0x00, 0x00, 0x00, 0x00, 0x00, 0x00, 0x00, 0x00, 0x00, 0x00, 0x00,
  0x00, 0x00, 0x00, 0x00, 0x00, 0x00, 0x00, 0x00, 0x00, 0x00, 0x00, 0x00, 0x00, 0x00, 0x00, 0x00,
  0x00, 0x00, 0x00, 0x00, 0x00, 0x00, 0x00, 0x00, 0x00, 0x00, 0x00, 0x00, 0x00, 0x00, 0x00, 0x00,
  0x00, 0x00, 0x00, 0x00, 0x00, 0x00, 0x00, 0x00, 0x00, 0x00, 0x00, 0x00, 0x00, 0x00, 0x00, 0x00,
  0x00, 0x00, 0x00, 0x00, 0x00, 0x00, 0x00, 0x00, 0x00, 0x00, 0x00, 0x00, 0x00, 0x00, 0x00, 0x00,
  0x00, 0x00, 0x00, 0x00, 0x00, 0x00, 0x00, 0x00, 0x00, 0x00, 0x00, 0x00, 0x00, 0x00, 0x00, 0x00,
  0x00, 0x00, 0x00, 0x00, 0x00, 0x00, 0x00, 0x00, 0xFF, 0xFF, 0xFF, 0x01, 0xFF, 0xFF, 0xFF, 0x03,
  0x00, 0x00, 0x00, 0x00, 0xEF, 0xE7, 0xFF, 0x21, 0xEE, 0xEA, 0xFF, 0xAE, 0xEE, 0xEA, 0xFF, 0xFF,
  0xEA, 0xE5, 0xFF, 0xFF, 0xE4, 0xDF, 0xFF, 0xFB, 0xE5, 0xE0, 0xFF, 0xFF, 0xE5, 0xE0, 0xFF, 0xFF,
  0xE5, 0xE0, 0xFF, 0xFF, 0xE5, 0xE0, 0xFF, 0xFF, 0xE5, 0xE0, 0xFF, 0xFF, 0xE5, 0xE0, 0xFF, 0xFF,
  0xE5, 0xE0, 0xFF, 0xFF, 0xE5, 0xE0, 0xFF, 0xFF, 0xE5, 0xE0, 0xFF, 0xFF, 0xE5, 0xE0, 0xFF, 0xFF,
  0xE3, 0xE1, 0xFF, 0xFF, 0xE1, 0xE1, 0xFF, 0xFF, 0xE1, 0xE1, 0xFF, 0xFF, 0xE2, 0xE1, 0xFF, 0xFF,
  0xE3, 0xE1, 0xFF, 0xFF, 0xE3, 0xE1, 0xFF, 0xFF, 0xE4, 0xE1, 0xFF, 0xFF, 0xE5, 0xE0, 0xFF, 0xFF,
  0xE4, 0xDF, 0xFF, 0xFE, 0xE3, 0xE0, 0xFF, 0xFB, 0xEE, 0xEB, 0xFF, 0xFF, 0xEB, 0xE7, 0xFF, 0xFE,
  0xEB, 0xE7, 0xFD, 0x81, 0xCC, 0xCC, 0xFF, 0x05, 0x00, 0x00, 0x00, 0x00, 0xBF, 0xBF, 0xFF, 0x04,
  0x00, 0x00, 0x00, 0x00, 0x00, 0x00, 0x00, 0x00, 0x00, 0x00, 0x00, 0x00, 0x00, 0x00, 0x00, 0x00,
  0x00, 0x00, 0x00, 0x00, 0x00, 0x00, 0x00, 0x00, 0x00, 0x00, 0x00, 0x00, 0x00, 0x00, 0x00, 0x00,
  0x00, 0x00, 0x00, 0x00, 0x00, 0x00, 0x00, 0x00, 0x00, 0x00, 0x00, 0x00, 0x00, 0x00, 0x00, 0x00,
  0x00, 0x00, 0x00, 0x00, 0x00, 0x00, 0x00, 0x00, 0x00, 0x00, 0x00, 0x00, 0x00, 0x00, 0x00, 0x00,
  0x00, 0x00, 0x00, 0x00, 0x00, 0x00, 0x00, 0x00, 0x00, 0x00, 0x00, 0x00, 0x00, 0x00, 0x00, 0x00,
  0x00, 0x00, 0x00, 0x00, 0x00, 0x00, 0x00, 0x00, 0x00, 0x00, 0x00, 0x00, 0x00, 0x00, 0x00, 0x00,
  0x00, 0x00, 0x00, 0x00, 0x00, 0x00, 0x00, 0x00, 0x00, 0x00, 0x00, 0x00, 0x00, 0x00, 0x00, 0x00,
  0x00, 0x00, 0x00, 0x00, 0x00, 0x00, 0x00, 0x00, 0x00, 0x00, 0x00, 0x00, 0x00, 0x00, 0x00, 0x00,
  0x00, 0x00, 0x00, 0x00, 0x00, 0x00, 0x00, 0x00, 0x00, 0x00, 0x00, 0x00, 0x00, 0x00, 0x00, 0x00,
  0x00, 0x00, 0x00, 0x00, 0x00, 0x00, 0x00, 0x00, 0x00, 0x00, 0x00, 0x00, 0x00, 0x00, 0x00, 0x00,
  0x00, 0x00, 0x00, 0x00, 0x00, 0x00, 0x00, 0x00, 0x00, 0x00, 0x00, 0x00, 0x00, 0x00, 0x00, 0x00,
  0x00, 0x00, 0x00, 0x00, 0x00, 0x00, 0x00, 0x00, 0x00, 0x00, 0x00, 0x00, 0x00, 0x00, 0x00, 0x00,
  0x00, 0x00, 0x00, 0x00, 0x00, 0x00, 0x00, 0x00, 0x00, 0x00, 0x00, 0x00, 0x00, 0x00, 0x00, 0x00,
  0x00, 0x00, 0x00, 0x00, 0x00, 0x00, 0x00, 0x00, 0x00, 0x00, 0x00, 0x00, 0x00, 0x00, 0x00, 0x00,
  0x00, 0x00, 0x00, 0x00, 0x00, 0x00, 0x00, 0x00, 0x00, 0x00, 0x00, 0x00, 0x00, 0x00, 0x00, 0x00,
  0x00, 0x00, 0x00, 0x00, 0x00, 0x00, 0x00, 0x00, 0x00, 0x00, 0x00, 0x00, 0x00, 0x00, 0x00, 0x00,
  0x00, 0x00, 0x00, 0x00, 0x00, 0x00, 0x00, 0x00, 0x00, 0x00, 0x00, 0x00, 0x00, 0x00, 0x00, 0x00,
  0x00, 0x00, 0x00, 0x00, 0x00, 0x00, 0x00, 0x00, 0x00, 0x00, 0x00, 0x00, 0x00, 0x00, 0x00, 0x00,
  0x00, 0x00, 0x00, 0x00, 0x00, 0x00, 0x00, 0x00, 0x00, 0x00, 0x00, 0x00, 0x00, 0x00, 0x00, 0x00,
  0x00, 0x00, 0x00, 0x00, 0x00, 0x00, 0x00, 0x00, 0x00, 0x00, 0x00, 0x00, 0x00, 0x00, 0x00, 0x00,
  0x00, 0x00, 0x00, 0x00, 0x00, 0x00, 0x00, 0x00, 0x00, 0x00, 0x00, 0x00, 0x00, 0x00, 0x00, 0x00,
  0x00, 0x00, 0x00, 0x00, 0x00, 0x00, 0x00, 0x00, 0x00, 0x00, 0x00, 0x00, 0x00, 0x00, 0x00, 0x00,
  0xBF, 0xBF, 0xBF, 0x04, 0x00, 0x00, 0x00, 0x00, 0x00, 0x00, 0x00, 0x00, 0xEB, 0xE5, 0xFC, 0x5A,
  0xEE, 0xE8, 0xFD, 0xE6, 0xF3, 0xEE, 0xFF, 0xFF, 0xE2, 0xE0, 0xFF, 0xFC, 0xE3, 0xDF, 0xFF, 0xFD,
  0xE5, 0xE0, 0xFF, 0xFF, 0xE5, 0xE0, 0xFF, 0xFF, 0xE5, 0xE0, 0xFF, 0xFF, 0xE5, 0xE0, 0xFF, 0xFF,
  0xE5, 0xE0, 0xFF, 0xFF, 0xE5, 0xE0, 0xFF, 0xFF, 0xE5, 0xE0, 0xFF, 0xFF, 0xE5, 0xE0, 0xFF, 0xFF,
  0xE3, 0xE1, 0xFF, 0xFF, 0xE1, 0xE1, 0xFF, 0xFF, 0xE1, 0xE1, 0xFF, 0xFF, 0xE2, 0xE1, 0xFF, 0xFF,
  0xE3, 0xE1, 0xFF, 0xFF, 0xE2, 0xE1, 0xFF, 0xFF, 0xE4, 0xE1, 0xFF, 0xFF, 0xE4, 0xDF, 0xFF, 0xFC,
  0xE4, 0xE0, 0xFF, 0xFF, 0xF5, 0xF1, 0xFF, 0xFF, 0xEB, 0xE8, 0xFD, 0xC9, 0xEA, 0xE5, 0xFA, 0x3D,
  0x00, 0x00, 0x00, 0x00, 0x00, 0x00, 0x00, 0x00, 0xAA, 0xAA, 0xFF, 0x03, 0x00, 0x00, 0x00, 0x00,
  0x00, 0x00, 0x00, 0x00, 0x00, 0x00, 0x00, 0x00, 0x00, 0x00, 0x00, 0x00, 0x00, 0x00, 0x00, 0x00,
  0x00, 0x00, 0x00, 0x00, 0x00, 0x00, 0x00, 0x00, 0x00, 0x00, 0x00, 0x00, 0x00, 0x00, 0x00, 0x00,
  0x00, 0x00, 0x00, 0x00, 0x00, 0x00, 0x00, 0x00, 0x00, 0x00, 0x00, 0x00, 0x00, 0x00, 0x00, 0x00,
  0x00, 0x00, 0x00, 0x00, 0x00, 0x00, 0x00, 0x00, 0x00, 0x00, 0x00, 0x00, 0x00, 0x00, 0x00, 0x00,
  0x00, 0x00, 0x00, 0x00, 0x00, 0x00, 0x00, 0x00, 0x00, 0x00, 0x00, 0x00, 0x00, 0x00, 0x00, 0x00,
  0x00, 0x00, 0x00, 0x00, 0x00, 0x00, 0x00, 0x00, 0x00, 0x00, 0x00, 0x00, 0x00, 0x00, 0x00, 0x00,
  0x00, 0x00, 0x00, 0x00, 0x00, 0x00, 0x00, 0x00, 0x00, 0x00, 0x00, 0x00, 0x00, 0x00, 0x00, 0x00,
  0x00, 0x00, 0x00, 0x00, 0x00, 0x00, 0x00, 0x00, 0x00, 0x00, 0x00, 0x00, 0x00, 0x00, 0x00, 0x00,
  0x00, 0x00, 0x00, 0x00, 0x00, 0x00, 0x00, 0x00, 0x00, 0x00, 0x00, 0x00, 0x00, 0x00, 0x00, 0x00,
  0x00, 0x00, 0x00, 0x00, 0x00, 0x00, 0x00, 0x00, 0x00, 0x00, 0x00, 0x00, 0x00, 0x00, 0x00, 0x00,
  0x00, 0x00, 0x00, 0x00, 0x00, 0x00, 0x00, 0x00, 0x00, 0x00, 0x00, 0x00, 0x00, 0x00, 0x00, 0x00,
  0x00, 0x00, 0x00, 0x00, 0x00, 0x00, 0x00, 0x00, 0x00, 0x00, 0x00, 0x00, 0x00, 0x00, 0x00, 0x00,
  0x00, 0x00, 0x00, 0x00, 0x00, 0x00, 0x00, 0x00, 0x00, 0x00, 0x00, 0x00, 0x00, 0x00, 0x00, 0x00,
  0x00, 0x00, 0x00, 0x00, 0x00, 0x00, 0x00, 0x00, 0x00, 0x00, 0x00, 0x00, 0x00, 0x00, 0x00, 0x00,
  0x00, 0x00, 0x00, 0x00, 0x00, 0x00, 0x00, 0x00, 0x00, 0x00, 0x00, 0x00, 0x00, 0x00, 0x00, 0x00,
  0x00, 0x00, 0x00, 0x00, 0x00, 0x00, 0x00, 0x00, 0x00, 0x00, 0x00, 0x00, 0x00, 0x00, 0x00, 0x00,
  0x00, 0x00, 0x00, 0x00, 0x00, 0x00, 0x00, 0x00, 0x00, 0x00, 0x00, 0x00, 0x00, 0x00, 0x00, 0x00,
  0x00, 0x00, 0x00, 0x00, 0x00, 0x00, 0x00, 0x00, 0x00, 0x00, 0x00, 0x00, 0x00, 0x00, 0x00, 0x00,
  0x00, 0x00, 0x00, 0x00, 0x00, 0x00, 0x00, 0x00, 0x00, 0x00, 0x00, 0x00, 0x00, 0x00, 0x00, 0x00,
  0x00, 0x00, 0x00, 0x00, 0x00, 0x00, 0x00, 0x00, 0x00, 0x00, 0x00, 0x00, 0x00, 0x00, 0x00, 0x00,
  0x00, 0x00, 0x00, 0x00, 0x00, 0x00, 0x00, 0x00, 0x00, 0x00, 0x00, 0x00, 0x00, 0x00, 0x00, 0x00,
  0x00, 0x00, 0x00, 0x00, 0x00, 0x00, 0x00, 0x00, 0x00, 0x00, 0x00, 0x00, 0x00, 0x00, 0x00, 0x00,
  0x00, 0x00, 0x00, 0x00, 0xFF, 0xFF, 0xFF, 0x02, 0xFF, 0xFF, 0xFF, 0x02, 0x00, 0x00, 0x00, 0x00,
  0xE5, 0xE5, 0xF2, 0x14, 0xEC, 0xE9, 0xFD, 0x97, 0xF1, 0xF0, 0xFF, 0xFF, 0xEB, 0xE8, 0xFF, 0xFF,
  0xE3, 0xDE, 0xFF, 0xFC, 0xE4, 0xDF, 0xFF, 0xFE, 0xE5, 0xE0, 0xFF, 0xFF, 0xE5, 0xE0, 0xFF, 0xFF,
  0xE5, 0xE0, 0xFF, 0xFF, 0xE5, 0xE0, 0xFF, 0xFF, 0xE5, 0xE0, 0xFF, 0xFF, 0xE5, 0xE0, 0xFF, 0xFF,
  0xE3, 0xE1, 0xFF, 0xFF, 0xE1, 0xE1, 0xFF, 0xFF, 0xE1, 0xE1, 0xFF, 0xFF, 0xE1, 0xE1, 0xFF, 0xFF,
  0xE1, 0xE1, 0xFF, 0xFF, 0xE0, 0xE1, 0xFF, 0xFD, 0xE0, 0xE0, 0xFF, 0xFC, 0xEE, 0xEB, 0xFF, 0xFF,
  0xEB, 0xE8, 0xFD, 0xFA, 0xEA, 0xE8, 0xFB, 0x87, 0xCC, 0xFF, 0xFF, 0x05, 0x00, 0x00, 0x00, 0x00,
  0xBF, 0xBF, 0xFF, 0x04, 0xFF, 0xFF, 0xFF, 0x01, 0x00, 0x00, 0x00, 0x00, 0x00, 0x00, 0x00, 0x00,
  0x00, 0x00, 0x00, 0x00, 0x00, 0x00, 0x00, 0x00, 0x00, 0x00, 0x00, 0x00, 0x00, 0x00, 0x00, 0x00,
  0x00, 0x00, 0x00, 0x00, 0x00, 0x00, 0x00, 0x00, 0x00, 0x00, 0x00, 0x00, 0x00, 0x00, 0x00, 0x00,
  0x00, 0x00, 0x00, 0x00, 0x00, 0x00, 0x00, 0x00, 0x00, 0x00, 0x00, 0x00, 0x00, 0x00, 0x00, 0x00,
  0x00, 0x00, 0x00, 0x00, 0x00, 0x00, 0x00, 0x00, 0x00, 0x00, 0x00, 0x00, 0x00, 0x00, 0x00, 0x00,
  0x00, 0x00, 0x00, 0x00, 0x00, 0x00, 0x00, 0x00, 0x00, 0x00, 0x00, 0x00, 0x00, 0x00, 0x00, 0x00,
  0x00, 0x00, 0x00, 0x00, 0x00, 0x00, 0x00, 0x00, 0x00, 0x00, 0x00, 0x00, 0x00, 0x00, 0x00, 0x00,
  0x00, 0x00, 0x00, 0x00, 0x00, 0x00, 0x00, 0x00, 0x00, 0x00, 0x00, 0x00, 0x00, 0x00, 0x00, 0x00,
  0x00, 0x00, 0x00, 0x00, 0x00, 0x00, 0x00, 0x00, 0x00, 0x00, 0x00, 0x00, 0x00, 0x00, 0x00, 0x00,
  0x00, 0x00, 0x00, 0x00, 0x00, 0x00, 0x00, 0x00, 0x00, 0x00, 0x00, 0x00, 0x00, 0x00, 0x00, 0x00,
  0x00, 0x00, 0x00, 0x00, 0x00, 0x00, 0x00, 0x00, 0x00, 0x00, 0x00, 0x00, 0x00, 0x00, 0x00, 0x00,
  0x00, 0x00, 0x00, 0x00, 0x00, 0x00, 0x00, 0x00, 0x00, 0x00, 0x00, 0x00, 0x00, 0x00, 0x00, 0x00,
  0x00, 0x00, 0x00, 0x00, 0x00, 0x00, 0x00, 0x00, 0x00, 0x00, 0x00, 0x00, 0x00, 0x00, 0x00, 0x00,
  0x00, 0x00, 0x00, 0x00, 0x00, 0x00, 0x00, 0x00, 0x00, 0x00, 0x00, 0x00, 0x00, 0x00, 0x00, 0x00,
  0x00, 0x00, 0x00, 0x00, 0x00, 0x00, 0x00, 0x00, 0x00, 0x00, 0x00, 0x00, 0x00, 0x00, 0x00, 0x00,
  0x00, 0x00, 0x00, 0x00, 0x00, 0x00, 0x00, 0x00, 0x00, 0x00, 0x00, 0x00, 0x00, 0x00, 0x00, 0x00,
  0x00, 0x00, 0x00, 0x00, 0x00, 0x00, 0x00, 0x00, 0x00, 0x00, 0x00, 0x00, 0x00, 0x00, 0x00, 0x00,
  0x00, 0x00, 0x00, 0x00, 0x00, 0x00, 0x00, 0x00, 0x00, 0x00, 0x00, 0x00, 0x00, 0x00, 0x00, 0x00,
  0x00, 0x00, 0x00, 0x00, 0x00, 0x00, 0x00, 0x00, 0x00, 0x00, 0x00, 0x00, 0x00, 0x00, 0x00, 0x00,
  0x00, 0x00, 0x00, 0x00, 0x00, 0x00, 0x00, 0x00, 0x00, 0x00, 0x00, 0x00, 0x00, 0x00, 0x00, 0x00,
  0x00, 0x00, 0x00, 0x00, 0x00, 0x00, 0x00, 0x00, 0x00, 0x00, 0x00, 0x00, 0x00, 0x00, 0x00, 0x00,
  0x00, 0x00, 0x00, 0x00, 0x00, 0x00, 0x00, 0x00, 0x00, 0x00, 0x00, 0x00, 0x00, 0x00, 0x00, 0x00,
  0x00, 0x00, 0x00, 0x00, 0x00, 0x00, 0x00, 0x00, 0x00, 0x00, 0x00, 0x00, 0x00, 0x00, 0x00, 0x00,
  0x00, 0x00, 0x00, 0x00, 0x00, 0x00, 0x00, 0x00, 0x00, 0x00, 0x00, 0x00, 0xFF, 0xFF, 0xFF, 0x03,
  0x00, 0x00, 0x00, 0x00, 0x00, 0x00, 0x00, 0x00, 0xEA, 0xE7, 0xF9, 0x56, 0xEB, 0xEA, 0xFB, 0xD4,
  0xF6, 0xF1, 0xFF, 0xFF, 0xE7, 0xE2, 0xFF, 0xFF, 0xE3, 0xDE, 0xFD, 0xFC, 0xE5, 0xE0, 0xFF, 0xFF,
  0xE5, 0xE0, 0xFF, 0xFF, 0xE5, 0xE0, 0xFF, 0xFF, 0xE5, 0xE0, 0xFF, 0xFF, 0xE5, 0xE0, 0xFF, 0xFF,
  0xE3, 0xE1, 0xFF, 0xFF, 0xE1, 0xE1, 0xFF, 0xFF, 0xE1, 0xE1, 0xFF, 0xFF, 0xE0, 0xE0, 0xFF, 0xFE,
  0xDF, 0xDF, 0xFF, 0xFC, 0xE7, 0xE5, 0xFF, 0xFF, 0xF3, 0xF0, 0xFF, 0xFF, 0xED, 0xEB, 0xFC, 0xB9,
  0xE6, 0xE6, 0xFA, 0x33, 0x00, 0x00, 0x00, 0x00, 0x00, 0x00, 0x00, 0x00, 0xFF, 0xFF, 0xFF, 0x03,
  0x00, 0x00, 0x00, 0x00, 0x00, 0x00, 0x00, 0x00, 0x00, 0x00, 0x00, 0x00, 0x00, 0x00, 0x00, 0x00,
  0x00, 0x00, 0x00, 0x00, 0x00, 0x00, 0x00, 0x00, 0x00, 0x00, 0x00, 0x00, 0x00, 0x00, 0x00, 0x00,
  0x00, 0x00, 0x00, 0x00, 0x00, 0x00, 0x00, 0x00, 0x00, 0x00, 0x00, 0x00, 0x00, 0x00, 0x00, 0x00,
  0x00, 0x00, 0x00, 0x00, 0x00, 0x00, 0x00, 0x00, 0x00, 0x00, 0x00, 0x00, 0x00, 0x00, 0x00, 0x00,
  0x00, 0x00, 0x00, 0x00, 0x00, 0x00, 0x00, 0x00, 0x00, 0x00, 0x00, 0x00, 0x00, 0x00, 0x00, 0x00,
  0x00, 0x00, 0x00, 0x00, 0x00, 0x00, 0x00, 0x00, 0x00, 0x00, 0x00, 0x00, 0x00, 0x00, 0x00, 0x00,
  0x00, 0x00, 0x00, 0x00, 0x00, 0x00, 0x00, 0x00, 0x00, 0x00, 0x00, 0x00, 0x00, 0x00, 0x00, 0x00,
  0x00, 0x00, 0x00, 0x00, 0x00, 0x00, 0x00, 0x00, 0x00, 0x00, 0x00, 0x00, 0x00, 0x00, 0x00, 0x00,
  0x00, 0x00, 0x00, 0x00, 0x00, 0x00, 0x00, 0x00, 0x00, 0x00, 0x00, 0x00, 0x00, 0x00, 0x00, 0x00,
  0x00, 0x00, 0x00, 0x00, 0x00, 0x00, 0x00, 0x00, 0x00, 0x00, 0x00, 0x00, 0x00, 0x00, 0x00, 0x00,
  0x00, 0x00, 0x00, 0x00, 0x00, 0x00, 0x00, 0x00, 0x00, 0x00, 0x00, 0x00, 0x00, 0x00, 0x00, 0x00,
  0x00, 0x00, 0x00, 0x00, 0x00, 0x00, 0x00, 0x00, 0x00, 0x00, 0x00, 0x00, 0x00, 0x00, 0x00, 0x00,
  0x00, 0x00, 0x00, 0x00, 0x00, 0x00, 0x00, 0x00, 0x00, 0x00, 0x00, 0x00, 0x00, 0x00, 0x00, 0x00,
  0x00, 0x00, 0x00, 0x00, 0x00, 0x00, 0x00, 0x00, 0x00, 0x00, 0x00, 0x00, 0x00, 0x00, 0x00, 0x00,
  0x00, 0x00, 0x00, 0x00, 0x00, 0x00, 0x00, 0x00, 0x00, 0x00, 0x00, 0x00, 0x00, 0x00, 0x00, 0x00,
  0x00, 0x00, 0x00, 0x00, 0x00, 0x00, 0x00, 0x00, 0x00, 0x00, 0x00, 0x00, 0x00, 0x00, 0x00, 0x00,
  0x00, 0x00, 0x00, 0x00, 0x00, 0x00, 0x00, 0x00, 0x00, 0x00, 0x00, 0x00, 0x00, 0x00, 0x00, 0x00,
  0x00, 0x00, 0x00, 0x00, 0x00, 0x00, 0x00, 0x00, 0x00, 0x00, 0x00, 0x00, 0x00, 0x00, 0x00, 0x00,
  0x00, 0x00, 0x00, 0x00, 0x00, 0x00, 0x00, 0x00, 0x00, 0x00, 0x00, 0x00, 0x00, 0x00, 0x00, 0x00,
  0x00, 0x00, 0x00, 0x00, 0x00, 0x00, 0x00, 0x00, 0x00, 0x00, 0x00, 0x00, 0x00, 0x00, 0x00, 0x00,
  0x00, 0x00, 0x00, 0x00, 0x00, 0x00, 0x00, 0x00, 0x00, 0x00, 0x00, 0x00, 0x00, 0x00, 0x00, 0x00,
  0x00, 0x00, 0x00, 0x00, 0x00, 0x00, 0x00, 0x00, 0x00, 0x00, 0x00, 0x00, 0x00, 0x00, 0x00, 0x00,
  0x00, 0x00, 0x00, 0x00, 0x00, 0x00, 0x00, 0x00, 0x00, 0x00, 0x00, 0x00, 0x00, 0x00, 0x00, 0x00,
  0x00, 0x00, 0x00, 0x00, 0x00, 0x00, 0x00, 0x00, 0x00, 0x00, 0x00, 0x00, 0x00, 0x00, 0x00, 0x00,
  0xFF, 0xFF, 0xFF, 0x01, 0xFF, 0xFF, 0xFF, 0x03, 0x00, 0x00, 0x00, 0x00, 0xE7, 0xE7, 0xE7, 0x0B,
  0xEE, 0xEA, 0xFC, 0x7A, 0xEA, 0xE5, 0xFD, 0xF1, 0xF4, 0xEE, 0xFF, 0xFF, 0xE4, 0xDF, 0xFF, 0xFD,
  0xE4, 0xDF, 0xFF, 0xFD, 0xE5, 0xE0, 0xFF, 0xFF, 0xE5, 0xE0, 0xFF, 0xFF, 0xE5, 0xE0, 0xFF, 0xFF,
  0xE3, 0xE1, 0xFF, 0xFF, 0xE1, 0xE1, 0xFF, 0xFF, 0xE0, 0xE0, 0xFF, 0xFC, 0xE3, 0xE2, 0xFF, 0xFF,
  0xF2, 0xF0, 0xFF, 0xFF, 0xE9, 0xE5, 0xFD, 0xDE, 0xED, 0xEA, 0xFC, 0x56, 0x7F, 0x7F, 0x7F, 0x02,
  0x00, 0x00, 0x00, 0x00, 0xFF, 0xFF, 0xFF, 0x03, 0xFF, 0xFF, 0xFF, 0x01, 0x00, 0x00, 0x00, 0x00,
  0x00, 0x00, 0x00, 0x00, 0x00, 0x00, 0x00, 0x00, 0x00, 0x00, 0x00, 0x00, 0x00, 0x00, 0x00, 0x00,
  0x00, 0x00, 0x00, 0x00, 0x00, 0x00, 0x00, 0x00, 0x00, 0x00, 0x00, 0x00, 0x00, 0x00, 0x00, 0x00,
  0x00, 0x00, 0x00, 0x00, 0x00, 0x00, 0x00, 0x00, 0x00, 0x00, 0x00, 0x00, 0x00, 0x00, 0x00, 0x00,
  0x00, 0x00, 0x00, 0x00, 0x00, 0x00, 0x00, 0x00, 0x00, 0x00, 0x00, 0x00, 0x00, 0x00, 0x00, 0x00,
  0x00, 0x00, 0x00, 0x00, 0x00, 0x00, 0x00, 0x00, 0x00, 0x00, 0x00, 0x00, 0x00, 0x00, 0x00, 0x00,
  0x00, 0x00, 0x00, 0x00, 0x00, 0x00, 0x00, 0x00, 0x00, 0x00, 0x00, 0x00, 0x00, 0x00, 0x00, 0x00,
  0x00, 0x00, 0x00, 0x00, 0x00, 0x00, 0x00, 0x00, 0x00, 0x00, 0x00, 0x00, 0x00, 0x00, 0x00, 0x00,
  0x00, 0x00, 0x00, 0x00, 0x00, 0x00, 0x00, 0x00, 0x00, 0x00, 0x00, 0x00, 0x00, 0x00, 0x00, 0x00,
  0x00, 0x00, 0x00, 0x00, 0x00, 0x00, 0x00, 0x00, 0x00, 0x00, 0x00, 0x00, 0x00, 0x00, 0x00, 0x00,
  0x00, 0x00, 0x00, 0x00, 0x00, 0x00, 0x00, 0x00, 0x00, 0x00, 0x00, 0x00, 0x00, 0x00, 0x00, 0x00,
  0x00, 0x00, 0x00, 0x00, 0x00, 0x00, 0x00, 0x00, 0x00, 0x00, 0x00, 0x00, 0x00, 0x00, 0x00, 0x00,
  0x00, 0x00, 0x00, 0x00, 0x00, 0x00, 0x00, 0x00, 0x00, 0x00, 0x00, 0x00, 0x00, 0x00, 0x00, 0x00,
  0x00, 0x00, 0x00, 0x00, 0x00, 0x00, 0x00, 0x00, 0x00, 0x00, 0x00, 0x00, 0x00, 0x00, 0x00, 0x00,
  0x00, 0x00, 0x00, 0x00, 0x00, 0x00, 0x00, 0x00, 0x00, 0x00, 0x00, 0x00, 0x00, 0x00, 0x00, 0x00,
  0x00, 0x00, 0x00, 0x00, 0x00, 0x00, 0x00, 0x00, 0x00, 0x00, 0x00, 0x00, 0x00, 0x00, 0x00, 0x00,
  0x00, 0x00, 0x00, 0x00, 0x00, 0x00, 0x00, 0x00, 0x00, 0x00, 0x00, 0x00, 0x00, 0x00, 0x00, 0x00,
  0x00, 0x00, 0x00, 0x00, 0x00, 0x00, 0x00, 0x00, 0x00, 0x00, 0x00, 0x00, 0x00, 0x00, 0x00, 0x00,
  0x00, 0x00, 0x00, 0x00, 0x00, 0x00, 0x00, 0x00, 0x00, 0x00, 0x00, 0x00, 0x00, 0x00, 0x00, 0x00,
  0x00, 0x00, 0x00, 0x00, 0x00, 0x00, 0x00, 0x00, 0x00, 0x00, 0x00, 0x00, 0x00, 0x00, 0x00, 0x00,
  0x00, 0x00, 0x00, 0x00, 0x00, 0x00, 0x00, 0x00, 0x00, 0x00, 0x00, 0x00, 0x00, 0x00, 0x00, 0x00,
  0x00, 0x00, 0x00, 0x00, 0x00, 0x00, 0x00, 0x00, 0x00, 0x00, 0x00, 0x00, 0x00, 0x00, 0x00, 0x00,
  0x00, 0x00, 0x00, 0x00, 0x00, 0x00, 0x00, 0x00, 0x00, 0x00, 0x00, 0x00, 0x00, 0x00, 0x00, 0x00,
  0x00, 0x00, 0x00, 0x00, 0x00, 0x00, 0x00, 0x00, 0x00, 0x00, 0x00, 0x00, 0x00, 0x00, 0x00, 0x00,
  0x00, 0x00, 0x00, 0x00, 0x00, 0x00, 0x00, 0x00, 0x00, 0x00, 0x00, 0x00, 0x00, 0x00, 0x00, 0x00,
  0x00, 0x00, 0x00, 0x00, 0x00, 0x00, 0x00, 0x00, 0xFF, 0xFF, 0xFF, 0x03, 0x00, 0x00, 0x00, 0x00,
  0x00, 0x00, 0x00, 0x00, 0xEC, 0xE6, 0xFF, 0x29, 0xEE, 0xE8, 0xFD, 0xAA, 0xEC, 0xE7, 0xFF, 0xFF,
  0xEF, 0xE9, 0xFF, 0xFF, 0xE3, 0xE0, 0xFF, 0xFB, 0xE3, 0xE0, 0xFF, 0xFD, 0xE3, 0xE1, 0xFF, 0xFF,
  0xE2, 0xE0, 0xFF, 0xFD, 0xE1, 0xDF, 0xFF, 0xFD, 0xF2, 0xED, 0xFF, 0xFF, 0xEB, 0xE6, 0xFD, 0xF6,
  0xE9, 0xE7, 0xFB, 0x8E, 0xDF, 0xEF, 0xFF, 0x10, 0x00, 0x00, 0x00, 0x00, 0x00, 0x00, 0x00, 0x00,
  0xFF, 0xFF, 0xFF, 0x02, 0x00, 0x00, 0x00, 0x00, 0x00, 0x00, 0x00, 0x00, 0x00, 0x00, 0x00, 0x00,
  0x00, 0x00, 0x00, 0x00, 0x00, 0x00, 0x00, 0x00, 0x00, 0x00, 0x00, 0x00, 0x00, 0x00, 0x00, 0x00,
  0x00, 0x00, 0x00, 0x00, 0x00, 0x00, 0x00, 0x00, 0x00, 0x00, 0x00, 0x00, 0x00, 0x00, 0x00, 0x00,
  0x00, 0x00, 0x00, 0x00, 0x00, 0x00, 0x00, 0x00, 0x00, 0x00, 0x00, 0x00, 0x00, 0x00, 0x00, 0x00,
  0x00, 0x00, 0x00, 0x00, 0x00, 0x00, 0x00, 0x00, 0x00, 0x00, 0x00, 0x00, 0x00, 0x00, 0x00, 0x00,
  0x00, 0x00, 0x00, 0x00, 0x00, 0x00, 0x00, 0x00, 0x00, 0x00, 0x00, 0x00, 0x00, 0x00, 0x00, 0x00,
  0x00, 0x00, 0x00, 0x00, 0x00, 0x00, 0x00, 0x00, 0x00, 0x00, 0x00, 0x00, 0x00, 0x00, 0x00, 0x00,
  0x00, 0x00, 0x00, 0x00, 0x00, 0x00, 0x00, 0x00, 0x00, 0x00, 0x00, 0x00, 0x00, 0x00, 0x00, 0x00,
  0x00, 0x00, 0x00, 0x00, 0x00, 0x00, 0x00, 0x00, 0x00, 0x00, 0x00, 0x00, 0x00, 0x00, 0x00, 0x00,
  0x00, 0x00, 0x00, 0x00, 0x00, 0x00, 0x00, 0x00, 0x00, 0x00, 0x00, 0x00, 0x00, 0x00, 0x00, 0x00,
  0x00, 0x00, 0x00, 0x00, 0x00, 0x00, 0x00, 0x00, 0x00, 0x00, 0x00, 0x00, 0x00, 0x00, 0x00, 0x00,
  0x00, 0x00, 0x00, 0x00, 0x00, 0x00, 0x00, 0x00, 0x00, 0x00, 0x00, 0x00, 0x00, 0x00, 0x00, 0x00,
  0x00, 0x00, 0x00, 0x00, 0x00, 0x00, 0x00, 0x00, 0x00, 0x00, 0x00, 0x00, 0x00, 0x00, 0x00, 0x00,
  0x00, 0x00, 0x00, 0x00, 0x00, 0x00, 0x00, 0x00, 0x00, 0x00, 0x00, 0x00, 0x00, 0x00, 0x00, 0x00,
  0x00, 0x00, 0x00, 0x00, 0x00, 0x00, 0x00, 0x00, 0x00, 0x00, 0x00, 0x00, 0x00, 0x00, 0x00, 0x00,
  0x00, 0x00, 0x00, 0x00, 0x00, 0x00, 0x00, 0x00, 0x00, 0x00, 0x00, 0x00, 0x00, 0x00, 0x00, 0x00,
  0x00, 0x00, 0x00, 0x00, 0x00, 0x00, 0x00, 0x00, 0x00, 0x00, 0x00, 0x00, 0x00, 0x00, 0x00, 0x00,
  0x00, 0x00, 0x00, 0x00, 0x00, 0x00, 0x00, 0x00, 0x00, 0x00, 0x00, 0x00, 0x00, 0x00, 0x00, 0x00,
  0x00, 0x00, 0x00, 0x00, 0x00, 0x00, 0x00, 0x00, 0x00, 0x00, 0x00, 0x00, 0x00, 0x00, 0x00, 0x00,
  0x00, 0x00, 0x00, 0x00, 0x00, 0x00, 0x00, 0x00, 0x00, 0x00, 0x00, 0x00, 0x00, 0x00, 0x00, 0x00,
  0x00, 0x00, 0x00, 0x00, 0x00, 0x00, 0x00, 0x00, 0x00, 0x00, 0x00, 0x00, 0x00, 0x00, 0x00, 0x00,
  0x00, 0x00, 0x00, 0x00, 0x00, 0x00, 0x00, 0x00, 0x00, 0x00, 0x00, 0x00, 0x00, 0x00, 0x00, 0x00,
  0x00, 0x00, 0x00, 0x00, 0x00, 0x00, 0x00, 0x00, 0x00, 0x00, 0x00, 0x00, 0x00, 0x00, 0x00, 0x00,
  0x00, 0x00, 0x00, 0x00, 0x00, 0x00, 0x00, 0x00, 0x00, 0x00, 0x00, 0x00, 0x00, 0x00, 0x00, 0x00,
  0x00, 0x00, 0x00, 0x00, 0x00, 0x00, 0x00, 0x00, 0x00, 0x00, 0x00, 0x00, 0x00, 0x00, 0x00, 0x00,
  0x00, 0x00, 0x00, 0x00, 0x00, 0x00, 0x00, 0x00, 0x00, 0x00, 0x00, 0x00, 0xFF, 0xFF, 0xFF, 0x01,
  0xBF, 0xBF, 0xFF, 0x04, 0x00, 0x00, 0x00, 0x00, 0x00, 0x00, 0x00, 0x00, 0xEA, 0xE7, 0xFF, 0x4B,
  0xED, 0xE8, 0xFF, 0xCC, 0xF4, 0xEF, 0xFF, 0xFF, 0xEA, 0xE5, 0xFF, 0xFF, 0xE1, 0xDF, 0xFF, 0xFC,
  0xED, 0xE9, 0xFF, 0xFF, 0xF1, 0xED, 0xFF, 0xFF, 0xED, 0xE7, 0xFD, 0xAE, 0xED, 0xE7, 0xFF, 0x2B,
  0x00, 0x00, 0x00, 0x00, 0x00, 0x00, 0x00, 0x00, 0xFF, 0xFF, 0xFF, 0x03, 0x00, 0x00, 0x00, 0x00,
  0x00, 0x00, 0x00, 0x00, 0x00, 0x00, 0x00, 0x00, 0x00, 0x00, 0x00, 0x00, 0x00, 0x00, 0x00, 0x00,
  0x00, 0x00, 0x00, 0x00, 0x00, 0x00, 0x00, 0x00, 0x00, 0x00, 0x00, 0x00, 0x00, 0x00, 0x00, 0x00,
  0x00, 0x00, 0x00, 0x00, 0x00, 0x00, 0x00, 0x00, 0x00, 0x00, 0x00, 0x00, 0x00, 0x00, 0x00, 0x00,
  0x00, 0x00, 0x00, 0x00, 0x00, 0x00, 0x00, 0x00, 0x00, 0x00, 0x00, 0x00, 0x00, 0x00, 0x00, 0x00,
  0x00, 0x00, 0x00, 0x00, 0x00, 0x00, 0x00, 0x00, 0x00, 0x00, 0x00, 0x00, 0x00, 0x00, 0x00, 0x00,
  0x00, 0x00, 0x00, 0x00, 0x00, 0x00, 0x00, 0x00, 0x00, 0x00, 0x00, 0x00, 0x00, 0x00, 0x00, 0x00,
  0x00, 0x00, 0x00, 0x00, 0x00, 0x00, 0x00, 0x00, 0x00, 0x00, 0x00, 0x00, 0x00, 0x00, 0x00, 0x00,
  0x00, 0x00, 0x00, 0x00, 0x00, 0x00, 0x00, 0x00, 0x00, 0x00, 0x00, 0x00, 0x00, 0x00, 0x00, 0x00,
  0x00, 0x00, 0x00, 0x00, 0x00, 0x00, 0x00, 0x00, 0x00, 0x00, 0x00, 0x00, 0x00, 0x00, 0x00, 0x00,
  0x00, 0x00, 0x00, 0x00, 0x00, 0x00, 0x00, 0x00, 0x00, 0x00, 0x00, 0x00, 0x00, 0x00, 0x00, 0x00,
  0x00, 0x00, 0x00, 0x00, 0x00, 0x00, 0x00, 0x00, 0x00, 0x00, 0x00, 0x00, 0x00, 0x00, 0x00, 0x00,
  0x00, 0x00, 0x00, 0x00, 0x00, 0x00, 0x00, 0x00, 0x00, 0x00, 0x00, 0x00, 0x00, 0x00, 0x00, 0x00,
  0x00, 0x00, 0x00, 0x00, 0x00, 0x00, 0x00, 0x00, 0x00, 0x00, 0x00, 0x00, 0x00, 0x00, 0x00, 0x00,
  0x00, 0x00, 0x00, 0x00, 0x00, 0x00, 0x00, 0x00, 0x00, 0x00, 0x00, 0x00, 0x00, 0x00, 0x00, 0x00,
  0x00, 0x00, 0x00, 0x00, 0x00, 0x00, 0x00, 0x00, 0x00, 0x00, 0x00, 0x00, 0x00, 0x00, 0x00, 0x00,
  0x00, 0x00, 0x00, 0x00, 0x00, 0x00, 0x00, 0x00, 0x00, 0x00, 0x00, 0x00, 0x00, 0x00, 0x00, 0x00,
  0x00, 0x00, 0x00, 0x00, 0x00, 0x00, 0x00, 0x00, 0x00, 0x00, 0x00, 0x00, 0x00, 0x00, 0x00, 0x00,
  0x00, 0x00, 0x00, 0x00, 0x00, 0x00, 0x00, 0x00, 0x00, 0x00, 0x00, 0x00, 0x00, 0x00, 0x00, 0x00,
  0x00, 0x00, 0x00, 0x00, 0x00, 0x00, 0x00, 0x00, 0x00, 0x00, 0x00, 0x00, 0x00, 0x00, 0x00, 0x00,
  0x00, 0x00, 0x00, 0x00, 0x00, 0x00, 0x00, 0x00, 0x00, 0x00, 0x00, 0x00, 0x00, 0x00, 0x00, 0x00,
  0x00, 0x00, 0x00, 0x00, 0x00, 0x00, 0x00, 0x00, 0x00, 0x00, 0x00, 0x00, 0x00, 0x00, 0x00, 0x00,
  0x00, 0x00, 0x00, 0x00, 0x00, 0x00, 0x00, 0x00, 0x00, 0x00, 0x00, 0x00, 0x00, 0x00, 0x00, 0x00,
  0x00, 0x00, 0x00, 0x00, 0x00, 0x00, 0x00, 0x00, 0x00, 0x00, 0x00, 0x00, 0x00, 0x00, 0x00, 0x00,
  0x00, 0x00, 0x00, 0x00, 0x00, 0x00, 0x00, 0x00, 0x00, 0x00, 0x00, 0x00, 0x00, 0x00, 0x00, 0x00,
  0x00, 0x00, 0x00, 0x00, 0x00, 0x00, 0x00, 0x00, 0x00, 0x00, 0x00, 0x00, 0x00, 0x00, 0x00, 0x00,
  0x00, 0x00, 0x00, 0x00, 0x00, 0x00, 0x00, 0x00, 0x00, 0x00, 0x00, 0x00, 0x00, 0x00, 0x00, 0x00,
  0x00, 0x00, 0x00, 0x00, 0xFF, 0xFF, 0xFF, 0x02, 0xFF, 0xFF, 0xFF, 0x03, 0x00, 0x00, 0x00, 0x00,
  0xFF, 0xFF, 0xFF, 0x05, 0xEE, 0xE9, 0xFF, 0x6C, 0xEB, 0xE5, 0xFD, 0xE0, 0xF4, 0xF0, 0xFF, 0xFF,
  0xEA, 0xE6, 0xFD, 0xC7, 0xEE, 0xEA, 0xFB, 0x4B, 0x00, 0x00, 0x00, 0x00, 0x00, 0x00, 0x00, 0x00,
  0xFF, 0xFF, 0xFF, 0x03, 0xFF, 0xFF, 0xFF, 0x01, 0x00, 0x00, 0x00, 0x00, 0x00, 0x00, 0x00, 0x00,
  0x00, 0x00, 0x00, 0x00, 0x00, 0x00, 0x00, 0x00, 0x00, 0x00, 0x00, 0x00, 0x00, 0x00, 0x00, 0x00,
  0x00, 0x00, 0x00, 0x00, 0x00, 0x00, 0x00, 0x00, 0x00, 0x00, 0x00, 0x00, 0x00, 0x00, 0x00, 0x00,
  0x00, 0x00, 0x00, 0x00, 0x00, 0x00, 0x00, 0x00, 0x00, 0x00, 0x00, 0x00, 0x00, 0x00, 0x00, 0x00,
  0x00, 0x00, 0x00, 0x00, 0x00, 0x00, 0x00, 0x00, 0x00, 0x00, 0x00, 0x00, 0x00, 0x00, 0x00, 0x00,
  0x00, 0x00, 0x00, 0x00, 0x00, 0x00, 0x00, 0x00, 0x00, 0x00, 0x00, 0x00, 0x00, 0x00, 0x00, 0x00,
  0x00, 0x00, 0x00, 0x00, 0x00, 0x00, 0x00, 0x00, 0x00, 0x00, 0x00, 0x00, 0x00, 0x00, 0x00, 0x00,
  0x00, 0x00, 0x00, 0x00, 0x00, 0x00, 0x00, 0x00, 0x00, 0x00, 0x00, 0x00, 0x00, 0x00, 0x00, 0x00,
  0x00, 0x00, 0x00, 0x00, 0x00, 0x00, 0x00, 0x00, 0x00, 0x00, 0x00, 0x00, 0x00, 0x00, 0x00, 0x00,
  0x00, 0x00, 0x00, 0x00, 0x00, 0x00, 0x00, 0x00, 0x00, 0x00, 0x00, 0x00, 0x00, 0x00, 0x00, 0x00,
  0x00, 0x00, 0x00, 0x00, 0x00, 0x00, 0x00, 0x00, 0x00, 0x00, 0x00, 0x00, 0x00, 0x00, 0x00, 0x00,
  0x00, 0x00, 0x00, 0x00, 0x00, 0x00, 0x00, 0x00, 0x00, 0x00, 0x00, 0x00, 0x00, 0x00, 0x00, 0x00,
  0x00, 0x00, 0x00, 0x00, 0x00, 0x00, 0x00, 0x00, 0x00, 0x00, 0x00, 0x00, 0x00, 0x00, 0x00, 0x00,
  0x00, 0x00, 0x00, 0x00, 0x00, 0x00, 0x00, 0x00, 0x00, 0x00, 0x00, 0x00, 0x00, 0x00, 0x00, 0x00,
  0x00, 0x00, 0x00, 0x00, 0x00, 0x00, 0x00, 0x00, 0x00, 0x00, 0x00, 0x00, 0x00, 0x00, 0x00, 0x00,
  0x00, 0x00, 0x00, 0x00, 0x00, 0x00, 0x00, 0x00, 0x00, 0x00, 0x00, 0x00, 0x00, 0x00, 0x00, 0x00,
  0x00, 0x00, 0x00, 0x00, 0x00, 0x00, 0x00, 0x00, 0x00, 0x00, 0x00, 0x00, 0x00, 0x00, 0x00, 0x00,
  0x00, 0x00, 0x00, 0x00, 0x00, 0x00, 0x00, 0x00, 0x00, 0x00, 0x00, 0x00, 0x00, 0x00, 0x00, 0x00,
  0x00, 0x00, 0x00, 0x00, 0x00, 0x00, 0x00, 0x00, 0x00, 0x00, 0x00, 0x00, 0x00, 0x00, 0x00, 0x00,
  0x00, 0x00, 0x00, 0x00, 0x00, 0x00, 0x00, 0x00, 0x00, 0x00, 0x00, 0x00, 0x00, 0x00, 0x00, 0x00,
  0x00, 0x00, 0x00, 0x00, 0x00, 0x00, 0x00, 0x00, 0x00, 0x00, 0x00, 0x00, 0x00, 0x00, 0x00, 0x00,
  0x00, 0x00, 0x00, 0x00, 0x00, 0x00, 0x00, 0x00, 0x00, 0x00, 0x00, 0x00, 0x00, 0x00, 0x00, 0x00,
  0x00, 0x00, 0x00, 0x00, 0x00, 0x00, 0x00, 0x00, 0x00, 0x00, 0x00, 0x00, 0x00, 0x00, 0x00, 0x00,
  0x00, 0x00, 0x00, 0x00, 0x00, 0x00, 0x00, 0x00, 0x00, 0x00, 0x00, 0x00, 0x00, 0x00, 0x00, 0x00,
  0x00, 0x00, 0x00, 0x00, 0x00, 0x00, 0x00, 0x00, 0x00, 0x00, 0x00, 0x00, 0x00, 0x00, 0x00, 0x00,
  0x00, 0x00, 0x00, 0x00, 0x00, 0x00, 0x00, 0x00, 0x00, 0x00, 0x00, 0x00, 0x00, 0x00, 0x00, 0x00,
  0x00, 0x00, 0x00, 0x00, 0x00, 0x00, 0x00, 0x00, 0x00, 0x00, 0x00, 0x00, 0x00, 0x00, 0x00, 0x00,
  0x00, 0x00, 0x00, 0x00, 0x00, 0x00, 0x00, 0x00, 0x00, 0x00, 0x00, 0x00, 0xFF, 0xFF, 0xFF, 0x03,
  0x00, 0x00, 0x00, 0x00, 0x00, 0x00, 0x00, 0x00, 0xF0, 0xF0, 0xFF, 0x12, 0xF5, 0xF5, 0xFB, 0x4D,
  0xFF, 0xFF, 0xFF, 0x01, 0x00, 0x00, 0x00, 0x00, 0xFF, 0xFF, 0xFF, 0x02, 0xFF, 0xFF, 0xFF, 0x02,
  0x00, 0x00, 0x00, 0x00, 0x00, 0x00, 0x00, 0x00, 0x00, 0x00, 0x00, 0x00, 0x00, 0x00, 0x00, 0x00,
  0x00, 0x00, 0x00, 0x00, 0x00, 0x00, 0x00, 0x00, 0x00, 0x00, 0x00, 0x00, 0x00, 0x00, 0x00, 0x00,
  0x00, 0x00, 0x00, 0x00, 0x00, 0x00, 0x00, 0x00, 0x00, 0x00, 0x00, 0x00, 0x00, 0x00, 0x00, 0x00,
  0x00, 0x00, 0x00, 0x00, 0x00, 0x00, 0x00, 0x00, 0x00, 0x00, 0x00, 0x00, 0x00, 0x00, 0x00, 0x00,
  0x00, 0x00, 0x00, 0x00, 0x00, 0x00, 0x00, 0x00, 0x00, 0x00, 0x00, 0x00, 0x00, 0x00, 0x00, 0x00,
  0x00, 0x00, 0x00, 0x00, 0x00, 0x00, 0x00, 0x00, 0x00, 0x00, 0x00, 0x00, 0x00, 0x00, 0x00, 0x00,
  0x00, 0x00, 0x00, 0x00, 0x00, 0x00, 0x00, 0x00, 0x00, 0x00, 0x00, 0x00, 0x00, 0x00, 0x00, 0x00,
  0x00, 0x00, 0x00, 0x00, 0x00, 0x00, 0x00, 0x00, 0x00, 0x00, 0x00, 0x00, 0x00, 0x00, 0x00, 0x00,
  0x00, 0x00, 0x00, 0x00, 0x00, 0x00, 0x00, 0x00, 0x00, 0x00, 0x00, 0x00, 0x00, 0x00, 0x00, 0x00,
  0x00, 0x00, 0x00, 0x00, 0x00, 0x00, 0x00, 0x00, 0x00, 0x00, 0x00, 0x00, 0x00, 0x00, 0x00, 0x00,
  0x00, 0x00, 0x00, 0x00, 0x00, 0x00, 0x00, 0x00, 0x00, 0x00, 0x00, 0x00, 0x00, 0x00, 0x00, 0x00,
  0x00, 0x00, 0x00, 0x00, 0x00, 0x00, 0x00, 0x00, 0x00, 0x00, 0x00, 0x00, 0x00, 0x00, 0x00, 0x00,
  0x00, 0x00, 0x00, 0x00, 0x00, 0x00, 0x00, 0x00, 0x00, 0x00, 0x00, 0x00, 0x00, 0x00, 0x00, 0x00,
  0x00, 0x00, 0x00, 0x00, 0x00, 0x00, 0x00, 0x00, 0x00, 0x00, 0x00, 0x00, 0x00, 0x00, 0x00, 0x00,
  0x00, 0x00, 0x00, 0x00, 0x00, 0x00, 0x00, 0x00, 0x00, 0x00, 0x00, 0x00, 0x00, 0x00, 0x00, 0x00,
  0x00, 0x00, 0x00, 0x00, 0x00, 0x00, 0x00, 0x00, 0x00, 0x00, 0x00, 0x00, 0x00, 0x00, 0x00, 0x00,
  0x00, 0x00, 0x00, 0x00, 0x00, 0x00, 0x00, 0x00, 0x00, 0x00, 0x00, 0x00, 0x00, 0x00, 0x00, 0x00,
  0x00, 0x00, 0x00, 0x00, 0x00, 0x00, 0x00, 0x00, 0x00, 0x00, 0x00, 0x00, 0x00, 0x00, 0x00, 0x00,
  0x00, 0x00, 0x00, 0x00, 0x00, 0x00, 0x00, 0x00, 0x00, 0x00, 0x00, 0x00, 0x00, 0x00, 0x00, 0x00,
  0x00, 0x00, 0x00, 0x00, 0x00, 0x00, 0x00, 0x00, 0x00, 0x00, 0x00, 0x00, 0x00, 0x00, 0x00, 0x00,
  0x00, 0x00, 0x00, 0x00, 0x00, 0x00, 0x00, 0x00, 0x00, 0x00, 0x00, 0x00, 0x00, 0x00, 0x00, 0x00,
  0x00, 0x00, 0x00, 0x00, 0x00, 0x00, 0x00, 0x00, 0x00, 0x00, 0x00, 0x00, 0x00, 0x00, 0x00, 0x00,
  0x00, 0x00, 0x00, 0x00, 0x00, 0x00, 0x00, 0x00, 0x00, 0x00, 0x00, 0x00, 0x00, 0x00, 0x00, 0x00,
  0x00, 0x00, 0x00, 0x00, 0x00, 0x00, 0x00, 0x00, 0x00, 0x00, 0x00, 0x00, 0x00, 0x00, 0x00, 0x00,
  0x00, 0x00, 0x00, 0x00, 0x00, 0x00, 0x00, 0x00, 0x00, 0x00, 0x00, 0x00, 0x00, 0x00, 0x00, 0x00,
  0x00, 0x00, 0x00, 0x00, 0x00, 0x00, 0x00, 0x00, 0x00, 0x00, 0x00, 0x00, 0x00, 0x00, 0x00, 0x00,
  0x00, 0x00, 0x00, 0x00, 0x00, 0x00, 0x00, 0x00, 0x00, 0x00, 0x00, 0x00, 0x00, 0x00, 0x00, 0x00,
  0x00, 0x00, 0x00, 0x00, 0x00, 0x00, 0x00, 0x00, 0x00, 0x00, 0x00, 0x00, 0x00, 0x00, 0x00, 0x00,
  0xFF, 0xFF, 0xFF, 0x01, 0xFF, 0xFF, 0xFF, 0x03, 0x00, 0x00, 0x00, 0x00, 0x00, 0x00, 0x00, 0x00,
  0x00, 0x00, 0x00, 0x00, 0xFF, 0xFF, 0xFF, 0x03, 0x00, 0x00, 0x00, 0x00, 0x00, 0x00, 0x00, 0x00,
  0x00, 0x00, 0x00, 0x00, 0x00, 0x00, 0x00, 0x00, 0x00, 0x00, 0x00, 0x00, 0x00, 0x00, 0x00, 0x00,
  0x00, 0x00, 0x00, 0x00, 0x00, 0x00, 0x00, 0x00, 0x00, 0x00, 0x00, 0x00, 0x00, 0x00, 0x00, 0x00,
  0x00, 0x00, 0x00, 0x00, 0x00, 0x00, 0x00, 0x00, 0x00, 0x00, 0x00, 0x00, 0x00, 0x00, 0x00, 0x00,
  0x00, 0x00, 0x00, 0x00, 0x00, 0x00, 0x00, 0x00, 0x00, 0x00, 0x00, 0x00, 0x00, 0x00, 0x00, 0x00,
  0x00, 0x00, 0x00, 0x00, 0x00, 0x00, 0x00, 0x00, 0x00, 0x00, 0x00, 0x00, 0x00, 0x00, 0x00, 0x00,
  0x00, 0x00, 0x00, 0x00, 0x00, 0x00, 0x00, 0x00, 0x00, 0x00, 0x00, 0x00, 0x00, 0x00, 0x00, 0x00,
  0x00, 0x00, 0x00, 0x00, 0x00, 0x00, 0x00, 0x00, 0x00, 0x00, 0x00, 0x00, 0x00, 0x00, 0x00, 0x00,
  0x00, 0x00, 0x00, 0x00, 0x00, 0x00, 0x00, 0x00, 0x00, 0x00, 0x00, 0x00, 0x00, 0x00, 0x00, 0x00,
  0x00, 0x00, 0x00, 0x00, 0x00, 0x00, 0x00, 0x00, 0x00, 0x00, 0x00, 0x00, 0x00, 0x00, 0x00, 0x00,
  0x00, 0x00, 0x00, 0x00, 0x00, 0x00, 0x00, 0x00, 0x00, 0x00, 0x00, 0x00, 0x00, 0x00, 0x00, 0x00,
  0x00, 0x00, 0x00, 0x00, 0x00, 0x00, 0x00, 0x00, 0x00, 0x00, 0x00, 0x00, 0x00, 0x00, 0x00, 0x00,
  0x00, 0x00, 0x00, 0x00, 0x00, 0x00, 0x00, 0x00, 0x00, 0x00, 0x00, 0x00, 0x00, 0x00, 0x00, 0x00,
  0x00, 0x00, 0x00, 0x00, 0x00, 0x00, 0x00, 0x00, 0x00, 0x00, 0x00, 0x00, 0x00, 0x00, 0x00, 0x00,
  0x00, 0x00, 0x00, 0x00, 0x00, 0x00, 0x00, 0x00, 0x00, 0x00, 0x00, 0x00, 0x00, 0x00, 0x00, 0x00,
  0x00, 0x00, 0x00, 0x00, 0x00, 0x00, 0x00, 0x00, 0x00, 0x00, 0x00, 0x00, 0x00, 0x00, 0x00, 0x00,
  0x00, 0x00, 0x00, 0x00, 0x00, 0x00, 0x00, 0x00, 0x00, 0x00, 0x00, 0x00, 0x00, 0x00, 0x00, 0x00,
  0x00, 0x00, 0x00, 0x00, 0x00, 0x00, 0x00, 0x00, 0x00, 0x00, 0x00, 0x00, 0x00, 0x00, 0x00, 0x00,
  0x00, 0x00, 0x00, 0x00, 0x00, 0x00, 0x00, 0x00, 0x00, 0x00, 0x00, 0x00, 0x00, 0x00, 0x00, 0x00,
  0x00, 0x00, 0x00, 0x00, 0x00, 0x00, 0x00, 0x00, 0x00, 0x00, 0x00, 0x00, 0x00, 0x00, 0x00, 0x00,
  0x00, 0x00, 0x00, 0x00, 0x00, 0x00, 0x00, 0x00, 0x00, 0x00, 0x00, 0x00, 0x00, 0x00, 0x00, 0x00,
  0x00, 0x00, 0x00, 0x00, 0x00, 0x00, 0x00, 0x00, 0x00, 0x00, 0x00, 0x00, 0x00, 0x00, 0x00, 0x00,
  0x00, 0x00, 0x00, 0x00, 0x00, 0x00, 0x00, 0x00, 0x00, 0x00, 0x00, 0x00, 0x00, 0x00, 0x00, 0x00,
  0x00, 0x00, 0x00, 0x00, 0x00, 0x00, 0x00, 0x00, 0x00, 0x00, 0x00, 0x00, 0x00, 0x00, 0x00, 0x00,
  0x00, 0x00, 0x00, 0x00, 0x00, 0x00, 0x00, 0x00, 0x00, 0x00, 0x00, 0x00, 0x00, 0x00, 0x00, 0x00,
  0x00, 0x00, 0x00, 0x00, 0x00, 0x00, 0x00, 0x00, 0x00, 0x00, 0x00, 0x00, 0x00, 0x00, 0x00, 0x00,
  0x00, 0x00, 0x00, 0x00, 0x00, 0x00, 0x00, 0x00, 0x00, 0x00, 0x00, 0x00, 0x00, 0x00, 0x00, 0x00,
  0x00, 0x00, 0x00, 0x00, 0x00, 0x00, 0x00, 0x00, 0x00, 0x00, 0x00, 0x00, 0x00, 0x00, 0x00, 0x00,
  0x00, 0x00, 0x00, 0x00, 0x00, 0x00, 0x00, 0x00, 0x00, 0x00, 0x00, 0x00, 0x00, 0x00, 0x00, 0x00,
  0x00, 0x00, 0x00, 0x00, 0x00, 0x00, 0x00, 0x00, 0xFF, 0xFF, 0xFF, 0x01, 0xFF, 0xFF, 0xFF, 0x03,
  0xFF, 0xFF, 0xFF, 0x01, 0x00, 0x00, 0x00, 0x00, 0x00, 0x00, 0x00, 0x00, 0x00, 0x00, 0x00, 0x00,
  0x00, 0x00, 0x00, 0x00, 0x00, 0x00, 0x00, 0x00, 0x00, 0x00, 0x00, 0x00, 0x00, 0x00, 0x00, 0x00,
  0x00, 0x00, 0x00, 0x00, 0x00, 0x00, 0x00, 0x00, 0x00, 0x00, 0x00, 0x00, 0x00, 0x00, 0x00, 0x00,
  0x00, 0x00, 0x00, 0x00, 0x00, 0x00, 0x00, 0x00, 0x00, 0x00, 0x00, 0x00, 0x00, 0x00, 0x00, 0x00,
  0x00, 0x00, 0x00, 0x00, 0x00, 0x00, 0x00, 0x00, 0x00, 0x00, 0x00, 0x00, 0x00, 0x00, 0x00, 0x00,
  0x00, 0x00, 0x00, 0x00, 0x00, 0x00, 0x00, 0x00, 0x00, 0x00, 0x00, 0x00, 0x00, 0x00, 0x00, 0x00,
  0x00, 0x00, 0x00, 0x00, 0x00, 0x00, 0x00, 0x00, 0x00, 0x00, 0x00, 0x00, 0x00, 0x00, 0x00, 0x00,
  0x00, 0x00, 0x00, 0x00, 0x00, 0x00, 0x00, 0x00, 0x00, 0x00, 0x00, 0x00, 0x00, 0x00, 0x00, 0x00,
  0x00, 0x00, 0x00, 0x00, 0x00, 0x00, 0x00, 0x00, 0x00, 0x00, 0x00, 0x00, 0x00, 0x00, 0x00, 0x00,
  0x00, 0x00, 0x00, 0x00, 0x00, 0x00, 0x00, 0x00, 0x00, 0x00, 0x00, 0x00, 0x00, 0x00, 0x00, 0x00,
  0x00, 0x00, 0x00, 0x00, 0x00, 0x00, 0x00, 0x00, 0x00, 0x00, 0x00, 0x00, 0x00, 0x00, 0x00, 0x00,
  0x00, 0x00, 0x00, 0x00, 0x00, 0x00, 0x00, 0x00, 0x00, 0x00, 0x00, 0x00, 0x00, 0x00, 0x00, 0x00,
  0x00, 0x00, 0x00, 0x00, 0x00, 0x00, 0x00, 0x00, 0x00, 0x00, 0x00, 0x00, 0x00, 0x00, 0x00, 0x00,
  0x00, 0x00, 0x00, 0x00, 0x00, 0x00, 0x00, 0x00, 0x00, 0x00, 0x00, 0x00, 0x00, 0x00, 0x00, 0x00,
  0x00, 0x00, 0x00, 0x00, 0x00, 0x00, 0x00, 0x00, 0x00, 0x00, 0x00, 0x00, 0x00, 0x00, 0x00, 0x00,
  0x00, 0x00, 0x00, 0x00, 0x00, 0x00, 0x00, 0x00, 0x00, 0x00, 0x00, 0x00, 0x00, 0x00, 0x00, 0x00,
  0x00, 0x00, 0x00, 0x00, 0x00, 0x00, 0x00, 0x00, 0x00, 0x00, 0x00, 0x00, 0x00, 0x00, 0x00, 0x00,
  0x00, 0x00, 0x00, 0x00, 0x00, 0x00, 0x00, 0x00, 0x00, 0x00, 0x00, 0x00, 0x00, 0x00, 0x00, 0x00,
  0x00, 0x00, 0x00, 0x00, 0x00, 0x00, 0x00, 0x00, 0x00, 0x00, 0x00, 0x00, 0x00, 0x00, 0x00, 0x00,
  0x00, 0x00, 0x00, 0x00, 0x00, 0x00, 0x00, 0x00, 0x00, 0x00, 0x00, 0x00, 0x00, 0x00, 0x00, 0x00,
  0x00, 0x00, 0x00, 0x00, 0x00, 0x00, 0x00, 0x00, 0x00, 0x00, 0x00, 0x00, 0x00, 0x00, 0x00, 0x00,
  0x00, 0x00, 0x00, 0x00, 0x00, 0x00, 0x00, 0x00, 0x00, 0x00, 0x00, 0x00, 0x00, 0x00, 0x00, 0x00,
  0x00, 0x00, 0x00, 0x00, 0x00, 0x00, 0x00, 0x00, 0x00, 0x00, 0x00, 0x00, 0x00, 0x00, 0x00, 0x00,
  0x00, 0x00, 0x00, 0x00, 0x00, 0x00, 0x00, 0x00, 0x00, 0x00, 0x00, 0x00, 0x00, 0x00, 0x00, 0x00,
  0x00, 0x00, 0x00, 0x00, 0x00, 0x00, 0x00, 0x00, 0x00, 0x00, 0x00, 0x00, 0x00, 0x00, 0x00, 0x00,
  0x00, 0x00, 0x00, 0x00, 0x00, 0x00, 0x00, 0x00, 0x00, 0x00, 0x00, 0x00, 0x00, 0x00, 0x00, 0x00,
  0x00, 0x00, 0x00, 0x00, 0x00, 0x00, 0x00, 0x00, 0x00, 0x00, 0x00, 0x00, 0x00, 0x00, 0x00, 0x00,
  0x00, 0x00, 0x00, 0x00, 0x00, 0x00, 0x00, 0x00, 0x00, 0x00, 0x00, 0x00, 0x00, 0x00, 0x00, 0x00,
  0x00, 0x00, 0x00, 0x00, 0x00, 0x00, 0x00, 0x00, 0x00, 0x00, 0x00, 0x00, 0x00, 0x00, 0x00, 0x00,
  0x00, 0x00, 0x00, 0x00, 0x00, 0x00, 0x00, 0x00, 0x00, 0x00, 0x00, 0x00, 0x00, 0x00, 0x00, 0x00,
  0x00, 0x00, 0x00, 0x00, 0x00, 0x00, 0x00, 0x00, 0x00, 0x00, 0x00, 0x00, 0x00, 0x00, 0x00, 0x00,
  0x00, 0x00, 0x00, 0x00, 0x00, 0x00, 0x00, 0x00, 0x00, 0x00, 0x00, 0x00, 0x00, 0x00, 0x00, 0x00,
  0x00, 0x00, 0x00, 0x00, 0x00, 0x00, 0x00, 0x00, 0x00, 0x00, 0x00, 0x00, 0x00, 0x00, 0x00, 0x00,
  0x00, 0x00, 0x00, 0x00, 0x00, 0x00, 0x00, 0x00, 0x00, 0x00, 0x00, 0x00, 0x00, 0x00, 0x00, 0x00,
  0x00, 0x00, 0x00, 0x00, 0x00, 0x00, 0x00, 0x00, 0x00, 0x00, 0x00, 0x00, 0x00, 0x00, 0x00, 0x00,
  0x00, 0x00, 0x00, 0x00, 0x00, 0x00, 0x00, 0x00, 0x00, 0x00, 0x00, 0x00, 0x00, 0x00, 0x00, 0x00,
  0x00, 0x00, 0x00, 0x00, 0x00, 0x00, 0x00, 0x00, 0x00, 0x00, 0x00, 0x00, 0x00, 0x00, 0x00, 0x00,
  0x00, 0x00, 0x00, 0x00, 0x00, 0x00, 0x00, 0x00, 0x00, 0x00, 0x00, 0x00, 0x00, 0x00, 0x00, 0x00,
  0x00, 0x00, 0x00, 0x00, 0x00, 0x00, 0x00, 0x00, 0x00, 0x00, 0x00, 0x00, 0x00, 0x00, 0x00, 0x00,
  0x00, 0x00, 0x00, 0x00, 0x00, 0x00, 0x00, 0x00, 0x00, 0x00, 0x00, 0x00, 0x00, 0x00, 0x00, 0x00,
  0x00, 0x00, 0x00, 0x00, 0x00, 0x00, 0x00, 0x00, 0x00, 0x00, 0x00, 0x00, 0x00, 0x00, 0x00, 0x00,
  0x00, 0x00, 0x00, 0x00, 0x00, 0x00, 0x00, 0x00, 0x00, 0x00, 0x00, 0x00, 0x00, 0x00, 0x00, 0x00,
  0x00, 0x00, 0x00, 0x00, 0x00, 0x00, 0x00, 0x00, 0x00, 0x00, 0x00, 0x00, 0x00, 0x00, 0x00, 0x00,
  0x00, 0x00, 0x00, 0x00, 0x00, 0x00, 0x00, 0x00, 0x00, 0x00, 0x00, 0x00, 0x00, 0x00, 0x00, 0x00,
  0x00, 0x00, 0x00, 0x00, 0x00, 0x00, 0x00, 0x00, 0x00, 0x00, 0x00, 0x00, 0x00, 0x00, 0x00, 0x00,
  0x00, 0x00, 0x00, 0x00, 0x00, 0x00, 0x00, 0x00, 0x00, 0x00, 0x00, 0x00, 0x00, 0x00, 0x00, 0x00,
  0x00, 0x00, 0x00, 0x00, 0x00, 0x00, 0x00, 0x00, 0x00, 0x00, 0x00, 0x00, 0x00, 0x00, 0x00, 0x00,
  0x00, 0x00, 0x00, 0x00, 0x00, 0x00, 0x00, 0x00, 0x00, 0x00, 0x00, 0x00, 0x00, 0x00, 0x00, 0x00,
  0x00, 0x00, 0x00, 0x00, 0x00, 0x00, 0x00, 0x00, 0x00, 0x00, 0x00, 0x00, 0x00, 0x00, 0x00, 0x00,
  0x00, 0x00, 0x00, 0x00, 0x00, 0x00, 0x00, 0x00, 0x00, 0x00, 0x00, 0x00, 0x00, 0x00, 0x00, 0x00,
  0x00, 0x00, 0x00, 0x00, 0x00, 0x00, 0x00, 0x00, 0x00, 0x00, 0x00, 0x00, 0x00, 0x00, 0x00, 0x00,
  0x00, 0x00, 0x00, 0x00, 0x00, 0x00, 0x00, 0x00, 0x00, 0x00, 0x00, 0x00, 0x00, 0x00, 0x00, 0x00,
  0x00, 0x00, 0x00, 0x00, 0x00, 0x00, 0x00, 0x00, 0x00, 0x00, 0x00, 0x00, 0x00, 0x00, 0x00, 0x00,
  0x00, 0x00, 0x00, 0x00, 0x00, 0x00, 0x00, 0x00, 0x00, 0x00, 0x00, 0x00, 0x00, 0x00, 0x00, 0x00,
  0x00, 0x00, 0x00, 0x00, 0x00, 0x00, 0x00, 0x00, 0x00, 0x00, 0x00, 0x00, 0x00, 0x00, 0x00, 0x00,
  0x00, 0x00, 0x00, 0x00, 0x00, 0x00, 0x00, 0x00, 0x00, 0x00, 0x00, 0x00, 0x00, 0x00, 0x00, 0x00,
  0x00, 0x00, 0x00, 0x00, 0x00, 0x00, 0x00, 0x00, 0x00, 0x00, 0x00, 0x00, 0x00, 0x00, 0x00, 0x00,
  0x00, 0x00, 0x00, 0x00, 0x00, 0x00, 0x00, 0x00, 0x00, 0x00, 0x00, 0x00, 0x00, 0x00, 0x00, 0x00,
  0x00, 0x00, 0x00, 0x00, 0x00, 0x00, 0x00, 0x00, 0x00, 0x00, 0x00, 0x00, 0x00, 0x00, 0x00, 0x00,
  0x00, 0x00, 0x00, 0x00, 0x00, 0x00, 0x00, 0x00, 0x00, 0x00, 0x00, 0x00, 0x00, 0x00, 0x00, 0x00,
  0x00, 0x00, 0x00, 0x00, 0x00, 0x00, 0x00, 0x00, 0x00, 0x00, 0x00, 0x00, 0x00, 0x00, 0x00, 0x00,
  0x00, 0x00, 0x00, 0x00, 0x00, 0x00, 0x00, 0x00, 0x00, 0x00, 0x00, 0x00, 0x00, 0x00, 0x00, 0x00,
  0x00, 0x00, 0x00, 0x00, 0x00, 0x00, 0x00, 0x00, 0x00, 0x00, 0x00, 0x00, 0x00, 0x00, 0x00, 0x00,
  0x00, 0x00, 0x00, 0x00, 0x00, 0x00, 0x00, 0x00, 0x00, 0x00, 0x00, 0x00, 0x00, 0x00, 0x00, 0x00,
  0x00, 0x00, 0x00, 0x00, 0x00, 0x00, 0x00, 0x00, 0x00, 0x00, 0x00, 0x00, 0x00, 0x00, 0x00, 0x00,
  0x00, 0x00, 0x00, 0x00, 0x00, 0x00, 0x00, 0x00, 0x00, 0x00, 0x00, 0x00, 0x00, 0x00, 0x00, 0x00,
  0x00, 0x00, 0x00, 0x00, 0x00, 0x00, 0x00, 0x00, 0x00, 0x00, 0x00, 0x00, 0x00, 0x00, 0x00, 0x00,
  0x00, 0x00, 0x00, 0x00, 0x00, 0x00, 0x00, 0x00, 0x00, 0x00, 0x00, 0x00, 0x00, 0x00, 0x00, 0x00,
  0x00, 0x00, 0x00, 0x00, 0x00, 0x00, 0x00, 0x00, 0x00, 0x00, 0x00, 0x00, 0x00, 0x00, 0x00, 0x00,
  0x00, 0x00, 0x00, 0x00, 0x00, 0x00, 0x00, 0x00, 0x00, 0x00, 0x00, 0x00, 0x00, 0x00, 0x00, 0x00,
  0x00, 0x00, 0x00, 0x00, 0x00, 0x00, 0x00, 0x00, 0x00, 0x00, 0x00, 0x00, 0x00, 0x00, 0x00, 0x00,
  0x00, 0x00, 0x00, 0x00, 0x00, 0x00, 0x00, 0x00, 0x00, 0x00, 0x00, 0x00, 0x00, 0x00, 0x00, 0x00,
  0x00, 0x00, 0x00, 0x00, 0x00, 0x00, 0x00, 0x00, 0x00, 0x00, 0x00, 0x00, 0x00, 0x00, 0x00, 0x00,
  0x00, 0x00, 0x00, 0x00, 0x00, 0x00, 0x00, 0x00, 0x00, 0x00, 0x00, 0x00, 0x00, 0x00, 0x00, 0x00,
  0x00, 0x00, 0x00, 0x00, 0x00, 0x00, 0x00, 0x00, 0x00, 0x00, 0x00, 0x00, 0x00, 0x00, 0x00, 0x00,
  0x00, 0x00, 0x00, 0x00, 0x00, 0x00, 0x00, 0x00, 0x00, 0x00, 0x00, 0x00, 0x00, 0x00, 0x00, 0x00,
  0x00, 0x00, 0x00, 0x00, 0x00, 0x00, 0x00, 0x00, 0x00, 0x00, 0x00, 0x00, 0x00, 0x00, 0x00, 0x00,
  0x00, 0x00, 0x00, 0x00, 0x00, 0x00, 0x00, 0x00, 0x00, 0x00, 0x00, 0x00, 0x00, 0x00, 0x00, 0x00,
  0x00, 0x00, 0x00, 0x00, 0x00, 0x00, 0x00, 0x00, 0x00, 0x00, 0x00, 0x00, 0x00, 0x00, 0x00, 0x00,
  0x00, 0x00, 0x00, 0x00, 0x00, 0x00, 0x00, 0x00, 0x00, 0x00, 0x00, 0x00, 0x00, 0x00, 0x00, 0x00,
  0x00, 0x00, 0x00, 0x00, 0x00, 0x00, 0x00, 0x00, 0x00, 0x00, 0x00, 0x00, 0x00, 0x00, 0x00, 0x00,
  0x00, 0x00, 0x00, 0x00, 0x00, 0x00, 0x00, 0x00, 0x00, 0x00, 0x00, 0x00, 0x00, 0x00, 0x00, 0x00,
  0x00, 0x00, 0x00, 0x00, 0x00, 0x00, 0x00, 0x00, 0x00, 0x00, 0x00, 0x00, 0x00, 0x00, 0x00, 0x00,
  0x00, 0x00, 0x00, 0x00, 0x00, 0x00, 0x00, 0x00, 0x00, 0x00, 0x00, 0x00, 0x00, 0x00, 0x00, 0x00,
  0x00, 0x00, 0x00, 0x00, 0x00, 0x00, 0x00, 0x00, 0x00, 0x00, 0x00, 0x00, 0x00, 0x00, 0x00, 0x00,
  0x00, 0x00, 0x00, 0x00, 0x00, 0x00, 0x00, 0x00, 0x00, 0x00, 0x00, 0x00, 0x00, 0x00, 0x00, 0x00,
  0x00, 0x00, 0x00, 0x00, 0x00, 0x00, 0x00, 0x00, 0x00, 0x00, 0x00, 0x00, 0x00, 0x00, 0x00, 0x00,
  0x00, 0x00, 0x00, 0x00, 0x00, 0x00, 0x00, 0x00, 0x00, 0x00, 0x00, 0x00, 0x00, 0x00, 0x00, 0x00,
  0x00, 0x00, 0x00, 0x00, 0x00, 0x00, 0x00, 0x00, 0x00, 0x00, 0x00, 0x00, 0x00, 0x00, 0x00, 0x00,
  0x00, 0x00, 0x00, 0x00, 0x00, 0x00, 0x00, 0x00, 0x00, 0x00, 0x00, 0x00, 0x00, 0x00, 0x00, 0x00,
  0x00, 0x00, 0x00, 0x00, 0x00, 0x00, 0x00, 0x00, 0x00, 0x00, 0x00, 0x00, 0x00, 0x00, 0x00, 0x00,
  0x00, 0x00, 0x00, 0x00, 0x00, 0x00, 0x00, 0x00, 0x00, 0x00, 0x00, 0x00, 0x00, 0x00, 0x00, 0x00,
  0x00, 0x00, 0x00, 0x00, 0x00, 0x00, 0x00, 0x00, 0x00, 0x00, 0x00, 0x00, 0x00, 0x00, 0x00, 0x00,
  0x00, 0x00, 0x00, 0x00, 0x00, 0x00, 0x00, 0x00, 0x00, 0x00, 0x00, 0x00, 0x00, 0x00, 0x00, 0x00,
  0x00, 0x00, 0x00, 0x00, 0x00, 0x00, 0x00, 0x00, 0x00, 0x00, 0x00, 0x00, 0x00, 0x00, 0x00, 0x00,
  0x00, 0x00, 0x00, 0x00, 0x00, 0x00, 0x00, 0x00, 0x00, 0x00, 0x00, 0x00, 0x00, 0x00, 0x00, 0x00,
  0x00, 0x00, 0x00, 0x00, 0x00, 0x00, 0x00, 0x00, 0x00, 0x00, 0x00, 0x00, 0x00, 0x00, 0x00, 0x00,
  0x00, 0x00, 0x00, 0x00, 0x00, 0x00, 0x00, 0x00, 0x00, 0x00, 0x00, 0x00, 0x00, 0x00, 0x00, 0x00,
  0x00, 0x00, 0x00, 0x00, 0x00, 0x00, 0x00, 0x00, 0x00, 0x00, 0x00, 0x00, 0x00, 0x00, 0x00, 0x00,
  0x00, 0x00, 0x00, 0x00, 0x00, 0x00, 0x00, 0x00, 0x00, 0x00, 0x00, 0x00, 0x00, 0x00, 0x00, 0x00,
  0x00, 0x00, 0x00, 0x00, 0x00, 0x00, 0x00, 0x00, 0x00, 0x00, 0x00, 0x00, 0x00, 0x00, 0x00, 0x00,
  0x00, 0x00, 0x00, 0x00, 0x00, 0x00, 0x00, 0x00, 0x00, 0x00, 0x00, 0x00, 0x00, 0x00, 0x00, 0x00,
  0x00, 0x00, 0x00, 0x00, 0x00, 0x00, 0x00, 0x00, 0x00, 0x00, 0x00, 0x00, 0x00, 0x00, 0x00, 0x00,
  0x00, 0x00, 0x00, 0x00, 0x00, 0x00, 0x00, 0x00, 0x00, 0x00, 0x00, 0x00, 0x00, 0x00, 0x00, 0x00,
  0x00, 0x00, 0x00, 0x00, 0x00, 0x00, 0x00, 0x00, 0x00, 0x00, 0x00, 0x00, 0x00, 0x00, 0x00, 0x00,
  0x00, 0x00, 0x00, 0x00, 0x00, 0x00, 0x00, 0x00, 0x00, 0x00, 0x00, 0x00, 0x00, 0x00, 0x00, 0x00,
  0x00, 0x00, 0x00, 0x00, 0x00, 0x00, 0x00, 0x00, 0x00, 0x00, 0x00, 0x00, 0x00, 0x00, 0x00, 0x00,
  0x00, 0x00, 0x00, 0x00, 0x00, 0x00, 0x00, 0x00, 0x00, 0x00, 0x00, 0x00, 0x00, 0x00, 0x00, 0x00,
  0x00, 0x00, 0x00, 0x00, 0x00, 0x00, 0x00, 0x00, 0x00, 0x00, 0x00, 0x00, 0x00, 0x00, 0x00, 0x00,
  0x00, 0x00, 0x00, 0x00, 0x00, 0x00, 0x00, 0x00, 0x00, 0x00, 0x00, 0x00, 0x00, 0x00, 0x00, 0x00,
  0x00, 0x00, 0x00, 0x00, 0x00, 0x00, 0x00, 0x00, 0x00, 0x00, 0x00, 0x00, 0x00, 0x00, 0x00, 0x00,
  0x00, 0x00, 0x00, 0x00, 0x00, 0x00, 0x00, 0x00, 0x00, 0x00, 0x00, 0x00, 0x00, 0x00, 0x00, 0x00,
  0x00, 0x00, 0x00, 0x00, 0x00, 0x00, 0x00, 0x00, 0x00, 0x00, 0x00, 0x00, 0x00, 0x00, 0x00, 0x00,
  0x00, 0x00, 0x00, 0x00, 0x00, 0x00, 0x00, 0x00, 0x00, 0x00, 0x00, 0x00, 0x00, 0x00, 0x00, 0x00,
  0x00, 0x00, 0x00, 0x00, 0x00, 0x00, 0x00, 0x00, 0x00, 0x00, 0x00, 0x00, 0x00, 0x00, 0x00, 0x00,
  0x00, 0x00, 0x00, 0x00, 0x00, 0x00, 0x00, 0x00, 0x00, 0x00, 0x00, 0x00, 0x00, 0x00, 0x00, 0x00,
  0x00, 0x00, 0x00, 0x00, 0x00, 0x00, 0x00, 0x00, 0x00, 0x00, 0x00, 0x00, 0x00, 0x00, 0x00, 0x00,
  0x00, 0x00, 0x00, 0x00, 0x00, 0x00, 0x00, 0x00, 0x00, 0x00, 0x00, 0x00, 0x00, 0x00, 0x00, 0x00,
  0x00, 0x00, 0x00, 0x00, 0x00, 0x00, 0x00, 0x00, 0x00, 0x00, 0x00, 0x00, 0x00, 0x00, 0x00, 0x00,
  0x00, 0x00, 0x00, 0x00, 0x00, 0x00, 0x00, 0x00, 0x00, 0x00, 0x00, 0x00, 0x00, 0x00, 0x00, 0x00,
  0x00, 0x00, 0x00, 0x00, 0x00, 0x00, 0x00, 0x00, 0x00, 0x00, 0x00, 0x00, 0x00, 0x00, 0x00, 0x00,
  0x00, 0x00, 0x00, 0x00, 0x00, 0x00, 0x00, 0x00, 0x00, 0x00, 0x00, 0x00, 0x00, 0x00, 0x00, 0x00,
  0x00, 0x00, 0x00, 0x00, 0x00, 0x00, 0x00, 0x00, 0x00, 0x00, 0x00, 0x00, 0x00, 0x00, 0x00, 0x00,
  0x00, 0x00, 0x00, 0x00, 0x00, 0x00, 0x00, 0x00, 0x00, 0x00, 0x00, 0x00, 0x00, 0x00, 0x00, 0x00,
  0x00, 0x00, 0x00, 0x00, 0x00, 0x00, 0x00, 0x00, 0x00, 0x00, 0x00, 0x00, 0x00, 0x00, 0x00, 0x00,
  0x00, 0x00, 0x00, 0x00, 0x00, 0x00, 0x00, 0x00, 0x00, 0x00, 0x00, 0x00, 0x00, 0x00, 0x00, 0x00,
  0x00, 0x00, 0x00, 0x00, 0x00, 0x00, 0x00, 0x00, 0x00, 0x00, 0x00, 0x00, 0x00, 0x00, 0x00, 0x00,
  0x00, 0x00, 0x00, 0x00, 0x00, 0x00, 0x00, 0x00, 0x00, 0x00, 0x00, 0x00, 0x00, 0x00, 0x00, 0x00,
  0x00, 0x00, 0x00, 0x00, 0x00, 0x00, 0x00, 0x00, 0x00, 0x00, 0x00, 0x00, 0x00, 0x00, 0x00, 0x00,
  0x00, 0x00, 0x00, 0x00, 0x00, 0x00, 0x00, 0x00, 0x00, 0x00, 0x00, 0x00, 0x00, 0x00, 0x00, 0x00,
  0x00, 0x00, 0x00, 0x00, 0x00, 0x00, 0x00, 0x00, 0x00, 0x00, 0x00, 0x00, 0x00, 0x00, 0x00, 0x00,
  0x00, 0x00, 0x00, 0x00, 0x00, 0x00, 0x00, 0x00, 0x00, 0x00, 0x00, 0x00, 0x00, 0x00, 0x00, 0x00,
  0x00, 0x00, 0x00, 0x00, 0x00, 0x00, 0x00, 0x00, 0x00, 0x00, 0x00, 0x00, 0x00, 0x00, 0x00, 0x00,
  0x00, 0x00, 0x00, 0x00, 0x00, 0x00, 0x00, 0x00, 0x00, 0x00, 0x00, 0x00, 0x00, 0x00, 0x00, 0x00,
  0x00, 0x00, 0x00, 0x00, 0x00, 0x00, 0x00, 0x00, 0x00, 0x00, 0x00, 0x00, 0x00, 0x00, 0x00, 0x00,
  0x00, 0x00, 0x00, 0x00, 0x00, 0x00, 0x00, 0x00, 0x00, 0x00, 0x00, 0x00, 0x00, 0x00, 0x00, 0x00,
  0x00, 0x00, 0x00, 0x00, 0x00, 0x00, 0x00, 0x00, 0x00, 0x00, 0x00, 0x00, 0x00, 0x00, 0x00, 0x00,
  0x00, 0x00, 0x00, 0x00, 0x00, 0x00, 0x00, 0x00, 0x00, 0x00, 0x00, 0x00, 0x00, 0x00, 0x00, 0x00,
  0x00, 0x00, 0x00, 0x00, 0x00, 0x00, 0x00, 0x00, 0x00, 0x00, 0x00, 0x00, 0x00, 0x00, 0x00, 0x00,
  0x00, 0x00, 0x00, 0x00, 0x00, 0x00, 0x00, 0x00, 0x00, 0x00, 0x00, 0x00, 0x00, 0x00, 0x00, 0x00,
  0x00, 0x00, 0x00, 0x00, 0x00, 0x00, 0x00, 0x00, 0x00, 0x00, 0x00, 0x00, 0x00, 0x00, 0x00, 0x00,
  0x00, 0x00, 0x00, 0x00, 0x00, 0x00, 0x00, 0x00, 0x00, 0x00, 0x00, 0x00, 0x00, 0x00, 0x00, 0x00,
  0x00, 0x00, 0x00, 0x00, 0x00, 0x00, 0x00, 0x00, 0x00, 0x00, 0x00, 0x00, 0x00, 0x00, 0x00, 0x00,
  0x00, 0x00, 0x00, 0x00, 0x00, 0x00, 0x00, 0x00, 0x00, 0x00, 0x00, 0x00, 0x00, 0x00, 0x00, 0x00,
  0x00, 0x00, 0x00, 0x00, 0x00, 0x00, 0x00, 0x00, 0x00, 0x00, 0x00, 0x00, 0x00, 0x00, 0x00, 0x00,
  0x00, 0x00, 0x00, 0x00, 0x00, 0x00, 0x00, 0x00, 0x00, 0x00, 0x00, 0x00, 0x00, 0x00, 0x00, 0x00,
  0x00, 0x00, 0x00, 0x00, 0x00, 0x00, 0x00, 0x00, 0x00, 0x00, 0x00, 0x00, 0x00, 0x00, 0x00, 0x00,
  0x00, 0x00, 0x00, 0x00, 0x00, 0x00, 0x00, 0x00, 0x00, 0x00, 0x00, 0x00, 0x00, 0x00, 0x00, 0x00,
  0x00, 0x00, 0x00, 0x00, 0x00, 0x00, 0x00, 0x00, 0x00, 0x00, 0x00, 0x00, 0x00, 0x00, 0x00, 0x00,
  0x00, 0x00, 0x00, 0x00, 0x00, 0x00, 0x00, 0x00, 0x00, 0x00, 0x00, 0x00, 0x00, 0x00, 0x00, 0x00,
  0x00, 0x00, 0x00, 0x00, 0x00, 0x00, 0x00, 0x00, 0x00, 0x00, 0x00, 0x00, 0x00, 0x00, 0x00, 0x00,
  0x00, 0x00, 0x00, 0x00, 0x00, 0x00, 0x00, 0x00, 0x00, 0x00, 0x00, 0x00, 0x00, 0x00, 0x00, 0x00,
  0x00, 0x00, 0x00, 0x00, 0x00, 0x00, 0x00, 0x00, 0x00, 0x00, 0x00, 0x00, 0x00, 0x00, 0x00, 0x00,
  0x00, 0x00, 0x00, 0x00, 0x00, 0x00, 0x00, 0x00, 0x00, 0x00, 0x00, 0x00, 0x00, 0x00, 0x00, 0x00,
  0x00, 0x00, 0x00, 0x00, 0x00, 0x00, 0x00, 0x00, 0x00, 0x00, 0x00, 0x00, 0x00, 0x00, 0x00, 0x00,
  0x00, 0x00, 0x00, 0x00, 0x00, 0x00, 0x00, 0x00, 0x00, 0x00, 0x00, 0x00, 0x00, 0x00, 0x00, 0x00,
  0x00, 0x00, 0x00, 0x00, 0x00, 0x00, 0x00, 0x00, 0x00, 0x00, 0x00, 0x00, 0x00, 0x00, 0x00, 0x00,
  0x00, 0x00, 0x00, 0x00, 0x00, 0x00, 0x00, 0x00, 0x00, 0x00, 0x00, 0x00, 0x00, 0x00, 0x00, 0x00,
  0x00, 0x00, 0x00, 0x00, 0x00, 0x00, 0x00, 0x00, 0x00, 0x00, 0x00, 0x00, 0x00, 0x00, 0x00, 0x00,
  0x00, 0x00, 0x00, 0x00, 0x00, 0x00, 0x00, 0x00, 0x00, 0x00, 0x00, 0x00, 0x00, 0x00, 0x00, 0x00,
  0x00, 0x00, 0x00, 0x00, 0x00, 0x00, 0x00, 0x00, 0x00, 0x00, 0x00, 0x00, 0x00, 0x00, 0x00, 0x00,
  0x00, 0x00, 0x00, 0x00, 0x00, 0x00, 0x00, 0x00, 0x00, 0x00, 0x00, 0x00, 0x00, 0x00, 0x00, 0x00,
  0x00, 0x00, 0x00, 0x00, 0x00, 0x00, 0x00, 0x00, 0x00, 0x00, 0x00, 0x00, 0x00, 0x00, 0x00, 0x00,
  0x00, 0x00, 0x00, 0x00, 0x00, 0x00, 0x00, 0x00, 0x00, 0x00, 0x00, 0x00, 0x00, 0x00, 0x00, 0x00,
  0x00, 0x00, 0x00, 0x00, 0x00, 0x00, 0x00, 0x00, 0x00, 0x00, 0x00, 0x00, 0x00, 0x00, 0x00, 0x00,
};

const lv_image_dsc_t Heart3 = {
  .header.cf = LV_COLOR_FORMAT_ARGB8888,
  .header.magic = LV_IMAGE_HEADER_MAGIC,
  .header.w = 120,
  .header.h = 107,
  .data_size = 51360,
  .data = Heart3_map,
};
