#include "lvgl.h"

#ifndef LV_ATTRIBUTE_MEM_ALIGN
#define LV_ATTRIBUTE_MEM_ALIGN
#endif

#ifndef LV_ATTRIBUTE_IMAGE_THERMOMETER
#define LV_ATTRIBUTE_IMAGE_THERMOMETER
#endif

const LV_ATTRIBUTE_MEM_ALIGN LV_ATTRIBUTE_LARGE_CONST LV_ATTRIBUTE_IMAGE_THERMOMETER uint8_t Thermometer_map[] = {
  0x00, 0x00, 0x00, 0x00, 0x00, 0x00, 0x00, 0x00, 0x00, 0x00, 0x00, 0x00, 0x00, 0x00, 0x00, 0x00,
  0x00, 0x00, 0x00, 0x00, 0x00, 0x00, 0x00, 0x00, 0x00, 0x00, 0x00, 0x00, 0x00, 0x00, 0x00, 0x00,
  0x00, 0x00, 0x00, 0x00, 0xff, 0xff, 0xff, 0x03, 0xff, 0xff, 0xff, 0x04, 0xff, 0xff, 0xff, 0x05,
  0xff, 0xff, 0xff, 0x07, 0xff, 0xff, 0xff, 0x09, 0xff, 0xff, 0xff, 0x0a, 0xff, 0xff, 0xff, 0x0a,
  0xff, 0xff, 0xff, 0x0b, 0xff, 0xff, 0xff, 0x09, 0xff, 0xff, 0xff, 0x07, 0xff, 0xff, 0xff, 0x05,
  0xff, 0xff, 0xff, 0x03, 0x00, 0x00, 0x00, 0x00, 0x00, 0x00, 0x00, 0x00, 0x00, 0x00, 0x00, 0x00,
  0x00, 0x00, 0x00, 0x00, 0x00, 0x00, 0x00, 0x00, 0x00, 0x00, 0x00, 0x00, 0x00, 0x00, 0x00, 0x00,
  0x00, 0x00, 0x00, 0x00, 0x00, 0x00, 0x00, 0x00, 0x00, 0x00, 0x00, 0x00, 0x00, 0x00, 0x00, 0x00,
  0x00, 0x00, 0x00, 0x00, 0x00, 0x00, 0x00, 0x00, 0x00, 0x00, 0x00, 0x00, 0x00, 0x00, 0x00, 0x00,
  0x00, 0x00, 0x00, 0x00, 0x00, 0x00, 0x00, 0x00, 0x00, 0x00, 0x00, 0x00, 0x00, 0x00, 0x00, 0x00,
  0x00, 0x00, 0x00, 0x00, 0x00, 0x00, 0x00, 0x00, 0x00, 0x00, 0x00, 0x00, 0x00, 0x00, 0x00, 0x00,
  0x00, 0x00, 0x00, 0x00, 0x00, 0x00, 0x00, 0x00, 0x00, 0x00, 0x00, 0x00, 0x00, 0x00, 0x00, 0x00,
  0x00, 0x00, 0x00, 0x00, 0x00, 0x00, 0x00, 0x00, 0x00, 0x00, 0x00, 0x00, 0x00, 0x00, 0x00, 0x00,
  0x00, 0x00, 0x00, 0x00, 0x00, 0x00, 0x00, 0x00, 0x00, 0x00, 0x00, 0x00, 0x00, 0x00, 0x00, 0x00,
  0x00, 0x00, 0x00, 0x00, 0x00, 0x00, 0x00, 0x00, 0x00, 0x00, 0x00, 0x00, 0x00, 0x00, 0x00, 0x00,
  0x00, 0x00, 0x00, 0x00, 0x00, 0x00, 0x00, 0x00, 0xff, 0xff, 0xff, 0x01, 0xff, 0xff, 0xff, 0x04,
  0xff, 0xff, 0xff, 0x05, 0xff, 0xff, 0xff, 0x0b, 0xf5, 0xf5, 0xf5, 0x1b, 0xf2, 0xf2, 0xf2, 0x2a,
  0xeb, 0xeb, 0xeb, 0x35, 0xec, 0xec, 0xec, 0x37, 0xec, 0xec, 0xec, 0x37, 0xee, 0xee, 0xee, 0x2e,
  0xf7, 0xf7, 0xf7, 0x22, 0xff, 0xff, 0xff, 0x13, 0xff, 0xff, 0xff, 0x0d, 0xff, 0xff, 0xff, 0x07,
  0x00, 0x00, 0x00, 0x00, 0x00, 0x00, 0x00, 0x00, 0x00, 0x00, 0x00, 0x00, 0x00, 0x00, 0x00, 0x00,
  0x00, 0x00, 0x00, 0x00, 0x00, 0x00, 0x00, 0x00, 0x00, 0x00, 0x00, 0x00, 0x00, 0x00, 0x00, 0x00,
  0x00, 0x00, 0x00, 0x00, 0x00, 0x00, 0x00, 0x00, 0x00, 0x00, 0x00, 0x00, 0x00, 0x00, 0x00, 0x00,
  0x00, 0x00, 0x00, 0x00, 0x00, 0x00, 0x00, 0x00, 0x00, 0x00, 0x00, 0x00, 0x00, 0x00, 0x00, 0x02,
  0x00, 0x00, 0x00, 0x03, 0x00, 0x00, 0x00, 0x00, 0x00, 0x00, 0x00, 0x00, 0x00, 0x00, 0x00, 0x02,
  0x00, 0x00, 0x00, 0x02, 0x00, 0x00, 0x00, 0x03, 0x00, 0x00, 0x00, 0x01, 0x00, 0x00, 0x00, 0x01,
  0x00, 0x00, 0x00, 0x03, 0x00, 0x00, 0x00, 0x03, 0x00, 0x00, 0x00, 0x01, 0x00, 0x00, 0x00, 0x00,
  0x00, 0x00, 0x00, 0x02, 0x00, 0x00, 0x00, 0x03, 0x00, 0x00, 0x00, 0x02, 0x00, 0x00, 0x00, 0x03,
  0x00, 0x00, 0x00, 0x00, 0x00, 0x00, 0x00, 0x00, 0x00, 0x00, 0x00, 0x00, 0x00, 0x00, 0x00, 0x00,
  0x00, 0x00, 0x00, 0x00, 0x00, 0x00, 0x00, 0x00, 0x00, 0x00, 0x00, 0x00, 0x00, 0x00, 0x00, 0x00,
  0xff, 0xff, 0xff, 0x01, 0xff, 0xff, 0xff, 0x05, 0xff, 0xff, 0xff, 0x07, 0xff, 0xff, 0xff, 0x16,
  0xf1, 0xf1, 0xf1, 0x37, 0xee, 0xee, 0xee, 0x3f, 0xf3, 0xf3, 0xf3, 0x2d, 0xee, 0xee, 0xee, 0x1e,
  0xeb, 0xeb, 0xeb, 0x1a, 0xf1, 0xf1, 0xf1, 0x25, 0xec, 0xec, 0xec, 0x38, 0xeb, 0xeb, 0xeb, 0x50,
  0xeb, 0xeb, 0xeb, 0x43, 0xf7, 0xf7, 0xf7, 0x23, 0xff, 0xff, 0xff, 0x12, 0xff, 0xff, 0xff, 0x03,
  0x00, 0x00, 0x00, 0x00, 0x00, 0x00, 0x00, 0x00, 0x00, 0x00, 0x00, 0x00, 0x00, 0x00, 0x00, 0x00,
  0x00, 0x00, 0x00, 0x00, 0x00, 0x00, 0x00, 0x00, 0x00, 0x00, 0x00, 0x00, 0x00, 0x00, 0x00, 0x00,
  0x00, 0x00, 0x00, 0x00, 0x00, 0x00, 0x00, 0x00, 0x00, 0x00, 0x00, 0x00, 0x00, 0x00, 0x00, 0x00,
  0x00, 0x00, 0x00, 0x00, 0x00, 0x00, 0x00, 0x01, 0x00, 0x00, 0x00, 0x00, 0x01, 0x01, 0x01, 0x00,
  0x00, 0x00, 0x00, 0x00, 0x00, 0x00, 0x00, 0x01, 0x00, 0x00, 0x00, 0x00, 0x00, 0x00, 0x00, 0x00,
  0x00, 0x00, 0x00, 0x00, 0x00, 0x00, 0x00, 0x00, 0x00, 0x00, 0x00, 0x00, 0x00, 0x00, 0x00, 0x00,
  0x00, 0x00, 0x00, 0x00, 0x00, 0x00, 0x00, 0x00, 0x00, 0x00, 0x00, 0x02, 0x00, 0x00, 0x00, 0x00,
  0x00, 0x00, 0x00, 0x00, 0x00, 0x00, 0x00, 0x00, 0x00, 0x00, 0x00, 0x00, 0x00, 0x00, 0x00, 0x00,
  0x00, 0x00, 0x00, 0x00, 0x00, 0x00, 0x00, 0x00, 0x00, 0x00, 0x00, 0x00, 0x00, 0x00, 0x00, 0x00,
  0x00, 0x00, 0x00, 0x00, 0x00, 0x00, 0x00, 0x00, 0x00, 0x00, 0x00, 0x00, 0xff, 0xff, 0xff, 0x04,
  0xff, 0xff, 0xff, 0x07, 0xf0, 0xf0, 0xf0, 0x22, 0xee, 0xee, 0xee, 0x3c, 0xf1, 0xf1, 0xf1, 0x25,
  0xe7, 0xe7, 0xe7, 0x0b, 0x00, 0x00, 0x00, 0x00, 0x00, 0x00, 0x00, 0x00, 0x00, 0x00, 0x00, 0x00,
  0x00, 0x00, 0x00, 0x00, 0xff, 0xff, 0xff, 0x02, 0xf2, 0xf2, 0xf2, 0x14, 0xe9, 0xe9, 0xe9, 0x3c,
  0xe9, 0xe9, 0xe9, 0x53, 0xf3, 0xf3, 0xf3, 0x2d, 0xff, 0xff, 0xff, 0x0e, 0x00, 0x00, 0x00, 0x00,
  0x00, 0x00, 0x00, 0x00, 0x00, 0x00, 0x00, 0x00, 0x00, 0x00, 0x00, 0x00, 0x00, 0x00, 0x00, 0x00,
  0x00, 0x00, 0x00, 0x00, 0x00, 0x00, 0x00, 0x00, 0x00, 0x00, 0x00, 0x00, 0x00, 0x00, 0x00, 0x00,
  0x00, 0x00, 0x00, 0x00, 0x00, 0x00, 0x00, 0x00, 0x00, 0x00, 0x00, 0x00, 0x55, 0x55, 0x55, 0x03,
  0x00, 0x00, 0x00, 0x00, 0x33, 0x33, 0x33, 0x37, 0x35, 0x35, 0x35, 0x94, 0xff, 0xff, 0xff, 0x01,
  0x00, 0x00, 0x00, 0x00, 0x3b, 0x3b, 0x3b, 0x2b, 0x38, 0x38, 0x38, 0x91, 0x38, 0x38, 0x38, 0x87,
  0x71, 0x71, 0x71, 0x09, 0x59, 0x59, 0x59, 0x14, 0x36, 0x36, 0x36, 0x92, 0x37, 0x37, 0x37, 0x8b,
  0x4b, 0x4b, 0x4b, 0x11, 0x00, 0x00, 0x00, 0x00, 0x35, 0x35, 0x35, 0x39, 0x3b, 0x3b, 0x3b, 0x8d,
  0x39, 0x39, 0x39, 0xa0, 0x2c, 0x2c, 0x2c, 0x6e, 0x02, 0x02, 0x02, 0x00, 0x00, 0x00, 0x00, 0x02,
  0x00, 0x00, 0x00, 0x00, 0x00, 0x00, 0x00, 0x00, 0x00, 0x00, 0x00, 0x00, 0x00, 0x00, 0x00, 0x00,
  0x00, 0x00, 0x00, 0x00, 0xff, 0xff, 0xff, 0x02, 0xff, 0xff, 0xff, 0x06, 0xf4, 0xf4, 0xf4, 0x19,
  0xed, 0xed, 0xed, 0x3b, 0xf6, 0xf6, 0xf6, 0x1e, 0x00, 0x00, 0x00, 0x00, 0x00, 0x00, 0x00, 0x00,
  0x00, 0x00, 0x00, 0x00, 0xff, 0xff, 0xff, 0x01, 0xff, 0xff, 0xff, 0x01, 0x00, 0x00, 0x00, 0x00,
  0x00, 0x00, 0x00, 0x00, 0x00, 0x00, 0x00, 0x00, 0xff, 0xff, 0xff, 0x03, 0xe9, 0xe9, 0xe9, 0x3a,
  0xea, 0xea, 0xea, 0x58, 0xf2, 0xf2, 0xf2, 0x2a, 0xff, 0xff, 0xff, 0x02, 0x00, 0x00, 0x00, 0x00,
  0x00, 0x00, 0x00, 0x00, 0x00, 0x00, 0x00, 0x00, 0x00, 0x00, 0x00, 0x00, 0x00, 0x00, 0x00, 0x00,
  0x00, 0x00, 0x00, 0x00, 0x00, 0x00, 0x00, 0x00, 0x00, 0x00, 0x00, 0x00, 0x00, 0x00, 0x00, 0x00,
  0x00, 0x00, 0x00, 0x00, 0x7f, 0x7f, 0x7f, 0x02, 0x00, 0x00, 0x00, 0x00, 0x66, 0x66, 0x66, 0x19,
  0x26, 0x26, 0x26, 0xea, 0x18, 0x18, 0x18, 0xbb, 0xff, 0xff, 0xff, 0x01, 0x37, 0x37, 0x37, 0x20,
  0x1e, 0x1e, 0x1e, 0xd6, 0x48, 0x48, 0x48, 0x2e, 0x26, 0x26, 0x26, 0xba, 0x23, 0x23, 0x23, 0x50,
  0x26, 0x26, 0x26, 0x6a, 0x3f, 0x3f, 0x3f, 0x50, 0x2f, 0x2f, 0x2f, 0x60, 0x39, 0x39, 0x39, 0x6a,
  0x2d, 0x2d, 0x2d, 0x2d, 0x1f, 0x1f, 0x1f, 0xe1, 0x46, 0x46, 0x46, 0x2f, 0x33, 0x33, 0x33, 0x50,
  0x25, 0x25, 0x25, 0x95, 0x01, 0x01, 0x01, 0x00, 0x00, 0x00, 0x00, 0x03, 0x00, 0x00, 0x00, 0x00,
  0x00, 0x00, 0x00, 0x00, 0x00, 0x00, 0x00, 0x00, 0x00, 0x00, 0x00, 0x00, 0xff, 0xff, 0xff, 0x01,
  0xff, 0xff, 0xff, 0x04, 0xff, 0xff, 0xff, 0x0d, 0xed, 0xed, 0xed, 0x3b, 0xef, 0xef, 0xef, 0x20,
  0x00, 0x00, 0x00, 0x00, 0xff, 0xff, 0xff, 0x01, 0xff, 0xff, 0xff, 0x01, 0x00, 0x00, 0x00, 0x00,
  0x00, 0x00, 0x00, 0x00, 0x00, 0x00, 0x00, 0x00, 0x00, 0x00, 0x00, 0x00, 0x00, 0x00, 0x00, 0x00,
  0xff, 0xff, 0xff, 0x01, 0x00, 0x00, 0x00, 0x00, 0x01, 0x01, 0x01, 0x00, 0xe8, 0xe8, 0xe8, 0x4f,
  0xea, 0xea, 0xea, 0x56, 0xf3, 0xf3, 0xf3, 0x16, 0x00, 0x00, 0x00, 0x00, 0xff, 0xff, 0xff, 0x01,
  0x00, 0x00, 0x00, 0x00, 0x00, 0x00, 0x00, 0x00, 0x00, 0x00, 0x00, 0x00, 0x00, 0x00, 0x00, 0x00,
  0x00, 0x00, 0x00, 0x00, 0x00, 0x00, 0x00, 0x00, 0x00, 0x00, 0x00, 0x00, 0x00, 0x00, 0x00, 0x01,
  0x00, 0x00, 0x00, 0x00, 0x4f, 0x4f, 0x4f, 0x10, 0x2f, 0x2f, 0x2f, 0x9b, 0x2a, 0x2a, 0x2a, 0xba,
  0x1f, 0x1f, 0x1f, 0x71, 0x00, 0x00, 0x00, 0x00, 0x1e, 0x1e, 0x1e, 0x9d, 0x1e, 0x1e, 0x1e, 0x99,
  0x00, 0x00, 0x00, 0x00, 0x1f, 0x1f, 0x1f, 0xb2, 0x15, 0x15, 0x15, 0x5e, 0x37, 0x37, 0x37, 0x40,
  0x2e, 0x2e, 0x2e, 0x99, 0x29, 0x29, 0x29, 0x92, 0x56, 0x56, 0x56, 0x35, 0x1a, 0x1a, 0x1a, 0xc4,
  0x27, 0x27, 0x27, 0x60, 0x00, 0x00, 0x00, 0x00, 0x00, 0x00, 0x00, 0x00, 0x00, 0x00, 0x00, 0x00,
  0x00, 0x00, 0x00, 0x00, 0x00, 0x00, 0x00, 0x00, 0x00, 0x00, 0x00, 0x00, 0x00, 0x00, 0x00, 0x00,
  0x00, 0x00, 0x00, 0x00, 0x00, 0x00, 0x00, 0x00, 0xff, 0xff, 0xff, 0x03, 0xff, 0xff, 0xff, 0x06,
  0xf7, 0xf7, 0xf7, 0x21, 0xee, 0xee, 0xee, 0x3c, 0xff, 0xff, 0xff, 0x06, 0x00, 0x00, 0x00, 0x00,
  0x00, 0x00, 0x00, 0x01, 0x00, 0x00, 0x00, 0x00, 0x00, 0x00, 0x00, 0x00, 0x00, 0x00, 0x00, 0x00,
  0x00, 0x00, 0x00, 0x00, 0x00, 0x00, 0x00, 0x00, 0x00, 0x00, 0x00, 0x00, 0x00, 0x00, 0x00, 0x00,
  0xff, 0xff, 0xff, 0x01, 0x00, 0x00, 0x00, 0x00, 0xec, 0xec, 0xec, 0x1c, 0xe5, 0xe5, 0xe5, 0x64,
  0xed, 0xed, 0xed, 0x39, 0xe9, 0xe9, 0xe9, 0x0c, 0x00, 0x00, 0x00, 0x00, 0x00, 0x00, 0x00, 0x00,
  0x00, 0x00, 0x00, 0x00, 0x00, 0x00, 0x00, 0x00, 0x00, 0x00, 0x00, 0x00, 0x00, 0x00, 0x00, 0x00,
  0x00, 0x00, 0x00, 0x00, 0x00, 0x00, 0x00, 0x00, 0x00, 0x00, 0x00, 0x02, 0x5f, 0x5f, 0x5f, 0x08,
  0x30, 0x30, 0x30, 0xa7, 0x56, 0x56, 0x56, 0x3e, 0x1d, 0x1d, 0x1d, 0xa5, 0x3b, 0x3b, 0x3b, 0x5f,
  0x8d, 0x8d, 0x8d, 0x12, 0x19, 0x19, 0x19, 0xd6, 0x27, 0x27, 0x27, 0x40, 0x02, 0x02, 0x02, 0x00,
  0x1a, 0x1a, 0x1a, 0xd4, 0x2b, 0x2b, 0x2b, 0x47, 0x01, 0x01, 0x01, 0x00, 0x1f, 0x1f, 0x1f, 0x38,
  0x29, 0x29, 0x29, 0x2b, 0x45, 0x45, 0x45, 0x21, 0x19, 0x19, 0x19, 0xe6, 0xaa, 0xaa, 0xaa, 0x09,
  0x55, 0x55, 0x55, 0x03, 0x00, 0x00, 0x00, 0x03, 0x00, 0x00, 0x00, 0x01, 0x00, 0x00, 0x00, 0x00,
  0x00, 0x00, 0x00, 0x00, 0x00, 0x00, 0x00, 0x00, 0x00, 0x00, 0x00, 0x00, 0x00, 0x00, 0x00, 0x00,
  0x00, 0x00, 0x00, 0x00, 0xff, 0xff, 0xff, 0x03, 0xff, 0xff, 0xff, 0x07, 0xee, 0xee, 0xee, 0x2e,
  0xee, 0xee, 0xee, 0x2d, 0x00, 0x00, 0x00, 0x00, 0x00, 0x00, 0x00, 0x00, 0x00, 0x00, 0x00, 0x00,
  0x00, 0x00, 0x00, 0x00, 0x00, 0x00, 0x00, 0x00, 0x00, 0x00, 0x00, 0x00, 0x00, 0x00, 0x00, 0x00,
  0x00, 0x00, 0x00, 0x00, 0x00, 0x00, 0x00, 0x00, 0x00, 0x00, 0x00, 0x00, 0x00, 0x00, 0x00, 0x00,
  0x00, 0x00, 0x00, 0x00, 0xff, 0xff, 0xff, 0x05, 0xe7, 0xe7, 0xe7, 0x55, 0xe8, 0xe8, 0xe8, 0x4f,
  0xff, 0xff, 0xff, 0x1e, 0xff, 0xff, 0xff, 0x06, 0x00, 0x00, 0x00, 0x00, 0x00, 0x00, 0x00, 0x00,
  0x00, 0x00, 0x00, 0x00, 0x00, 0x00, 0x00, 0x00, 0x00, 0x00, 0x00, 0x00, 0x00, 0x00, 0x00, 0x00,
  0x00, 0x00, 0x00, 0x03, 0x00, 0x00, 0x00, 0x00, 0x2f, 0x2f, 0x2f, 0x51, 0x1b, 0x1b, 0x1b, 0xc9,
  0x2e, 0x2e, 0x2e, 0x83, 0x11, 0x11, 0x11, 0xe6, 0x24, 0x24, 0x24, 0xb5, 0x46, 0x46, 0x46, 0x41,
  0x18, 0x18, 0x18, 0xd1, 0x7f, 0x7f, 0x7f, 0x0c, 0x36, 0x36, 0x36, 0x1c, 0x1a, 0x1a, 0x1a, 0xe3,
  0x7f, 0x7f, 0x7f, 0x0c, 0x00, 0x00, 0x00, 0x01, 0x00, 0x00, 0x00, 0x00, 0x00, 0x00, 0x00, 0x00,
  0x28, 0x28, 0x28, 0x58, 0x19, 0x19, 0x19, 0xc7, 0x03, 0x03, 0x03, 0x00, 0x00, 0x00, 0x00, 0x00,
  0x01, 0x01, 0x01, 0x00, 0x00, 0x00, 0x00, 0x00, 0x00, 0x00, 0x00, 0x00, 0x00, 0x00, 0x00, 0x00,
  0x00, 0x00, 0x00, 0x00, 0x00, 0x00, 0x00, 0x00, 0x00, 0x00, 0x00, 0x00, 0x00, 0x00, 0x00, 0x00,
  0xff, 0xff, 0xff, 0x01, 0xff, 0xff, 0xff, 0x01, 0xea, 0xea, 0xea, 0x32, 0xf5, 0xf5, 0xf5, 0x1c,
  0x00, 0x00, 0x00, 0x00, 0x00, 0x00, 0x00, 0x01, 0x00, 0x00, 0x00, 0x00, 0x00, 0x00, 0x00, 0x00,
  0xff, 0xaa, 0xaa, 0x03, 0xbf, 0x7f, 0x3f, 0x04, 0xaa, 0xaa, 0x55, 0x03, 0xbf, 0xbf, 0x7f, 0x04,
  0xff, 0xff, 0xff, 0x02, 0x00, 0x00, 0x00, 0x00, 0x00, 0x00, 0x00, 0x00, 0xff, 0xff, 0xff, 0x01,
  0x01, 0x01, 0x01, 0x00, 0xe2, 0xe2, 0xe2, 0x3f, 0xe4, 0xe4, 0xe4, 0x62, 0xf8, 0xf8, 0xf8, 0x25,
  0xf0, 0xf0, 0xf0, 0x12, 0xff, 0xff, 0xff, 0x03, 0xff, 0xff, 0xff, 0x01, 0xff, 0xff, 0xff, 0x01,
  0x00, 0x00, 0x00, 0x00, 0x00, 0x00, 0x00, 0x00, 0x00, 0x00, 0x00, 0x00, 0x00, 0x00, 0x00, 0x00,
  0x00, 0x00, 0x00, 0x00, 0x48, 0x48, 0x48, 0x07, 0x00, 0x00, 0x00, 0x03, 0x21, 0x21, 0x21, 0x55,
  0x19, 0x19, 0x19, 0xd2, 0x00, 0x00, 0x00, 0x06, 0x3f, 0x3f, 0x3f, 0x1c, 0x1a, 0x1a, 0x1a, 0xdd,
  0xff, 0xff, 0xff, 0x01, 0x1d, 0x1d, 0x1d, 0xa3, 0x24, 0x24, 0x24, 0x86, 0x00, 0x00, 0x00, 0x00,
  0x00, 0x00, 0x00, 0x03, 0x33, 0x33, 0x33, 0x05, 0x00, 0x00, 0x00, 0x02, 0x35, 0x35, 0x35, 0x43,
  0x19, 0x19, 0x19, 0xda, 0x03, 0x03, 0x03, 0x00, 0x33, 0x33, 0x33, 0x2d, 0x36, 0x36, 0x36, 0x83,
  0x00, 0x00, 0x00, 0x00, 0x00, 0x00, 0x00, 0x02, 0xff, 0xff, 0xff, 0x01, 0x00, 0x00, 0x00, 0x00,
  0x00, 0x00, 0x00, 0x00, 0x00, 0x00, 0x00, 0x00, 0x00, 0x00, 0x00, 0x00, 0xff, 0xff, 0xff, 0x01,
  0x00, 0x00, 0x00, 0x00, 0xe7, 0xe7, 0xe7, 0x37, 0xe6, 0xe6, 0xe6, 0x15, 0x00, 0x00, 0x00, 0x00,
  0xff, 0xff, 0xff, 0x01, 0x00, 0x00, 0x00, 0x00, 0x00, 0x00, 0x00, 0x00, 0x00, 0x00, 0x00, 0x00,
  0x00, 0x00, 0x00, 0x00, 0x00, 0x00, 0x00, 0x00, 0x00, 0x00, 0x00, 0x00, 0x00, 0x00, 0x00, 0x00,
  0xff, 0xff, 0xff, 0x03, 0xaa, 0xaa, 0xaa, 0x03, 0xff, 0xff, 0xff, 0x05, 0xff, 0xff, 0xff, 0x03,
  0xd5, 0xd5, 0xd5, 0x3d, 0xe1, 0xe1, 0xe1, 0x71, 0xf3, 0xf3, 0xf3, 0x2d, 0xf3, 0xf3, 0xf3, 0x17,
  0xe7, 0xe7, 0xe7, 0x0b, 0xd4, 0xd4, 0xd4, 0x06, 0xee, 0xff, 0xff, 0x0f, 0xff, 0xff, 0xff, 0x06,
  0xff, 0xff, 0xff, 0x03, 0xff, 0xff, 0xff, 0x03, 0xff, 0xff, 0xff, 0x03, 0xbf, 0xbf, 0xbf, 0x04,
  0xbf, 0xbf, 0xbf, 0x04, 0xff, 0xff, 0xff, 0x02, 0x25, 0x25, 0x25, 0x7a, 0x16, 0x16, 0x16, 0xaa,
  0xbb, 0xbb, 0xbb, 0x0f, 0xd4, 0xd4, 0xd4, 0x06, 0x34, 0x34, 0x34, 0x8c, 0x45, 0x45, 0x45, 0xa2,
  0x2e, 0x2e, 0x2e, 0x84, 0xd4, 0xd4, 0xd4, 0x06, 0x99, 0x99, 0x99, 0x05, 0xbf, 0xbf, 0xbf, 0x04,
  0xbf, 0xbf, 0xbf, 0x04, 0x99, 0x99, 0x99, 0x05, 0xff, 0xff, 0xff, 0x06, 0x2d, 0x2d, 0x2d, 0x91,
  0x4b, 0x4b, 0x4b, 0x9c, 0x2f, 0x2f, 0x2f, 0xb5, 0x2f, 0x2f, 0x2f, 0x70, 0xff, 0xff, 0xff, 0x01,
  0x00, 0x00, 0x00, 0x03, 0xff, 0xff, 0xff, 0x01, 0x00, 0x00, 0x00, 0x00, 0x00, 0x00, 0x00, 0x00,
  0x00, 0x00, 0x00, 0x00, 0x00, 0x00, 0x00, 0x00, 0xff, 0xff, 0xff, 0x01, 0x00, 0x00, 0x00, 0x00,
  0xe5, 0xe5, 0xe5, 0x3c, 0xea, 0xea, 0xea, 0x19, 0x00, 0x00, 0x00, 0x00, 0xff, 0xff, 0xff, 0x01,
  0x00, 0x00, 0x00, 0x00, 0x00, 0x00, 0x00, 0x00, 0xca, 0xb4, 0xa8, 0x7f, 0xc5, 0xa5, 0x58, 0x9f,
  0xb7, 0xa3, 0x47, 0x9e, 0xd3, 0xba, 0x91, 0x91, 0xcf, 0xbe, 0xbe, 0x4b, 0x00, 0x00, 0x00, 0x00,
  0x00, 0x00, 0x00, 0x00, 0x00, 0x00, 0x00, 0x00, 0x00, 0x00, 0x00, 0x00, 0xde, 0xde, 0xde, 0x2f,
  0xe8, 0xe8, 0xe8, 0x68, 0xff, 0xff, 0xff, 0x1b, 0xff, 0xff, 0xff, 0x06, 0x00, 0x00, 0x00, 0x00,
  0x00, 0x00, 0x00, 0x00, 0x00, 0x00, 0x00, 0x00, 0x00, 0x00, 0x00, 0x00, 0x00, 0x00, 0x00, 0x00,
  0x00, 0x00, 0x00, 0x00, 0x00, 0x00, 0x00, 0x00, 0x00, 0x00, 0x00, 0x00, 0x00, 0x00, 0x00, 0x00,
  0x00, 0x00, 0x00, 0x00, 0x00, 0x00, 0x00, 0x00, 0x00, 0x00, 0x00, 0x00, 0x00, 0x00, 0x00, 0x00,
  0x00, 0x00, 0x00, 0x00, 0x00, 0x00, 0x00, 0x00, 0x00, 0x00, 0x00, 0x00, 0x00, 0x00, 0x00, 0x00,
  0x00, 0x00, 0x00, 0x00, 0x00, 0x00, 0x00, 0x00, 0x00, 0x00, 0x00, 0x00, 0x00, 0x00, 0x00, 0x00,
  0x00, 0x00, 0x00, 0x00, 0x00, 0x00, 0x00, 0x00, 0x00, 0x00, 0x00, 0x00, 0x00, 0x00, 0x00, 0x03,
  0x00, 0x00, 0x00, 0x00, 0x00, 0x00, 0x00, 0x00, 0x00, 0x00, 0x00, 0x00, 0x00, 0x00, 0x00, 0x00,
  0x00, 0x00, 0x00, 0x00, 0x00, 0x00, 0x00, 0x00, 0x00, 0x00, 0x00, 0x00, 0x00, 0x00, 0x00, 0x00,
  0xff, 0xff, 0xff, 0x01, 0xff, 0xff, 0xff, 0x04, 0xff, 0xff, 0xff, 0x07, 0xe8, 0xe8, 0xe8, 0x43,
  0xe8, 0xe8, 0xe8, 0x17, 0x00, 0x00, 0x00, 0x00, 0xff, 0xff, 0xff, 0x02, 0xff, 0xff, 0xff, 0x01,
  0x00, 0x00, 0x00, 0x00, 0xd0, 0xc3, 0xbf, 0xca, 0xc7, 0xb7, 0x94, 0xf9, 0xbf, 0xb3, 0x80, 0xf0,
  0xce, 0xbc, 0xa3, 0xf5, 0xcd, 0xc5, 0xc9, 0xbf, 0xcc, 0xcc, 0xcc, 0x70, 0xcb, 0xcb, 0xcb, 0x72,
  0xc9, 0xc9, 0xc9, 0x72, 0xd0, 0xd0, 0xd0, 0x6e, 0xc3, 0xc3, 0xc3, 0x95, 0xc2, 0xc2, 0xc2, 0xc1,
  0xca, 0xca, 0xca, 0x9a, 0xca, 0xca, 0xca, 0x84, 0xcc, 0xcc, 0xcc, 0x78, 0xcd, 0xcd, 0xcd, 0x72,
  0xcc, 0xcc, 0xcc, 0x70, 0xca, 0xca, 0xca, 0x70, 0xcc, 0xcc, 0xcc, 0x70, 0xcc, 0xcc, 0xcc, 0x70,
  0xcc, 0xcc, 0xcc, 0x70, 0xcc, 0xcc, 0xcc, 0x70, 0xcc, 0xcc, 0xcc, 0x70, 0xca, 0xca, 0xca, 0x70,
  0xcc, 0xcc, 0xcc, 0x70, 0xcb, 0xcb, 0xcb, 0x71, 0xca, 0xca, 0xca, 0x70, 0xcc, 0xcc, 0xcc, 0x70,
  0xc7, 0xc7, 0xc7, 0x72, 0xcf, 0xcf, 0xcf, 0x6c, 0xc7, 0xc7, 0xc7, 0x73, 0xcb, 0xcb, 0xcb, 0x71,
  0xcc, 0xcc, 0xcc, 0x70, 0xcc, 0xcc, 0xcc, 0x70, 0xcc, 0xcc, 0xcc, 0x70, 0xca, 0xca, 0xca, 0x70,
  0xcc, 0xcc, 0xcc, 0x70, 0xc7, 0xc7, 0xc7, 0x73, 0xd1, 0xd1, 0xd1, 0x6a, 0xcc, 0xcc, 0xcc, 0x73,
  0xc8, 0xc8, 0xc8, 0x5d, 0x00, 0x00, 0x00, 0x00, 0x00, 0x00, 0x00, 0x00, 0x00, 0x00, 0x00, 0x00,
  0x00, 0x00, 0x00, 0x00, 0x00, 0x00, 0x00, 0x00, 0x00, 0x00, 0x00, 0x00, 0xff, 0xff, 0xff, 0x02,
  0xff, 0xff, 0xff, 0x07, 0xff, 0xff, 0xff, 0x11, 0xe9, 0xe9, 0xe9, 0x47, 0xe5, 0xe5, 0xe5, 0x14,
  0x00, 0x00, 0x00, 0x00, 0xff, 0xff, 0xff, 0x01, 0xff, 0xff, 0x7f, 0x02, 0xff, 0xff, 0xff, 0x04,
  0xba, 0xaf, 0x79, 0xc6, 0xbc, 0xb6, 0x74, 0xeb, 0xb8, 0xb4, 0x75, 0xe4, 0xc2, 0xb9, 0x76, 0xe8,
  0xbb, 0xaf, 0x87, 0xa9, 0xcc, 0xcc, 0xcc, 0x4b, 0xca, 0xca, 0xc7, 0x4e, 0xcd, 0xcd, 0xcd, 0x4d,
  0xce, 0xce, 0xce, 0x4a, 0xc3, 0xc3, 0xc3, 0x79, 0xc9, 0xc9, 0xc9, 0xa8, 0xcf, 0xcf, 0xcf, 0x77,
  0xcf, 0xcf, 0xcf, 0x60, 0xcd, 0xcd, 0xcd, 0x53, 0xcd, 0xcd, 0xcd, 0x4d, 0xcc, 0xcc, 0xcc, 0x4b,
  0xcc, 0xcc, 0xcc, 0x4b, 0xcc, 0xcc, 0xcc, 0x4b, 0xcc, 0xcc, 0xcc, 0x4b, 0xcc, 0xcc, 0xcc, 0x4b,
  0xcc, 0xcc, 0xcc, 0x4b, 0xcc, 0xcc, 0xcc, 0x4b, 0xcc, 0xcc, 0xcc, 0x4b, 0xc9, 0xc9, 0xc9, 0x4c,
  0xc9, 0xc9, 0xc9, 0x4c, 0xcc, 0xcc, 0xcc, 0x4b, 0xcc, 0xcc, 0xcc, 0x4b, 0xc9, 0xc9, 0xc9, 0x4c,
  0xcc, 0xcc, 0xcc, 0x4c, 0xcc, 0xcc, 0xcc, 0x4b, 0xcc, 0xcc, 0xcc, 0x4b, 0xcc, 0xcc, 0xcc, 0x4b,
  0xcc, 0xcc, 0xcc, 0x4b, 0xcc, 0xcc, 0xcc, 0x4b, 0xcc, 0xcc, 0xcc, 0x4b, 0xcc, 0xcc, 0xcc, 0x4b,
  0xcc, 0xcc, 0xcc, 0x4b, 0xcc, 0xcc, 0xcc, 0x4b, 0xcb, 0xcb, 0xcb, 0x4f, 0xc9, 0xc9, 0xc9, 0x3e,
  0x00, 0x00, 0x00, 0x00, 0x00, 0x00, 0x00, 0x00, 0x00, 0x00, 0x00, 0x00, 0x00, 0x00, 0x00, 0x00,
  0x00, 0x00, 0x00, 0x00, 0x00, 0x00, 0x00, 0x00, 0xff, 0xff, 0xff, 0x02, 0xff, 0xff, 0xff, 0x07,
  0xff, 0xff, 0xff, 0x0f, 0xe9, 0xe9, 0xe9, 0x46, 0xe5, 0xe5, 0xe5, 0x14, 0x00, 0x00, 0x00, 0x00,
  0xff, 0xff, 0xff, 0x01, 0xff, 0xff, 0x7f, 0x02, 0xff, 0xff, 0xff, 0x06, 0xb0, 0xa6, 0x53, 0xdd,
  0xb6, 0xad, 0x46, 0xff, 0xad, 0xa5, 0x43, 0xfd, 0xbf, 0xb4, 0x4c, 0xff, 0xab, 0x9f, 0x49, 0x95,
  0x00, 0x00, 0x00, 0x00, 0x00, 0x00, 0x00, 0x00, 0x00, 0x00, 0x00, 0x00, 0x00, 0x00, 0x00, 0x00,
  0xda, 0xda, 0xda, 0x31, 0xe7, 0xe7, 0xe7, 0x6c, 0xff, 0xff, 0xff, 0x1f, 0xff, 0xff, 0xff, 0x08,
  0x00, 0x00, 0x00, 0x00, 0x00, 0x00, 0x00, 0x00, 0x00, 0x00, 0x00, 0x00, 0x00, 0x00, 0x00, 0x00,
  0x00, 0x00, 0x00, 0x00, 0x00, 0x00, 0x00, 0x00, 0x00, 0x00, 0x00, 0x00, 0x00, 0x00, 0x00, 0x00,
  0x00, 0x00, 0x00, 0x00, 0x00, 0x00, 0x00, 0x00, 0x00, 0x00, 0x00, 0x00, 0x00, 0x00, 0x00, 0x00,
  0x00, 0x00, 0x00, 0x00, 0x00, 0x00, 0x00, 0x00, 0x00, 0x00, 0x00, 0x00, 0x00, 0x00, 0x00, 0x00,
  0x00, 0x00, 0x00, 0x00, 0x00, 0x00, 0x00, 0x00, 0x00, 0x00, 0x00, 0x00, 0x00, 0x00, 0x00, 0x00,
  0x00, 0x00, 0x00, 0x00, 0x00, 0x00, 0x00, 0x00, 0x00, 0x00, 0x00, 0x00, 0x00, 0x00, 0x00, 0x00,
  0x00, 0x00, 0x00, 0x00, 0x00, 0x00, 0x00, 0x00, 0x00, 0x00, 0x00, 0x00, 0x00, 0x00, 0x00, 0x00,
  0x00, 0x00, 0x00, 0x00, 0x00, 0x00, 0x00, 0x00, 0x00, 0x00, 0x00, 0x00, 0x00, 0x00, 0x00, 0x00,
  0x00, 0x00, 0x00, 0x00, 0xff, 0xff, 0xff, 0x02, 0xff, 0xff, 0xff, 0x07, 0xff, 0xff, 0xff, 0x0f,
  0xe9, 0xe9, 0xe9, 0x46, 0xe5, 0xe5, 0xe5, 0x14, 0x00, 0x00, 0x00, 0x00, 0xff, 0xff, 0xff, 0x01,
  0x00, 0x00, 0x00, 0x00, 0xff, 0xff, 0xff, 0x03, 0xad, 0xac, 0x5a, 0xd9, 0xb0, 0xae, 0x51, 0xfe,
  0xac, 0xa9, 0x51, 0xf8, 0xb7, 0xb3, 0x53, 0xfe, 0xb0, 0xad, 0x61, 0xa5, 0xaa, 0xaa, 0xaa, 0x03,
  0xaa, 0xaa, 0x7f, 0x06, 0xcc, 0xcc, 0xcc, 0x05, 0xaa, 0xaa, 0xaa, 0x03, 0xd6, 0xd6, 0xd6, 0x3f,
  0xdf, 0xdf, 0xdf, 0x78, 0xf4, 0xf4, 0xf4, 0x31, 0xeb, 0xeb, 0xeb, 0x1a, 0xe7, 0xe7, 0xe7, 0x0b,
  0xcc, 0xcc, 0xcc, 0x05, 0xaa, 0xaa, 0xaa, 0x03, 0xaa, 0xaa, 0xaa, 0x03, 0xaa, 0xaa, 0xaa, 0x03,
  0xaa, 0xaa, 0xaa, 0x03, 0xaa, 0xaa, 0xaa, 0x03, 0xaa, 0xaa, 0xaa, 0x03, 0xaa, 0xaa, 0xaa, 0x03,
  0xaa, 0xaa, 0xaa, 0x03, 0xaa, 0xaa, 0xaa, 0x03, 0xaa, 0xaa, 0xaa, 0x03, 0xaa, 0xaa, 0xaa, 0x03,
  0xaa, 0xaa, 0xaa, 0x03, 0xaa, 0xaa, 0xaa, 0x03, 0xaa, 0xaa, 0xaa, 0x03, 0xaa, 0xaa, 0xaa, 0x03,
  0xaa, 0xaa, 0xaa, 0x03, 0xaa, 0xaa, 0xaa, 0x03, 0xaa, 0xaa, 0xaa, 0x03, 0xaa, 0xaa, 0xaa, 0x03,
  0xaa, 0xaa, 0xaa, 0x03, 0xaa, 0xaa, 0xaa, 0x03, 0xaa, 0xaa, 0xaa, 0x03, 0xaa, 0xaa, 0xaa, 0x03,
  0xaa, 0xaa, 0xaa, 0x03, 0xff, 0xff, 0xff, 0x02, 0x00, 0x00, 0x00, 0x00, 0x00, 0x00, 0x00, 0x00,
  0x00, 0x00, 0x00, 0x00, 0x00, 0x00, 0x00, 0x00, 0x00, 0x00, 0x00, 0x00, 0x00, 0x00, 0x00, 0x00,
  0xff, 0xff, 0xff, 0x02, 0xff, 0xff, 0xff, 0x07, 0xff, 0xff, 0xff, 0x0f, 0xe9, 0xe9, 0xe9, 0x46,
  0xe5, 0xe5, 0xe5, 0x14, 0x00, 0x00, 0x00, 0x00, 0xff, 0xff, 0xff, 0x01, 0x00, 0x00, 0x00, 0x00,
  0xff, 0xff, 0xff, 0x03, 0xaa, 0xad, 0x5b, 0xda, 0xae, 0xaf, 0x51, 0xff, 0xaa, 0xab, 0x50, 0xf9,
  0xb4, 0xb4, 0x54, 0xff, 0xae, 0xae, 0x61, 0xa7, 0x00, 0x00, 0x00, 0x00, 0xaa, 0xaa, 0x55, 0x03,
  0xff, 0xff, 0xff, 0x02, 0x00, 0x00, 0x00, 0x00, 0xd5, 0xd5, 0xd5, 0x3d, 0xe0, 0xe0, 0xe0, 0x76,
  0xf9, 0xf9, 0xf9, 0x2e, 0xf3, 0xf3, 0xf3, 0x17, 0xff, 0xff, 0xff, 0x08, 0xff, 0xff, 0xff, 0x02,
  0x00, 0x00, 0x00, 0x00, 0x00, 0x00, 0x00, 0x00, 0x00, 0x00, 0x00, 0x00, 0x00, 0x00, 0x00, 0x00,
  0x00, 0x00, 0x00, 0x00, 0x00, 0x00, 0x00, 0x00, 0x00, 0x00, 0x00, 0x00, 0x00, 0x00, 0x00, 0x00,
  0x00, 0x00, 0x00, 0x00, 0x00, 0x00, 0x00, 0x00, 0x00, 0x00, 0x00, 0x00, 0x00, 0x00, 0x00, 0x00,
  0x00, 0x00, 0x00, 0x00, 0x00, 0x00, 0x00, 0x00, 0x00, 0x00, 0x00, 0x00, 0x00, 0x00, 0x00, 0x00,
  0x00, 0x00, 0x00, 0x00, 0x00, 0x00, 0x00, 0x00, 0x00, 0x00, 0x00, 0x00, 0x00, 0x00, 0x00, 0x00,
  0x00, 0x00, 0x00, 0x00, 0x00, 0x00, 0x00, 0x00, 0x00, 0x00, 0x00, 0x00, 0x00, 0x00, 0x00, 0x00,
  0x00, 0x00, 0x00, 0x00, 0x00, 0x00, 0x00, 0x00, 0x00, 0x00, 0x00, 0x00, 0x00, 0x00, 0x00, 0x00,
  0x00, 0x00, 0x00, 0x00, 0x00, 0x00, 0x00, 0x00, 0x00, 0x00, 0x00, 0x00, 0xff, 0xff, 0xff, 0x02,
  0xff, 0xff, 0xff, 0x07, 0xff, 0xff, 0xff, 0x0f, 0xe9, 0xe9, 0xe9, 0x46, 0xe5, 0xe5, 0xe5, 0x14,
  0x00, 0x00, 0x00, 0x00, 0xff, 0xff, 0xff, 0x01, 0x00, 0x00, 0x00, 0x00, 0xff, 0xff, 0xff, 0x02,
  0xa6, 0xac, 0x5c, 0xd9, 0xaa, 0xb1, 0x53, 0xff, 0xa4, 0xab, 0x51, 0xf9, 0xb0, 0xb5, 0x56, 0xff,
  0xab, 0xae, 0x62, 0xa5, 0x00, 0x00, 0x00, 0x00, 0xaa, 0xaa, 0x55, 0x03, 0xff, 0xff, 0xff, 0x02,
  0x00, 0x00, 0x00, 0x00, 0xd5, 0xd5, 0xd5, 0x3d, 0xe0, 0xe0, 0xe0, 0x76, 0xf9, 0xf9, 0xf9, 0x2e,
  0xf3, 0xf3, 0xf3, 0x17, 0xff, 0xff, 0xff, 0x08, 0xff, 0xff, 0xff, 0x02, 0x00, 0x00, 0x00, 0x00,
  0x00, 0x00, 0x00, 0x00, 0x00, 0x00, 0x00, 0x00, 0x00, 0x00, 0x00, 0x00, 0x00, 0x00, 0x00, 0x00,
  0x00, 0x00, 0x00, 0x00, 0x00, 0x00, 0x00, 0x00, 0x00, 0x00, 0x00, 0x00, 0x00, 0x00, 0x00, 0x00,
  0x00, 0x00, 0x00, 0x00, 0x00, 0x00, 0x00, 0x00, 0x00, 0x00, 0x00, 0x00, 0x00, 0x00, 0x00, 0x00,
  0x00, 0x00, 0x00, 0x00, 0x00, 0x00, 0x00, 0x00, 0x00, 0x00, 0x00, 0x00, 0x00, 0x00, 0x00, 0x00,
  0x00, 0x00, 0x00, 0x00, 0x00, 0x00, 0x00, 0x00, 0x00, 0x00, 0x00, 0x00, 0x00, 0x00, 0x00, 0x00,
  0x00, 0x00, 0x00, 0x00, 0x00, 0x00, 0x00, 0x00, 0x00, 0x00, 0x00, 0x00, 0x00, 0x00, 0x00, 0x00,
  0x00, 0x00, 0x00, 0x00, 0x00, 0x00, 0x00, 0x00, 0x00, 0x00, 0x00, 0x00, 0x00, 0x00, 0x00, 0x00,
  0x00, 0x00, 0x00, 0x00, 0x00, 0x00, 0x00, 0x00, 0xff, 0xff, 0xff, 0x02, 0xff, 0xff, 0xff, 0x07,
  0xff, 0xff, 0xff, 0x0f, 0xe9, 0xe9, 0xe9, 0x46, 0xe5, 0xe5, 0xe5, 0x14, 0x00, 0x00, 0x00, 0x00,
  0xff, 0xff, 0xff, 0x01, 0x00, 0x00, 0x00, 0x00, 0xff, 0xff, 0xff, 0x02, 0xa3, 0xad, 0x5e, 0xd9,
  0xa6, 0xb2, 0x56, 0xff, 0xa2, 0xac, 0x55, 0xf9, 0xab, 0xb7, 0x58, 0xff, 0xa5, 0xb0, 0x64, 0xa5,
  0x00, 0x00, 0x00, 0x00, 0xaa, 0xaa, 0x55, 0x03, 0xff, 0xff, 0xff, 0x02, 0x00, 0x00, 0x00, 0x00,
  0xd5, 0xd5, 0xd5, 0x3d, 0xe0, 0xe0, 0xe0, 0x76, 0xf9, 0xf9, 0xf9, 0x2e, 0xf3, 0xf3, 0xf3, 0x17,
  0xff, 0xff, 0xff, 0x08, 0xff, 0xff, 0xff, 0x02, 0x00, 0x00, 0x00, 0x00, 0x00, 0x00, 0x00, 0x00,
  0x00, 0x00, 0x00, 0x00, 0x00, 0x00, 0x00, 0x00, 0x00, 0x00, 0x00, 0x00, 0x00, 0x00, 0x00, 0x00,
  0x00, 0x00, 0x00, 0x00, 0x00, 0x00, 0x00, 0x00, 0x00, 0x00, 0x00, 0x00, 0x00, 0x00, 0x00, 0x00,
  0x00, 0x00, 0x00, 0x00, 0x00, 0x00, 0x00, 0x00, 0x00, 0x00, 0x00, 0x00, 0x00, 0x00, 0x00, 0x00,
  0x00, 0x00, 0x00, 0x00, 0x00, 0x00, 0x00, 0x00, 0x00, 0x00, 0x00, 0x00, 0x00, 0x00, 0x00, 0x00,
  0x00, 0x00, 0x00, 0x00, 0x00, 0x00, 0x00, 0x00, 0x00, 0x00, 0x00, 0x00, 0x00, 0x00, 0x00, 0x00,
  0x00, 0x00, 0x00, 0x00, 0x00, 0x00, 0x00, 0x00, 0x00, 0x00, 0x00, 0x00, 0x00, 0x00, 0x00, 0x00,
  0x00, 0x00, 0x00, 0x00, 0x00, 0x00, 0x00, 0x00, 0x00, 0x00, 0x00, 0x00, 0x00, 0x00, 0x00, 0x00,
  0x00, 0x00, 0x00, 0x00, 0xff, 0xff, 0xff, 0x02, 0xff, 0xff, 0xff, 0x07, 0xff, 0xff, 0xff, 0x0f,
  0xe9, 0xe9, 0xe9, 0x46, 0xe5, 0xe5, 0xe5, 0x14, 0x00, 0x00, 0x00, 0x00, 0xff, 0xff, 0xff, 0x01,
  0x00, 0x00, 0x00, 0x00, 0xff, 0xff, 0xff, 0x02, 0xa0, 0xaf, 0x60, 0xd9, 0xa3, 0xb2, 0x57, 0xff,
  0x9e, 0xad, 0x56, 0xf9, 0xa8, 0xb8, 0x5a, 0xff, 0xa3, 0xb0, 0x66, 0xa5, 0x00, 0x00, 0x00, 0x00,
  0xaa, 0xaa, 0x55, 0x03, 0xff, 0xff, 0xff, 0x02, 0x00, 0x00, 0x00, 0x00, 0xd5, 0xd5, 0xd5, 0x3d,
  0xe0, 0xe0, 0xe0, 0x76, 0xf9, 0xf9, 0xf9, 0x2e, 0xf3, 0xf3, 0xf3, 0x17, 0xff, 0xff, 0xff, 0x08,
  0xff, 0xff, 0xff, 0x02, 0x00, 0x00, 0x00, 0x00, 0x00, 0x00, 0x00, 0x00, 0x00, 0x00, 0x00, 0x00,
  0x00, 0x00, 0x00, 0x00, 0x00, 0x00, 0x00, 0x00, 0x00, 0x00, 0x00, 0x00, 0x00, 0x00, 0x00, 0x00,
  0x00, 0x00, 0x00, 0x00, 0x00, 0x00, 0x00, 0x00, 0x00, 0x00, 0x00, 0x00, 0x00, 0x00, 0x00, 0x00,
  0x00, 0x00, 0x00, 0x00, 0x00, 0x00, 0x00, 0x00, 0x00, 0x00, 0x00, 0x00, 0x00, 0x00, 0x00, 0x00,
  0x00, 0x00, 0x00, 0x00, 0x00, 0x00, 0x00, 0x00, 0x00, 0x00, 0x00, 0x00, 0x00, 0x00, 0x00, 0x00,
  0x00, 0x00, 0x00, 0x00, 0x00, 0x00, 0x00, 0x00, 0x00, 0x00, 0x00, 0x00, 0x00, 0x00, 0x00, 0x00,
  0x00, 0x00, 0x00, 0x00, 0x00, 0x00, 0x00, 0x00, 0x00, 0x00, 0x00, 0x00, 0x00, 0x00, 0x00, 0x00,
  0x00, 0x00, 0x00, 0x00, 0x00, 0x00, 0x00, 0x00, 0x00, 0x00, 0x00, 0x00, 0x00, 0x00, 0x00, 0x00,
  0xff, 0xff, 0xff, 0x02, 0xff, 0xff, 0xff, 0x07, 0xff, 0xff, 0xff, 0x0f, 0xe9, 0xe9, 0xe9, 0x46,
  0xe5, 0xe5, 0xe5, 0x14, 0x00, 0x00, 0x00, 0x00, 0xff, 0xff, 0xff, 0x01, 0x00, 0x00, 0x00, 0x00,
  0xff, 0xff, 0xff, 0x02, 0x9e, 0xaf, 0x62, 0xd9, 0x9f, 0xb3, 0x59, 0xff, 0x9b, 0xae, 0x58, 0xf9,
  0xa5, 0xb8, 0x5c, 0xff, 0xa2, 0xb0, 0x69, 0xa5, 0x00, 0x00, 0x00, 0x00, 0xaa, 0xaa, 0x55, 0x03,
  0xff, 0xff, 0xff, 0x02, 0x00, 0x00, 0x00, 0x00, 0xd5, 0xd5, 0xd5, 0x3d, 0xe0, 0xe0, 0xe0, 0x76,
  0xf9, 0xf9, 0xf9, 0x2e, 0xf3, 0xf3, 0xf3, 0x17, 0xff, 0xff, 0xff, 0x08, 0xff, 0xff, 0xff, 0x02,
  0x00, 0x00, 0x00, 0x00, 0x00, 0x00, 0x00, 0x00, 0x00, 0x00, 0x00, 0x00, 0x00, 0x00, 0x00, 0x00,
  0x00, 0x00, 0x00, 0x00, 0x00, 0x00, 0x00, 0x00, 0x00, 0x00, 0x00, 0x00, 0x00, 0x00, 0x00, 0x00,
  0x00, 0x00, 0x00, 0x00, 0x00, 0x00, 0x00, 0x00, 0x00, 0x00, 0x00, 0x00, 0x00, 0x00, 0x00, 0x00,
  0x00, 0x00, 0x00, 0x00, 0x00, 0x00, 0x00, 0x00, 0x00, 0x00, 0x00, 0x00, 0x00, 0x00, 0x00, 0x00,
  0x00, 0x00, 0x00, 0x00, 0x00, 0x00, 0x00, 0x00, 0x00, 0x00, 0x00, 0x00, 0x00, 0x00, 0x00, 0x00,
  0x00, 0x00, 0x00, 0x00, 0x00, 0x00, 0x00, 0x00, 0x00, 0x00, 0x00, 0x00, 0x00, 0x00, 0x00, 0x00,
  0x00, 0x00, 0x00, 0x00, 0x00, 0x00, 0x00, 0x00, 0x00, 0x00, 0x00, 0x00, 0x00, 0x00, 0x00, 0x00,
  0x00, 0x00, 0x00, 0x00, 0x00, 0x00, 0x00, 0x00, 0x00, 0x00, 0x00, 0x00, 0xff, 0xff, 0xff, 0x02,
  0xff, 0xff, 0xff, 0x07, 0xff, 0xff, 0xff, 0x0f, 0xe9, 0xe9, 0xe9, 0x46, 0xe5, 0xe5, 0xe5, 0x14,
  0x00, 0x00, 0x00, 0x00, 0xff, 0xff, 0xff, 0x01, 0x00, 0x00, 0x00, 0x00, 0xff, 0xff, 0xff, 0x02,
  0x99, 0xaf, 0x63, 0xd9, 0x9b, 0xb4, 0x5b, 0xff, 0x97, 0xaf, 0x5a, 0xf9, 0xa1, 0xb9, 0x5e, 0xff,
  0x9e, 0xb2, 0x69, 0xa4, 0x00, 0x00, 0x00, 0x00, 0xaa, 0xaa, 0x55, 0x03, 0xff, 0xff, 0xff, 0x02,
  0x00, 0x00, 0x00, 0x00, 0xd5, 0xd5, 0xd5, 0x3d, 0xe0, 0xe0, 0xe0, 0x76, 0xf9, 0xf9, 0xf9, 0x2e,
  0xf3, 0xf3, 0xf3, 0x17, 0xff, 0xff, 0xff, 0x08, 0xff, 0xff, 0xff, 0x02, 0x00, 0x00, 0x00, 0x00,
  0x00, 0x00, 0x00, 0x00, 0x00, 0x00, 0x00, 0x00, 0x00, 0x00, 0x00, 0x00, 0x00, 0x00, 0x00, 0x00,
  0x00, 0x00, 0x00, 0x00, 0x00, 0x00, 0x00, 0x00, 0x00, 0x00, 0x00, 0x00, 0x00, 0x00, 0x00, 0x00,
  0x00, 0x00, 0x00, 0x00, 0x00, 0x00, 0x00, 0x00, 0x00, 0x00, 0x00, 0x00, 0x00, 0x00, 0x00, 0x00,
  0x00, 0x00, 0x00, 0x00, 0x00, 0x00, 0x00, 0x00, 0x00, 0x00, 0x00, 0x00, 0x00, 0x00, 0x00, 0x00,
  0x00, 0x00, 0x00, 0x00, 0x00, 0x00, 0x00, 0x00, 0x00, 0x00, 0x00, 0x00, 0x00, 0x00, 0x00, 0x00,
  0x00, 0x00, 0x00, 0x00, 0x00, 0x00, 0x00, 0x00, 0x00, 0x00, 0x00, 0x00, 0x00, 0x00, 0x00, 0x00,
  0x00, 0x00, 0x00, 0x00, 0x00, 0x00, 0x00, 0x00, 0x00, 0x00, 0x00, 0x00, 0x00, 0x00, 0x00, 0x00,
  0x00, 0x00, 0x00, 0x00, 0x00, 0x00, 0x00, 0x00, 0xff, 0xff, 0xff, 0x02, 0xff, 0xff, 0xff, 0x07,
  0xff, 0xff, 0xff, 0x0f, 0xe9, 0xe9, 0xe9, 0x46, 0xe5, 0xe5, 0xe5, 0x14, 0x00, 0x00, 0x00, 0x00,
  0xff, 0xff, 0xff, 0x01, 0x00, 0x00, 0x00, 0x00, 0xff, 0xff, 0xff, 0x02, 0x98, 0xb0, 0x65, 0xd9,
  0x99, 0xb5, 0x5d, 0xff, 0x95, 0xaf, 0x5c, 0xf9, 0x9e, 0xb9, 0x60, 0xff, 0x9d, 0xb2, 0x6b, 0xa4,
  0x00, 0x00, 0x00, 0x00, 0xaa, 0xaa, 0x55, 0x03, 0xff, 0xff, 0xff, 0x02, 0x00, 0x00, 0x00, 0x00,
  0xd5, 0xd5, 0xd5, 0x3d, 0xe0, 0xe0, 0xe0, 0x76, 0xf9, 0xf9, 0xf9, 0x2e, 0xf3, 0xf3, 0xf3, 0x17,
  0xff, 0xff, 0xff, 0x08, 0xff, 0xff, 0xff, 0x02, 0x00, 0x00, 0x00, 0x00, 0x00, 0x00, 0x00, 0x00,
  0x00, 0x00, 0x00, 0x00, 0x00, 0x00, 0x00, 0x00, 0x00, 0x00, 0x00, 0x00, 0x00, 0x00, 0x00, 0x00,
  0x00, 0x00, 0x00, 0x00, 0x00, 0x00, 0x00, 0x00, 0x00, 0x00, 0x00, 0x00, 0x00, 0x00, 0x00, 0x00,
  0x00, 0x00, 0x00, 0x00, 0x00, 0x00, 0x00, 0x00, 0x00, 0x00, 0x00, 0x00, 0x00, 0x00, 0x00, 0x00,
  0x00, 0x00, 0x00, 0x00, 0x00, 0x00, 0x00, 0x00, 0x00, 0x00, 0x00, 0x00, 0x00, 0x00, 0x00, 0x00,
  0x00, 0x00, 0x00, 0x00, 0x00, 0x00, 0x00, 0x00, 0x00, 0x00, 0x00, 0x00, 0x00, 0x00, 0x00, 0x00,
  0x00, 0x00, 0x00, 0x00, 0x00, 0x00, 0x00, 0x00, 0x00, 0x00, 0x00, 0x00, 0x00, 0x00, 0x00, 0x00,
  0x00, 0x00, 0x00, 0x00, 0x00, 0x00, 0x00, 0x00, 0x00, 0x00, 0x00, 0x00, 0x00, 0x00, 0x00, 0x00,
  0x00, 0x00, 0x00, 0x00, 0xff, 0xff, 0xff, 0x02, 0xff, 0xff, 0xff, 0x07, 0xff, 0xff, 0xff, 0x0f,
  0xe9, 0xe9, 0xe9, 0x46, 0xe5, 0xe5, 0xe5, 0x14, 0x00, 0x00, 0x00, 0x00, 0xff, 0xff, 0xff, 0x01,
  0x00, 0x00, 0x00, 0x00, 0xff, 0xff, 0xff, 0x02, 0x94, 0xb1, 0x67, 0xd9, 0x95, 0xb6, 0x61, 0xff,
  0x92, 0xb0, 0x5f, 0xf9, 0x9a, 0xbb, 0x63, 0xff, 0x98, 0xb4, 0x6c, 0xa4, 0x00, 0x00, 0x00, 0x00,
  0xaa, 0xaa, 0x55, 0x03, 0xff, 0xff, 0xff, 0x02, 0x00, 0x00, 0x00, 0x00, 0xd5, 0xd5, 0xd5, 0x3d,
  0xe0, 0xe0, 0xe0, 0x76, 0xf9, 0xf9, 0xf9, 0x2e, 0xf3, 0xf3, 0xf3, 0x17, 0xff, 0xff, 0xff, 0x08,
  0xff, 0xff, 0xff, 0x02, 0x00, 0x00, 0x00, 0x00, 0x00, 0x00, 0x00, 0x00, 0x00, 0x00, 0x00, 0x00,
  0x00, 0x00, 0x00, 0x00, 0x00, 0x00, 0x00, 0x00, 0x00, 0x00, 0x00, 0x00, 0x00, 0x00, 0x00, 0x00,
  0x00, 0x00, 0x00, 0x00, 0x00, 0x00, 0x00, 0x00, 0x00, 0x00, 0x00, 0x00, 0x00, 0x00, 0x00, 0x00,
  0x00, 0x00, 0x00, 0x00, 0x00, 0x00, 0x00, 0x00, 0x00, 0x00, 0x00, 0x00, 0x00, 0x00, 0x00, 0x00,
  0x00, 0x00, 0x00, 0x00, 0x00, 0x00, 0x00, 0x00, 0x00, 0x00, 0x00, 0x00, 0x00, 0x00, 0x00, 0x00,
  0x00, 0x00, 0x00, 0x00, 0x00, 0x00, 0x00, 0x00, 0x00, 0x00, 0x00, 0x00, 0x00, 0x00, 0x00, 0x00,
  0x00, 0x00, 0x00, 0x00, 0x00, 0x00, 0x00, 0x00, 0x00, 0x00, 0x00, 0x00, 0x00, 0x00, 0x00, 0x00,
  0x00, 0x00, 0x00, 0x00, 0x00, 0x00, 0x00, 0x00, 0x00, 0x00, 0x00, 0x00, 0x00, 0x00, 0x00, 0x00,
  0xff, 0xff, 0xff, 0x02, 0xff, 0xff, 0xff, 0x07, 0xff, 0xff, 0xff, 0x0f, 0xe9, 0xe9, 0xe9, 0x46,
  0xe5, 0xe5, 0xe5, 0x14, 0x00, 0x00, 0x00, 0x00, 0xff, 0xff, 0xff, 0x01, 0x00, 0x00, 0x00, 0x00,
  0xff, 0xff, 0xff, 0x02, 0x93, 0xb2, 0x69, 0xd8, 0x92, 0xb7, 0x63, 0xff, 0x8e, 0xb1, 0x60, 0xf9,
  0x97, 0xbc, 0x65, 0xff, 0x95, 0xb2, 0x6e, 0xa4, 0x00, 0x00, 0x00, 0x00, 0xaa, 0xaa, 0x55, 0x03,
  0xff, 0xff, 0xff, 0x02, 0x00, 0x00, 0x00, 0x00, 0xd5, 0xd5, 0xd5, 0x3d, 0xe0, 0xe0, 0xe0, 0x76,
  0xf9, 0xf9, 0xf9, 0x2e, 0xf3, 0xf3, 0xf3, 0x17, 0xff, 0xff, 0xff, 0x08, 0xff, 0xff, 0xff, 0x02,
  0x00, 0x00, 0x00, 0x00, 0x00, 0x00, 0x00, 0x00, 0x00, 0x00, 0x00, 0x00, 0x00, 0x00, 0x00, 0x00,
  0x00, 0x00, 0x00, 0x00, 0x00, 0x00, 0x00, 0x00, 0x00, 0x00, 0x00, 0x00, 0x00, 0x00, 0x00, 0x00,
  0x00, 0x00, 0x00, 0x00, 0x00, 0x00, 0x00, 0x00, 0x00, 0x00, 0x00, 0x00, 0x00, 0x00, 0x00, 0x00,
  0x00, 0x00, 0x00, 0x00, 0x00, 0x00, 0x00, 0x00, 0x00, 0x00, 0x00, 0x00, 0x00, 0x00, 0x00, 0x00,
  0x00, 0x00, 0x00, 0x00, 0x00, 0x00, 0x00, 0x00, 0x00, 0x00, 0x00, 0x00, 0x00, 0x00, 0x00, 0x00,
  0x00, 0x00, 0x00, 0x00, 0x00, 0x00, 0x00, 0x00, 0x00, 0x00, 0x00, 0x00, 0x00, 0x00, 0x00, 0x00,
  0x00, 0x00, 0x00, 0x00, 0x00, 0x00, 0x00, 0x00, 0x00, 0x00, 0x00, 0x00, 0x00, 0x00, 0x00, 0x00,
  0x00, 0x00, 0x00, 0x00, 0x00, 0x00, 0x00, 0x00, 0x00, 0x00, 0x00, 0x00, 0xff, 0xff, 0xff, 0x02,
  0xff, 0xff, 0xff, 0x07, 0xff, 0xff, 0xff, 0x0f, 0xe9, 0xe9, 0xe9, 0x46, 0xe5, 0xe5, 0xe5, 0x14,
  0x00, 0x00, 0x00, 0x00, 0xff, 0xff, 0xff, 0x01, 0x00, 0x00, 0x00, 0x00, 0xff, 0xff, 0xff, 0x03,
  0x90, 0xb4, 0x6c, 0xd8, 0x8e, 0xb8, 0x65, 0xff, 0x8b, 0xb2, 0x63, 0xf9, 0x93, 0xbd, 0x68, 0xff,
  0x95, 0xb5, 0x71, 0xa4, 0x00, 0x00, 0x00, 0x00, 0xaa, 0xaa, 0x55, 0x03, 0xff, 0xff, 0xff, 0x02,
  0x00, 0x00, 0x00, 0x00, 0xd5, 0xd5, 0xd5, 0x3d, 0xe0, 0xe0, 0xe0, 0x76, 0xf9, 0xf9, 0xf9, 0x2e,
  0xf3, 0xf3, 0xf3, 0x17, 0xff, 0xff, 0xff, 0x08, 0xff, 0xff, 0xff, 0x02, 0x00, 0x00, 0x00, 0x00,
  0x00, 0x00, 0x00, 0x00, 0x00, 0x00, 0x00, 0x00, 0x00, 0x00, 0x00, 0x00, 0x00, 0x00, 0x00, 0x00,
  0x00, 0x00, 0x00, 0x00, 0x00, 0x00, 0x00, 0x00, 0x00, 0x00, 0x00, 0x00, 0x00, 0x00, 0x00, 0x00,
  0x00, 0x00, 0x00, 0x00, 0x00, 0x00, 0x00, 0x00, 0x00, 0x00, 0x00, 0x00, 0x00, 0x00, 0x00, 0x00,
  0x00, 0x00, 0x00, 0x00, 0x00, 0x00, 0x00, 0x00, 0x00, 0x00, 0x00, 0x00, 0x00, 0x00, 0x00, 0x00,
  0x00, 0x00, 0x00, 0x00, 0x00, 0x00, 0x00, 0x00, 0x00, 0x00, 0x00, 0x00, 0x00, 0x00, 0x00, 0x00,
  0x00, 0x00, 0x00, 0x00, 0x00, 0x00, 0x00, 0x00, 0x00, 0x00, 0x00, 0x00, 0x00, 0x00, 0x00, 0x00,
  0x00, 0x00, 0x00, 0x00, 0x00, 0x00, 0x00, 0x00, 0x00, 0x00, 0x00, 0x00, 0x00, 0x00, 0x00, 0x00,
  0x00, 0x00, 0x00, 0x00, 0x00, 0x00, 0x00, 0x00, 0xff, 0xff, 0xff, 0x02, 0xff, 0xff, 0xff, 0x07,
  0xff, 0xff, 0xff, 0x0f, 0xe9, 0xe9, 0xe9, 0x46, 0xe5, 0xe5, 0xe5, 0x14, 0x00, 0x00, 0x00, 0x00,
  0xff, 0xff, 0xff, 0x01, 0x00, 0x00, 0x00, 0x00, 0xff, 0xff, 0xff, 0x02, 0x8c, 0xb3, 0x6c, 0xd8,
  0x8c, 0xb8, 0x66, 0xff, 0x88, 0xb2, 0x64, 0xf9, 0x90, 0xbd, 0x6a, 0xff, 0x91, 0xb5, 0x72, 0xa3,
  0x00, 0x00, 0x00, 0x00, 0xaa, 0xaa, 0x55, 0x03, 0xff, 0xff, 0xff, 0x02, 0x00, 0x00, 0x00, 0x00,
  0xd5, 0xd5, 0xd5, 0x3d, 0xe0, 0xe0, 0xe0, 0x76, 0xf9, 0xf9, 0xf9, 0x2e, 0xf3, 0xf3, 0xf3, 0x17,
  0xff, 0xff, 0xff, 0x08, 0xff, 0xff, 0xff, 0x02, 0x00, 0x00, 0x00, 0x00, 0x00, 0x00, 0x00, 0x00,
  0x00, 0x00, 0x00, 0x00, 0x00, 0x00, 0x00, 0x00, 0x00, 0x00, 0x00, 0x00, 0x00, 0x00, 0x00, 0x00,
  0x00, 0x00, 0x00, 0x00, 0x00, 0x00, 0x00, 0x00, 0x00, 0x00, 0x00, 0x00, 0x00, 0x00, 0x00, 0x00,
  0x00, 0x00, 0x00, 0x00, 0x00, 0x00, 0x00, 0x00, 0x00, 0x00, 0x00, 0x00, 0x00, 0x00, 0x00, 0x00,
  0x00, 0x00, 0x00, 0x00, 0x00, 0x00, 0x00, 0x00, 0x00, 0x00, 0x00, 0x00, 0x00, 0x00, 0x00, 0x00,
  0x00, 0x00, 0x00, 0x00, 0x00, 0x00, 0x00, 0x00, 0x00, 0x00, 0x00, 0x00, 0x00, 0x00, 0x00, 0x00,
  0x00, 0x00, 0x00, 0x00, 0x00, 0x00, 0x00, 0x00, 0x00, 0x00, 0x00, 0x00, 0x00, 0x00, 0x00, 0x00,
  0x00, 0x00, 0x00, 0x00, 0x00, 0x00, 0x00, 0x00, 0x00, 0x00, 0x00, 0x00, 0x00, 0x00, 0x00, 0x00,
  0x00, 0x00, 0x00, 0x00, 0xff, 0xff, 0xff, 0x02, 0xff, 0xff, 0xff, 0x07, 0xff, 0xff, 0xff, 0x0f,
  0xe9, 0xe9, 0xe9, 0x46, 0xe5, 0xe5, 0xe5, 0x14, 0x00, 0x00, 0x00, 0x00, 0xff, 0xff, 0xff, 0x01,
  0x00, 0x00, 0x00, 0x00, 0xff, 0xff, 0xff, 0x01, 0x89, 0xb5, 0x6f, 0xd7, 0x88, 0xbb, 0x6a, 0xff,
  0x85, 0xb5, 0x67, 0xf9, 0x8d, 0xc0, 0x6d, 0xff, 0x8c, 0xb5, 0x73, 0xa3, 0x00, 0x00, 0x00, 0x00,
  0x7f, 0x7f, 0x3f, 0x04, 0xff, 0xff, 0xff, 0x02, 0x00, 0x00, 0x00, 0x00, 0xd5, 0xd5, 0xd5, 0x3d,
  0xe0, 0xe0, 0xe0, 0x76, 0xf9, 0xf9, 0xf9, 0x2e, 0xf3, 0xf3, 0xf3, 0x17, 0xff, 0xff, 0xff, 0x08,
  0xff, 0xff, 0xff, 0x02, 0x00, 0x00, 0x00, 0x00, 0x00, 0x00, 0x00, 0x00, 0x00, 0x00, 0x00, 0x00,
  0x00, 0x00, 0x00, 0x00, 0x00, 0x00, 0x00, 0x00, 0x00, 0x00, 0x00, 0x00, 0x00, 0x00, 0x00, 0x00,
  0x00, 0x00, 0x00, 0x00, 0x00, 0x00, 0x00, 0x00, 0x00, 0x00, 0x00, 0x00, 0x00, 0x00, 0x00, 0x00,
  0x00, 0x00, 0x00, 0x00, 0x00, 0x00, 0x00, 0x00, 0x00, 0x00, 0x00, 0x00, 0x00, 0x00, 0x00, 0x00,
  0x00, 0x00, 0x00, 0x00, 0x00, 0x00, 0x00, 0x00, 0x00, 0x00, 0x00, 0x00, 0x00, 0x00, 0x00, 0x00,
  0x00, 0x00, 0x00, 0x00, 0x00, 0x00, 0x00, 0x00, 0x00, 0x00, 0x00, 0x00, 0x00, 0x00, 0x00, 0x00,
  0x00, 0x00, 0x00, 0x00, 0x00, 0x00, 0x00, 0x00, 0x00, 0x00, 0x00, 0x00, 0x00, 0x00, 0x00, 0x00,
  0x00, 0x00, 0x00, 0x00, 0x00, 0x00, 0x00, 0x00, 0x00, 0x00, 0x00, 0x00, 0x00, 0x00, 0x00, 0x00,
  0xff, 0xff, 0xff, 0x02, 0xff, 0xff, 0xff, 0x07, 0xff, 0xff, 0xff, 0x0f, 0xe9, 0xe9, 0xe9, 0x46,
  0xe5, 0xe5, 0xe5, 0x14, 0x00, 0x00, 0x00, 0x00, 0xff, 0xff, 0xff, 0x01, 0x00, 0x00, 0x00, 0x00,
  0xff, 0xff, 0xff, 0x01, 0x86, 0xb5, 0x71, 0xd7, 0x84, 0xba, 0x6c, 0xff, 0x80, 0xb4, 0x68, 0xf9,
  0x89, 0xbf, 0x70, 0xff, 0x89, 0xb5, 0x76, 0xa3, 0x00, 0x00, 0x00, 0x00, 0x7f, 0x7f, 0x3f, 0x04,
  0xff, 0xff, 0xff, 0x02, 0x00, 0x00, 0x00, 0x00, 0xd5, 0xd5, 0xd5, 0x3d, 0xe0, 0xe0, 0xe0, 0x76,
  0xf9, 0xf9, 0xf9, 0x2e, 0xf3, 0xf3, 0xf3, 0x17, 0xff, 0xff, 0xff, 0x08, 0xff, 0xff, 0xff, 0x02,
  0x00, 0x00, 0x00, 0x00, 0x00, 0x00, 0x00, 0x00, 0x00, 0x00, 0x00, 0x00, 0x00, 0x00, 0x00, 0x00,
  0x00, 0x00, 0x00, 0x00, 0x00, 0x00, 0x00, 0x00, 0x00, 0x00, 0x00, 0x00, 0x00, 0x00, 0x00, 0x00,
  0x00, 0x00, 0x00, 0x00, 0x00, 0x00, 0x00, 0x00, 0x00, 0x00, 0x00, 0x00, 0x00, 0x00, 0x00, 0x00,
  0x00, 0x00, 0x00, 0x00, 0x00, 0x00, 0x00, 0x00, 0x00, 0x00, 0x00, 0x00, 0x00, 0x00, 0x00, 0x00,
  0x00, 0x00, 0x00, 0x00, 0x00, 0x00, 0x00, 0x00, 0x00, 0x00, 0x00, 0x00, 0x00, 0x00, 0x00, 0x00,
  0x00, 0x00, 0x00, 0x00, 0x00, 0x00, 0x00, 0x00, 0x00, 0x00, 0x00, 0x00, 0x00, 0x00, 0x00, 0x00,
  0x00, 0x00, 0x00, 0x00, 0x00, 0x00, 0x00, 0x00, 0x00, 0x00, 0x00, 0x00, 0x00, 0x00, 0x00, 0x00,
  0x00, 0x00, 0x00, 0x00, 0x00, 0x00, 0x00, 0x00, 0x00, 0x00, 0x00, 0x00, 0xff, 0xff, 0xff, 0x02,
  0xff, 0xff, 0xff, 0x07, 0xff, 0xff, 0xff, 0x0f, 0xe9, 0xe9, 0xe9, 0x46, 0xe5, 0xe5, 0xe5, 0x14,
  0x00, 0x00, 0x00, 0x00, 0xff, 0xff, 0xff, 0x01, 0x00, 0x00, 0x00, 0x00, 0xff, 0xff, 0xff, 0x01,
  0x83, 0xb6, 0x73, 0xd7, 0x82, 0xbc, 0x6e, 0xff, 0x7d, 0xb5, 0x6a, 0xf9, 0x86, 0xc1, 0x71, 0xff,
  0x88, 0xb7, 0x78, 0xa3, 0x00, 0x00, 0x00, 0x00, 0x7f, 0x7f, 0x3f, 0x04, 0xff, 0xff, 0xff, 0x02,
  0x00, 0x00, 0x00, 0x00, 0xd5, 0xd5, 0xd5, 0x3d, 0xe0, 0xe0, 0xe0, 0x76, 0xf9, 0xf9, 0xf9, 0x2e,
  0xf3, 0xf3, 0xf3, 0x17, 0xff, 0xff, 0xff, 0x08, 0xff, 0xff, 0xff, 0x02, 0x00, 0x00, 0x00, 0x00,
  0x00, 0x00, 0x00, 0x00, 0x00, 0x00, 0x00, 0x00, 0x00, 0x00, 0x00, 0x00, 0x00, 0x00, 0x00, 0x00,
  0x00, 0x00, 0x00, 0x00, 0x00, 0x00, 0x00, 0x00, 0x00, 0x00, 0x00, 0x00, 0x00, 0x00, 0x00, 0x00,
  0x00, 0x00, 0x00, 0x00, 0x00, 0x00, 0x00, 0x00, 0x00, 0x00, 0x00, 0x00, 0x00, 0x00, 0x00, 0x00,
  0x00, 0x00, 0x00, 0x00, 0x00, 0x00, 0x00, 0x00, 0x00, 0x00, 0x00, 0x00, 0x00, 0x00, 0x00, 0x00,
  0x00, 0x00, 0x00, 0x00, 0x00, 0x00, 0x00, 0x00, 0x00, 0x00, 0x00, 0x00, 0x00, 0x00, 0x00, 0x00,
  0x00, 0x00, 0x00, 0x00, 0x00, 0x00, 0x00, 0x00, 0x00, 0x00, 0x00, 0x00, 0x00, 0x00, 0x00, 0x00,
  0x00, 0x00, 0x00, 0x00, 0x00, 0x00, 0x00, 0x00, 0x00, 0x00, 0x00, 0x00, 0x00, 0x00, 0x00, 0x00,
  0x00, 0x00, 0x00, 0x00, 0x00, 0x00, 0x00, 0x00, 0xff, 0xff, 0xff, 0x02, 0xff, 0xff, 0xff, 0x07,
  0xff, 0xff, 0xff, 0x0f, 0xe9, 0xe9, 0xe9, 0x46, 0xe5, 0xe5, 0xe5, 0x14, 0x00, 0x00, 0x00, 0x00,
  0xff, 0xff, 0xff, 0x01, 0x00, 0x00, 0x00, 0x00, 0xff, 0xff, 0xff, 0x01, 0x80, 0xb6, 0x73, 0xd7,
  0x7d, 0xbc, 0x6e, 0xff, 0x7a, 0xb6, 0x6c, 0xf9, 0x83, 0xc2, 0x71, 0xff, 0x84, 0xb7, 0x76, 0xa3,
  0x00, 0x00, 0x00, 0x00, 0x3f, 0x7f, 0x3f, 0x04, 0xff, 0xff, 0xff, 0x02, 0x00, 0x00, 0x00, 0x00,
  0xd5, 0xd5, 0xd5, 0x3d, 0xe0, 0xe0, 0xe0, 0x76, 0xf9, 0xf9, 0xf9, 0x2e, 0xf3, 0xf3, 0xf3, 0x17,
  0xff, 0xff, 0xff, 0x08, 0xff, 0xff, 0xff, 0x02, 0x00, 0x00, 0x00, 0x00, 0x00, 0x00, 0x00, 0x00,
  0x00, 0x00, 0x00, 0x00, 0x00, 0x00, 0x00, 0x00, 0x00, 0x00, 0x00, 0x00, 0x00, 0x00, 0x00, 0x00,
  0x00, 0x00, 0x00, 0x00, 0x00, 0x00, 0x00, 0x00, 0x00, 0x00, 0x00, 0x00, 0x00, 0x00, 0x00, 0x00,
  0x00, 0x00, 0x00, 0x00, 0x00, 0x00, 0x00, 0x00, 0x00, 0x00, 0x00, 0x00, 0x00, 0x00, 0x00, 0x00,
  0x00, 0x00, 0x00, 0x00, 0x00, 0x00, 0x00, 0x00, 0x00, 0x00, 0x00, 0x00, 0x00, 0x00, 0x00, 0x00,
  0x00, 0x00, 0x00, 0x00, 0x00, 0x00, 0x00, 0x00, 0x00, 0x00, 0x00, 0x00, 0x00, 0x00, 0x00, 0x00,
  0x00, 0x00, 0x00, 0x00, 0x00, 0x00, 0x00, 0x00, 0x00, 0x00, 0x00, 0x00, 0x00, 0x00, 0x00, 0x00,
  0x00, 0x00, 0x00, 0x00, 0x00, 0x00, 0x00, 0x00, 0x00, 0x00, 0x00, 0x00, 0x00, 0x00, 0x00, 0x00,
  0x00, 0x00, 0x00, 0x00, 0xff, 0xff, 0xff, 0x02, 0xff, 0xff, 0xff, 0x07, 0xff, 0xff, 0xff, 0x0f,
  0xe9, 0xe9, 0xe9, 0x46, 0xe5, 0xe5, 0xe5, 0x14, 0x00, 0x00, 0x00, 0x00, 0xff, 0xff, 0xff, 0x01,
  0x00, 0x00, 0x00, 0x00, 0x03, 0x01, 0x03, 0x00, 0x7b, 0xb7, 0x74, 0xd6, 0x7a, 0xbe, 0x72, 0xff,
  0x76, 0xb7, 0x6e, 0xf9, 0x7e, 0xc3, 0x75, 0xff, 0x81, 0xb7, 0x78, 0xa1, 0x00, 0x00, 0x00, 0x00,
  0x3f, 0x7f, 0x3f, 0x04, 0xff, 0xff, 0xff, 0x02, 0x00, 0x00, 0x00, 0x00, 0xd5, 0xd5, 0xd5, 0x3d,
  0xe0, 0xe0, 0xe0, 0x76, 0xf9, 0xf9, 0xf9, 0x2e, 0xf3, 0xf3, 0xf3, 0x17, 0xff, 0xff, 0xff, 0x08,
  0xff, 0xff, 0xff, 0x02, 0x00, 0x00, 0x00, 0x00, 0x00, 0x00, 0x00, 0x00, 0x00, 0x00, 0x00, 0x00,
  0x00, 0x00, 0x00, 0x00, 0x00, 0x00, 0x00, 0x00, 0x00, 0x00, 0x00, 0x00, 0x00, 0x00, 0x00, 0x00,
  0x00, 0x00, 0x00, 0x00, 0x00, 0x00, 0x00, 0x00, 0x00, 0x00, 0x00, 0x00, 0x00, 0x00, 0x00, 0x00,
  0x00, 0x00, 0x00, 0x00, 0x00, 0x00, 0x00, 0x00, 0x00, 0x00, 0x00, 0x00, 0x00, 0x00, 0x00, 0x00,
  0x00, 0x00, 0x00, 0x00, 0x00, 0x00, 0x00, 0x00, 0x00, 0x00, 0x00, 0x00, 0x00, 0x00, 0x00, 0x00,
  0x00, 0x00, 0x00, 0x00, 0x00, 0x00, 0x00, 0x00, 0x00, 0x00, 0x00, 0x00, 0x00, 0x00, 0x00, 0x00,
  0x00, 0x00, 0x00, 0x00, 0x00, 0x00, 0x00, 0x00, 0x00, 0x00, 0x00, 0x00, 0x00, 0x00, 0x00, 0x00,
  0x00, 0x00, 0x00, 0x00, 0x00, 0x00, 0x00, 0x00, 0x00, 0x00, 0x00, 0x00, 0x00, 0x00, 0x00, 0x00,
  0xff, 0xff, 0xff, 0x02, 0xff, 0xff, 0xff, 0x07, 0xff, 0xff, 0xff, 0x0f, 0xe9, 0xe9, 0xe9, 0x46,
  0xe5, 0xe5, 0xe5, 0x14, 0x00, 0x00, 0x00, 0x00, 0xff, 0xff, 0xff, 0x01, 0x00, 0x00, 0x00, 0x00,
  0xff, 0xff, 0xff, 0x01, 0x7a, 0xb7, 0x78, 0xd6, 0x77, 0xbe, 0x74, 0xff, 0x73, 0xb8, 0x71, 0xf9,
  0x7c, 0xc4, 0x78, 0xff, 0x7e, 0xb7, 0x7b, 0xa1, 0x00, 0x00, 0x00, 0x00, 0x3f, 0x7f, 0x3f, 0x04,
  0xff, 0xff, 0xff, 0x02, 0x00, 0x00, 0x00, 0x00, 0xd5, 0xd5, 0xd5, 0x3d, 0xe0, 0xe0, 0xe0, 0x76,
  0xf9, 0xf9, 0xf9, 0x2e, 0xf3, 0xf3, 0xf3, 0x17, 0xff, 0xff, 0xff, 0x08, 0xff, 0xff, 0xff, 0x02,
  0x00, 0x00, 0x00, 0x00, 0x00, 0x00, 0x00, 0x00, 0x00, 0x00, 0x00, 0x00, 0x00, 0x00, 0x00, 0x00,
  0x00, 0x00, 0x00, 0x00, 0x00, 0x00, 0x00, 0x00, 0x00, 0x00, 0x00, 0x00, 0x00, 0x00, 0x00, 0x00,
  0x00, 0x00, 0x00, 0x00, 0x00, 0x00, 0x00, 0x00, 0x00, 0x00, 0x00, 0x00, 0x00, 0x00, 0x00, 0x00,
  0x00, 0x00, 0x00, 0x00, 0x00, 0x00, 0x00, 0x00, 0x00, 0x00, 0x00, 0x00, 0x00, 0x00, 0x00, 0x00,
  0x00, 0x00, 0x00, 0x00, 0x00, 0x00, 0x00, 0x00, 0x00, 0x00, 0x00, 0x00, 0x00, 0x00, 0x00, 0x00,
  0x00, 0x00, 0x00, 0x00, 0x00, 0x00, 0x00, 0x00, 0x00, 0x00, 0x00, 0x00, 0x00, 0x00, 0x00, 0x00,
  0x00, 0x00, 0x00, 0x00, 0x00, 0x00, 0x00, 0x00, 0x00, 0x00, 0x00, 0x00, 0x00, 0x00, 0x00, 0x00,
  0x00, 0x00, 0x00, 0x00, 0x00, 0x00, 0x00, 0x00, 0x00, 0x00, 0x00, 0x00, 0xff, 0xff, 0xff, 0x02,
  0xff, 0xff, 0xff, 0x07, 0xff, 0xff, 0xff, 0x0f, 0xe9, 0xe9, 0xe9, 0x46, 0xe5, 0xe5, 0xe5, 0x14,
  0x00, 0x00, 0x00, 0x00, 0xff, 0xff, 0xff, 0x01, 0x00, 0x00, 0x00, 0x00, 0xff, 0xff, 0xff, 0x01,
  0x77, 0xba, 0x7a, 0xd7, 0x73, 0xbf, 0x77, 0xff, 0x71, 0xb8, 0x74, 0xf9, 0x78, 0xc4, 0x7a, 0xff,
  0x7d, 0xbb, 0x7d, 0xa2, 0x00, 0x00, 0x00, 0x00, 0x3f, 0x7f, 0x3f, 0x04, 0xff, 0xff, 0xff, 0x02,
  0x00, 0x00, 0x00, 0x00, 0xd5, 0xd5, 0xd5, 0x3d, 0xe0, 0xe0, 0xe0, 0x76, 0xf9, 0xf9, 0xf9, 0x2e,
  0xf3, 0xf3, 0xf3, 0x17, 0xff, 0xff, 0xff, 0x08, 0xff, 0xff, 0xff, 0x02, 0x00, 0x00, 0x00, 0x00,
  0x00, 0x00, 0x00, 0x00, 0x00, 0x00, 0x00, 0x00, 0x00, 0x00, 0x00, 0x00, 0x00, 0x00, 0x00, 0x00,
  0x00, 0x00, 0x00, 0x00, 0x00, 0x00, 0x00, 0x00, 0x00, 0x00, 0x00, 0x00, 0x00, 0x00, 0x00, 0x00,
  0x00, 0x00, 0x00, 0x00, 0x00, 0x00, 0x00, 0x00, 0x00, 0x00, 0x00, 0x00, 0x00, 0x00, 0x00, 0x00,
  0x00, 0x00, 0x00, 0x00, 0x00, 0x00, 0x00, 0x00, 0x00, 0x00, 0x00, 0x00, 0x00, 0x00, 0x00, 0x00,
  0x00, 0x00, 0x00, 0x00, 0x00, 0x00, 0x00, 0x00, 0x00, 0x00, 0x00, 0x00, 0x00, 0x00, 0x00, 0x00,
  0x00, 0x00, 0x00, 0x00, 0x00, 0x00, 0x00, 0x00, 0x00, 0x00, 0x00, 0x00, 0x00, 0x00, 0x00, 0x00,
  0x00, 0x00, 0x00, 0x00, 0x00, 0x00, 0x00, 0x00, 0x00, 0x00, 0x00, 0x00, 0x00, 0x00, 0x00, 0x00,
  0x00, 0x00, 0x00, 0x00, 0x00, 0x00, 0x00, 0x00, 0xff, 0xff, 0xff, 0x02, 0xff, 0xff, 0xff, 0x07,
  0xff, 0xff, 0xff, 0x0f, 0xe9, 0xe9, 0xe9, 0x46, 0xe5, 0xe5, 0xe5, 0x14, 0x00, 0x00, 0x00, 0x00,
  0xff, 0xff, 0xff, 0x01, 0x00, 0x00, 0x00, 0x00, 0xff, 0xff, 0xff, 0x01, 0x74, 0xbb, 0x7c, 0xd7,
  0x70, 0xc0, 0x7a, 0xff, 0x6e, 0xb9, 0x76, 0xf9, 0x75, 0xc6, 0x7d, 0xff, 0x7a, 0xbb, 0x7e, 0xa3,
  0x00, 0x00, 0x00, 0x00, 0x3f, 0x7f, 0x3f, 0x04, 0xff, 0xff, 0xff, 0x02, 0x00, 0x00, 0x00, 0x00,
  0xd5, 0xd5, 0xd5, 0x3d, 0xe0, 0xe0, 0xe0, 0x76, 0xf9, 0xf9, 0xf9, 0x2e, 0xf3, 0xf3, 0xf3, 0x17,
  0xff, 0xff, 0xff, 0x08, 0xff, 0xff, 0xff, 0x02, 0x00, 0x00, 0x00, 0x00, 0x00, 0x00, 0x00, 0x00,
  0x00, 0x00, 0x00, 0x00, 0x00, 0x00, 0x00, 0x00, 0x00, 0x00, 0x00, 0x00, 0x00, 0x00, 0x00, 0x00,
  0x00, 0x00, 0x00, 0x00, 0x00, 0x00, 0x00, 0x00, 0x00, 0x00, 0x00, 0x00, 0x00, 0x00, 0x00, 0x01,
  0x00, 0x00, 0x00, 0x01, 0x7f, 0x7f, 0x7f, 0x02, 0x00, 0x00, 0x00, 0x00, 0x00, 0x00, 0x00, 0x00,
  0x00, 0x00, 0x00, 0x00, 0x00, 0x00, 0x00, 0x01, 0x00, 0x00, 0x00, 0x00, 0x00, 0x00, 0x00, 0x00,
  0x00, 0x00, 0x00, 0x00, 0x00, 0x00, 0x00, 0x01, 0x00, 0x00, 0x00, 0x00, 0x00, 0x00, 0x00, 0x00,
  0x00, 0x00, 0x00, 0x00, 0x00, 0x00, 0x00, 0x00, 0x00, 0x00, 0x00, 0x00, 0x00, 0x00, 0x00, 0x00,
  0x00, 0x00, 0x00, 0x00, 0x00, 0x00, 0x00, 0x00, 0x00, 0x00, 0x00, 0x00, 0x00, 0x00, 0x00, 0x00,
  0x00, 0x00, 0x00, 0x00, 0xff, 0xff, 0xff, 0x02, 0xff, 0xff, 0xff, 0x07, 0xff, 0xff, 0xff, 0x0f,
  0xe9, 0xe9, 0xe9, 0x46, 0xe5, 0xe5, 0xe5, 0x14, 0x00, 0x00, 0x00, 0x00, 0xff, 0xff, 0xff, 0x01,
  0x00, 0x00, 0x00, 0x00, 0xff, 0xff, 0xff, 0x02, 0x71, 0xbb, 0x7f, 0xd8, 0x6b, 0xc1, 0x7b, 0xff,
  0x69, 0xba, 0x78, 0xf9, 0x6f, 0xc6, 0x7f, 0xff, 0x76, 0xbb, 0x84, 0xa3, 0x00, 0x00, 0x00, 0x00,
  0x55, 0xaa, 0x55, 0x03, 0xff, 0xff, 0xff, 0x02, 0x00, 0x00, 0x00, 0x00, 0xd5, 0xd5, 0xd5, 0x3d,
  0xe0, 0xe0, 0xe0, 0x76, 0xf9, 0xf9, 0xf9, 0x2e, 0xf3, 0xf3, 0xf3, 0x17, 0xff, 0xff, 0xff, 0x08,
  0xff, 0xff, 0xff, 0x02, 0x00, 0x00, 0x00, 0x00, 0x00, 0x00, 0x00, 0x00, 0x00, 0x00, 0x00, 0x00,
  0x00, 0x00, 0x00, 0x00, 0x00, 0x00, 0x00, 0x00, 0x00, 0x00, 0x00, 0x00, 0x00, 0x00, 0x00, 0x00,
  0x00, 0x00, 0x00, 0x00, 0x00, 0x00, 0x00, 0x00, 0x00, 0x00, 0x00, 0x00, 0x00, 0x00, 0x00, 0x00,
  0x00, 0x00, 0x00, 0x00, 0x00, 0x00, 0x00, 0x00, 0x00, 0x00, 0x00, 0x02, 0x00, 0x00, 0x00, 0x00,
  0x00, 0x00, 0x00, 0x00, 0x00, 0x00, 0x00, 0x02, 0x00, 0x00, 0x00, 0x00, 0x00, 0x00, 0x00, 0x02,
  0x00, 0x00, 0x00, 0x00, 0x00, 0x00, 0x00, 0x01, 0x00, 0x00, 0x00, 0x00, 0x00, 0x00, 0x00, 0x02,
  0x00, 0x00, 0x00, 0x00, 0x00, 0x00, 0x00, 0x00, 0x00, 0x00, 0x00, 0x00, 0x00, 0x00, 0x00, 0x00,
  0x00, 0x00, 0x00, 0x00, 0x00, 0x00, 0x00, 0x00, 0x00, 0x00, 0x00, 0x00, 0x00, 0x00, 0x00, 0x00,
  0xff, 0xff, 0xff, 0x02, 0xff, 0xff, 0xff, 0x07, 0xff, 0xff, 0xff, 0x0f, 0xe9, 0xe9, 0xe9, 0x46,
  0xe5, 0xe5, 0xe5, 0x14, 0x00, 0x00, 0x00, 0x00, 0xff, 0xff, 0xff, 0x01, 0x00, 0x00, 0x00, 0x00,
  0xff, 0xff, 0xff, 0x02, 0x6f, 0xbc, 0x81, 0xd9, 0x68, 0xc2, 0x7d, 0xff, 0x66, 0xbb, 0x7a, 0xf9,
  0x6d, 0xc7, 0x81, 0xff, 0x76, 0xbd, 0x87, 0xa4, 0x00, 0x00, 0x00, 0x00, 0x55, 0xaa, 0x55, 0x03,
  0xff, 0xff, 0xff, 0x02, 0x00, 0x00, 0x00, 0x00, 0xd5, 0xd5, 0xd5, 0x3d, 0xe0, 0xe0, 0xe0, 0x76,
  0xf9, 0xf9, 0xf9, 0x2e, 0xf3, 0xf3, 0xf3, 0x17, 0xff, 0xff, 0xff, 0x08, 0xff, 0xff, 0xff, 0x02,
  0x00, 0x00, 0x00, 0x00, 0x00, 0x00, 0x00, 0x00, 0x00, 0x00, 0x00, 0x00, 0x00, 0x00, 0x00, 0x00,
  0x00, 0x00, 0x00, 0x00, 0x00, 0x00, 0x00, 0x00, 0x00, 0x00, 0x00, 0x00, 0x00, 0x00, 0x00, 0x00,
  0x04, 0x04, 0x04, 0x00, 0xff, 0xff, 0xff, 0x07, 0xcc, 0xcc, 0xcc, 0x0a, 0x6a, 0x6a, 0x6a, 0x24,
  0x00, 0x00, 0x00, 0x01, 0x00, 0x00, 0x00, 0x00, 0x99, 0x99, 0x99, 0x05, 0x3a, 0x3a, 0x3a, 0x0d,
  0x00, 0x00, 0x00, 0x00, 0x00, 0x00, 0x00, 0x01, 0x00, 0x00, 0x00, 0x00, 0x3c, 0x3c, 0x3c, 0x11,
  0x00, 0x00, 0x00, 0x00, 0x00, 0x00, 0x00, 0x00, 0x00, 0x00, 0x00, 0x00, 0xff, 0xff, 0xff, 0x03,
  0xaa, 0xaa, 0xaa, 0x03, 0x00, 0x00, 0x00, 0x00, 0x00, 0x00, 0x00, 0x00, 0x00, 0x00, 0x00, 0x00,
  0x00, 0x00, 0x00, 0x00, 0x00, 0x00, 0x00, 0x00, 0x00, 0x00, 0x00, 0x00, 0xff, 0xff, 0xff, 0x02,
  0xff, 0xff, 0xff, 0x07, 0xff, 0xff, 0xff, 0x0f, 0xe9, 0xe9, 0xe9, 0x46, 0xe5, 0xe5, 0xe5, 0x14,
  0x00, 0x00, 0x00, 0x00, 0xff, 0xff, 0xff, 0x01, 0x00, 0x00, 0x00, 0x00, 0xff, 0xff, 0xff, 0x03,
  0x6c, 0xbe, 0x83, 0xd9, 0x63, 0xc2, 0x7f, 0xff, 0x62, 0xbc, 0x7b, 0xf9, 0x68, 0xc8, 0x82, 0xff,
  0x72, 0xbe, 0x88, 0xa5, 0x00, 0x00, 0x00, 0x00, 0x55, 0xaa, 0x55, 0x03, 0xff, 0xff, 0xff, 0x02,
  0x00, 0x00, 0x00, 0x00, 0xd5, 0xd5, 0xd5, 0x3d, 0xe0, 0xe0, 0xe0, 0x76, 0xf9, 0xf9, 0xf9, 0x2e,
  0xf3, 0xf3, 0xf3, 0x17, 0xff, 0xff, 0xff, 0x08, 0xff, 0xff, 0xff, 0x02, 0x00, 0x00, 0x00, 0x00,
  0x00, 0x00, 0x00, 0x00, 0x00, 0x00, 0x00, 0x00, 0x00, 0x00, 0x00, 0x00, 0x00, 0x00, 0x00, 0x00,
  0x00, 0x00, 0x00, 0x00, 0x00, 0x00, 0x00, 0x03, 0x01, 0x01, 0x01, 0x00, 0x2e, 0x2e, 0x2e, 0x90,
  0x27, 0x27, 0x27, 0xd9, 0x27, 0x27, 0x27, 0xd6, 0x37, 0x37, 0x37, 0x8a, 0x00, 0x00, 0x00, 0x00,
  0x35, 0x35, 0x35, 0x3e, 0x2e, 0x2e, 0x2e, 0x9e, 0x28, 0x28, 0x28, 0xa5, 0x2f, 0x2f, 0x2f, 0x46,
  0x01, 0x01, 0x01, 0x00, 0x36, 0x36, 0x36, 0x70, 0x33, 0x33, 0x33, 0x9a, 0x33, 0x33, 0x33, 0x6c,
  0x00, 0x00, 0x00, 0x00, 0x38, 0x38, 0x38, 0x24, 0x39, 0x39, 0x39, 0xa5, 0x7f, 0x7f, 0x7f, 0x0c,
  0x00, 0x00, 0x00, 0x01, 0x00, 0x00, 0x00, 0x00, 0x00, 0x00, 0x00, 0x00, 0x00, 0x00, 0x00, 0x00,
  0x00, 0x00, 0x00, 0x00, 0x00, 0x00, 0x00, 0x00, 0xff, 0xff, 0xff, 0x02, 0xff, 0xff, 0xff, 0x07,
  0xff, 0xff, 0xff, 0x0f, 0xe9, 0xe9, 0xe9, 0x46, 0xe5, 0xe5, 0xe5, 0x14, 0x00, 0x00, 0x00, 0x00,
  0xff, 0xff, 0xff, 0x01, 0x00, 0x00, 0x00, 0x00, 0xff, 0xff, 0xff, 0x03, 0x6a, 0xbf, 0x85, 0xd9,
  0x61, 0xc4, 0x81, 0xff, 0x60, 0xbd, 0x7d, 0xf9, 0x65, 0xc9, 0x85, 0xff, 0x70, 0xc0, 0x8a, 0xa6,
  0x00, 0x00, 0x00, 0x00, 0x55, 0xaa, 0x55, 0x03, 0xff, 0xff, 0xff, 0x02, 0x00, 0x00, 0x00, 0x00,
  0xd5, 0xd5, 0xd5, 0x3d, 0xe0, 0xe0, 0xe0, 0x76, 0xf9, 0xf9, 0xf9, 0x2e, 0xf3, 0xf3, 0xf3, 0x17,
  0xff, 0xff, 0xff, 0x08, 0xff, 0xff, 0xff, 0x02, 0x00, 0x00, 0x00, 0x00, 0x00, 0x00, 0x00, 0x00,
  0x00, 0x00, 0x00, 0x00, 0x00, 0x00, 0x00, 0x00, 0x00, 0x00, 0x00, 0x00, 0x00, 0x00, 0x00, 0x00,
  0x00, 0x00, 0x00, 0x00, 0x71, 0x71, 0x71, 0x09, 0x22, 0x22, 0x22, 0xb0, 0x47, 0x47, 0x47, 0x19,
  0x31, 0x31, 0x31, 0x1a, 0x3f, 0x3f, 0x3f, 0x08, 0x55, 0x55, 0x55, 0x12, 0x1e, 0x1e, 0x1e, 0xdd,
  0x46, 0x46, 0x46, 0x1d, 0x15, 0x15, 0x15, 0x60, 0x26, 0x26, 0x26, 0xa4, 0x4a, 0x4a, 0x4a, 0x29,
  0x25, 0x25, 0x25, 0xaf, 0x43, 0x43, 0x43, 0x22, 0x27, 0x27, 0x27, 0xb3, 0xff, 0xff, 0xff, 0x02,
  0x28, 0x28, 0x28, 0xbb, 0x28, 0x28, 0x28, 0x39, 0x00, 0x00, 0x00, 0x00, 0x7f, 0x7f, 0x7f, 0x02,
  0x00, 0x00, 0x00, 0x00, 0x00, 0x00, 0x00, 0x00, 0x00, 0x00, 0x00, 0x00, 0x00, 0x00, 0x00, 0x00,
  0x00, 0x00, 0x00, 0x00, 0xff, 0xff, 0xff, 0x02, 0xff, 0xff, 0xff, 0x07, 0xff, 0xff, 0xff, 0x0f,
  0xe9, 0xe9, 0xe9, 0x46, 0xe5, 0xe5, 0xe5, 0x14, 0x00, 0x00, 0x00, 0x00, 0xff, 0xff, 0xff, 0x01,
  0x00, 0x00, 0x00, 0x00, 0xff, 0xff, 0xff, 0x03, 0x68, 0xbf, 0x86, 0xda, 0x5e, 0xc4, 0x81, 0xff,
  0x5e, 0xbe, 0x7e, 0xf9, 0x63, 0xca, 0x85, 0xff, 0x6f, 0xc0, 0x8a, 0xa7, 0x00, 0x00, 0x00, 0x00,
  0x55, 0xaa, 0x55, 0x03, 0xff, 0xff, 0xff, 0x02, 0x00, 0x00, 0x00, 0x00, 0xd5, 0xd5, 0xd5, 0x3d,
  0xe0, 0xe0, 0xe0, 0x76, 0xf9, 0xf9, 0xf9, 0x2e, 0xf3, 0xf3, 0xf3, 0x17, 0xff, 0xff, 0xff, 0x08,
  0xff, 0xff, 0xff, 0x02, 0x00, 0x00, 0x00, 0x00, 0x00, 0x00, 0x00, 0x00, 0x00, 0x00, 0x00, 0x00,
  0x00, 0x00, 0x00, 0x00, 0x00, 0x00, 0x00, 0x00, 0x7f, 0x7f, 0x7f, 0x02, 0x00, 0x00, 0x00, 0x00,
  0x36, 0x36, 0x36, 0x2f, 0x2a, 0x2a, 0x2a, 0xcb, 0x28, 0x28, 0x28, 0x46, 0x6d, 0x6d, 0x6d, 0x0e,
  0x00, 0x00, 0x00, 0x00, 0x23, 0x23, 0x23, 0x7b, 0x1c, 0x1c, 0x1c, 0xb5, 0x00, 0x00, 0x00, 0x00,
  0x1b, 0x1b, 0x1b, 0x89, 0x21, 0x21, 0x21, 0x8a, 0x34, 0x34, 0x34, 0x6f, 0x2b, 0x2b, 0x2b, 0x57,
  0x28, 0x28, 0x28, 0x58, 0x2b, 0x2b, 0x2b, 0x7b, 0x2b, 0x2b, 0x2b, 0x7b, 0x33, 0x33, 0x33, 0x71,
  0x75, 0x75, 0x75, 0x1a, 0x01, 0x01, 0x01, 0x00, 0x00, 0x00, 0x00, 0x00, 0x00, 0x00, 0x00, 0x00,
  0x00, 0x00, 0x00, 0x00, 0x00, 0x00, 0x00, 0x00, 0x00, 0x00, 0x00, 0x00, 0x00, 0x00, 0x00, 0x00,
  0xff, 0xff, 0xff, 0x02, 0xff, 0xff, 0xff, 0x07, 0xff, 0xff, 0xff, 0x0f, 0xe9, 0xe9, 0xe9, 0x46,
  0xe5, 0xe5, 0xe5, 0x14, 0x00, 0x00, 0x00, 0x00, 0xff, 0xff, 0xff, 0x01, 0x00, 0x00, 0x00, 0x00,
  0xff, 0xff, 0xff, 0x04, 0x65, 0xc1, 0x8a, 0xdb, 0x5a, 0xc4, 0x85, 0xff, 0x5a, 0xbf, 0x82, 0xf9,
  0x5f, 0xca, 0x88, 0xff, 0x6d, 0xc0, 0x8e, 0xa8, 0x00, 0x00, 0x00, 0x00, 0x55, 0xaa, 0x55, 0x03,
  0xff, 0xff, 0xff, 0x02, 0x00, 0x00, 0x00, 0x00, 0xd5, 0xd5, 0xd5, 0x3d, 0xe0, 0xe0, 0xe0, 0x76,
  0xf9, 0xf9, 0xf9, 0x2e, 0xf3, 0xf3, 0xf3, 0x17, 0xff, 0xff, 0xff, 0x08, 0xff, 0xff, 0xff, 0x02,
  0x00, 0x00, 0x00, 0x00, 0x00, 0x00, 0x00, 0x00, 0x00, 0x00, 0x00, 0x00, 0x00, 0x00, 0x00, 0x00,
  0x00, 0x00, 0x00, 0x00, 0x00, 0x00, 0x00, 0x01, 0x00, 0x00, 0x00, 0x00, 0x38, 0x38, 0x38, 0x12,
  0x3f, 0x3f, 0x3f, 0x61, 0x2c, 0x2c, 0x2c, 0x95, 0x1b, 0x1b, 0x1b, 0xc9, 0xff, 0xff, 0xff, 0x03,
  0x1a, 0x1a, 0x1a, 0xbe, 0x21, 0x21, 0x21, 0x6c, 0x00, 0x00, 0x00, 0x00, 0x1a, 0x1a, 0x1a, 0xbe,
  0x1e, 0x1e, 0x1e, 0x5d, 0x40, 0x40, 0x40, 0x4b, 0x40, 0x40, 0x40, 0xa7, 0x2d, 0x2d, 0x2d, 0x81,
  0x33, 0x33, 0x33, 0x82, 0x2e, 0x2e, 0x2e, 0xa3, 0x3f, 0x3f, 0x3f, 0x80, 0x33, 0x33, 0x33, 0xa5,
  0x26, 0x26, 0x26, 0x49, 0x00, 0x00, 0x00, 0x00, 0x55, 0x55, 0x55, 0x03, 0x00, 0x00, 0x00, 0x00,
  0x00, 0x00, 0x00, 0x00, 0x00, 0x00, 0x00, 0x00, 0x00, 0x00, 0x00, 0x00, 0xff, 0xff, 0xff, 0x02,
  0xff, 0xff, 0xff, 0x07, 0xff, 0xff, 0xff, 0x0f, 0xe9, 0xe9, 0xe9, 0x46, 0xe5, 0xe5, 0xe5, 0x14,
  0x00, 0x00, 0x00, 0x00, 0xff, 0xff, 0xff, 0x01, 0x00, 0x00, 0x00, 0x00, 0xff, 0xff, 0xff, 0x04,
  0x62, 0xc1, 0x8c, 0xdc, 0x58, 0xc5, 0x87, 0xff, 0x57, 0xbf, 0x84, 0xfa, 0x5c, 0xcb, 0x8b, 0xff,
  0x6b, 0xc2, 0x90, 0xa9, 0x00, 0x00, 0x00, 0x00, 0x55, 0xaa, 0x55, 0x03, 0xff, 0xff, 0xff, 0x02,
  0x00, 0x00, 0x00, 0x00, 0xd5, 0xd5, 0xd5, 0x3d, 0xe0, 0xe0, 0xe0, 0x76, 0xf9, 0xf9, 0xf9, 0x2e,
  0xf3, 0xf3, 0xf3, 0x17, 0xff, 0xff, 0xff, 0x08, 0xff, 0xff, 0xff, 0x02, 0x00, 0x00, 0x00, 0x00,
  0x00, 0x00, 0x00, 0x00, 0x00, 0x00, 0x00, 0x00, 0x00, 0x00, 0x00, 0x00, 0x00, 0x00, 0x00, 0x00,
  0x00, 0x00, 0x00, 0x00, 0x00, 0x00, 0x00, 0x00, 0x02, 0x02, 0x02, 0x00, 0x00, 0x00, 0x00, 0x00,
  0x05, 0x05, 0x05, 0x00, 0x14, 0x14, 0x14, 0xe7, 0xe2, 0xe2, 0xe2, 0x09, 0x1f, 0x1f, 0x1f, 0xca,
  0x33, 0x33, 0x33, 0x2d, 0xff, 0xff, 0xff, 0x03, 0x1c, 0x1c, 0x1c, 0xe7, 0x41, 0x41, 0x41, 0x1f,
  0x01, 0x01, 0x01, 0x00, 0x53, 0x53, 0x53, 0x34, 0x41, 0x41, 0x41, 0x4e, 0x2a, 0x2a, 0x2a, 0x9b,
  0x31, 0x31, 0x31, 0x82, 0x2d, 0x2d, 0x2d, 0x66, 0x20, 0x20, 0x20, 0x4f, 0x16, 0x16, 0x16, 0x7f,
  0x00, 0x00, 0x00, 0x00, 0x00, 0x00, 0x00, 0x04, 0x00, 0x00, 0x00, 0x00, 0x00, 0x00, 0x00, 0x00,
  0x00, 0x00, 0x00, 0x00, 0x00, 0x00, 0x00, 0x00, 0xff, 0xff, 0xff, 0x02, 0xff, 0xff, 0xff, 0x07,
  0xff, 0xff, 0xff, 0x0f, 0xe9, 0xe9, 0xe9, 0x46, 0xe5, 0xe5, 0xe5, 0x14, 0x00, 0x00, 0x00, 0x00,
  0xff, 0xff, 0xff, 0x01, 0x00, 0x00, 0x00, 0x00, 0xff, 0xff, 0xff, 0x05, 0x5f, 0xc1, 0x8d, 0xdd,
  0x53, 0xc7, 0x89, 0xff, 0x53, 0xc0, 0x86, 0xfa, 0x59, 0xcc, 0x8d, 0xff, 0x69, 0xc4, 0x92, 0xa9,
  0x00, 0x00, 0x00, 0x00, 0x55, 0xaa, 0x55, 0x03, 0xff, 0xff, 0xff, 0x02, 0x00, 0x00, 0x00, 0x00,
  0xd5, 0xd5, 0xd5, 0x3d, 0xe0, 0xe0, 0xe0, 0x76, 0xf9, 0xf9, 0xf9, 0x2e, 0xf3, 0xf3, 0xf3, 0x17,
  0xff, 0xff, 0xff, 0x08, 0xff, 0xff, 0xff, 0x02, 0x00, 0x00, 0x00, 0x00, 0x00, 0x00, 0x00, 0x00,
  0x00, 0x00, 0x00, 0x00, 0x00, 0x00, 0x00, 0x00, 0x00, 0x00, 0x00, 0x01, 0x00, 0x00, 0x00, 0x00,
  0x45, 0x45, 0x45, 0x21, 0x31, 0x31, 0x31, 0xae, 0x57, 0x57, 0x57, 0x1d, 0x25, 0x25, 0x25, 0x88,
  0x1e, 0x1e, 0x1e, 0xb8, 0x03, 0x03, 0x03, 0x00, 0x22, 0x22, 0x22, 0xce, 0x3c, 0x3c, 0x3c, 0x44,
  0x25, 0x25, 0x25, 0x8e, 0x26, 0x26, 0x26, 0x91, 0x01, 0x01, 0x01, 0x00, 0x00, 0x00, 0x00, 0x02,
  0x13, 0x13, 0x13, 0x0d, 0x26, 0x26, 0x26, 0xc2, 0x4e, 0x4e, 0x4e, 0x1a, 0x1a, 0x1a, 0x1a, 0xa2,
  0x62, 0x62, 0x62, 0x1f, 0x27, 0x27, 0x27, 0xa1, 0x34, 0x34, 0x34, 0x49, 0x00, 0x00, 0x00, 0x00,
  0x55, 0x55, 0x55, 0x03, 0x00, 0x00, 0x00, 0x00, 0x00, 0x00, 0x00, 0x00, 0x00, 0x00, 0x00, 0x00,
  0x00, 0x00, 0x00, 0x00, 0xff, 0xff, 0xff, 0x02, 0xff, 0xff, 0xff, 0x07, 0xff, 0xff, 0xff, 0x0f,
  0xe9, 0xe9, 0xe9, 0x46, 0xe5, 0xe5, 0xe5, 0x14, 0x00, 0x00, 0x00, 0x00, 0x7f, 0x7f, 0x7f, 0x02,
  0x00, 0x00, 0x00, 0x00, 0xff, 0xff, 0xff, 0x06, 0x5b, 0xc3, 0x90, 0xde, 0x4d, 0xc6, 0x8a, 0xff,
  0x4e, 0xc0, 0x87, 0xfa, 0x51, 0xcc, 0x8e, 0xff, 0x66, 0xc5, 0x95, 0xac, 0xff, 0xaa, 0xff, 0x03,
  0x7f, 0xaa, 0x7f, 0x06, 0xcc, 0xcc, 0xcc, 0x05, 0xaa, 0xaa, 0xaa, 0x03, 0xd6, 0xd6, 0xd6, 0x3f,
  0xdf, 0xdf, 0xdf, 0x78, 0xf4, 0xf4, 0xf4, 0x31, 0xeb, 0xeb, 0xeb, 0x1a, 0xe7, 0xe7, 0xe7, 0x0b,
  0xcc, 0xcc, 0xcc, 0x05, 0xaa, 0xaa, 0xaa, 0x03, 0xaa, 0xaa, 0xaa, 0x03, 0xaa, 0xaa, 0xaa, 0x03,
  0xaa, 0xaa, 0xaa, 0x03, 0xbf, 0xbf, 0xbf, 0x04, 0x7f, 0x7f, 0x7f, 0x04, 0x6e, 0x6e, 0x6e, 0x17,
  0x2a, 0x2a, 0x2a, 0x8a, 0x45, 0x45, 0x45, 0x87, 0x33, 0x33, 0x33, 0x81, 0x68, 0x68, 0x68, 0x16,
  0xaa, 0xaa, 0xaa, 0x03, 0x38, 0x38, 0x38, 0x3b, 0x35, 0x35, 0x35, 0x8e, 0x36, 0x36, 0x36, 0x6b,
  0xff, 0xff, 0xff, 0x03, 0x48, 0x48, 0x48, 0x07, 0xda, 0xda, 0xda, 0x07, 0x3d, 0x3d, 0x3d, 0xa2,
  0x3a, 0x3a, 0x3a, 0x53, 0x01, 0x01, 0x01, 0x00, 0x2a, 0x2a, 0x2a, 0x7d, 0x37, 0x37, 0x37, 0x97,
  0x34, 0x34, 0x34, 0x83, 0xbf, 0xbf, 0xbf, 0x04, 0x00, 0x00, 0x00, 0x02, 0x00, 0x00, 0x00, 0x00,
  0x00, 0x00, 0x00, 0x00, 0x00, 0x00, 0x00, 0x00, 0x00, 0x00, 0x00, 0x00, 0x00, 0x00, 0x00, 0x00,
  0xff, 0xff, 0xff, 0x02, 0xff, 0xff, 0xff, 0x07, 0xff, 0xff, 0xff, 0x0f, 0xe9, 0xe9, 0xe9, 0x46,
  0xe5, 0xe5, 0xe5, 0x14, 0x00, 0x00, 0x00, 0x00, 0x7f, 0x7f, 0x7f, 0x02, 0x00, 0x00, 0x00, 0x00,
  0xff, 0xff, 0xff, 0x06, 0x5b, 0xc6, 0x96, 0xdf, 0x4b, 0xca, 0x90, 0xff, 0x4b, 0xc4, 0x8d, 0xfa,
  0x4f, 0xd1, 0x95, 0xff, 0x61, 0xc9, 0x9a, 0xa7, 0x00, 0x00, 0x00, 0x00, 0x00, 0x00, 0x00, 0x00,
  0x00, 0x00, 0x00, 0x00, 0x00, 0x00, 0x00, 0x00, 0xda, 0xda, 0xda, 0x31, 0xe9, 0xe9, 0xe9, 0x6b,
  0xff, 0xff, 0xff, 0x1f, 0xff, 0xff, 0xff, 0x08, 0x00, 0x00, 0x00, 0x00, 0x00, 0x00, 0x00, 0x00,
  0x00, 0x00, 0x00, 0x00, 0x00, 0x00, 0x00, 0x00, 0x00, 0x00, 0x00, 0x00, 0x00, 0x00, 0x00, 0x00,
  0x00, 0x00, 0x00, 0x00, 0x00, 0x00, 0x00, 0x00, 0x00, 0x00, 0x00, 0x00, 0x00, 0x00, 0x00, 0x00,
  0x00, 0x00, 0x00, 0x00, 0x00, 0x00, 0x00, 0x00, 0x00, 0x00, 0x00, 0x00, 0x00, 0x00, 0x00, 0x00,
  0x00, 0x00, 0x00, 0x00, 0x00, 0x00, 0x00, 0x00, 0x00, 0x00, 0x00, 0x00, 0x00, 0x00, 0x00, 0x00,
  0x00, 0x00, 0x00, 0x00, 0x00, 0x00, 0x00, 0x00, 0x00, 0x00, 0x00, 0x04, 0x00, 0x00, 0x00, 0x00,
  0x00, 0x00, 0x00, 0x00, 0x00, 0x00, 0x00, 0x00, 0x00, 0x00, 0x00, 0x13, 0x00, 0x00, 0x00, 0x00,
  0x00, 0x00, 0x00, 0x00, 0x00, 0x00, 0x00, 0x00, 0x00, 0x00, 0x00, 0x00, 0x00, 0x00, 0x00, 0x00,
  0x00, 0x00, 0x00, 0x00, 0x00, 0x00, 0x00, 0x00, 0x00, 0x00, 0x00, 0x00, 0xff, 0xff, 0xff, 0x02,
  0xff, 0xff, 0xff, 0x07, 0xff, 0xff, 0xff, 0x0f, 0xe9, 0xe9, 0xe9, 0x46, 0xe5, 0xe5, 0xe5, 0x14,
  0x00, 0x00, 0x00, 0x00, 0x7f, 0x7f, 0x7f, 0x02, 0x00, 0x00, 0x00, 0x00, 0xff, 0xff, 0xff, 0x05,
  0x51, 0xb2, 0x8a, 0xdd, 0x42, 0xb3, 0x84, 0xff, 0x44, 0xae, 0x82, 0xfb, 0x41, 0xb4, 0x84, 0xff,
  0x68, 0xb8, 0x97, 0xca, 0xd6, 0xd1, 0xd1, 0x59, 0xc6, 0xc9, 0xc9, 0x5b, 0xcc, 0xcc, 0xcc, 0x5b,
  0xd0, 0xd0, 0xd0, 0x58, 0xc3, 0xc3, 0xc3, 0x84, 0xc7, 0xc7, 0xc7, 0xb2, 0xcd, 0xcd, 0xcd, 0x85,
  0xcc, 0xcc, 0xcc, 0x6e, 0xca, 0xca, 0xca, 0x62, 0xcd, 0xcd, 0xcd, 0x5c, 0xcc, 0xcc, 0xcc, 0x5a,
  0xcc, 0xcc, 0xcc, 0x5a, 0xcc, 0xcc, 0xcc, 0x5a, 0xcc, 0xcc, 0xcc, 0x5a, 0xcc, 0xcc, 0xcc, 0x5a,
  0xcc, 0xcc, 0xcc, 0x5a, 0xcc, 0xcc, 0xcc, 0x5a, 0xc3, 0xc3, 0xc3, 0x5e, 0xc7, 0xc7, 0xc7, 0x5c,
  0xc5, 0xc5, 0xc5, 0x5d, 0xc9, 0xc9, 0xc9, 0x5b, 0xcc, 0xcc, 0xcc, 0x5a, 0xc7, 0xc7, 0xc7, 0x5c,
  0xc7, 0xc7, 0xc7, 0x5c, 0xc5, 0xc5, 0xc5, 0x5d, 0xcc, 0xcc, 0xcc, 0x5a, 0xcc, 0xcc, 0xcc, 0x5a,
  0xcb, 0xcb, 0xcb, 0x59, 0xcf, 0xcf, 0xcf, 0x55, 0xc9, 0xc9, 0xc9, 0x5b, 0xcc, 0xcc, 0xcc, 0x5a,
  0xcb, 0xcb, 0xcb, 0x59, 0xdc, 0xdc, 0xdc, 0x51, 0xc8, 0xc8, 0xc8, 0x5e, 0xcb, 0xcb, 0xcb, 0x4a,
  0x00, 0x00, 0x00, 0x00, 0x00, 0x00, 0x00, 0x00, 0x00, 0x00, 0x00, 0x00, 0x00, 0x00, 0x00, 0x00,
  0x00, 0x00, 0x00, 0x00, 0x00, 0x00, 0x00, 0x00, 0xff, 0xff, 0xff, 0x02, 0xff, 0xff, 0xff, 0x07,
  0xff, 0xff, 0xff, 0x0f, 0xe9, 0xe9, 0xe9, 0x46, 0xe5, 0xe5, 0xe5, 0x14, 0x00, 0x00, 0x00, 0x00,
  0x7f, 0x7f, 0x7f, 0x02, 0x00, 0x00, 0x00, 0x00, 0xff, 0xff, 0xff, 0x05, 0x52, 0xb3, 0x91, 0xde,
  0x44, 0xb4, 0x8c, 0xff, 0x45, 0xaf, 0x8a, 0xfb, 0x44, 0xb6, 0x8e, 0xff, 0x66, 0xb8, 0x9b, 0xc2,
  0xd9, 0xd1, 0xd1, 0x3e, 0xc0, 0xc8, 0xc4, 0x41, 0xcb, 0xcb, 0xcb, 0x40, 0xcd, 0xcd, 0xcd, 0x3e,
  0xc7, 0xc7, 0xc7, 0x6e, 0xcc, 0xcc, 0xcc, 0xa0, 0xd3, 0xd3, 0xd3, 0x6a, 0xce, 0xce, 0xce, 0x54,
  0xcc, 0xcc, 0xcc, 0x47, 0xcc, 0xcc, 0xcc, 0x41, 0xca, 0xca, 0xca, 0x3f, 0xca, 0xca, 0xca, 0x3f,
  0xca, 0xca, 0xca, 0x3f, 0xca, 0xca, 0xca, 0x3f, 0xca, 0xca, 0xca, 0x3f, 0xca, 0xca, 0xca, 0x3f,
  0xca, 0xca, 0xca, 0x3f, 0xca, 0xca, 0xca, 0x3f, 0xca, 0xca, 0xca, 0x3f, 0xca, 0xca, 0xca, 0x3f,
  0xca, 0xca, 0xca, 0x3f, 0xca, 0xca, 0xca, 0x3f, 0xca, 0xca, 0xca, 0x3f, 0xca, 0xca, 0xca, 0x3f,
  0xca, 0xca, 0xca, 0x3f, 0xca, 0xca, 0xca, 0x3f, 0xca, 0xca, 0xca, 0x3f, 0xca, 0xca, 0xca, 0x3f,
  0xcb, 0xcb, 0xcb, 0x40, 0xca, 0xca, 0xca, 0x3f, 0xca, 0xca, 0xca, 0x3f, 0xca, 0xca, 0xca, 0x3f,
  0xca, 0xca, 0xca, 0x3f, 0xcc, 0xcc, 0xcc, 0x41, 0xcd, 0xcd, 0xcd, 0x33, 0x00, 0x00, 0x00, 0x00,
  0x00, 0x00, 0x00, 0x00, 0x00, 0x00, 0x00, 0x00, 0x00, 0x00, 0x00, 0x00, 0x00, 0x00, 0x00, 0x00,
  0x00, 0x00, 0x00, 0x00, 0xff, 0xff, 0xff, 0x02, 0xff, 0xff, 0xff, 0x07, 0xff, 0xff, 0xff, 0x0f,
  0xe9, 0xe9, 0xe9, 0x46, 0xe5, 0xe5, 0xe5, 0x14, 0x00, 0x00, 0x00, 0x00, 0x7f, 0x7f, 0x7f, 0x02,
  0x00, 0x00, 0x00, 0x00, 0xff, 0xff, 0xff, 0x06, 0x59, 0xbe, 0x9e, 0xde, 0x49, 0xbf, 0x98, 0xff,
  0x4a, 0xb9, 0x95, 0xfa, 0x4d, 0xc6, 0x9e, 0xff, 0x5f, 0xbf, 0xa0, 0xa8, 0x00, 0x00, 0x00, 0x00,
  0x00, 0x00, 0x00, 0x00, 0x00, 0x00, 0x00, 0x00, 0x00, 0x00, 0x00, 0x00, 0xdb, 0xdb, 0xdb, 0x32,
  0xe7, 0xe7, 0xe7, 0x6d, 0xff, 0xff, 0xff, 0x21, 0xff, 0xff, 0xff, 0x0a, 0x00, 0x00, 0x00, 0x00,
  0x00, 0x00, 0x00, 0x00, 0x00, 0x00, 0x00, 0x00, 0x00, 0x00, 0x00, 0x00, 0x00, 0x00, 0x00, 0x00,
  0x00, 0x00, 0x00, 0x00, 0x00, 0x00, 0x00, 0x00, 0x00, 0x00, 0x00, 0x00, 0x00, 0x00, 0x00, 0x00,
  0x00, 0x00, 0x00, 0x00, 0x00, 0x00, 0x00, 0x00, 0x00, 0x00, 0x00, 0x00, 0x00, 0x00, 0x00, 0x00,
  0x00, 0x00, 0x00, 0x00, 0x00, 0x00, 0x00, 0x00, 0x00, 0x00, 0x00, 0x00, 0x00, 0x00, 0x00, 0x00,
  0x00, 0x00, 0x00, 0x00, 0x00, 0x00, 0x00, 0x00, 0x00, 0x00, 0x00, 0x00, 0x00, 0x00, 0x00, 0x00,
  0x00, 0x00, 0x00, 0x00, 0x00, 0x00, 0x00, 0x00, 0x00, 0x00, 0x00, 0x00, 0x00, 0x00, 0x00, 0x00,
  0x00, 0x00, 0x00, 0x00, 0x00, 0x00, 0x00, 0x00, 0x00, 0x00, 0x00, 0x00, 0x00, 0x00, 0x00, 0x00,
  0x00, 0x00, 0x00, 0x00, 0x00, 0x00, 0x00, 0x00, 0x00, 0x00, 0x00, 0x00, 0x00, 0x00, 0x00, 0x00,
  0xff, 0xff, 0xff, 0x02, 0xff, 0xff, 0xff, 0x07, 0xff, 0xff, 0xff, 0x0f, 0xe9, 0xe9, 0xe9, 0x46,
  0xe5, 0xe5, 0xe5, 0x14, 0x00, 0x00, 0x00, 0x00, 0x7f, 0x7f, 0x7f, 0x02, 0x00, 0x00, 0x00, 0x00,
  0xff, 0xff, 0xff, 0x06, 0x57, 0xb7, 0x9e, 0xde, 0x48, 0xb8, 0x9a, 0xff, 0x48, 0xb3, 0x96, 0xfa,
  0x4b, 0xbd, 0x9f, 0xff, 0x62, 0xbb, 0xa3, 0xad, 0xff, 0xff, 0xff, 0x02, 0x66, 0xcc, 0x99, 0x05,
  0xff, 0xff, 0xff, 0x04, 0xff, 0xff, 0xff, 0x02, 0xd2, 0xd2, 0xd2, 0x3f, 0xdf, 0xdf, 0xdf, 0x78,
  0xf9, 0xf9, 0xf9, 0x30, 0xf4, 0xf4, 0xf4, 0x19, 0xff, 0xff, 0xff, 0x0a, 0xff, 0xff, 0xff, 0x04,
  0xff, 0xff, 0xff, 0x02, 0xff, 0xff, 0xff, 0x02, 0xff, 0xff, 0xff, 0x02, 0xff, 0xff, 0xff, 0x02,
  0xff, 0xff, 0xff, 0x02, 0xff, 0xff, 0xff, 0x02, 0xff, 0xff, 0xff, 0x02, 0xff, 0xff, 0xff, 0x02,
  0xff, 0xff, 0xff, 0x02, 0xff, 0xff, 0xff, 0x02, 0xff, 0xff, 0xff, 0x02, 0xff, 0xff, 0xff, 0x02,
  0xff, 0xff, 0xff, 0x02, 0xff, 0xff, 0xff, 0x02, 0xff, 0xff, 0xff, 0x02, 0xff, 0xff, 0xff, 0x02,
  0xff, 0xff, 0xff, 0x02, 0xff, 0xff, 0xff, 0x02, 0xff, 0xff, 0xff, 0x02, 0xff, 0xff, 0xff, 0x02,
  0xff, 0xff, 0xff, 0x02, 0xff, 0xff, 0xff, 0x02, 0xff, 0xff, 0xff, 0x02, 0xff, 0xff, 0xff, 0x02,
  0x7f, 0x7f, 0x7f, 0x02, 0x00, 0x00, 0x00, 0x00, 0x00, 0x00, 0x00, 0x00, 0x00, 0x00, 0x00, 0x00,
  0x00, 0x00, 0x00, 0x00, 0x00, 0x00, 0x00, 0x00, 0x00, 0x00, 0x00, 0x00, 0xff, 0xff, 0xff, 0x02,
  0xff, 0xff, 0xff, 0x07, 0xff, 0xff, 0xff, 0x0f, 0xe9, 0xe9, 0xe9, 0x46, 0xe5, 0xe5, 0xe5, 0x14,
  0x00, 0x00, 0x00, 0x00, 0xff, 0xff, 0xff, 0x01, 0x00, 0x00, 0x00, 0x00, 0xff, 0xff, 0xff, 0x06,
  0x56, 0xb4, 0xa1, 0xde, 0x48, 0xb5, 0x9e, 0xff, 0x48, 0xb0, 0x9b, 0xfa, 0x4a, 0xba, 0xa3, 0xff,
  0x60, 0xb7, 0xa5, 0xab, 0x00, 0x00, 0x00, 0x00, 0x00, 0xaa, 0xaa, 0x03, 0xff, 0xff, 0xff, 0x02,
  0x00, 0x00, 0x00, 0x00, 0xd5, 0xd5, 0xd5, 0x3d, 0xe0, 0xe0, 0xe0, 0x76, 0xf9, 0xf9, 0xf9, 0x2e,
  0xf3, 0xf3, 0xf3, 0x17, 0xff, 0xff, 0xff, 0x08, 0xff, 0xff, 0xff, 0x02, 0x00, 0x00, 0x00, 0x00,
  0x00, 0x00, 0x00, 0x00, 0x00, 0x00, 0x00, 0x00, 0x00, 0x00, 0x00, 0x00, 0x00, 0x00, 0x00, 0x00,
  0x00, 0x00, 0x00, 0x00, 0x00, 0x00, 0x00, 0x00, 0x00, 0x00, 0x00, 0x00, 0x00, 0x00, 0x00, 0x00,
  0x00, 0x00, 0x00, 0x00, 0x00, 0x00, 0x00, 0x00, 0x00, 0x00, 0x00, 0x00, 0x00, 0x00, 0x00, 0x00,
  0x00, 0x00, 0x00, 0x00, 0x00, 0x00, 0x00, 0x00, 0x00, 0x00, 0x00, 0x00, 0x00, 0x00, 0x00, 0x00,
  0x00, 0x00, 0x00, 0x00, 0x00, 0x00, 0x00, 0x00, 0x00, 0x00, 0x00, 0x00, 0x00, 0x00, 0x00, 0x00,
  0x00, 0x00, 0x00, 0x00, 0x00, 0x00, 0x00, 0x00, 0x00, 0x00, 0x00, 0x00, 0x00, 0x00, 0x00, 0x00,
  0x00, 0x00, 0x00, 0x00, 0x00, 0x00, 0x00, 0x00, 0x00, 0x00, 0x00, 0x00, 0x00, 0x00, 0x00, 0x00,
  0x00, 0x00, 0x00, 0x00, 0x00, 0x00, 0x00, 0x00, 0xff, 0xff, 0xff, 0x02, 0xff, 0xff, 0xff, 0x07,
  0xff, 0xff, 0xff, 0x0f, 0xe9, 0xe9, 0xe9, 0x46, 0xe5, 0xe5, 0xe5, 0x14, 0x00, 0x00, 0x00, 0x00,
  0xff, 0xff, 0xff, 0x01, 0x00, 0x00, 0x00, 0x00, 0xff, 0xff, 0xff, 0x06, 0x56, 0xb0, 0xa4, 0xde,
  0x47, 0xb0, 0xa2, 0xff, 0x47, 0xac, 0x9e, 0xfa, 0x4a, 0xb6, 0xa7, 0xff, 0x60, 0xb4, 0xa8, 0xab,
  0x00, 0x00, 0x00, 0x00, 0x00, 0xaa, 0xaa, 0x03, 0xff, 0xff, 0xff, 0x02, 0x00, 0x00, 0x00, 0x00,
  0xd5, 0xd5, 0xd5, 0x3d, 0xe0, 0xe0, 0xe0, 0x76, 0xf9, 0xf9, 0xf9, 0x2e, 0xf3, 0xf3, 0xf3, 0x17,
  0xff, 0xff, 0xff, 0x08, 0xff, 0xff, 0xff, 0x02, 0x00, 0x00, 0x00, 0x00, 0x00, 0x00, 0x00, 0x00,
  0x00, 0x00, 0x00, 0x00, 0x00, 0x00, 0x00, 0x00, 0x00, 0x00, 0x00, 0x00, 0x00, 0x00, 0x00, 0x00,
  0x00, 0x00, 0x00, 0x00, 0x00, 0x00, 0x00, 0x00, 0x00, 0x00, 0x00, 0x00, 0x00, 0x00, 0x00, 0x00,
  0x00, 0x00, 0x00, 0x00, 0x00, 0x00, 0x00, 0x00, 0x00, 0x00, 0x00, 0x00, 0x00, 0x00, 0x00, 0x00,
  0x00, 0x00, 0x00, 0x00, 0x00, 0x00, 0x00, 0x00, 0x00, 0x00, 0x00, 0x00, 0x00, 0x00, 0x00, 0x00,
  0x00, 0x00, 0x00, 0x00, 0x00, 0x00, 0x00, 0x00, 0x00, 0x00, 0x00, 0x00, 0x00, 0x00, 0x00, 0x00,
  0x00, 0x00, 0x00, 0x00, 0x00, 0x00, 0x00, 0x00, 0x00, 0x00, 0x00, 0x00, 0x00, 0x00, 0x00, 0x00,
  0x00, 0x00, 0x00, 0x00, 0x00, 0x00, 0x00, 0x00, 0x00, 0x00, 0x00, 0x00, 0x00, 0x00, 0x00, 0x00,
  0x00, 0x00, 0x00, 0x00, 0xff, 0xff, 0xff, 0x02, 0xff, 0xff, 0xff, 0x07, 0xff, 0xff, 0xff, 0x0f,
  0xe9, 0xe9, 0xe9, 0x46, 0xe5, 0xe5, 0xe5, 0x14, 0x00, 0x00, 0x00, 0x00, 0xff, 0xff, 0xff, 0x01,
  0x00, 0x00, 0x00, 0x00, 0xff, 0xff, 0xff, 0x06, 0x55, 0xac, 0xa7, 0xde, 0x46, 0xac, 0xa5, 0xff,
  0x46, 0xa8, 0xa1, 0xfa, 0x49, 0xb2, 0xaa, 0xff, 0x5f, 0xaf, 0xaa, 0xab, 0x00, 0x00, 0x00, 0x00,
  0x00, 0xaa, 0xaa, 0x03, 0xff, 0xff, 0xff, 0x02, 0x00, 0x00, 0x00, 0x00, 0xd5, 0xd5, 0xd5, 0x3d,
  0xe0, 0xe0, 0xe0, 0x76, 0xf9, 0xf9, 0xf9, 0x2e, 0xf3, 0xf3, 0xf3, 0x17, 0xff, 0xff, 0xff, 0x08,
  0xff, 0xff, 0xff, 0x02, 0x00, 0x00, 0x00, 0x00, 0x00, 0x00, 0x00, 0x00, 0x00, 0x00, 0x00, 0x00,
  0x00, 0x00, 0x00, 0x00, 0x00, 0x00, 0x00, 0x00, 0x00, 0x00, 0x00, 0x00, 0x00, 0x00, 0x00, 0x00,
  0x00, 0x00, 0x00, 0x00, 0x00, 0x00, 0x00, 0x00, 0x00, 0x00, 0x00, 0x00, 0x00, 0x00, 0x00, 0x00,
  0x00, 0x00, 0x00, 0x00, 0x00, 0x00, 0x00, 0x00, 0x00, 0x00, 0x00, 0x00, 0x00, 0x00, 0x00, 0x00,
  0x00, 0x00, 0x00, 0x00, 0x00, 0x00, 0x00, 0x00, 0x00, 0x00, 0x00, 0x00, 0x00, 0x00, 0x00, 0x00,
  0x00, 0x00, 0x00, 0x00, 0x00, 0x00, 0x00, 0x00, 0x00, 0x00, 0x00, 0x00, 0x00, 0x00, 0x00, 0x00,
  0x00, 0x00, 0x00, 0x00, 0x00, 0x00, 0x00, 0x00, 0x00, 0x00, 0x00, 0x00, 0x00, 0x00, 0x00, 0x00,
  0x00, 0x00, 0x00, 0x00, 0x00, 0x00, 0x00, 0x00, 0x00, 0x00, 0x00, 0x00, 0x00, 0x00, 0x00, 0x00,
  0xff, 0xff, 0xff, 0x02, 0xff, 0xff, 0xff, 0x07, 0xff, 0xff, 0xff, 0x0f, 0xe9, 0xe9, 0xe9, 0x46,
  0xe5, 0xe5, 0xe5, 0x14, 0x00, 0x00, 0x00, 0x00, 0xff, 0xff, 0xff, 0x01, 0x00, 0x00, 0x00, 0x00,
  0xff, 0xff, 0xff, 0x06, 0x55, 0xaa, 0xaa, 0xde, 0x46, 0xa9, 0xa9, 0xff, 0x46, 0xa5, 0xa5, 0xfa,
  0x49, 0xae, 0xae, 0xff, 0x5d, 0xae, 0xae, 0xab, 0x00, 0x00, 0x00, 0x00, 0x00, 0xaa, 0xaa, 0x03,
  0xff, 0xff, 0xff, 0x02, 0x00, 0x00, 0x00, 0x00, 0xd5, 0xd5, 0xd5, 0x3d, 0xe0, 0xe0, 0xe0, 0x76,
  0xf9, 0xf9, 0xf9, 0x2e, 0xf3, 0xf3, 0xf3, 0x17, 0xff, 0xff, 0xff, 0x08, 0xff, 0xff, 0xff, 0x02,
  0x00, 0x00, 0x00, 0x00, 0x00, 0x00, 0x00, 0x00, 0x00, 0x00, 0x00, 0x00, 0x00, 0x00, 0x00, 0x00,
  0x00, 0x00, 0x00, 0x00, 0x00, 0x00, 0x00, 0x00, 0x00, 0x00, 0x00, 0x00, 0x00, 0x00, 0x00, 0x00,
  0x00, 0x00, 0x00, 0x00, 0x00, 0x00, 0x00, 0x00, 0x00, 0x00, 0x00, 0x00, 0x00, 0x00, 0x00, 0x00,
  0x00, 0x00, 0x00, 0x00, 0x00, 0x00, 0x00, 0x00, 0x00, 0x00, 0x00, 0x00, 0x00, 0x00, 0x00, 0x00,
  0x00, 0x00, 0x00, 0x00, 0x00, 0x00, 0x00, 0x00, 0x00, 0x00, 0x00, 0x00, 0x00, 0x00, 0x00, 0x00,
  0x00, 0x00, 0x00, 0x00, 0x00, 0x00, 0x00, 0x00, 0x00, 0x00, 0x00, 0x00, 0x00, 0x00, 0x00, 0x00,
  0x00, 0x00, 0x00, 0x00, 0x00, 0x00, 0x00, 0x00, 0x00, 0x00, 0x00, 0x00, 0x00, 0x00, 0x00, 0x00,
  0x00, 0x00, 0x00, 0x00, 0x00, 0x00, 0x00, 0x00, 0x00, 0x00, 0x00, 0x00, 0xff, 0xff, 0xff, 0x02,
  0xff, 0xff, 0xff, 0x07, 0xff, 0xff, 0xff, 0x0f, 0xe9, 0xe9, 0xe9, 0x46, 0xe5, 0xe5, 0xe5, 0x14,
  0x00, 0x00, 0x00, 0x00, 0xff, 0xff, 0xff, 0x01, 0x00, 0x00, 0x00, 0x00, 0xff, 0xff, 0xff, 0x06,
  0x53, 0xa6, 0xac, 0xde, 0x45, 0xa4, 0xac, 0xff, 0x45, 0xa0, 0xa8, 0xfa, 0x48, 0xa9, 0xb2, 0xff,
  0x5d, 0xaa, 0xaf, 0xab, 0x00, 0x00, 0x00, 0x00, 0x00, 0xaa, 0xaa, 0x03, 0xff, 0xff, 0xff, 0x02,
  0x00, 0x00, 0x00, 0x00, 0xd5, 0xd5, 0xd5, 0x3d, 0xe0, 0xe0, 0xe0, 0x76, 0xf9, 0xf9, 0xf9, 0x2e,
  0xf3, 0xf3, 0xf3, 0x17, 0xff, 0xff, 0xff, 0x08, 0xff, 0xff, 0xff, 0x02, 0x00, 0x00, 0x00, 0x00,
  0x00, 0x00, 0x00, 0x00, 0x00, 0x00, 0x00, 0x00, 0x00, 0x00, 0x00, 0x00, 0x00, 0x00, 0x00, 0x00,
  0x00, 0x00, 0x00, 0x00, 0x00, 0x00, 0x00, 0x00, 0x00, 0x00, 0x00, 0x00, 0x00, 0x00, 0x00, 0x00,
  0x00, 0x00, 0x00, 0x00, 0x00, 0x00, 0x00, 0x00, 0x00, 0x00, 0x00, 0x00, 0x00, 0x00, 0x00, 0x00,
  0x00, 0x00, 0x00, 0x00, 0x00, 0x00, 0x00, 0x00, 0x00, 0x00, 0x00, 0x00, 0x00, 0x00, 0x00, 0x00,
  0x00, 0x00, 0x00, 0x00, 0x00, 0x00, 0x00, 0x00, 0x00, 0x00, 0x00, 0x00, 0x00, 0x00, 0x00, 0x00,
  0x00, 0x00, 0x00, 0x00, 0x00, 0x00, 0x00, 0x00, 0x00, 0x00, 0x00, 0x00, 0x00, 0x00, 0x00, 0x00,
  0x00, 0x00, 0x00, 0x00, 0x00, 0x00, 0x00, 0x00, 0x00, 0x00, 0x00, 0x00, 0x00, 0x00, 0x00, 0x00,
  0x00, 0x00, 0x00, 0x00, 0x00, 0x00, 0x00, 0x00, 0xff, 0xff, 0xff, 0x02, 0xff, 0xff, 0xff, 0x07,
  0xff, 0xff, 0xff, 0x0f, 0xe9, 0xe9, 0xe9, 0x46, 0xe5, 0xe5, 0xe5, 0x14, 0x00, 0x00, 0x00, 0x00,
  0xff, 0xff, 0xff, 0x01, 0x00, 0x00, 0x00, 0x00, 0xff, 0xff, 0xff, 0x06, 0x52, 0xa1, 0xae, 0xde,
  0x44, 0xa1, 0xaf, 0xff, 0x44, 0x9d, 0xaa, 0xfa, 0x47, 0xa5, 0xb4, 0xff, 0x5c, 0xa7, 0xb1, 0xab,
  0x00, 0x00, 0x00, 0x00, 0x00, 0x55, 0xaa, 0x03, 0xff, 0xff, 0xff, 0x02, 0x00, 0x00, 0x00, 0x00,
  0xd5, 0xd5, 0xd5, 0x3d, 0xe0, 0xe0, 0xe0, 0x76, 0xf9, 0xf9, 0xf9, 0x2e, 0xf3, 0xf3, 0xf3, 0x17,
  0xff, 0xff, 0xff, 0x08, 0xff, 0xff, 0xff, 0x02, 0x00, 0x00, 0x00, 0x00, 0x00, 0x00, 0x00, 0x00,
  0x00, 0x00, 0x00, 0x00, 0x00, 0x00, 0x00, 0x00, 0x00, 0x00, 0x00, 0x00, 0x00, 0x00, 0x00, 0x00,
  0x00, 0x00, 0x00, 0x00, 0x00, 0x00, 0x00, 0x00, 0x00, 0x00, 0x00, 0x00, 0x00, 0x00, 0x00, 0x00,
  0x00, 0x00, 0x00, 0x00, 0x00, 0x00, 0x00, 0x00, 0x00, 0x00, 0x00, 0x00, 0x00, 0x00, 0x00, 0x00,
  0x00, 0x00, 0x00, 0x00, 0x00, 0x00, 0x00, 0x00, 0x00, 0x00, 0x00, 0x00, 0x00, 0x00, 0x00, 0x00,
  0x00, 0x00, 0x00, 0x00, 0x00, 0x00, 0x00, 0x00, 0x00, 0x00, 0x00, 0x00, 0x00, 0x00, 0x00, 0x00,
  0x00, 0x00, 0x00, 0x00, 0x00, 0x00, 0x00, 0x00, 0x00, 0x00, 0x00, 0x00, 0x00, 0x00, 0x00, 0x00,
  0x00, 0x00, 0x00, 0x00, 0x00, 0x00, 0x00, 0x00, 0x00, 0x00, 0x00, 0x00, 0x00, 0x00, 0x00, 0x00,
  0x00, 0x00, 0x00, 0x00, 0xff, 0xff, 0xff, 0x02, 0xff, 0xff, 0xff, 0x07, 0xff, 0xff, 0xff, 0x0f,
  0xe9, 0xe9, 0xe9, 0x46, 0xe5, 0xe5, 0xe5, 0x14, 0x00, 0x00, 0x00, 0x00, 0xff, 0xff, 0xff, 0x01,
  0x00, 0x00, 0x00, 0x00, 0xff, 0xff, 0xff, 0x05, 0x51, 0x9e, 0xb0, 0xdd, 0x43, 0x9d, 0xb2, 0xff,
  0x43, 0x99, 0xae, 0xfa, 0x46, 0xa1, 0xb7, 0xff, 0x5b, 0xa3, 0xb2, 0xaa, 0x00, 0x00, 0x00, 0x00,
  0x00, 0xaa, 0xaa, 0x03, 0xff, 0xff, 0xff, 0x02, 0x00, 0x00, 0x00, 0x00, 0xd5, 0xd5, 0xd5, 0x3d,
  0xe0, 0xe0, 0xe0, 0x76, 0xf9, 0xf9, 0xf9, 0x2e, 0xf3, 0xf3, 0xf3, 0x17, 0xff, 0xff, 0xff, 0x08,
  0xff, 0xff, 0xff, 0x02, 0x00, 0x00, 0x00, 0x00, 0x00, 0x00, 0x00, 0x00, 0x00, 0x00, 0x00, 0x00,
  0x00, 0x00, 0x00, 0x00, 0x00, 0x00, 0x00, 0x00, 0x00, 0x00, 0x00, 0x00, 0x00, 0x00, 0x00, 0x00,
  0x00, 0x00, 0x00, 0x00, 0x00, 0x00, 0x00, 0x00, 0x00, 0x00, 0x00, 0x00, 0x00, 0x00, 0x00, 0x00,
  0x00, 0x00, 0x00, 0x00, 0x00, 0x00, 0x00, 0x00, 0x00, 0x00, 0x00, 0x00, 0x00, 0x00, 0x00, 0x00,
  0x00, 0x00, 0x00, 0x00, 0x00, 0x00, 0x00, 0x00, 0x00, 0x00, 0x00, 0x00, 0x00, 0x00, 0x00, 0x00,
  0x00, 0x00, 0x00, 0x00, 0x00, 0x00, 0x00, 0x00, 0x00, 0x00, 0x00, 0x00, 0x00, 0x00, 0x00, 0x00,
  0x00, 0x00, 0x00, 0x00, 0x00, 0x00, 0x00, 0x00, 0x00, 0x00, 0x00, 0x00, 0x00, 0x00, 0x00, 0x00,
  0x00, 0x00, 0x00, 0x00, 0x00, 0x00, 0x00, 0x00, 0x00, 0x00, 0x00, 0x00, 0x00, 0x00, 0x00, 0x00,
  0xff, 0xff, 0xff, 0x02, 0xff, 0xff, 0xff, 0x07, 0xff, 0xff, 0xff, 0x0f, 0xe9, 0xe9, 0xe9, 0x46,
  0xe5, 0xe5, 0xe5, 0x14, 0x00, 0x00, 0x00, 0x00, 0xff, 0xff, 0xff, 0x01, 0x00, 0x00, 0x00, 0x00,
  0xff, 0xff, 0xff, 0x05, 0x50, 0x9a, 0xb2, 0xdd, 0x42, 0x98, 0xb5, 0xff, 0x43, 0x94, 0xb0, 0xfa,
  0x45, 0x9d, 0xbb, 0xff, 0x5a, 0xa0, 0xb7, 0xaa, 0x00, 0x00, 0x00, 0x00, 0x00, 0x55, 0xaa, 0x03,
  0xff, 0xff, 0xff, 0x02, 0x00, 0x00, 0x00, 0x00, 0xd5, 0xd5, 0xd5, 0x3d, 0xe0, 0xe0, 0xe0, 0x76,
  0xf9, 0xf9, 0xf9, 0x2e, 0xf3, 0xf3, 0xf3, 0x17, 0xff, 0xff, 0xff, 0x08, 0xff, 0xff, 0xff, 0x02,
  0x00, 0x00, 0x00, 0x00, 0x00, 0x00, 0x00, 0x00, 0x00, 0x00, 0x00, 0x00, 0x00, 0x00, 0x00, 0x00,
  0x00, 0x00, 0x00, 0x00, 0x00, 0x00, 0x00, 0x00, 0x00, 0x00, 0x00, 0x00, 0x00, 0x00, 0x00, 0x00,
  0x00, 0x00, 0x00, 0x00, 0x00, 0x00, 0x00, 0x00, 0x00, 0x00, 0x00, 0x00, 0x00, 0x00, 0x00, 0x00,
  0x00, 0x00, 0x00, 0x00, 0x00, 0x00, 0x00, 0x00, 0x00, 0x00, 0x00, 0x00, 0x00, 0x00, 0x00, 0x00,
  0x00, 0x00, 0x00, 0x00, 0x00, 0x00, 0x00, 0x00, 0x00, 0x00, 0x00, 0x00, 0x00, 0x00, 0x00, 0x00,
  0x00, 0x00, 0x00, 0x00, 0x00, 0x00, 0x00, 0x00, 0x00, 0x00, 0x00, 0x00, 0x00, 0x00, 0x00, 0x00,
  0x00, 0x00, 0x00, 0x00, 0x00, 0x00, 0x00, 0x00, 0x00, 0x00, 0x00, 0x00, 0x00, 0x00, 0x00, 0x00,
  0x00, 0x00, 0x00, 0x00, 0x00, 0x00, 0x00, 0x00, 0x00, 0x00, 0x00, 0x00, 0xff, 0xff, 0xff, 0x02,
  0xff, 0xff, 0xff, 0x07, 0xff, 0xff, 0xff, 0x0f, 0xe9, 0xe9, 0xe9, 0x46, 0xe5, 0xe5, 0xe5, 0x14,
  0x00, 0x00, 0x00, 0x00, 0xff, 0xff, 0xff, 0x01, 0x00, 0x00, 0x00, 0x00, 0xff, 0xff, 0xff, 0x05,
  0x50, 0x97, 0xb6, 0xdd, 0x42, 0x94, 0xb8, 0xff, 0x43, 0x90, 0xb3, 0xfa, 0x44, 0x99, 0xbe, 0xff,
  0x58, 0x9d, 0xb8, 0xaa, 0x00, 0x00, 0x00, 0x00, 0x00, 0x55, 0xaa, 0x03, 0xff, 0xff, 0xff, 0x02,
  0x00, 0x00, 0x00, 0x00, 0xd5, 0xd5, 0xd5, 0x3d, 0xe0, 0xe0, 0xe0, 0x76, 0xf9, 0xf9, 0xf9, 0x2e,
  0xf3, 0xf3, 0xf3, 0x17, 0xff, 0xff, 0xff, 0x08, 0xff, 0xff, 0xff, 0x02, 0x00, 0x00, 0x00, 0x00,
  0x00, 0x00, 0x00, 0x00, 0x00, 0x00, 0x00, 0x00, 0x00, 0x00, 0x00, 0x00, 0x00, 0x00, 0x00, 0x00,
  0x00, 0x00, 0x00, 0x00, 0x00, 0x00, 0x00, 0x00, 0x00, 0x00, 0x00, 0x00, 0x00, 0x00, 0x00, 0x00,
  0x00, 0x00, 0x00, 0x00, 0x00, 0x00, 0x00, 0x00, 0x00, 0x00, 0x00, 0x00, 0x00, 0x00, 0x00, 0x00,
  0x00, 0x00, 0x00, 0x00, 0x00, 0x00, 0x00, 0x00, 0x00, 0x00, 0x00, 0x00, 0x00, 0x00, 0x00, 0x00,
  0x00, 0x00, 0x00, 0x00, 0x00, 0x00, 0x00, 0x00, 0x00, 0x00, 0x00, 0x00, 0x00, 0x00, 0x00, 0x00,
  0x00, 0x00, 0x00, 0x00, 0x00, 0x00, 0x00, 0x00, 0x00, 0x00, 0x00, 0x00, 0x00, 0x00, 0x00, 0x00,
  0x00, 0x00, 0x00, 0x00, 0x00, 0x00, 0x00, 0x00, 0x00, 0x00, 0x00, 0x00, 0x00, 0x00, 0x00, 0x00,
  0x00, 0x00, 0x00, 0x00, 0x00, 0x00, 0x00, 0x00, 0xff, 0xff, 0xff, 0x02, 0xff, 0xff, 0xff, 0x07,
  0xff, 0xff, 0xff, 0x0f, 0xe9, 0xe9, 0xe9, 0x46, 0xe5, 0xe5, 0xe5, 0x14, 0x00, 0x00, 0x00, 0x00,
  0xff, 0xff, 0xff, 0x01, 0x00, 0x00, 0x00, 0x00, 0xff, 0xff, 0xff, 0x05, 0x50, 0x93, 0xb8, 0xdd,
  0x41, 0x90, 0xbc, 0xff, 0x42, 0x8d, 0xb6, 0xfa, 0x45, 0x95, 0xc1, 0xff, 0x58, 0x99, 0xb8, 0xaa,
  0x00, 0x00, 0x00, 0x00, 0x00, 0x55, 0xaa, 0x03, 0xff, 0xff, 0xff, 0x02, 0x00, 0x00, 0x00, 0x00,
  0xd5, 0xd5, 0xd5, 0x3d, 0xe0, 0xe0, 0xe0, 0x76, 0xf9, 0xf9, 0xf9, 0x2e, 0xf3, 0xf3, 0xf3, 0x17,
  0xff, 0xff, 0xff, 0x08, 0xff, 0xff, 0xff, 0x02, 0x00, 0x00, 0x00, 0x00, 0x00, 0x00, 0x00, 0x00,
  0x00, 0x00, 0x00, 0x00, 0x00, 0x00, 0x00, 0x00, 0x00, 0x00, 0x00, 0x00, 0x00, 0x00, 0x00, 0x00,
  0x00, 0x00, 0x00, 0x00, 0x00, 0x00, 0x00, 0x00, 0x00, 0x00, 0x00, 0x00, 0x00, 0x00, 0x00, 0x00,
  0x00, 0x00, 0x00, 0x00, 0x00, 0x00, 0x00, 0x00, 0x00, 0x00, 0x00, 0x00, 0x00, 0x00, 0x00, 0x00,
  0x00, 0x00, 0x00, 0x00, 0x00, 0x00, 0x00, 0x00, 0x00, 0x00, 0x00, 0x00, 0x00, 0x00, 0x00, 0x00,
  0x00, 0x00, 0x00, 0x00, 0x00, 0x00, 0x00, 0x00, 0x00, 0x00, 0x00, 0x00, 0x00, 0x00, 0x00, 0x00,
  0x00, 0x00, 0x00, 0x00, 0x00, 0x00, 0x00, 0x00, 0x00, 0x00, 0x00, 0x00, 0x00, 0x00, 0x00, 0x00,
  0x00, 0x00, 0x00, 0x00, 0x00, 0x00, 0x00, 0x00, 0x00, 0x00, 0x00, 0x00, 0x00, 0x00, 0x00, 0x00,
  0x00, 0x00, 0x00, 0x00, 0xff, 0xff, 0xff, 0x02, 0xff, 0xff, 0xff, 0x07, 0xff, 0xff, 0xff, 0x0f,
  0xe9, 0xe9, 0xe9, 0x46, 0xe5, 0xe5, 0xe5, 0x14, 0x00, 0x00, 0x00, 0x00, 0xff, 0xff, 0xff, 0x01,
  0x00, 0x00, 0x00, 0x00, 0xff, 0xff, 0xff, 0x05, 0x50, 0x90, 0xba, 0xdd, 0x41, 0x8c, 0xbf, 0xff,
  0x41, 0x89, 0xb9, 0xfa, 0x45, 0x91, 0xc4, 0xff, 0x57, 0x93, 0xbb, 0xa9, 0x00, 0x00, 0x00, 0x00,
  0x00, 0x55, 0xaa, 0x03, 0xff, 0xff, 0xff, 0x02, 0x00, 0x00, 0x00, 0x00, 0xd5, 0xd5, 0xd5, 0x3d,
  0xe0, 0xe0, 0xe0, 0x76, 0xf9, 0xf9, 0xf9, 0x2e, 0xf3, 0xf3, 0xf3, 0x17, 0xff, 0xff, 0xff, 0x08,
  0xff, 0xff, 0xff, 0x02, 0x00, 0x00, 0x00, 0x00, 0x00, 0x00, 0x00, 0x00, 0x00, 0x00, 0x00, 0x00,
  0x00, 0x00, 0x00, 0x00, 0x00, 0x00, 0x00, 0x00, 0x00, 0x00, 0x00, 0x00, 0x00, 0x00, 0x00, 0x00,
  0x00, 0x00, 0x00, 0x00, 0x00, 0x00, 0x00, 0x00, 0x00, 0x00, 0x00, 0x00, 0x00, 0x00, 0x00, 0x00,
  0x00, 0x00, 0x00, 0x00, 0x00, 0x00, 0x00, 0x00, 0x00, 0x00, 0x00, 0x00, 0x00, 0x00, 0x00, 0x00,
  0x00, 0x00, 0x00, 0x00, 0x00, 0x00, 0x00, 0x00, 0x00, 0x00, 0x00, 0x00, 0x00, 0x00, 0x00, 0x00,
  0x00, 0x00, 0x00, 0x00, 0x00, 0x00, 0x00, 0x00, 0x00, 0x00, 0x00, 0x00, 0x00, 0x00, 0x00, 0x00,
  0x00, 0x00, 0x00, 0x00, 0x00, 0x00, 0x00, 0x00, 0x00, 0x00, 0x00, 0x00, 0x00, 0x00, 0x00, 0x00,
  0x00, 0x00, 0x00, 0x00, 0x00, 0x00, 0x00, 0x00, 0x00, 0x00, 0x00, 0x00, 0x00, 0x00, 0x00, 0x00,
  0xff, 0xff, 0xff, 0x02, 0xff, 0xff, 0xff, 0x07, 0xff, 0xff, 0xff, 0x0f, 0xe9, 0xe9, 0xe9, 0x46,
  0xe5, 0xe5, 0xe5, 0x14, 0x00, 0x00, 0x00, 0x00, 0xff, 0xff, 0xff, 0x01, 0x00, 0x00, 0x00, 0x00,
  0xff, 0xff, 0xff, 0x05, 0x4e, 0x8c, 0xbe, 0xdd, 0x40, 0x88, 0xc3, 0xff, 0x41, 0x85, 0xbc, 0xfa,
  0x43, 0x8d, 0xc9, 0xff, 0x56, 0x90, 0xbe, 0xa9, 0x00, 0x00, 0x00, 0x00, 0x00, 0x55, 0xaa, 0x03,
  0xff, 0xff, 0xff, 0x02, 0x00, 0x00, 0x00, 0x00, 0xd5, 0xd5, 0xd5, 0x3d, 0xe0, 0xe0, 0xe0, 0x76,
  0xf9, 0xf9, 0xf9, 0x2e, 0xf3, 0xf3, 0xf3, 0x17, 0xff, 0xff, 0xff, 0x08, 0xff, 0xff, 0xff, 0x02,
  0x00, 0x00, 0x00, 0x00, 0x00, 0x00, 0x00, 0x00, 0x00, 0x00, 0x00, 0x00, 0x00, 0x00, 0x00, 0x00,
  0x00, 0x00, 0x00, 0x00, 0x00, 0x00, 0x00, 0x00, 0x00, 0x00, 0x00, 0x00, 0x00, 0x00, 0x00, 0x00,
  0x00, 0x00, 0x00, 0x00, 0x00, 0x00, 0x00, 0x00, 0x00, 0x00, 0x00, 0x00, 0x00, 0x00, 0x00, 0x00,
  0x00, 0x00, 0x00, 0x00, 0x00, 0x00, 0x00, 0x00, 0x00, 0x00, 0x00, 0x00, 0x00, 0x00, 0x00, 0x00,
  0x00, 0x00, 0x00, 0x00, 0x00, 0x00, 0x00, 0x00, 0x00, 0x00, 0x00, 0x00, 0x00, 0x00, 0x00, 0x00,
  0x00, 0x00, 0x00, 0x00, 0x00, 0x00, 0x00, 0x00, 0x00, 0x00, 0x00, 0x00, 0x00, 0x00, 0x00, 0x00,
  0x00, 0x00, 0x00, 0x00, 0x00, 0x00, 0x00, 0x00, 0x00, 0x00, 0x00, 0x00, 0x00, 0x00, 0x00, 0x00,
  0x00, 0x00, 0x00, 0x00, 0x00, 0x00, 0x00, 0x00, 0x00, 0x00, 0x00, 0x00, 0xff, 0xff, 0xff, 0x02,
  0xff, 0xff, 0xff, 0x07, 0xff, 0xff, 0xff, 0x0f, 0xe9, 0xe9, 0xe9, 0x46, 0xe5, 0xe5, 0xe5, 0x14,
  0x00, 0x00, 0x00, 0x00, 0xff, 0xff, 0xff, 0x01, 0x00, 0x00, 0x00, 0x00, 0xff, 0xff, 0xff, 0x05,
  0x4e, 0x89, 0xc0, 0xdd, 0x40, 0x84, 0xc6, 0xff, 0x41, 0x81, 0xbf, 0xfa, 0x43, 0x89, 0xcc, 0xff,
  0x57, 0x8d, 0xc1, 0xa9, 0x00, 0x00, 0x00, 0x00, 0x00, 0x55, 0xaa, 0x03, 0xff, 0xff, 0xff, 0x02,
  0x00, 0x00, 0x00, 0x00, 0xd5, 0xd5, 0xd5, 0x3d, 0xe0, 0xe0, 0xe0, 0x76, 0xf9, 0xf9, 0xf9, 0x2e,
  0xf3, 0xf3, 0xf3, 0x17, 0xff, 0xff, 0xff, 0x08, 0xff, 0xff, 0xff, 0x02, 0x00, 0x00, 0x00, 0x00,
  0x00, 0x00, 0x00, 0x00, 0x00, 0x00, 0x00, 0x00, 0x00, 0x00, 0x00, 0x00, 0x00, 0x00, 0x00, 0x00,
  0x00, 0x00, 0x00, 0x00, 0x00, 0x00, 0x00, 0x00, 0x00, 0x00, 0x00, 0x00, 0x00, 0x00, 0x00, 0x00,
  0x00, 0x00, 0x00, 0x00, 0x00, 0x00, 0x00, 0x00, 0x00, 0x00, 0x00, 0x00, 0x00, 0x00, 0x00, 0x00,
  0x00, 0x00, 0x00, 0x00, 0x00, 0x00, 0x00, 0x00, 0x00, 0x00, 0x00, 0x00, 0x00, 0x00, 0x00, 0x00,
  0x00, 0x00, 0x00, 0x00, 0x00, 0x00, 0x00, 0x00, 0x00, 0x00, 0x00, 0x00, 0x00, 0x00, 0x00, 0x00,
  0x00, 0x00, 0x00, 0x00, 0x00, 0x00, 0x00, 0x00, 0x00, 0x00, 0x00, 0x00, 0x00, 0x00, 0x00, 0x00,
  0x00, 0x00, 0x00, 0x00, 0x00, 0x00, 0x00, 0x00, 0x00, 0x00, 0x00, 0x00, 0x00, 0x00, 0x00, 0x00,
  0x00, 0x00, 0x00, 0x00, 0x00, 0x00, 0x00, 0x00, 0xff, 0xff, 0xff, 0x02, 0xff, 0xff, 0xff, 0x07,
  0xff, 0xff, 0xff, 0x0f, 0xe9, 0xe9, 0xe9, 0x46, 0xe5, 0xe5, 0xe5, 0x14, 0x00, 0x00, 0x00, 0x00,
  0xff, 0xff, 0xff, 0x01, 0x00, 0x00, 0x00, 0x00, 0xff, 0xff, 0xff, 0x05, 0x4e, 0x85, 0xc4, 0xdd,
  0x3f, 0x80, 0xc9, 0xff, 0x3f, 0x7e, 0xc2, 0xfa, 0x42, 0x85, 0xcf, 0xff, 0x56, 0x8a, 0xc4, 0xa9,
  0x00, 0x00, 0x00, 0x00, 0x00, 0x55, 0xaa, 0x03, 0xff, 0xff, 0xff, 0x02, 0x00, 0x00, 0x00, 0x00,
  0xd5, 0xd5, 0xd5, 0x3d, 0xe0, 0xe0, 0xe0, 0x76, 0xf9, 0xf9, 0xf9, 0x2e, 0xf3, 0xf3, 0xf3, 0x17,
  0xff, 0xff, 0xff, 0x08, 0xff, 0xff, 0xff, 0x02, 0x00, 0x00, 0x00, 0x00, 0x00, 0x00, 0x00, 0x00,
  0x00, 0x00, 0x00, 0x00, 0x00, 0x00, 0x00, 0x00, 0x00, 0x00, 0x00, 0x00, 0x00, 0x00, 0x00, 0x00,
  0x00, 0x00, 0x00, 0x00, 0x00, 0x00, 0x00, 0x00, 0x00, 0x00, 0x00, 0x00, 0x00, 0x00, 0x00, 0x00,
  0x00, 0x00, 0x00, 0x00, 0x00, 0x00, 0x00, 0x00, 0x00, 0x00, 0x00, 0x00, 0x00, 0x00, 0x00, 0x00,
  0x00, 0x00, 0x00, 0x00, 0x00, 0x00, 0x00, 0x00, 0x00, 0x00, 0x00, 0x00, 0x00, 0x00, 0x00, 0x00,
  0x00, 0x00, 0x00, 0x00, 0x00, 0x00, 0x00, 0x00, 0x00, 0x00, 0x00, 0x00, 0x00, 0x00, 0x00, 0x00,
  0x00, 0x00, 0x00, 0x00, 0x00, 0x00, 0x00, 0x00, 0x00, 0x00, 0x00, 0x00, 0x00, 0x00, 0x00, 0x00,
  0x00, 0x00, 0x00, 0x00, 0x00, 0x00, 0x00, 0x00, 0x00, 0x00, 0x00, 0x00, 0x00, 0x00, 0x00, 0x00,
  0x00, 0x00, 0x00, 0x00, 0xff, 0xff, 0xff, 0x02, 0xff, 0xff, 0xff, 0x07, 0xff, 0xff, 0xff, 0x0f,
  0xe9, 0xe9, 0xe9, 0x46, 0xe5, 0xe5, 0xe5, 0x14, 0x00, 0x00, 0x00, 0x00, 0xff, 0xff, 0xff, 0x01,
  0x00, 0x00, 0x00, 0x00, 0xff, 0xff, 0xff, 0x05, 0x4d, 0x82, 0xc5, 0xdd, 0x3e, 0x7c, 0xcd, 0xff,
  0x3f, 0x7a, 0xc6, 0xfa, 0x42, 0x80, 0xd3, 0xff, 0x56, 0x87, 0xc5, 0xa9, 0x00, 0x00, 0x00, 0x00,
  0x00, 0x55, 0xaa, 0x03, 0xff, 0xff, 0xff, 0x02, 0x00, 0x00, 0x00, 0x00, 0xd5, 0xd5, 0xd5, 0x3d,
  0xe0, 0xe0, 0xe0, 0x76, 0xf9, 0xf9, 0xf9, 0x2e, 0xf3, 0xf3, 0xf3, 0x17, 0xff, 0xff, 0xff, 0x08,
  0xff, 0xff, 0xff, 0x02, 0x00, 0x00, 0x00, 0x00, 0x00, 0x00, 0x00, 0x00, 0x00, 0x00, 0x00, 0x00,
  0x00, 0x00, 0x00, 0x00, 0x00, 0x00, 0x00, 0x00, 0x00, 0x00, 0x00, 0x00, 0x00, 0x00, 0x00, 0x00,
  0x00, 0x00, 0x00, 0x00, 0x00, 0x00, 0x00, 0x00, 0x00, 0x00, 0x00, 0x00, 0x00, 0x00, 0x00, 0x00,
  0x00, 0x00, 0x00, 0x00, 0x00, 0x00, 0x00, 0x00, 0x00, 0x00, 0x00, 0x00, 0x00, 0x00, 0x00, 0x00,
  0x00, 0x00, 0x00, 0x00, 0x00, 0x00, 0x00, 0x00, 0x00, 0x00, 0x00, 0x00, 0x00, 0x00, 0x00, 0x00,
  0x00, 0x00, 0x00, 0x00, 0x00, 0x00, 0x00, 0x00, 0x00, 0x00, 0x00, 0x00, 0x00, 0x00, 0x00, 0x00,
  0x00, 0x00, 0x00, 0x00, 0x00, 0x00, 0x00, 0x00, 0x00, 0x00, 0x00, 0x00, 0x00, 0x00, 0x00, 0x00,
  0x00, 0x00, 0x00, 0x00, 0x00, 0x00, 0x00, 0x00, 0x00, 0x00, 0x00, 0x00, 0x00, 0x00, 0x00, 0x00,
  0xff, 0xff, 0xff, 0x02, 0xff, 0xff, 0xff, 0x07, 0xff, 0xff, 0xff, 0x0f, 0xe9, 0xe9, 0xe9, 0x46,
  0xe5, 0xe5, 0xe5, 0x14, 0x00, 0x00, 0x00, 0x00, 0xff, 0xff, 0xff, 0x01, 0x00, 0x00, 0x00, 0x00,
  0xff, 0xff, 0xff, 0x04, 0x4d, 0x7e, 0xc9, 0xdc, 0x3f, 0x78, 0xd1, 0xff, 0x3f, 0x76, 0xc9, 0xfa,
  0x41, 0x7c, 0xd6, 0xff, 0x56, 0x84, 0xca, 0xa9, 0x00, 0x00, 0x00, 0x00, 0x00, 0x55, 0xaa, 0x03,
  0xff, 0xff, 0xff, 0x02, 0x00, 0x00, 0x00, 0x00, 0xd5, 0xd5, 0xd5, 0x3d, 0xe0, 0xe0, 0xe0, 0x76,
  0xf9, 0xf9, 0xf9, 0x2e, 0xf3, 0xf3, 0xf3, 0x17, 0xff, 0xff, 0xff, 0x08, 0xff, 0xff, 0xff, 0x02,
  0x00, 0x00, 0x00, 0x00, 0x00, 0x00, 0x00, 0x00, 0x00, 0x00, 0x00, 0x00, 0x00, 0x00, 0x00, 0x00,
  0x00, 0x00, 0x00, 0x00, 0x00, 0x00, 0x00, 0x00, 0x00, 0x00, 0x00, 0x00, 0x00, 0x00, 0x00, 0x00,
  0x00, 0x00, 0x00, 0x00, 0x00, 0x00, 0x00, 0x00, 0x00, 0x00, 0x00, 0x00, 0x00, 0x00, 0x00, 0x00,
  0x00, 0x00, 0x00, 0x00, 0x00, 0x00, 0x00, 0x00, 0x00, 0x00, 0x00, 0x00, 0x00, 0x00, 0x00, 0x00,
  0x00, 0x00, 0x00, 0x00, 0x00, 0x00, 0x00, 0x00, 0x00, 0x00, 0x00, 0x00, 0x00, 0x00, 0x00, 0x00,
  0x00, 0x00, 0x00, 0x00, 0x00, 0x00, 0x00, 0x00, 0x00, 0x00, 0x00, 0x00, 0x00, 0x00, 0x00, 0x00,
  0x00, 0x00, 0x00, 0x00, 0x00, 0x00, 0x00, 0x00, 0x00, 0x00, 0x00, 0x00, 0x00, 0x00, 0x00, 0x00,
  0x00, 0x00, 0x00, 0x00, 0x00, 0x00, 0x00, 0x00, 0x00, 0x00, 0x00, 0x00, 0xff, 0xff, 0xff, 0x02,
  0xff, 0xff, 0xff, 0x07, 0xff, 0xff, 0xff, 0x0f, 0xe9, 0xe9, 0xe9, 0x46, 0xe5, 0xe5, 0xe5, 0x14,
  0x00, 0x00, 0x00, 0x00, 0xff, 0xff, 0xff, 0x01, 0x00, 0x00, 0x00, 0x00, 0xff, 0xff, 0xff, 0x04,
  0x4b, 0x7a, 0xca, 0xdc, 0x3d, 0x75, 0xd4, 0xff, 0x3e, 0x73, 0xcd, 0xfa, 0x40, 0x78, 0xd9, 0xff,
  0x54, 0x81, 0xca, 0xa9, 0x00, 0x00, 0x00, 0x00, 0x00, 0x55, 0xaa, 0x03, 0xff, 0xff, 0xff, 0x02,
  0x00, 0x00, 0x00, 0x00, 0xd5, 0xd5, 0xd5, 0x3d, 0xe0, 0xe0, 0xe0, 0x76, 0xf9, 0xf9, 0xf9, 0x2e,
  0xf3, 0xf3, 0xf3, 0x17, 0xff, 0xff, 0xff, 0x08, 0xff, 0xff, 0xff, 0x02, 0x00, 0x00, 0x00, 0x00,
  0x00, 0x00, 0x00, 0x00, 0x00, 0x00, 0x00, 0x00, 0x00, 0x00, 0x00, 0x00, 0x00, 0x00, 0x00, 0x00,
  0x00, 0x00, 0x00, 0x00, 0x00, 0x00, 0x00, 0x00, 0x00, 0x00, 0x00, 0x00, 0x00, 0x00, 0x00, 0x00,
  0x00, 0x00, 0x00, 0x00, 0x00, 0x00, 0x00, 0x00, 0x00, 0x00, 0x00, 0x00, 0x00, 0x00, 0x00, 0x00,
  0x00, 0x00, 0x00, 0x00, 0x00, 0x00, 0x00, 0x00, 0x00, 0x00, 0x00, 0x00, 0x00, 0x00, 0x00, 0x00,
  0x00, 0x00, 0x00, 0x00, 0x00, 0x00, 0x00, 0x00, 0x00, 0x00, 0x00, 0x00, 0x00, 0x00, 0x00, 0x00,
  0x00, 0x00, 0x00, 0x00, 0x00, 0x00, 0x00, 0x00, 0x00, 0x00, 0x00, 0x00, 0x00, 0x00, 0x00, 0x00,
  0x00, 0x00, 0x00, 0x00, 0x00, 0x00, 0x00, 0x00, 0x00, 0x00, 0x00, 0x00, 0x00, 0x00, 0x00, 0x00,
  0x00, 0x00, 0x00, 0x00, 0x00, 0x00, 0x00, 0x00, 0xff, 0xff, 0xff, 0x02, 0xff, 0xff, 0xff, 0x07,
  0xff, 0xff, 0xff, 0x0f, 0xe9, 0xe9, 0xe9, 0x46, 0xe5, 0xe5, 0xe5, 0x14, 0x00, 0x00, 0x00, 0x00,
  0xff, 0xff, 0xff, 0x01, 0x00, 0x00, 0x00, 0x00, 0xff, 0xff, 0xff, 0x04, 0x4a, 0x77, 0xce, 0xdc,
  0x3c, 0x70, 0xd8, 0xff, 0x3d, 0x6e, 0xd0, 0xfa, 0x3f, 0x75, 0xde, 0xff, 0x52, 0x7d, 0xcd, 0xa9,
  0x00, 0x00, 0x00, 0x00, 0x00, 0x55, 0xff, 0x03, 0xff, 0xff, 0xff, 0x02, 0x00, 0x00, 0x00, 0x00,
  0xd5, 0xd5, 0xd5, 0x3d, 0xe0, 0xe0, 0xe0, 0x76, 0xf9, 0xf9, 0xf9, 0x2e, 0xf3, 0xf3, 0xf3, 0x17,
  0xff, 0xff, 0xff, 0x08, 0xff, 0xff, 0xff, 0x02, 0x00, 0x00, 0x00, 0x00, 0x00, 0x00, 0x00, 0x00,
  0x00, 0x00, 0x00, 0x00, 0x00, 0x00, 0x00, 0x00, 0x00, 0x00, 0x00, 0x00, 0x00, 0x00, 0x00, 0x00,
  0x00, 0x00, 0x00, 0x00, 0x00, 0x00, 0x00, 0x00, 0x00, 0x00, 0x00, 0x00, 0x00, 0x00, 0x00, 0x00,
  0x00, 0x00, 0x00, 0x00, 0x00, 0x00, 0x00, 0x00, 0x00, 0x00, 0x00, 0x00, 0x00, 0x00, 0x00, 0x00,
  0x00, 0x00, 0x00, 0x00, 0x00, 0x00, 0x00, 0x00, 0x00, 0x00, 0x00, 0x00, 0x00, 0x00, 0x00, 0x00,
  0x00, 0x00, 0x00, 0x00, 0x00, 0x00, 0x00, 0x00, 0x00, 0x00, 0x00, 0x00, 0x00, 0x00, 0x00, 0x00,
  0x00, 0x00, 0x00, 0x00, 0x00, 0x00, 0x00, 0x00, 0x00, 0x00, 0x00, 0x00, 0x00, 0x00, 0x00, 0x00,
  0x00, 0x00, 0x00, 0x00, 0x00, 0x00, 0x00, 0x00, 0x00, 0x00, 0x00, 0x00, 0x00, 0x00, 0x00, 0x00,
  0x00, 0x00, 0x00, 0x00, 0xff, 0xff, 0xff, 0x02, 0xff, 0xff, 0xff, 0x07, 0xff, 0xff, 0xff, 0x0f,
  0xe9, 0xe9, 0xe9, 0x46, 0xe5, 0xe5, 0xe5, 0x14, 0x00, 0x00, 0x00, 0x00, 0xff, 0xff, 0xff, 0x01,
  0x00, 0x00, 0x00, 0x00, 0xff, 0xff, 0xff, 0x04, 0x4a, 0x73, 0xd1, 0xdc, 0x3c, 0x6c, 0xdb, 0xff,
  0x3c, 0x6a, 0xd3, 0xfa, 0x3e, 0x70, 0xe1, 0xff, 0x52, 0x7a, 0xd0, 0xa9, 0x00, 0x00, 0x00, 0x00,
  0x00, 0x55, 0xff, 0x03, 0xff, 0xff, 0xff, 0x02, 0x00, 0x00, 0x00, 0x00, 0xd5, 0xd5, 0xd5, 0x3d,
  0xe0, 0xe0, 0xe0, 0x76, 0xf9, 0xf9, 0xf9, 0x2e, 0xf3, 0xf3, 0xf3, 0x17, 0xff, 0xff, 0xff, 0x08,
  0xff, 0xff, 0xff, 0x02, 0x00, 0x00, 0x00, 0x00, 0x00, 0x00, 0x00, 0x00, 0x00, 0x00, 0x00, 0x00,
  0x00, 0x00, 0x00, 0x00, 0x00, 0x00, 0x00, 0x00, 0x00, 0x00, 0x00, 0x00, 0x00, 0x00, 0x00, 0x00,
  0x00, 0x00, 0x00, 0x00, 0x00, 0x00, 0x00, 0x00, 0x00, 0x00, 0x00, 0x00, 0x00, 0x00, 0x00, 0x00,
  0x00, 0x00, 0x00, 0x00, 0x00, 0x00, 0x00, 0x00, 0x00, 0x00, 0x00, 0x00, 0x00, 0x00, 0x00, 0x00,
  0x00, 0x00, 0x00, 0x01, 0x00, 0x00, 0x00, 0x01, 0x00, 0x00, 0x00, 0x00, 0x00, 0x00, 0x00, 0x00,
  0x00, 0x00, 0x00, 0x00, 0x00, 0x00, 0x00, 0x00, 0x00, 0x00, 0x00, 0x00, 0x00, 0x00, 0x00, 0x00,
  0x00, 0x00, 0x00, 0x00, 0x00, 0x00, 0x00, 0x00, 0x00, 0x00, 0x00, 0x00, 0x00, 0x00, 0x00, 0x00,
  0x00, 0x00, 0x00, 0x00, 0x00, 0x00, 0x00, 0x00, 0x00, 0x00, 0x00, 0x00, 0x00, 0x00, 0x00, 0x00,
  0xff, 0xff, 0xff, 0x02, 0xff, 0xff, 0xff, 0x07, 0xff, 0xff, 0xff, 0x0f, 0xe9, 0xe9, 0xe9, 0x46,
  0xe5, 0xe5, 0xe5, 0x14, 0x00, 0x00, 0x00, 0x00, 0xff, 0xff, 0xff, 0x01, 0x00, 0x00, 0x00, 0x00,
  0xff, 0xff, 0xbf, 0x04, 0x4a, 0x70, 0xd2, 0xdb, 0x3d, 0x69, 0xdd, 0xff, 0x3c, 0x67, 0xd6, 0xf9,
  0x3f, 0x6d, 0xe3, 0xff, 0x53, 0x77, 0xd1, 0xa8, 0x00, 0x00, 0x00, 0x00, 0x00, 0x55, 0xff, 0x03,
  0xff, 0xff, 0xff, 0x02, 0x00, 0x00, 0x00, 0x00, 0xd5, 0xd5, 0xd5, 0x3d, 0xe0, 0xe0, 0xe0, 0x76,
  0xf9, 0xf9, 0xf9, 0x2e, 0xf3, 0xf3, 0xf3, 0x17, 0xff, 0xff, 0xff, 0x08, 0xff, 0xff, 0xff, 0x02,
  0x00, 0x00, 0x00, 0x00, 0x00, 0x00, 0x00, 0x00, 0x00, 0x00, 0x00, 0x00, 0x00, 0x00, 0x00, 0x00,
  0x00, 0x00, 0x00, 0x00, 0x00, 0x00, 0x00, 0x00, 0x00, 0x00, 0x00, 0x00, 0x00, 0x00, 0x00, 0x02,
  0x00, 0x00, 0x00, 0x01, 0x00, 0x00, 0x00, 0x00, 0x00, 0x00, 0x00, 0x03, 0x00, 0x00, 0x00, 0x00,
  0x00, 0x00, 0x00, 0x00, 0x00, 0x00, 0x00, 0x01, 0x00, 0x00, 0x00, 0x00, 0x00, 0x00, 0x00, 0x00,
  0x00, 0x00, 0x00, 0x00, 0x00, 0x00, 0x00, 0x02, 0x00, 0x00, 0x00, 0x00, 0x00, 0x00, 0x00, 0x01,
  0x00, 0x00, 0x00, 0x01, 0x00, 0x00, 0x00, 0x00, 0x00, 0x00, 0x00, 0x03, 0x00, 0x00, 0x00, 0x00,
  0x00, 0x00, 0x00, 0x00, 0x00, 0x00, 0x00, 0x02, 0x00, 0x00, 0x00, 0x00, 0x00, 0x00, 0x00, 0x00,
  0x00, 0x00, 0x00, 0x00, 0x00, 0x00, 0x00, 0x00, 0x00, 0x00, 0x00, 0x00, 0xff, 0xff, 0xff, 0x02,
  0xff, 0xff, 0xff, 0x07, 0xff, 0xff, 0xff, 0x0f, 0xe9, 0xe9, 0xe9, 0x46, 0xe5, 0xe5, 0xe5, 0x14,
  0x00, 0x00, 0x00, 0x00, 0xff, 0xff, 0xff, 0x01, 0x00, 0x00, 0x00, 0x00, 0xff, 0xff, 0xbf, 0x04,
  0x48, 0x6c, 0xd6, 0xdb, 0x3a, 0x65, 0xe1, 0xff, 0x3b, 0x64, 0xd9, 0xf9, 0x3d, 0x68, 0xe6, 0xff,
  0x51, 0x73, 0xd4, 0xa8, 0x00, 0x00, 0x00, 0x00, 0x00, 0x55, 0xff, 0x03, 0xff, 0xff, 0xff, 0x02,
  0x00, 0x00, 0x00, 0x00, 0xd5, 0xd5, 0xd5, 0x3d, 0xe0, 0xe0, 0xe0, 0x76, 0xf9, 0xf9, 0xf9, 0x2e,
  0xf3, 0xf3, 0xf3, 0x17, 0xff, 0xff, 0xff, 0x08, 0xff, 0xff, 0xff, 0x02, 0x00, 0x00, 0x00, 0x00,
  0x00, 0x00, 0x00, 0x00, 0x00, 0x00, 0x00, 0x00, 0x00, 0x00, 0x00, 0x00, 0x00, 0x00, 0x00, 0x00,
  0x00, 0x00, 0x00, 0x00, 0x00, 0x00, 0x00, 0x00, 0x00, 0x00, 0x00, 0x00, 0x02, 0x02, 0x02, 0x00,
  0x1f, 0x1f, 0x1f, 0x08, 0x01, 0x01, 0x01, 0x00, 0x00, 0x00, 0x00, 0x00, 0x00, 0x00, 0x00, 0x00,
  0x03, 0x03, 0x03, 0x00, 0x04, 0x04, 0x04, 0x00, 0xff, 0xff, 0xff, 0x04, 0x68, 0x68, 0x68, 0x16,
  0x00, 0x00, 0x00, 0x00, 0x00, 0x00, 0x00, 0x02, 0x00, 0x00, 0x00, 0x00, 0x00, 0x00, 0x00, 0x00,
  0x00, 0x00, 0x00, 0x02, 0x00, 0x00, 0x00, 0x00, 0x00, 0x00, 0x00, 0x04, 0x7f, 0x7f, 0x7f, 0x02,
  0x01, 0x01, 0x01, 0x00, 0x00, 0x00, 0x00, 0x00, 0x00, 0x00, 0x00, 0x00, 0x00, 0x00, 0x00, 0x00,
  0x00, 0x00, 0x00, 0x00, 0x00, 0x00, 0x00, 0x00, 0xff, 0xff, 0xff, 0x02, 0xff, 0xff, 0xff, 0x07,
  0xff, 0xff, 0xff, 0x0f, 0xe9, 0xe9, 0xe9, 0x46, 0xe5, 0xe5, 0xe5, 0x14, 0x00, 0x00, 0x00, 0x00,
  0xff, 0xff, 0xff, 0x01, 0x00, 0x00, 0x00, 0x00, 0xff, 0xff, 0xbf, 0x04, 0x48, 0x69, 0xd9, 0xdb,
  0x3b, 0x61, 0xe5, 0xff, 0x3b, 0x60, 0xde, 0xf9, 0x3d, 0x64, 0xeb, 0xff, 0x51, 0x70, 0xd7, 0xa8,
  0x00, 0x00, 0x00, 0x00, 0x00, 0x55, 0xff, 0x03, 0xff, 0xff, 0xff, 0x02, 0x00, 0x00, 0x00, 0x00,
  0xd5, 0xd5, 0xd5, 0x3d, 0xe0, 0xe0, 0xe0, 0x76, 0xf9, 0xf9, 0xf9, 0x2e, 0xf3, 0xf3, 0xf3, 0x17,
  0xff, 0xff, 0xff, 0x08, 0xff, 0xff, 0xff, 0x02, 0x00, 0x00, 0x00, 0x00, 0x00, 0x00, 0x00, 0x00,
  0x00, 0x00, 0x00, 0x00, 0x00, 0x00, 0x00, 0x00, 0x00, 0x00, 0x00, 0x00, 0x00, 0x00, 0x00, 0x02,
  0x00, 0x00, 0x00, 0x01, 0x31, 0x31, 0x31, 0x4d, 0x2b, 0x2b, 0x2b, 0xa5, 0x20, 0x20, 0x20, 0x8c,
  0x28, 0x28, 0x28, 0x91, 0xbf, 0xbf, 0xbf, 0x04, 0x02, 0x02, 0x02, 0x00, 0x30, 0x30, 0x30, 0xad,
  0x31, 0x31, 0x31, 0xcf, 0x30, 0x30, 0x30, 0xd6, 0x47, 0x47, 0x47, 0x52, 0x3f, 0x3f, 0x3f, 0x2c,
  0x2f, 0x2f, 0x2f, 0xa6, 0x31, 0x31, 0x31, 0x94, 0x48, 0x48, 0x48, 0x15, 0x00, 0x00, 0x00, 0x00,
  0x31, 0x31, 0x31, 0x71, 0x29, 0x29, 0x29, 0x8c, 0x1b, 0x1b, 0x1b, 0xa9, 0x30, 0x30, 0x30, 0x7d,
  0x00, 0x00, 0x00, 0x00, 0x00, 0x00, 0x00, 0x03, 0x00, 0x00, 0x00, 0x00, 0x00, 0x00, 0x00, 0x00,
  0x00, 0x00, 0x00, 0x00, 0xff, 0xff, 0xff, 0x02, 0xff, 0xff, 0xff, 0x07, 0xff, 0xff, 0xff, 0x0f,
  0xe9, 0xe9, 0xe9, 0x46, 0xe5, 0xe5, 0xe5, 0x14, 0x00, 0x00, 0x00, 0x00, 0xff, 0xff, 0xff, 0x01,
  0x00, 0x00, 0x00, 0x00, 0xff, 0xff, 0xbf, 0x04, 0x48, 0x66, 0xdc, 0xdb, 0x3a, 0x5d, 0xe8, 0xff,
  0x3b, 0x5c, 0xe0, 0xf9, 0x3c, 0x61, 0xee, 0xff, 0x50, 0x6d, 0xd9, 0xa8, 0x00, 0x00, 0x00, 0x00,
  0x00, 0x55, 0xff, 0x03, 0xff, 0xff, 0xff, 0x02, 0x00, 0x00, 0x00, 0x00, 0xd5, 0xd5, 0xd5, 0x3d,
  0xe0, 0xe0, 0xe0, 0x76, 0xf9, 0xf9, 0xf9, 0x2e, 0xf3, 0xf3, 0xf3, 0x17, 0xff, 0xff, 0xff, 0x08,
  0xff, 0xff, 0xff, 0x02, 0x00, 0x00, 0x00, 0x00, 0x00, 0x00, 0x00, 0x00, 0x00, 0x00, 0x00, 0x00,
  0x00, 0x00, 0x00, 0x00, 0x00, 0x00, 0x00, 0x00, 0x00, 0x00, 0x00, 0x03, 0x00, 0x00, 0x00, 0x00,
  0x3f, 0x3f, 0x3f, 0x61, 0x31, 0x31, 0x31, 0x34, 0xff, 0xff, 0xff, 0x04, 0x1e, 0x1e, 0x1e, 0xff,
  0x73, 0x73, 0x73, 0x16, 0x33, 0x33, 0x33, 0x1e, 0x26, 0x26, 0x26, 0xb3, 0x5b, 0x5b, 0x5b, 0x27,
  0x46, 0x46, 0x46, 0x36, 0xff, 0xff, 0xff, 0x03, 0x2f, 0x2f, 0x2f, 0x9c, 0x4d, 0x4d, 0x4d, 0x21,
  0x37, 0x37, 0x37, 0x78, 0x28, 0x28, 0x28, 0x4b, 0x24, 0x24, 0x24, 0x62, 0x21, 0x21, 0x21, 0xcc,
  0x8d, 0x8d, 0x8d, 0x09, 0x30, 0x30, 0x30, 0x45, 0x34, 0x34, 0x34, 0x6b, 0x00, 0x00, 0x00, 0x00,
  0x55, 0x55, 0x55, 0x03, 0x00, 0x00, 0x00, 0x00, 0x00, 0x00, 0x00, 0x00, 0x00, 0x00, 0x00, 0x00,
  0xff, 0xff, 0xff, 0x02, 0xff, 0xff, 0xff, 0x07, 0xff, 0xff, 0xff, 0x0f, 0xe9, 0xe9, 0xe9, 0x46,
  0xe5, 0xe5, 0xe5, 0x14, 0x00, 0x00, 0x00, 0x00, 0xff, 0xff, 0xff, 0x01, 0x00, 0x00, 0x00, 0x00,
  0xff, 0xff, 0xbf, 0x04, 0x47, 0x61, 0xde, 0xdb, 0x39, 0x58, 0xea, 0xff, 0x3a, 0x58, 0xe3, 0xf9,
  0x3b, 0x5b, 0xf1, 0xff, 0x4e, 0x68, 0xda, 0xa8, 0x00, 0x00, 0x00, 0x00, 0x00, 0x55, 0xff, 0x03,
  0xff, 0xff, 0xff, 0x02, 0x00, 0x00, 0x00, 0x00, 0xd5, 0xd5, 0xd5, 0x3d, 0xe0, 0xe0, 0xe0, 0x76,
  0xf9, 0xf9, 0xf9, 0x2e, 0xf3, 0xf3, 0xf3, 0x17, 0xff, 0xff, 0xff, 0x08, 0xff, 0xff, 0xff, 0x02,
  0x00, 0x00, 0x00, 0x00, 0x00, 0x00, 0x00, 0x00, 0x00, 0x00, 0x00, 0x00, 0x00, 0x00, 0x00, 0x00,
  0x00, 0x00, 0x00, 0x00, 0x00, 0x00, 0x00, 0x00, 0x00, 0x00, 0x00, 0x00, 0x01, 0x01, 0x01, 0x00,
  0x4e, 0x4e, 0x4e, 0x1a, 0x2a, 0x2a, 0x2a, 0x85, 0x23, 0x23, 0x23, 0x97, 0x01, 0x01, 0x01, 0x00,
  0x2a, 0x2a, 0x2a, 0x61, 0x29, 0x29, 0x29, 0xac, 0x13, 0x13, 0x13, 0x27, 0x00, 0x00, 0x00, 0x00,
  0x00, 0x00, 0x00, 0x00, 0x35, 0x35, 0x35, 0x4c, 0x33, 0x33, 0x33, 0x9f, 0x2f, 0x2f, 0x2f, 0x95,
  0x59, 0x59, 0x59, 0x25, 0x17, 0x17, 0x17, 0xe1, 0x3c, 0x3c, 0x3c, 0x2a, 0x00, 0x00, 0x00, 0x00,
  0x00, 0x00, 0x00, 0x00, 0x00, 0x00, 0x00, 0x00, 0x00, 0x00, 0x00, 0x00, 0x00, 0x00, 0x00, 0x00,
  0x00, 0x00, 0x00, 0x00, 0x00, 0x00, 0x00, 0x00, 0x00, 0x00, 0x00, 0x00, 0xff, 0xff, 0xff, 0x02,
  0xff, 0xff, 0xff, 0x07, 0xff, 0xff, 0xff, 0x0f, 0xe9, 0xe9, 0xe9, 0x46, 0xe5, 0xe5, 0xe5, 0x14,
  0x00, 0x00, 0x00, 0x00, 0xff, 0xff, 0xff, 0x01, 0x00, 0x00, 0x00, 0x00, 0xff, 0xff, 0xaa, 0x03,
  0x47, 0x5e, 0xe1, 0xda, 0x39, 0x55, 0xef, 0xff, 0x3a, 0x55, 0xe7, 0xf9, 0x3b, 0x58, 0xf5, 0xff,
  0x4d, 0x64, 0xde, 0xa7, 0x00, 0x00, 0x00, 0x00, 0x00, 0x55, 0xff, 0x03, 0xff, 0xff, 0xff, 0x02,
  0x00, 0x00, 0x00, 0x00, 0xd5, 0xd5, 0xd5, 0x3d, 0xe0, 0xe0, 0xe0, 0x76, 0xf9, 0xf9, 0xf9, 0x2e,
  0xf3, 0xf3, 0xf3, 0x17, 0xff, 0xff, 0xff, 0x08, 0xff, 0xff, 0xff, 0x02, 0x00, 0x00, 0x00, 0x00,
  0x00, 0x00, 0x00, 0x00, 0x00, 0x00, 0x00, 0x00, 0x00, 0x00, 0x00, 0x00, 0x00, 0x00, 0x00, 0x00,
  0xff, 0xff, 0xff, 0x01, 0x00, 0x00, 0x00, 0x03, 0x7b, 0x7b, 0x7b, 0x1f, 0x34, 0x34, 0x34, 0x9b,
  0x24, 0x24, 0x24, 0xdb, 0x70, 0x70, 0x70, 0x19, 0x00, 0x00, 0x00, 0x01, 0x30, 0x30, 0x30, 0x2f,
  0x40, 0x40, 0x40, 0x77, 0x23, 0x23, 0x23, 0xbd, 0x23, 0x23, 0x23, 0x90, 0x02, 0x02, 0x02, 0x00,
  0x00, 0x00, 0x00, 0x00, 0x47, 0x47, 0x47, 0x20, 0x5c, 0x5c, 0x5c, 0x0b, 0x24, 0x24, 0x24, 0x45,
  0x18, 0x18, 0x18, 0xd4, 0x03, 0x03, 0x03, 0x00, 0x00, 0x00, 0x00, 0x03, 0x00, 0x00, 0x00, 0x00,
  0x00, 0x00, 0x00, 0x02, 0x00, 0x00, 0x00, 0x00, 0x00, 0x00, 0x00, 0x00, 0x00, 0x00, 0x00, 0x00,
  0x00, 0x00, 0x00, 0x00, 0x00, 0x00, 0x00, 0x00, 0xff, 0xff, 0xff, 0x02, 0xff, 0xff, 0xff, 0x07,
  0xff, 0xff, 0xff, 0x0f, 0xe9, 0xe9, 0xe9, 0x46, 0xe5, 0xe5, 0xe5, 0x14, 0x00, 0x00, 0x00, 0x00,
  0xff, 0xff, 0xff, 0x01, 0x00, 0x00, 0x00, 0x00, 0xff, 0xff, 0xaa, 0x03, 0x45, 0x5b, 0xe4, 0xda,
  0x38, 0x51, 0xf2, 0xff, 0x39, 0x50, 0xe9, 0xf9, 0x3a, 0x54, 0xf8, 0xff, 0x4d, 0x61, 0xe1, 0xa7,
  0x00, 0x00, 0x00, 0x00, 0x00, 0x55, 0xff, 0x03, 0xff, 0xff, 0xff, 0x02, 0x00, 0x00, 0x00, 0x00,
  0xd5, 0xd5, 0xd5, 0x3d, 0xe0, 0xe0, 0xe0, 0x76, 0xf9, 0xf9, 0xf9, 0x2e, 0xf3, 0xf3, 0xf3, 0x17,
  0xff, 0xff, 0xff, 0x08, 0xff, 0xff, 0xff, 0x02, 0x00, 0x00, 0x00, 0x00, 0x00, 0x00, 0x00, 0x00,
  0x00, 0x00, 0x00, 0x00, 0x00, 0x00, 0x00, 0x00, 0x00, 0x00, 0x00, 0x00, 0x00, 0x00, 0x00, 0x00,
  0x01, 0x01, 0x01, 0x00, 0x00, 0x00, 0x00, 0x00, 0x00, 0x00, 0x00, 0x00, 0x1f, 0x1f, 0x1f, 0x91,
  0x0e, 0x0e, 0x0e, 0x90, 0x00, 0x00, 0x00, 0x00, 0x01, 0x01, 0x01, 0x00, 0x00, 0x00, 0x00, 0x00,
  0x3f, 0x3f, 0x3f, 0x3c, 0x1f, 0x1f, 0x1f, 0xe2, 0x04, 0x04, 0x04, 0x00, 0x00, 0x00, 0x00, 0x03,
  0x00, 0x00, 0x00, 0x00, 0x00, 0x00, 0x00, 0x00, 0x2a, 0x2a, 0x2a, 0x79, 0x23, 0x23, 0x23, 0xb5,
  0x00, 0x00, 0x00, 0x00, 0x00, 0x00, 0x00, 0x00, 0xaa, 0xaa, 0xaa, 0x03, 0x00, 0x00, 0x00, 0x00,
  0x00, 0x00, 0x00, 0x00, 0x00, 0x00, 0x00, 0x00, 0x00, 0x00, 0x00, 0x00, 0x00, 0x00, 0x00, 0x00,
  0x00, 0x00, 0x00, 0x00, 0xff, 0xff, 0xff, 0x02, 0xff, 0xff, 0xff, 0x07, 0xff, 0xff, 0xff, 0x0f,
  0xe9, 0xe9, 0xe9, 0x46, 0xe5, 0xe5, 0xe5, 0x14, 0x00, 0x00, 0x00, 0x00, 0xff, 0xff, 0xff, 0x01,
  0x00, 0x00, 0x00, 0x00, 0xff, 0xff, 0xaa, 0x03, 0x43, 0x56, 0xe6, 0xda, 0x37, 0x4c, 0xf5, 0xff,
  0x38, 0x4b, 0xec, 0xf9, 0x39, 0x4f, 0xfb, 0xff, 0x4c, 0x5e, 0xe3, 0xa7, 0x00, 0x00, 0x00, 0x00,
  0x00, 0x55, 0xff, 0x03, 0xff, 0xff, 0xff, 0x02, 0x00, 0x00, 0x00, 0x00, 0xd5, 0xd5, 0xd5, 0x3d,
  0xe0, 0xe0, 0xe0, 0x76, 0xf9, 0xf9, 0xf9, 0x2e, 0xf3, 0xf3, 0xf3, 0x17, 0xff, 0xff, 0xff, 0x08,
  0xff, 0xff, 0xff, 0x02, 0x00, 0x00, 0x00, 0x00, 0x00, 0x00, 0x00, 0x00, 0x00, 0x00, 0x00, 0x00,
  0x00, 0x00, 0x00, 0x00, 0x00, 0x00, 0x00, 0x03, 0x00, 0x00, 0x00, 0x00, 0x30, 0x30, 0x30, 0x7e,
  0x2f, 0x2f, 0x2f, 0x4b, 0x59, 0x59, 0x59, 0x14, 0x1f, 0x1f, 0x1f, 0xd2, 0x1c, 0x1c, 0x1c, 0x50,
  0x46, 0x46, 0x46, 0x3a, 0x2f, 0x2f, 0x2f, 0x86, 0x55, 0x55, 0x55, 0x12, 0x20, 0x20, 0x20, 0xac,
  0x20, 0x20, 0x20, 0x8f, 0x00, 0x00, 0x00, 0x00, 0x00, 0x00, 0x00, 0x03, 0x3f, 0x3f, 0x3f, 0x04,
  0x00, 0x00, 0x00, 0x01, 0x2b, 0x2b, 0x2b, 0x4d, 0x1d, 0x1d, 0x1d, 0xd8, 0x55, 0x55, 0x55, 0x0f,
  0x25, 0x25, 0x25, 0x65, 0x29, 0x29, 0x29, 0x88, 0x00, 0x00, 0x00, 0x00, 0x00, 0x00, 0x00, 0x03,
  0x00, 0x00, 0x00, 0x00, 0x00, 0x00, 0x00, 0x00, 0x00, 0x00, 0x00, 0x00, 0x00, 0x00, 0x00, 0x00,
  0xff, 0xff, 0xff, 0x02, 0xff, 0xff, 0xff, 0x07, 0xff, 0xff, 0xff, 0x0f, 0xe9, 0xe9, 0xe9, 0x46,
  0xe5, 0xe5, 0xe5, 0x14, 0x00, 0x00, 0x00, 0x00, 0xff, 0xff, 0xff, 0x01, 0x00, 0x00, 0x00, 0x00,
  0xff, 0xff, 0xaa, 0x03, 0x42, 0x54, 0xe8, 0xda, 0x36, 0x49, 0xf8, 0xff, 0x37, 0x48, 0xef, 0xf9,
  0x38, 0x4b, 0xfe, 0xff, 0x4c, 0x5c, 0xe5, 0xa9, 0xff, 0xff, 0xff, 0x03, 0x7f, 0x7f, 0xff, 0x06,
  0xff, 0xff, 0xff, 0x05, 0xff, 0xff, 0xff, 0x03, 0xd3, 0xd3, 0xd3, 0x40, 0xdf, 0xdf, 0xdf, 0x78,
  0xf4, 0xf4, 0xf4, 0x31, 0xeb, 0xeb, 0xeb, 0x1a, 0xff, 0xff, 0xff, 0x0b, 0xff, 0xff, 0xff, 0x05,
  0xff, 0xff, 0xff, 0x03, 0xff, 0xff, 0xff, 0x03, 0xff, 0xff, 0xff, 0x03, 0xff, 0xff, 0xff, 0x03,
  0x7f, 0x7f, 0x7f, 0x06, 0xff, 0xff, 0xff, 0x04, 0x31, 0x31, 0x31, 0x6c, 0x2d, 0x2d, 0x2d, 0x9c,
  0x39, 0x39, 0x39, 0x89, 0x38, 0x38, 0x38, 0x6d, 0x06, 0x06, 0x06, 0x00, 0x4a, 0x4a, 0x4a, 0x37,
  0x28, 0x28, 0x28, 0xa2, 0x3c, 0x3c, 0x3c, 0x88, 0x30, 0x30, 0x30, 0x83, 0xb9, 0xb9, 0xb9, 0x0b,
  0xbf, 0xbf, 0xbf, 0x04, 0xbf, 0xbf, 0xbf, 0x04, 0xbf, 0xbf, 0xbf, 0x04, 0x99, 0x99, 0x99, 0x05,
  0xff, 0xff, 0xff, 0x04, 0x2d, 0x2d, 0x2d, 0x76, 0x35, 0x35, 0x35, 0x8b, 0x29, 0x29, 0x29, 0xa0,
  0x3a, 0x3a, 0x3a, 0x3d, 0x00, 0x00, 0x00, 0x00, 0x00, 0x00, 0x00, 0x02, 0x00, 0x00, 0x00, 0x00,
  0x00, 0x00, 0x00, 0x00, 0x00, 0x00, 0x00, 0x00, 0x00, 0x00, 0x00, 0x00, 0xff, 0xff, 0xff, 0x02,
  0xff, 0xff, 0xff, 0x07, 0xff, 0xff, 0xff, 0x0f, 0xe9, 0xe9, 0xe9, 0x46, 0xe5, 0xe5, 0xe5, 0x14,
  0x00, 0x00, 0x00, 0x00, 0xff, 0xff, 0xff, 0x01, 0x00, 0x00, 0x00, 0x00, 0xff, 0xff, 0xaa, 0x03,
  0x45, 0x51, 0xef, 0xda, 0x37, 0x46, 0xff, 0xff, 0x38, 0x46, 0xf6, 0xf9, 0x3a, 0x4a, 0xff, 0xff,
  0x47, 0x55, 0xeb, 0xa1, 0x00, 0x00, 0x00, 0x00, 0x00, 0x00, 0x00, 0x00, 0x00, 0x00, 0x00, 0x00,
  0x00, 0x00, 0x00, 0x00, 0xde, 0xde, 0xde, 0x2f, 0xe9, 0xe9, 0xe9, 0x6a, 0xff, 0xff, 0xff, 0x1d,
  0xff, 0xff, 0xff, 0x06, 0x00, 0x00, 0x00, 0x00, 0x00, 0x00, 0x00, 0x00, 0x00, 0x00, 0x00, 0x00,
  0x00, 0x00, 0x00, 0x00, 0x00, 0x00, 0x00, 0x00, 0x00, 0x00, 0x00, 0x00, 0x00, 0x00, 0x00, 0x00,
  0x00, 0x00, 0x00, 0x00, 0x00, 0x00, 0x00, 0x00, 0x00, 0x00, 0x00, 0x00, 0x00, 0x00, 0x00, 0x00,
  0x00, 0x00, 0x00, 0x00, 0x00, 0x00, 0x00, 0x00, 0x00, 0x00, 0x00, 0x00, 0x00, 0x00, 0x00, 0x00,
  0x00, 0x00, 0x00, 0x00, 0x00, 0x00, 0x00, 0x00, 0x00, 0x00, 0x00, 0x00, 0x00, 0x00, 0x00, 0x00,
  0x00, 0x00, 0x00, 0x00, 0x00, 0x00, 0x00, 0x00, 0x00, 0x00, 0x00, 0x00, 0x00, 0x00, 0x00, 0x00,
  0x00, 0x00, 0x00, 0x00, 0x00, 0x00, 0x00, 0x00, 0x00, 0x00, 0x00, 0x00, 0x00, 0x00, 0x00, 0x00,
  0x00, 0x00, 0x00, 0x00, 0x00, 0x00, 0x00, 0x00, 0x00, 0x00, 0x00, 0x00, 0x00, 0x00, 0x00, 0x00,
  0x00, 0x00, 0x00, 0x00, 0x00, 0x00, 0x00, 0x00, 0xff, 0xff, 0xff, 0x02, 0xff, 0xff, 0xff, 0x07,
  0xff, 0xff, 0xff, 0x0f, 0xe9, 0xe9, 0xe9, 0x46, 0xe5, 0xe5, 0xe5, 0x14, 0x00, 0x00, 0x00, 0x00,
  0xff, 0xff, 0xff, 0x01, 0x00, 0x00, 0x00, 0x00, 0xff, 0xff, 0x7f, 0x02, 0x3d, 0x46, 0xd4, 0xd9,
  0x31, 0x3c, 0xe2, 0xff, 0x32, 0x3c, 0xd9, 0xfb, 0x2d, 0x39, 0xe1, 0xff, 0x5b, 0x64, 0xd3, 0xce,
  0xda, 0xd8, 0xce, 0x6a, 0xc6, 0xc6, 0xcb, 0x6d, 0xcb, 0xcb, 0xcb, 0x6d, 0xce, 0xce, 0xce, 0x6a,
  0xc1, 0xc1, 0xc1, 0x92, 0xc2, 0xc2, 0xc2, 0xbe, 0xca, 0xca, 0xca, 0x96, 0xcc, 0xcc, 0xcc, 0x7f,
  0xcc, 0xcc, 0xcc, 0x73, 0xcd, 0xcd, 0xcd, 0x6d, 0xcc, 0xcc, 0xcc, 0x6b, 0xcc, 0xcc, 0xcc, 0x6b,
  0xcc, 0xcc, 0xcc, 0x6b, 0xcc, 0xcc, 0xcc, 0x6b, 0xcb, 0xcb, 0xcb, 0x6c, 0xcc, 0xcc, 0xcc, 0x6b,
  0xc7, 0xc7, 0xc7, 0x6e, 0xc9, 0xc9, 0xc9, 0x6d, 0xc9, 0xc9, 0xc9, 0x6d, 0xc5, 0xc5, 0xc5, 0x6f,
  0xcb, 0xcb, 0xcb, 0x6c, 0xc9, 0xc9, 0xc9, 0x6d, 0xc5, 0xc5, 0xc5, 0x6f, 0xcb, 0xcb, 0xcb, 0x6c,
  0xc5, 0xc5, 0xc5, 0x6f, 0xcb, 0xcb, 0xcb, 0x6c, 0xcc, 0xcc, 0xcc, 0x6b, 0xcc, 0xcc, 0xcc, 0x6b,
  0xcc, 0xcc, 0xcc, 0x6b, 0xcc, 0xcc, 0xcc, 0x6b, 0xcb, 0xcb, 0xcb, 0x6c, 0xc5, 0xc5, 0xc5, 0x6f,
  0xca, 0xca, 0xca, 0x6b, 0xc7, 0xc7, 0xc7, 0x73, 0xc6, 0xc6, 0xc6, 0x5a, 0x00, 0x00, 0x00, 0x00,
  0x00, 0x00, 0x00, 0x00, 0x00, 0x00, 0x00, 0x00, 0x00, 0x00, 0x00, 0x00, 0x00, 0x00, 0x00, 0x00,
  0x00, 0x00, 0x00, 0x00, 0xff, 0xff, 0xff, 0x02, 0xff, 0xff, 0xff, 0x07, 0xff, 0xff, 0xff, 0x0f,
  0xe9, 0xe9, 0xe9, 0x46, 0xe5, 0xe5, 0xe5, 0x14, 0x00, 0x00, 0x00, 0x00, 0xff, 0xff, 0xff, 0x01,
  0x00, 0x00, 0x00, 0x00, 0xff, 0xff, 0xaa, 0x03, 0x3e, 0x48, 0xdb, 0xd9, 0x32, 0x3d, 0xe9, 0xff,
  0x34, 0x3e, 0xe0, 0xfa, 0x2f, 0x3c, 0xe8, 0xff, 0x58, 0x61, 0xd7, 0xc4, 0xd8, 0xd8, 0xcc, 0x50,
  0xc7, 0xc7, 0xcd, 0x52, 0xcd, 0xcd, 0xcd, 0x52, 0xce, 0xce, 0xce, 0x4f, 0xc4, 0xc4, 0xc4, 0x7e,
  0xc8, 0xc8, 0xc8, 0xad, 0xcf, 0xcf, 0xcf, 0x7c, 0xcf, 0xcf, 0xcf, 0x65, 0xcb, 0xcb, 0xcb, 0x59,
  0xca, 0xca, 0xca, 0x53, 0xc9, 0xc9, 0xc9, 0x51, 0xc9, 0xc9, 0xc9, 0x51, 0xc9, 0xc9, 0xc9, 0x51,
  0xc9, 0xc9, 0xc9, 0x51, 0xc9, 0xc9, 0xc9, 0x51, 0xc9, 0xc9, 0xc9, 0x51, 0xc9, 0xc9, 0xc9, 0x51,
  0xcc, 0xcc, 0xcc, 0x51, 0xcc, 0xcc, 0xcc, 0x51, 0xc9, 0xc9, 0xc9, 0x51, 0xc9, 0xc9, 0xc9, 0x51,
  0xc9, 0xc9, 0xc9, 0x51, 0xc9, 0xc9, 0xc9, 0x51, 0xcc, 0xcc, 0xcc, 0x51, 0xc9, 0xc9, 0xc9, 0x51,
  0xc9, 0xc9, 0xc9, 0x51, 0xc9, 0xc9, 0xc9, 0x51, 0xc9, 0xc9, 0xc9, 0x51, 0xc9, 0xc9, 0xc9, 0x51,
  0xc9, 0xc9, 0xc9, 0x51, 0xc9, 0xc9, 0xc9, 0x51, 0xc9, 0xc9, 0xc9, 0x51, 0xcc, 0xcc, 0xcc, 0x50,
  0xcb, 0xcb, 0xcb, 0x54, 0xcc, 0xcc, 0xcc, 0x42, 0x00, 0x00, 0x00, 0x00, 0x00, 0x00, 0x00, 0x00,
  0x00, 0x00, 0x00, 0x00, 0x00, 0x00, 0x00, 0x00, 0x00, 0x00, 0x00, 0x00, 0x00, 0x00, 0x00, 0x00,
  0xff, 0xff, 0xff, 0x02, 0xdf, 0xdf, 0xdf, 0x08, 0xff, 0xff, 0xff, 0x0f, 0xe9, 0xe9, 0xe9, 0x48,
  0xe6, 0xe6, 0xe6, 0x15, 0x00, 0x00, 0x00, 0x00, 0xff, 0xff, 0xff, 0x01, 0x00, 0x00, 0x00, 0x00,
  0xff, 0xff, 0xaa, 0x03, 0x45, 0x4f, 0xf0, 0xda, 0x37, 0x43, 0xff, 0xff, 0x38, 0x43, 0xf6, 0xf9,
  0x3a, 0x47, 0xff, 0xff, 0x46, 0x51, 0xed, 0xa0, 0x00, 0x00, 0x00, 0x00, 0x00, 0x00, 0x00, 0x00,
  0x00, 0x00, 0x00, 0x00, 0x00, 0x00, 0x00, 0x00, 0xd7, 0xd7, 0xd7, 0x33, 0xe5, 0xe5, 0xe5, 0x70,
  0xff, 0xff, 0xff, 0x21, 0xff, 0xff, 0xff, 0x08, 0x00, 0x00, 0x00, 0x00, 0x00, 0x00, 0x00, 0x00,
  0x00, 0x00, 0x00, 0x00, 0x00, 0x00, 0x00, 0x00, 0x00, 0x00, 0x00, 0x00, 0x00, 0x00, 0x00, 0x00,
  0x00, 0x00, 0x00, 0x00, 0x00, 0x00, 0x00, 0x00, 0x00, 0x00, 0x00, 0x00, 0x00, 0x00, 0x00, 0x00,
  0x00, 0x00, 0x00, 0x00, 0x00, 0x00, 0x00, 0x00, 0x00, 0x00, 0x00, 0x00, 0x00, 0x00, 0x00, 0x00,
  0x00, 0x00, 0x00, 0x00, 0x00, 0x00, 0x00, 0x00, 0x00, 0x00, 0x00, 0x00, 0x00, 0x00, 0x00, 0x00,
  0x00, 0x00, 0x00, 0x00, 0x00, 0x00, 0x00, 0x00, 0x00, 0x00, 0x00, 0x00, 0x00, 0x00, 0x00, 0x00,
  0x00, 0x00, 0x00, 0x00, 0x00, 0x00, 0x00, 0x00, 0x00, 0x00, 0x00, 0x00, 0x00, 0x00, 0x00, 0x00,
  0x00, 0x00, 0x00, 0x00, 0x00, 0x00, 0x00, 0x00, 0x00, 0x00, 0x00, 0x00, 0x00, 0x00, 0x00, 0x00,
  0x00, 0x00, 0x00, 0x00, 0x00, 0x00, 0x00, 0x00, 0x00, 0x00, 0x00, 0x00, 0xff, 0xff, 0xff, 0x02,
  0xff, 0xff, 0xff, 0x07, 0xff, 0xff, 0xff, 0x13, 0xe7, 0xe7, 0xe7, 0x4b, 0xda, 0xda, 0xda, 0x15,
  0x00, 0x00, 0x00, 0x00, 0xff, 0xff, 0xff, 0x01, 0x00, 0x00, 0x00, 0x00, 0xff, 0xff, 0xaa, 0x03,
  0x43, 0x4e, 0xec, 0xda, 0x36, 0x42, 0xfc, 0xff, 0x37, 0x42, 0xf2, 0xf9, 0x38, 0x45, 0xfe, 0xff,
  0x4a, 0x55, 0xe9, 0xa7, 0xaa, 0xaa, 0xaa, 0x03, 0x55, 0x55, 0xd4, 0x06, 0xaa, 0xaa, 0xaa, 0x06,
  0xaa, 0xaa, 0xaa, 0x03, 0xce, 0xce, 0xce, 0x45, 0xda, 0xda, 0xda, 0x85, 0xed, 0xed, 0xed, 0x39,
  0xee, 0xee, 0xee, 0x1e, 0xff, 0xff, 0xff, 0x0b, 0xcc, 0xcc, 0xcc, 0x05, 0xaa, 0xaa, 0xaa, 0x03,
  0xaa, 0xaa, 0xaa, 0x03, 0xaa, 0xaa, 0xaa, 0x03, 0xaa, 0xaa, 0xaa, 0x03, 0xaa, 0xaa, 0xaa, 0x03,
  0xaa, 0xaa, 0xaa, 0x03, 0xaa, 0xaa, 0xaa, 0x03, 0xaa, 0xaa, 0xaa, 0x03, 0xaa, 0xaa, 0xaa, 0x03,
  0xaa, 0xaa, 0xaa, 0x03, 0xaa, 0xaa, 0xaa, 0x03, 0xaa, 0xaa, 0xaa, 0x03, 0xaa, 0xaa, 0xaa, 0x03,
  0xaa, 0xaa, 0xaa, 0x03, 0xaa, 0xaa, 0xaa, 0x03, 0xaa, 0xaa, 0xaa, 0x03, 0xaa, 0xaa, 0xaa, 0x03,
  0xaa, 0xaa, 0xaa, 0x03, 0xaa, 0xaa, 0xaa, 0x03, 0xaa, 0xaa, 0xaa, 0x03, 0xaa, 0xaa, 0xaa, 0x03,
  0xaa, 0xaa, 0xaa, 0x03, 0xaa, 0xaa, 0xaa, 0x03, 0xaa, 0xaa, 0xaa, 0x03, 0xff, 0xff, 0xff, 0x02,
  0x00, 0x00, 0x00, 0x00, 0x00, 0x00, 0x00, 0x00, 0x00, 0x00, 0x00, 0x00, 0x00, 0x00, 0x00, 0x00,
  0x00, 0x00, 0x00, 0x00, 0x00, 0x00, 0x00, 0x00, 0xff, 0xff, 0xff, 0x02, 0xe7, 0xe7, 0xe7, 0x0b,
  0xff, 0xff, 0xff, 0x15, 0xe2, 0xe2, 0xe2, 0x63, 0xdb, 0xdb, 0xdb, 0x1d, 0x00, 0x00, 0x00, 0x00,
  0x7f, 0x7f, 0x7f, 0x02, 0x00, 0x00, 0x00, 0x00, 0xff, 0xff, 0xaa, 0x03, 0x43, 0x4e, 0xed, 0xda,
  0x36, 0x42, 0xfd, 0xff, 0x37, 0x42, 0xf3, 0xf9, 0x38, 0x45, 0xff, 0xff, 0x49, 0x54, 0xe9, 0xa6,
  0x00, 0x00, 0x00, 0x00, 0x00, 0x00, 0xff, 0x03, 0xff, 0xff, 0xff, 0x03, 0x00, 0x00, 0x00, 0x00,
  0xc6, 0xc6, 0xc6, 0x55, 0xd5, 0xd5, 0xd5, 0xa0, 0xf2, 0xf2, 0xf2, 0x3d, 0xef, 0xef, 0xef, 0x21,
  0xff, 0xff, 0xff, 0x0c, 0xff, 0xff, 0xff, 0x02, 0x00, 0x00, 0x00, 0x00, 0x00, 0x00, 0x00, 0x00,
  0x00, 0x00, 0x00, 0x00, 0x00, 0x00, 0x00, 0x00, 0x00, 0x00, 0x00, 0x00, 0x00, 0x00, 0x00, 0x00,
  0x00, 0x00, 0x00, 0x00, 0x00, 0x00, 0x00, 0x00, 0x00, 0x00, 0x00, 0x00, 0x00, 0x00, 0x00, 0x00,
  0x00, 0x00, 0x00, 0x00, 0x00, 0x00, 0x00, 0x00, 0x00, 0x00, 0x00, 0x00, 0x00, 0x00, 0x00, 0x00,
  0x00, 0x00, 0x00, 0x00, 0x00, 0x00, 0x00, 0x00, 0x00, 0x00, 0x00, 0x00, 0x00, 0x00, 0x00, 0x00,
  0x00, 0x00, 0x00, 0x00, 0x00, 0x00, 0x00, 0x00, 0x00, 0x00, 0x00, 0x00, 0x00, 0x00, 0x00, 0x00,
  0x00, 0x00, 0x00, 0x00, 0x00, 0x00, 0x00, 0x00, 0x00, 0x00, 0x00, 0x00, 0x00, 0x00, 0x00, 0x00,
  0x00, 0x00, 0x00, 0x00, 0x00, 0x00, 0x00, 0x00, 0x00, 0x00, 0x00, 0x00, 0x00, 0x00, 0x00, 0x00,
  0x00, 0x00, 0x00, 0x00, 0xff, 0xff, 0xff, 0x06, 0xff, 0xff, 0xff, 0x0c, 0xf0, 0xf0, 0xf0, 0x35,
  0xe3, 0xe3, 0xe3, 0x5c, 0xdd, 0xdd, 0xdd, 0x0f, 0x00, 0x00, 0x00, 0x00, 0x7f, 0x7f, 0xff, 0x02,
  0x00, 0x00, 0x00, 0x00, 0xff, 0xff, 0xaa, 0x03, 0x43, 0x4e, 0xed, 0xda, 0x36, 0x42, 0xfd, 0xff,
  0x37, 0x42, 0xf3, 0xf9, 0x38, 0x45, 0xff, 0xff, 0x49, 0x54, 0xe9, 0xa6, 0x00, 0x00, 0x00, 0x00,
  0x00, 0x00, 0xff, 0x03, 0xff, 0xff, 0xff, 0x02, 0x00, 0x00, 0x00, 0x00, 0xc7, 0xc7, 0xc7, 0x2e,
  0xd5, 0xd5, 0xd5, 0xa1, 0xe4, 0xe4, 0xe4, 0x62, 0xf8, 0xf8, 0xf8, 0x27, 0xff, 0xff, 0xff, 0x12,
  0xff, 0xff, 0xff, 0x06, 0x00, 0x00, 0x00, 0x00, 0x00, 0x00, 0x00, 0x00, 0x00, 0x00, 0x00, 0x00,
  0x00, 0x00, 0x00, 0x00, 0x00, 0x00, 0x00, 0x00, 0x00, 0x00, 0x00, 0x00, 0x00, 0x00, 0x00, 0x00,
  0x00, 0x00, 0x00, 0x00, 0x00, 0x00, 0x00, 0x00, 0x00, 0x00, 0x00, 0x00, 0x00, 0x00, 0x00, 0x00,
  0x00, 0x00, 0x00, 0x00, 0x00, 0x00, 0x00, 0x00, 0x00, 0x00, 0x00, 0x00, 0x00, 0x00, 0x00, 0x00,
  0x00, 0x00, 0x00, 0x00, 0x00, 0x00, 0x00, 0x00, 0x00, 0x00, 0x00, 0x00, 0x00, 0x00, 0x00, 0x00,
  0x00, 0x00, 0x00, 0x00, 0x00, 0x00, 0x00, 0x00, 0x00, 0x00, 0x00, 0x00, 0x00, 0x00, 0x00, 0x00,
  0x00, 0x00, 0x00, 0x00, 0x00, 0x00, 0x00, 0x00, 0x00, 0x00, 0x00, 0x00, 0x00, 0x00, 0x00, 0x00,
  0x00, 0x00, 0x00, 0x00, 0x00, 0x00, 0x00, 0x00, 0x00, 0x00, 0x00, 0x00, 0xff, 0xff, 0xff, 0x02,
  0xff, 0xff, 0xff, 0x08, 0xf8, 0xf8, 0xf8, 0x26, 0xeb, 0xeb, 0xeb, 0x40, 0xee, 0xee, 0xee, 0x0f,
  0x00, 0x00, 0x00, 0x00, 0x00, 0x00, 0x00, 0x00, 0x00, 0x00, 0xff, 0x01, 0x00, 0x00, 0x00, 0x00,
  0xff, 0xff, 0xaa, 0x03, 0x43, 0x4e, 0xed, 0xda, 0x36, 0x42, 0xfd, 0xff, 0x37, 0x42, 0xf3, 0xf9,
  0x38, 0x45, 0xff, 0xff, 0x49, 0x54, 0xe9, 0xa6, 0x00, 0x00, 0x00, 0x00, 0x00, 0x00, 0xff, 0x03,
  0x00, 0x00, 0x00, 0x00, 0x00, 0x00, 0x00, 0x01, 0x00, 0x00, 0x00, 0x00, 0xe3, 0xe3, 0xe3, 0x2e,
  0xdf, 0xdf, 0xdf, 0x7a, 0xe9, 0xe9, 0xe9, 0x47, 0xff, 0xff, 0xff, 0x18, 0xff, 0xff, 0xff, 0x0b,
  0xff, 0xff, 0xff, 0x02, 0xff, 0xff, 0xff, 0x01, 0x00, 0x00, 0x00, 0x00, 0x00, 0x00, 0x00, 0x00,
  0x00, 0x00, 0x00, 0x00, 0x00, 0x00, 0x00, 0x00, 0x00, 0x00, 0x00, 0x00, 0x00, 0x00, 0x00, 0x00,
  0x00, 0x00, 0x00, 0x00, 0x00, 0x00, 0x00, 0x00, 0x00, 0x00, 0x00, 0x00, 0x00, 0x00, 0x00, 0x00,
  0x00, 0x00, 0x00, 0x00, 0x00, 0x00, 0x00, 0x00, 0x00, 0x00, 0x00, 0x00, 0x00, 0x00, 0x00, 0x00,
  0x00, 0x00, 0x00, 0x00, 0x00, 0x00, 0x00, 0x00, 0x00, 0x00, 0x00, 0x00, 0x00, 0x00, 0x00, 0x00,
  0x00, 0x00, 0x00, 0x00, 0x00, 0x00, 0x00, 0x00, 0x00, 0x00, 0x00, 0x00, 0x00, 0x00, 0x00, 0x00,
  0x00, 0x00, 0x00, 0x00, 0x00, 0x00, 0x00, 0x00, 0x00, 0x00, 0x00, 0x00, 0x00, 0x00, 0x00, 0x00,
  0x00, 0x00, 0x00, 0x00, 0xff, 0xff, 0xff, 0x01, 0xff, 0xff, 0xff, 0x03, 0xf3, 0xf3, 0xf3, 0x17,
  0xed, 0xed, 0xed, 0x47, 0xe6, 0xe6, 0xe6, 0x15, 0x00, 0x00, 0x00, 0x00, 0xff, 0xff, 0xff, 0x01,
  0x00, 0x00, 0x00, 0x00, 0x00, 0x00, 0xff, 0x01, 0x00, 0x00, 0x00, 0x00, 0xff, 0xff, 0xaa, 0x03,
  0x43, 0x4e, 0xed, 0xda, 0x36, 0x42, 0xfd, 0xff, 0x37, 0x42, 0xf3, 0xf9, 0x38, 0x45, 0xff, 0xff,
  0x49, 0x54, 0xe9, 0xa6, 0x00, 0x00, 0x00, 0x00, 0x00, 0x00, 0xff, 0x03, 0x00, 0x00, 0x00, 0x00,
  0x00, 0x00, 0x00, 0x00, 0xff, 0xff, 0xff, 0x02, 0x00, 0x00, 0x00, 0x00, 0xe2, 0xe2, 0xe2, 0x3e,
  0xe1, 0xe1, 0xe1, 0x72, 0xf8, 0xf8, 0xf8, 0x28, 0xff, 0xff, 0xff, 0x12, 0xff, 0xff, 0xff, 0x05,
  0xff, 0xff, 0xff, 0x02, 0x00, 0x00, 0x00, 0x00, 0x00, 0x00, 0x00, 0x00, 0x00, 0x00, 0x00, 0x00,
  0x00, 0x00, 0x00, 0x00, 0x00, 0x00, 0x00, 0x00, 0x00, 0x00, 0x00, 0x00, 0x00, 0x00, 0x00, 0x00,
  0x00, 0x00, 0x00, 0x00, 0x00, 0x00, 0x00, 0x00, 0x00, 0x00, 0x00, 0x00, 0x00, 0x00, 0x00, 0x00,
  0x00, 0x00, 0x00, 0x00, 0x00, 0x00, 0x00, 0x00, 0x00, 0x00, 0x00, 0x00, 0x00, 0x00, 0x00, 0x00,
  0x00, 0x00, 0x00, 0x00, 0x00, 0x00, 0x00, 0x00, 0x00, 0x00, 0x00, 0x00, 0x00, 0x00, 0x00, 0x00,
  0x00, 0x00, 0x00, 0x00, 0x00, 0x00, 0x00, 0x00, 0x00, 0x00, 0x00, 0x00, 0x00, 0x00, 0x00, 0x00,
  0x00, 0x00, 0x00, 0x00, 0x00, 0x00, 0x00, 0x00, 0x00, 0x00, 0x00, 0x00, 0x00, 0x00, 0x00, 0x00,
  0xff, 0xff, 0xff, 0x03, 0xff, 0xff, 0xff, 0x09, 0xf0, 0xf0, 0xf0, 0x36, 0xe9, 0xe9, 0xe9, 0x23,
  0x00, 0x00, 0x00, 0x00, 0xff, 0xff, 0xff, 0x01, 0x00, 0x00, 0x00, 0x00, 0x00, 0x00, 0x00, 0x00,
  0x00, 0xff, 0xff, 0x01, 0xff, 0xff, 0xff, 0x01, 0xff, 0xff, 0xaa, 0x06, 0x42, 0x4d, 0xed, 0xda,
  0x36, 0x42, 0xfd, 0xff, 0x37, 0x42, 0xf3, 0xf9, 0x38, 0x45, 0xff, 0xff, 0x48, 0x52, 0xe9, 0xa6,
  0x55, 0x55, 0xff, 0x03, 0x00, 0x3f, 0xff, 0x04, 0x00, 0x00, 0x00, 0x00, 0x00, 0x00, 0x00, 0x00,
  0x00, 0x00, 0x00, 0x00, 0xff, 0xff, 0xff, 0x02, 0xd4, 0xd4, 0xd4, 0x06, 0xe4, 0xe4, 0xe4, 0x4d,
  0xe8, 0xe8, 0xe8, 0x4e, 0xff, 0xff, 0xff, 0x1a, 0xff, 0xff, 0xff, 0x0c, 0xff, 0xff, 0xff, 0x04,
  0x00, 0x00, 0x00, 0x00, 0x00, 0x00, 0x00, 0x00, 0x00, 0x00, 0x00, 0x00, 0x00, 0x00, 0x00, 0x00,
  0x00, 0x00, 0x00, 0x00, 0x00, 0x00, 0x00, 0x00, 0x00, 0x00, 0x00, 0x00, 0x00, 0x00, 0x00, 0x00,
  0x00, 0x00, 0x00, 0x00, 0x00, 0x00, 0x00, 0x00, 0x00, 0x00, 0x00, 0x00, 0x00, 0x00, 0x00, 0x00,
  0x00, 0x00, 0x00, 0x00, 0x00, 0x00, 0x00, 0x00, 0x00, 0x00, 0x00, 0x00, 0x00, 0x00, 0x00, 0x00,
  0x00, 0x00, 0x00, 0x00, 0x00, 0x00, 0x00, 0x00, 0x00, 0x00, 0x00, 0x00, 0x00, 0x00, 0x00, 0x00,
  0x00, 0x00, 0x00, 0x00, 0x00, 0x00, 0x00, 0x00, 0x00, 0x00, 0x00, 0x00, 0x00, 0x00, 0x00, 0x00,
  0x00, 0x00, 0x00, 0x00, 0x00, 0x00, 0x00, 0x00, 0xff, 0xff, 0xff, 0x02, 0xff, 0xff, 0xff, 0x03,
  0xf4, 0xf4, 0xf4, 0x18, 0xf0, 0xf0, 0xf0, 0x36, 0xff, 0xff, 0xff, 0x08, 0x00, 0x00, 0x00, 0x00,
  0x00, 0x00, 0x00, 0x00, 0x00, 0x00, 0x00, 0x00, 0x00, 0x00, 0x00, 0x00, 0xff, 0xff, 0xff, 0x02,
  0x00, 0x00, 0x00, 0x00, 0x06, 0x05, 0x00, 0x00, 0x47, 0x52, 0xec, 0xdc, 0x35, 0x41, 0xfd, 0xff,
  0x37, 0x42, 0xf3, 0xf9, 0x37, 0x44, 0xff, 0xff, 0x51, 0x5c, 0xe9, 0xa6, 0x00, 0x00, 0x00, 0x00,
  0x00, 0x00, 0xff, 0x04, 0xff, 0xff, 0xff, 0x01, 0x00, 0x00, 0x00, 0x00, 0x00, 0x00, 0x00, 0x00,
  0xff, 0xff, 0xff, 0x01, 0x00, 0x00, 0x00, 0x00, 0xe8, 0xe8, 0xe8, 0x22, 0xe8, 0xe8, 0xe8, 0x64,
  0xf2, 0xf2, 0xf2, 0x28, 0xff, 0xff, 0xff, 0x11, 0xff, 0xff, 0xff, 0x07, 0xff, 0xff, 0xff, 0x02,
  0x00, 0x00, 0x00, 0x00, 0x00, 0x00, 0x00, 0x00, 0x00, 0x00, 0x00, 0x00, 0x00, 0x00, 0x00, 0x00,
  0x00, 0x00, 0x00, 0x00, 0x00, 0x00, 0x00, 0x00, 0x00, 0x00, 0x00, 0x00, 0x00, 0x00, 0x00, 0x00,
  0x00, 0x00, 0x00, 0x00, 0x00, 0x00, 0x00, 0x00, 0x00, 0x00, 0x00, 0x00, 0x00, 0x00, 0x00, 0x00,
  0x00, 0x00, 0x00, 0x00, 0x00, 0x00, 0x00, 0x00, 0x00, 0x00, 0x00, 0x00, 0x00, 0x00, 0x00, 0x00,
  0x00, 0x00, 0x00, 0x00, 0x00, 0x00, 0x00, 0x00, 0x00, 0x00, 0x00, 0x00, 0x00, 0x00, 0x00, 0x00,
  0x00, 0x00, 0x00, 0x00, 0x00, 0x00, 0x00, 0x00, 0x00, 0x00, 0x00, 0x00, 0x00, 0x00, 0x00, 0x00,
  0x00, 0x00, 0x00, 0x00, 0xff, 0xff, 0xff, 0x01, 0xff, 0xff, 0xff, 0x05, 0xf2, 0xf2, 0xf2, 0x2a,
  0xf1, 0xf1, 0xf1, 0x25, 0x00, 0x00, 0x00, 0x00, 0xff, 0xff, 0xff, 0x01, 0x00, 0x00, 0x00, 0x00,
  0x00, 0x00, 0x00, 0x00, 0xff, 0xff, 0xff, 0x01, 0x00, 0x00, 0xff, 0x01, 0xff, 0xff, 0xff, 0x0f,
  0xad, 0xb5, 0xf2, 0x8a, 0x43, 0x4e, 0xf0, 0xf7, 0x34, 0x3f, 0xf6, 0xff, 0x37, 0x43, 0xf3, 0xfd,
  0x33, 0x3f, 0xf8, 0xff, 0x54, 0x5f, 0xef, 0xe6, 0xc2, 0xc5, 0xec, 0x6e, 0x02, 0x02, 0x00, 0x00,
  0x00, 0x00, 0xff, 0x01, 0x00, 0x00, 0x00, 0x00, 0x00, 0x00, 0x00, 0x00, 0x00, 0x00, 0x00, 0x00,
  0x00, 0x00, 0x00, 0x00, 0xff, 0xff, 0xff, 0x02, 0xe2, 0xe2, 0xe2, 0x62, 0xeb, 0xeb, 0xeb, 0x40,
  0xff, 0xff, 0xff, 0x17, 0xff, 0xff, 0xff, 0x0a, 0xff, 0xff, 0xff, 0x02, 0x00, 0x00, 0x00, 0x00,
  0x00, 0x00, 0x00, 0x00, 0x00, 0x00, 0x00, 0x00, 0x00, 0x00, 0x00, 0x00, 0x00, 0x00, 0x00, 0x00,
  0x00, 0x00, 0x00, 0x00, 0x00, 0x00, 0x00, 0x00, 0x00, 0x00, 0x00, 0x00, 0x00, 0x00, 0x00, 0x00,
  0x00, 0x00, 0x00, 0x00, 0x00, 0x00, 0x00, 0x00, 0x00, 0x00, 0x00, 0x00, 0x00, 0x00, 0x00, 0x00,
  0x00, 0x00, 0x00, 0x00, 0x00, 0x00, 0x00, 0x00, 0x00, 0x00, 0x00, 0x00, 0x00, 0x00, 0x00, 0x00,
  0x00, 0x00, 0x00, 0x00, 0x00, 0x00, 0x00, 0x00, 0x00, 0x00, 0x00, 0x00, 0x00, 0x00, 0x00, 0x00,
  0x00, 0x00, 0x00, 0x00, 0x00, 0x00, 0x00, 0x00, 0x00, 0x00, 0x00, 0x00, 0x00, 0x00, 0x00, 0x00,
  0xff, 0xff, 0xff, 0x03, 0xff, 0xff, 0xff, 0x0c, 0xf0, 0xf0, 0xf0, 0x35, 0xe7, 0xe7, 0xe7, 0x16,
  0x00, 0x00, 0x00, 0x00, 0xff, 0xff, 0xff, 0x01, 0x00, 0x00, 0x00, 0x00, 0x00, 0x00, 0x00, 0x00,
  0x7f, 0x7f, 0xff, 0x02, 0x05, 0x04, 0x00, 0x00, 0x93, 0x9b, 0xf8, 0xa1, 0x5c, 0x67, 0xff, 0xff,
  0x30, 0x3d, 0xf3, 0xfe, 0x37, 0x43, 0xf4, 0xff, 0x36, 0x42, 0xf4, 0xff, 0x36, 0x42, 0xf3, 0xff,
  0x33, 0x3f, 0xf6, 0xff, 0x6b, 0x75, 0xff, 0xff, 0xa4, 0xa9, 0xfa, 0x6b, 0x00, 0x00, 0x00, 0x00,
  0xaa, 0xaa, 0xaa, 0x03, 0x00, 0x00, 0x00, 0x00, 0x00, 0x00, 0x00, 0x00, 0x00, 0x00, 0x00, 0x00,
  0x00, 0x00, 0x00, 0x00, 0xe9, 0xe9, 0xe9, 0x46, 0xe9, 0xe9, 0xe9, 0x53, 0xff, 0xff, 0xff, 0x1d,
  0xff, 0xff, 0xff, 0x0e, 0xff, 0xff, 0xff, 0x04, 0xff, 0xff, 0xff, 0x01, 0x00, 0x00, 0x00, 0x00,
  0x00, 0x00, 0x00, 0x00, 0x00, 0x00, 0x00, 0x00, 0x00, 0x00, 0x00, 0x00, 0x00, 0x00, 0x00, 0x00,
  0x00, 0x00, 0x00, 0x00, 0x00, 0x00, 0x00, 0x00, 0x00, 0x00, 0x00, 0x00, 0x00, 0x00, 0x00, 0x00,
  0x00, 0x00, 0x00, 0x00, 0x00, 0x00, 0x00, 0x00, 0x00, 0x00, 0x00, 0x00, 0x00, 0x00, 0x00, 0x00,
  0x00, 0x00, 0x00, 0x00, 0x00, 0x00, 0x00, 0x00, 0x00, 0x00, 0x00, 0x00, 0x00, 0x00, 0x00, 0x00,
  0x00, 0x00, 0x00, 0x00, 0x00, 0x00, 0x00, 0x00, 0x00, 0x00, 0x00, 0x00, 0x00, 0x00, 0x00, 0x00,
  0x00, 0x00, 0x00, 0x00, 0x00, 0x00, 0x00, 0x00, 0x00, 0x00, 0x00, 0x00, 0xff, 0xff, 0xff, 0x04,
  0xff, 0xff, 0xff, 0x11, 0xee, 0xee, 0xee, 0x3c, 0xff, 0xff, 0xff, 0x09, 0x00, 0x00, 0x00, 0x00,
  0x00, 0x00, 0x00, 0x00, 0x00, 0x00, 0x00, 0x00, 0x7f, 0x7f, 0xff, 0x02, 0x00, 0x00, 0x00, 0x00,
  0xd0, 0xd6, 0xf6, 0x58, 0x50, 0x5b, 0xf7, 0xfb, 0x2c, 0x38, 0xf6, 0xfb, 0x37, 0x43, 0xf3, 0xfe,
  0x36, 0x42, 0xf4, 0xff, 0x36, 0x42, 0xf4, 0xff, 0x36, 0x42, 0xf4, 0xff, 0x36, 0x42, 0xf3, 0xfc,
  0x2c, 0x39, 0xfa, 0xfc, 0x68, 0x72, 0xf9, 0xe1, 0xff, 0xff, 0xf4, 0x32, 0x00, 0x00, 0x00, 0x01,
  0x7f, 0x7f, 0xff, 0x02, 0x00, 0x00, 0x00, 0x00, 0x00, 0x00, 0x00, 0x01, 0x00, 0x00, 0x00, 0x00,
  0xec, 0xec, 0xec, 0x2a, 0xe2, 0xe2, 0xe2, 0x61, 0xf7, 0xf7, 0xf7, 0x24, 0xff, 0xff, 0xff, 0x11,
  0xff, 0xff, 0xff, 0x06, 0xff, 0xff, 0xff, 0x01, 0x00, 0x00, 0x00, 0x00, 0x00, 0x00, 0x00, 0x00,
  0x00, 0x00, 0x00, 0x00, 0x00, 0x00, 0x00, 0x00, 0x00, 0x00, 0x00, 0x00, 0x00, 0x00, 0x00, 0x00,
  0x00, 0x00, 0x00, 0x00, 0x00, 0x00, 0x00, 0x00, 0x00, 0x00, 0x00, 0x00, 0x00, 0x00, 0x00, 0x00,
  0x00, 0x00, 0x00, 0x00, 0x00, 0x00, 0x00, 0x00, 0x00, 0x00, 0x00, 0x00, 0x00, 0x00, 0x00, 0x00,
  0x00, 0x00, 0x00, 0x00, 0x00, 0x00, 0x00, 0x00, 0x00, 0x00, 0x00, 0x00, 0x00, 0x00, 0x00, 0x00,
  0x00, 0x00, 0x00, 0x00, 0x00, 0x00, 0x00, 0x00, 0x00, 0x00, 0x00, 0x00, 0x00, 0x00, 0x00, 0x00,
  0x00, 0x00, 0x00, 0x00, 0x00, 0x00, 0x00, 0x00, 0xff, 0xff, 0xff, 0x03, 0xf2, 0xf2, 0xf2, 0x15,
  0xeb, 0xeb, 0xeb, 0x42, 0xaa, 0xaa, 0xaa, 0x03, 0x00, 0x00, 0x00, 0x00, 0x00, 0x00, 0x00, 0x00,
  0x00, 0x00, 0x00, 0x00, 0x55, 0x55, 0xff, 0x03, 0x00, 0x00, 0x00, 0x00, 0x7f, 0x87, 0xed, 0xba,
  0x44, 0x4f, 0xff, 0xfe, 0x33, 0x3f, 0xf3, 0xfc, 0x36, 0x42, 0xf4, 0xff, 0x36, 0x42, 0xf4, 0xff,
  0x36, 0x42, 0xf4, 0xff, 0x36, 0x42, 0xf4, 0xff, 0x37, 0x43, 0xf4, 0xff, 0x30, 0x3c, 0xf3, 0xfb,
  0x55, 0x60, 0xff, 0xff, 0x8e, 0x94, 0xec, 0x7d, 0x00, 0x00, 0x00, 0x00, 0x7f, 0x7f, 0xff, 0x04,
  0x00, 0x00, 0x00, 0x00, 0xff, 0xff, 0xff, 0x01, 0x00, 0x00, 0x00, 0x00, 0xe1, 0xe1, 0xe1, 0x1a,
  0xe1, 0xe1, 0xe1, 0x69, 0xf8, 0xf8, 0xf8, 0x2a, 0xf2, 0xf2, 0xf2, 0x14, 0xff, 0xff, 0xff, 0x05,
  0xff, 0xff, 0xff, 0x01, 0x00, 0x00, 0x00, 0x00, 0x00, 0x00, 0x00, 0x00, 0x00, 0x00, 0x00, 0x00,
  0x00, 0x00, 0x00, 0x00, 0x00, 0x00, 0x00, 0x00, 0x00, 0x00, 0x00, 0x00, 0x00, 0x00, 0x00, 0x00,
  0x00, 0x00, 0x00, 0x00, 0x00, 0x00, 0x00, 0x00, 0x00, 0x00, 0x00, 0x00, 0x00, 0x00, 0x00, 0x00,
  0x00, 0x00, 0x00, 0x00, 0x00, 0x00, 0x00, 0x00, 0x00, 0x00, 0x00, 0x00, 0x00, 0x00, 0x00, 0x00,
  0x00, 0x00, 0x00, 0x00, 0x00, 0x00, 0x00, 0x00, 0x00, 0x00, 0x00, 0x00, 0x00, 0x00, 0x00, 0x00,
  0x00, 0x00, 0x00, 0x00, 0x00, 0x00, 0x00, 0x00, 0x00, 0x00, 0x00, 0x00, 0x00, 0x00, 0x00, 0x00,
  0x00, 0x00, 0x00, 0x00, 0xff, 0xff, 0xff, 0x03, 0xf2, 0xf2, 0xf2, 0x15, 0xe8, 0xe8, 0xe8, 0x43,
  0x00, 0x00, 0x00, 0x01, 0x00, 0x00, 0x00, 0x00, 0x00, 0x00, 0x00, 0x00, 0x00, 0x00, 0x00, 0x00,
  0x55, 0x55, 0xff, 0x03, 0x01, 0x00, 0x00, 0x00, 0x4c, 0x58, 0xeb, 0xb8, 0x39, 0x45, 0xff, 0xff,
  0x36, 0x41, 0xf3, 0xfc, 0x36, 0x42, 0xf4, 0xff, 0x36, 0x42, 0xf4, 0xff, 0x36, 0x42, 0xf4, 0xff,
  0x36, 0x42, 0xf4, 0xff, 0x36, 0x42, 0xf4, 0xff, 0x35, 0x41, 0xf4, 0xfb, 0x3d, 0x4a, 0xff, 0xfe,
  0x55, 0x61, 0xe6, 0x7e, 0x00, 0x00, 0x00, 0x00, 0x3f, 0x3f, 0xff, 0x04, 0x00, 0x00, 0x00, 0x00,
  0xff, 0xff, 0xff, 0x01, 0x00, 0x00, 0x00, 0x00, 0xd4, 0xd4, 0xd4, 0x18, 0xe0, 0xe0, 0xe0, 0x6c,
  0xf3, 0xf3, 0xf3, 0x2c, 0xff, 0xff, 0xff, 0x14, 0xff, 0xff, 0xff, 0x05, 0xff, 0xff, 0xff, 0x01,
  0x00, 0x00, 0x00, 0x00, 0x00, 0x00, 0x00, 0x00, 0x00, 0x00, 0x00, 0x00, 0x00, 0x00, 0x00, 0x00,
  0x00, 0x00, 0x00, 0x00, 0x00, 0x00, 0x00, 0x00, 0x00, 0x00, 0x00, 0x00, 0x00, 0x00, 0x00, 0x00,
  0x00, 0x00, 0x00, 0x00, 0x00, 0x00, 0x00, 0x00, 0x00, 0x00, 0x00, 0x00, 0x00, 0x00, 0x00, 0x00,
  0x00, 0x00, 0x00, 0x00, 0x00, 0x00, 0x00, 0x00, 0x00, 0x00, 0x00, 0x00, 0x00, 0x00, 0x00, 0x00,
  0x00, 0x00, 0x00, 0x00, 0x00, 0x00, 0x00, 0x00, 0x00, 0x00, 0x00, 0x00, 0x00, 0x00, 0x00, 0x00,
  0x00, 0x00, 0x00, 0x00, 0x00, 0x00, 0x00, 0x00, 0x00, 0x00, 0x00, 0x00, 0x00, 0x00, 0x00, 0x00,
  0xff, 0xff, 0xff, 0x03, 0xff, 0xff, 0xff, 0x14, 0xec, 0xec, 0xec, 0x44, 0xda, 0xda, 0xda, 0x07,
  0x00, 0x00, 0x00, 0x00, 0x00, 0x00, 0x00, 0x00, 0x00, 0x00, 0x00, 0x00, 0x00, 0x00, 0xff, 0x02,
  0x01, 0x00, 0x00, 0x00, 0x4f, 0x5a, 0xeb, 0xb9, 0x3a, 0x47, 0xff, 0xff, 0x35, 0x41, 0xf3, 0xfc,
  0x36, 0x42, 0xf4, 0xff, 0x36, 0x42, 0xf4, 0xff, 0x36, 0x42, 0xf4, 0xff, 0x36, 0x42, 0xf4, 0xff,
  0x36, 0x42, 0xf4, 0xff, 0x35, 0x41, 0xf3, 0xfb, 0x3e, 0x4c, 0xff, 0xff, 0x5b, 0x65, 0xe8, 0x7e,
  0x00, 0x00, 0x00, 0x00, 0x3f, 0x3f, 0xff, 0x04, 0x00, 0x00, 0x00, 0x00, 0xff, 0xff, 0xff, 0x01,
  0x00, 0x00, 0x00, 0x00, 0xe2, 0xe2, 0xe2, 0x24, 0xe0, 0xe0, 0xe0, 0x6b, 0xf3, 0xf3, 0xf3, 0x2c,
  0xff, 0xff, 0xff, 0x14, 0xff, 0xff, 0xff, 0x05, 0xff, 0xff, 0xff, 0x01, 0x00, 0x00, 0x00, 0x00,
  0x00, 0x00, 0x00, 0x00, 0x00, 0x00, 0x00, 0x00, 0x00, 0x00, 0x00, 0x00, 0x00, 0x00, 0x00, 0x00,
  0x00, 0x00, 0x00, 0x00, 0x00, 0x00, 0x00, 0x00, 0x00, 0x00, 0x00, 0x00, 0x00, 0x00, 0x00, 0x00,
  0x00, 0x00, 0x00, 0x00, 0x00, 0x00, 0x00, 0x00, 0x00, 0x00, 0x00, 0x00, 0x00, 0x00, 0x00, 0x00,
  0x00, 0x00, 0x00, 0x00, 0x00, 0x00, 0x00, 0x00, 0x00, 0x00, 0x00, 0x00, 0x00, 0x00, 0x00, 0x00,
  0x00, 0x00, 0x00, 0x00, 0x00, 0x00, 0x00, 0x00, 0x00, 0x00, 0x00, 0x00, 0x00, 0x00, 0x00, 0x00,
  0x00, 0x00, 0x00, 0x00, 0x00, 0x00, 0x00, 0x00, 0x00, 0x00, 0x00, 0x00, 0xff, 0xff, 0xff, 0x04,
  0xff, 0xff, 0xff, 0x12, 0xeb, 0xeb, 0xeb, 0x41, 0xff, 0xff, 0xff, 0x12, 0x00, 0x00, 0x00, 0x00,
  0xff, 0xff, 0xff, 0x01, 0x00, 0x00, 0x00, 0x00, 0x55, 0xaa, 0xff, 0x03, 0x00, 0x00, 0x00, 0x00,
  0x85, 0x8d, 0xf2, 0xb4, 0x43, 0x4f, 0xff, 0xfd, 0x33, 0x3f, 0xf3, 0xfc, 0x36, 0x42, 0xf4, 0xff,
  0x36, 0x42, 0xf4, 0xff, 0x36, 0x42, 0xf4, 0xff, 0x36, 0x42, 0xf4, 0xff, 0x37, 0x43, 0xf4, 0xff,
  0x30, 0x3c, 0xf3, 0xfb, 0x54, 0x60, 0xff, 0xfd, 0x93, 0x9b, 0xee, 0x79, 0x00, 0x00, 0x00, 0x00,
  0x7f, 0xbf, 0xff, 0x04, 0x00, 0x00, 0x00, 0x00, 0x00, 0x00, 0x00, 0x00, 0xff, 0xff, 0xff, 0x01,
  0xe9, 0xe9, 0xe9, 0x3c, 0xe3, 0xe3, 0xe3, 0x65, 0xf2, 0xf2, 0xf2, 0x2a, 0xff, 0xff, 0xff, 0x13,
  0xff, 0xff, 0xff, 0x05, 0xff, 0xff, 0xff, 0x01, 0x00, 0x00, 0x00, 0x00, 0x00, 0x00, 0x00, 0x00,
  0x00, 0x00, 0x00, 0x00, 0x00, 0x00, 0x00, 0x00, 0x00, 0x00, 0x00, 0x00, 0x00, 0x00, 0x00, 0x00,
  0x00, 0x00, 0x00, 0x00, 0x00, 0x00, 0x00, 0x00, 0x00, 0x00, 0x00, 0x00, 0x00, 0x00, 0x00, 0x00,
  0x00, 0x00, 0x00, 0x00, 0x00, 0x00, 0x00, 0x00, 0x00, 0x00, 0x00, 0x00, 0x00, 0x00, 0x00, 0x00,
  0x00, 0x00, 0x00, 0x00, 0x00, 0x00, 0x00, 0x00, 0x00, 0x00, 0x00, 0x00, 0x00, 0x00, 0x00, 0x00,
  0x00, 0x00, 0x00, 0x00, 0x00, 0x00, 0x00, 0x00, 0x00, 0x00, 0x00, 0x00, 0x00, 0x00, 0x00, 0x00,
  0x00, 0x00, 0x00, 0x00, 0x00, 0x00, 0x00, 0x00, 0xff, 0xff, 0xff, 0x05, 0xff, 0xff, 0xff, 0x0c,
  0xed, 0xed, 0xed, 0x39, 0xef, 0xef, 0xef, 0x21, 0x00, 0x00, 0x00, 0x00, 0xff, 0xff, 0xff, 0x01,
  0x00, 0x00, 0x00, 0x00, 0x7f, 0x7f, 0xff, 0x02, 0x00, 0x00, 0x00, 0x00, 0xde, 0xe1, 0xfb, 0x46,
  0x53, 0x5e, 0xf2, 0xf8, 0x2d, 0x39, 0xf6, 0xfc, 0x37, 0x43, 0xf3, 0xfc, 0x36, 0x42, 0xf3, 0xfd,
  0x36, 0x42, 0xf3, 0xfd, 0x36, 0x42, 0xf3, 0xfd, 0x35, 0x42, 0xf3, 0xfb, 0x2f, 0x3c, 0xfb, 0xfd,
  0x6a, 0x73, 0xf4, 0xd8, 0xff, 0xff, 0xff, 0x25, 0x00, 0x00, 0xff, 0x01, 0x7f, 0x7f, 0xff, 0x02,
  0x00, 0x00, 0x00, 0x00, 0x00, 0x00, 0x00, 0x00, 0x00, 0x00, 0x00, 0x00, 0xe2, 0xe2, 0xe2, 0x61,
  0xe8, 0xe8, 0xe8, 0x59, 0xf7, 0xf7, 0xf7, 0x24, 0xf0, 0xf0, 0xf0, 0x11, 0xff, 0xff, 0xff, 0x06,
  0xff, 0xff, 0xff, 0x01, 0x00, 0x00, 0x00, 0x00, 0x00, 0x00, 0x00, 0x00, 0x00, 0x00, 0x00, 0x00,
  0x00, 0x00, 0x00, 0x00, 0x00, 0x00, 0x00, 0x00, 0x00, 0x00, 0x00, 0x00, 0x00, 0x00, 0x00, 0x00,
  0x00, 0x00, 0x00, 0x00, 0x00, 0x00, 0x00, 0x00, 0x00, 0x00, 0x00, 0x00, 0x00, 0x00, 0x00, 0x00,
  0x00, 0x00, 0x00, 0x00, 0x00, 0x00, 0x00, 0x00, 0x00, 0x00, 0x00, 0x00, 0x00, 0x00, 0x00, 0x00,
  0x00, 0x00, 0x00, 0x00, 0x00, 0x00, 0x00, 0x00, 0x00, 0x00, 0x00, 0x00, 0x00, 0x00, 0x00, 0x00,
  0x00, 0x00, 0x00, 0x00, 0x00, 0x00, 0x00, 0x00, 0x00, 0x00, 0x00, 0x00, 0x00, 0x00, 0x00, 0x00,
  0x00, 0x00, 0x00, 0x00, 0xff, 0xff, 0xff, 0x03, 0xff, 0xff, 0xff, 0x07, 0xed, 0xed, 0xed, 0x2b,
  0xf0, 0xf0, 0xf0, 0x36, 0xff, 0xff, 0xff, 0x03, 0xff, 0xff, 0xff, 0x01, 0x00, 0x00, 0x00, 0x01,
  0xff, 0xff, 0xff, 0x02, 0xff, 0xff, 0xff, 0x02, 0x03, 0x02, 0x00, 0x00, 0xa1, 0xa4, 0xef, 0x96,
  0x61, 0x6d, 0xff, 0xff, 0x30, 0x3d, 0xf9, 0xff, 0x38, 0x44, 0xfb, 0xff, 0x38, 0x44, 0xfb, 0xff,
  0x37, 0x43, 0xfb, 0xff, 0x33, 0x40, 0xfc, 0xff, 0x71, 0x7b, 0xfd, 0xff, 0xb1, 0xb7, 0xf1, 0x60,
  0x00, 0x00, 0x00, 0x00, 0x55, 0x55, 0xaa, 0x03, 0x00, 0x00, 0x00, 0x00, 0xff, 0xff, 0xff, 0x01,
  0x00, 0x00, 0x00, 0x00, 0xef, 0xef, 0xef, 0x10, 0xdb, 0xdb, 0xdb, 0x7b, 0xf0, 0xf0, 0xf0, 0x44,
  0xf6, 0xf6, 0xf6, 0x1e, 0xec, 0xec, 0xec, 0x0e, 0xff, 0xff, 0xff, 0x04, 0xff, 0xff, 0xff, 0x01,
  0x00, 0x00, 0x00, 0x00, 0x00, 0x00, 0x00, 0x00, 0x00, 0x00, 0x00, 0x00, 0x00, 0x00, 0x00, 0x00,
  0x00, 0x00, 0x00, 0x00, 0x00, 0x00, 0x00, 0x00, 0x00, 0x00, 0x00, 0x00, 0x00, 0x00, 0x00, 0x00,
  0x00, 0x00, 0x00, 0x00, 0x00, 0x00, 0x00, 0x00, 0x00, 0x00, 0x00, 0x00, 0x00, 0x00, 0x00, 0x00,
  0x00, 0x00, 0x00, 0x00, 0x00, 0x00, 0x00, 0x00, 0x00, 0x00, 0x00, 0x00, 0x00, 0x00, 0x00, 0x00,
  0x00, 0x00, 0x00, 0x00, 0x00, 0x00, 0x00, 0x00, 0x00, 0x00, 0x00, 0x00, 0x00, 0x00, 0x00, 0x00,
  0x00, 0x00, 0x00, 0x00, 0x00, 0x00, 0x00, 0x00, 0x00, 0x00, 0x00, 0x00, 0x00, 0x00, 0x00, 0x00,
  0xff, 0xff, 0xff, 0x01, 0xff, 0xff, 0xff, 0x06, 0xf4, 0xf4, 0xf4, 0x18, 0xed, 0xed, 0xed, 0x47,
  0xf4, 0xf4, 0xf4, 0x18, 0x00, 0x00, 0x00, 0x00, 0xff, 0xff, 0xff, 0x01, 0x00, 0x00, 0x00, 0x00,
  0xff, 0xff, 0xff, 0x01, 0x7f, 0x7f, 0x7f, 0x02, 0xff, 0xff, 0xff, 0x09, 0xaf, 0xb6, 0xff, 0x66,
  0x74, 0x7d, 0xf5, 0xd4, 0x48, 0x52, 0xf8, 0xdf, 0x35, 0x42, 0xf3, 0xdd, 0x55, 0x61, 0xfb, 0xdf,
  0x7e, 0x88, 0xf5, 0xc1, 0xba, 0xbd, 0xf5, 0x4e, 0x00, 0x00, 0x00, 0x00, 0x7f, 0x7f, 0x7f, 0x02,
  0x00, 0x00, 0x00, 0x00, 0x00, 0x00, 0x00, 0x00, 0xff, 0xff, 0xff, 0x02, 0x00, 0x00, 0x00, 0x00,
  0xe0, 0xe0, 0xe0, 0x42, 0xe3, 0xe3, 0xe3, 0x70, 0xf4, 0xf4, 0xf4, 0x30, 0xff, 0xff, 0xff, 0x19,
  0xe5, 0xe5, 0xe5, 0x0a, 0xff, 0xff, 0xff, 0x02, 0x00, 0x00, 0x00, 0x00, 0x00, 0x00, 0x00, 0x00,
  0x00, 0x00, 0x00, 0x00, 0x00, 0x00, 0x00, 0x00, 0x00, 0x00, 0x00, 0x00, 0x00, 0x00, 0x00, 0x00,
  0x00, 0x00, 0x00, 0x00, 0x00, 0x00, 0x00, 0x00, 0x00, 0x00, 0x00, 0x00, 0x00, 0x00, 0x00, 0x00,
  0x00, 0x00, 0x00, 0x00, 0x00, 0x00, 0x00, 0x00, 0x00, 0x00, 0x00, 0x00, 0x00, 0x00, 0x00, 0x00,
  0x00, 0x00, 0x00, 0x00, 0x00, 0x00, 0x00, 0x00, 0x00, 0x00, 0x00, 0x00, 0x00, 0x00, 0x00, 0x00,
  0x00, 0x00, 0x00, 0x00, 0x00, 0x00, 0x00, 0x00, 0x00, 0x00, 0x00, 0x00, 0x00, 0x00, 0x00, 0x00,
  0x00, 0x00, 0x00, 0x00, 0x00, 0x00, 0x00, 0x00, 0x00, 0x00, 0x00, 0x00, 0xff, 0xff, 0xff, 0x01,
  0xff, 0xff, 0xff, 0x06, 0xff, 0xff, 0xff, 0x0d, 0xef, 0xef, 0xef, 0x32, 0xea, 0xea, 0xea, 0x49,
  0xff, 0xff, 0xff, 0x09, 0x00, 0x00, 0x00, 0x00, 0xff, 0xff, 0xff, 0x01, 0x00, 0x00, 0x00, 0x00,
  0x01, 0x01, 0x00, 0x00, 0x00, 0x00, 0x00, 0x00, 0x00, 0x00, 0x00, 0x00, 0xff, 0xff, 0xff, 0x04,
  0x99, 0x99, 0xff, 0x05, 0x33, 0x33, 0xcc, 0x05, 0xff, 0xff, 0xff, 0x06, 0xff, 0xff, 0xff, 0x01,
  0x00, 0x00, 0x00, 0x00, 0x00, 0x00, 0x7f, 0x02, 0xff, 0xff, 0xff, 0x01, 0x00, 0x00, 0x00, 0x00,
  0x7f, 0x7f, 0x7f, 0x02, 0x00, 0x00, 0x00, 0x00, 0xe7, 0xe7, 0xe7, 0x20, 0xdf, 0xdf, 0xdf, 0x7b,
  0xea, 0xea, 0xea, 0x4b, 0xf7, 0xf7, 0xf7, 0x21, 0xff, 0xff, 0xff, 0x12, 0xff, 0xff, 0xff, 0x07,
  0xff, 0xff, 0xff, 0x01, 0x00, 0x00, 0x00, 0x00, 0x00, 0x00, 0x00, 0x00, 0x00, 0x00, 0x00, 0x00,
  0x00, 0x00, 0x00, 0x00, 0x00, 0x00, 0x00, 0x00, 0x00, 0x00, 0x00, 0x00, 0x00, 0x00, 0x00, 0x00,
  0x00, 0x00, 0x00, 0x00, 0x00, 0x00, 0x00, 0x00, 0x00, 0x00, 0x00, 0x00, 0x00, 0x00, 0x00, 0x00,
  0x00, 0x00, 0x00, 0x00, 0x00, 0x00, 0x00, 0x00, 0x00, 0x00, 0x00, 0x00, 0x00, 0x00, 0x00, 0x00,
  0x00, 0x00, 0x00, 0x00, 0x00, 0x00, 0x00, 0x00, 0x00, 0x00, 0x00, 0x00, 0x00, 0x00, 0x00, 0x00,
  0x00, 0x00, 0x00, 0x00, 0x00, 0x00, 0x00, 0x00, 0x00, 0x00, 0x00, 0x00, 0x00, 0x00, 0x00, 0x00,
  0x00, 0x00, 0x00, 0x00, 0x00, 0x00, 0x00, 0x00, 0x00, 0x00, 0x00, 0x00, 0xff, 0xff, 0xff, 0x02,
  0xff, 0xff, 0xff, 0x0a, 0xff, 0xff, 0xff, 0x15, 0xed, 0xed, 0xed, 0x47, 0xe8, 0xe8, 0xe8, 0x39,
  0x00, 0x00, 0x00, 0x00, 0x00, 0x00, 0x00, 0x01, 0xff, 0xff, 0xff, 0x01, 0xff, 0xff, 0xff, 0x01,
  0x7f, 0x7f, 0xff, 0x02, 0x55, 0x55, 0xff, 0x03, 0x00, 0x00, 0x00, 0x00, 0x00, 0x00, 0x00, 0x00,
  0x00, 0x00, 0x00, 0x00, 0x00, 0x00, 0x00, 0x00, 0x00, 0x00, 0x00, 0x00, 0xaa, 0xaa, 0xff, 0x03,
  0xff, 0xff, 0xff, 0x01, 0x00, 0x00, 0x00, 0x00, 0x7f, 0x7f, 0x7f, 0x02, 0x00, 0x00, 0x00, 0x00,
  0xff, 0xff, 0xff, 0x06, 0xe0, 0xe0, 0xe0, 0x6c, 0xe2, 0xe2, 0xe2, 0x6c, 0xf9, 0xf9, 0xf9, 0x2c,
  0xf5, 0xf5, 0xf5, 0x1a, 0xff, 0xff, 0xff, 0x0b, 0xff, 0xff, 0xff, 0x03, 0x00, 0x00, 0x00, 0x00,
  0x00, 0x00, 0x00, 0x00, 0x00, 0x00, 0x00, 0x00, 0x00, 0x00, 0x00, 0x00, 0x00, 0x00, 0x00, 0x00,
  0x00, 0x00, 0x00, 0x00, 0x00, 0x00, 0x00, 0x00, 0x00, 0x00, 0x00, 0x00, 0x00, 0x00, 0x00, 0x00,
  0x00, 0x00, 0x00, 0x00, 0x00, 0x00, 0x00, 0x00, 0x00, 0x00, 0x00, 0x00, 0x00, 0x00, 0x00, 0x00,
  0x00, 0x00, 0x00, 0x00, 0x00, 0x00, 0x00, 0x00, 0x00, 0x00, 0x00, 0x00, 0x00, 0x00, 0x00, 0x00,
  0x00, 0x00, 0x00, 0x00, 0x00, 0x00, 0x00, 0x00, 0x00, 0x00, 0x00, 0x00, 0x00, 0x00, 0x00, 0x00,
  0x00, 0x00, 0x00, 0x00, 0x00, 0x00, 0x00, 0x00, 0x00, 0x00, 0x00, 0x00, 0x00, 0x00, 0x00, 0x00,
  0x00, 0x00, 0x00, 0x00, 0x00, 0x00, 0x00, 0x00, 0x00, 0x00, 0x00, 0x00, 0xff, 0xff, 0xff, 0x05,
  0xff, 0xff, 0xff, 0x0e, 0xf6, 0xf6, 0xf6, 0x1e, 0xeb, 0xeb, 0xeb, 0x4e, 0xea, 0xea, 0xea, 0x32,
  0x00, 0x00, 0x00, 0x00, 0x00, 0x00, 0x00, 0x00, 0xff, 0xff, 0xff, 0x01, 0x00, 0x00, 0x00, 0x01,
  0x00, 0x00, 0x00, 0x00, 0x00, 0x00, 0xff, 0x01, 0x00, 0x00, 0xff, 0x01, 0x00, 0x00, 0xff, 0x01,
  0x00, 0x00, 0xff, 0x01, 0xff, 0xff, 0xff, 0x01, 0xff, 0xff, 0xff, 0x01, 0xff, 0xff, 0xff, 0x01,
  0x7f, 0x7f, 0x7f, 0x02, 0x00, 0x00, 0x00, 0x00, 0xff, 0xff, 0xff, 0x03, 0xdf, 0xdf, 0xdf, 0x5a,
  0xe3, 0xe3, 0xe3, 0x6f, 0xf1, 0xf1, 0xf1, 0x39, 0xf7, 0xf7, 0xf7, 0x21, 0xff, 0xff, 0xff, 0x0f,
  0xff, 0xff, 0xff, 0x06, 0xff, 0xff, 0xff, 0x01, 0x00, 0x00, 0x00, 0x00, 0x00, 0x00, 0x00, 0x00,
  0x00, 0x00, 0x00, 0x00, 0x00, 0x00, 0x00, 0x00, 0x00, 0x00, 0x00, 0x00, 0x00, 0x00, 0x00, 0x00,
  0x00, 0x00, 0x00, 0x00, 0x00, 0x00, 0x00, 0x00, 0x00, 0x00, 0x00, 0x00, 0x00, 0x00, 0x00, 0x00,
  0x00, 0x00, 0x00, 0x00, 0x00, 0x00, 0x00, 0x00, 0x00, 0x00, 0x00, 0x00, 0x00, 0x00, 0x00, 0x00,
  0x00, 0x00, 0x00, 0x00, 0x00, 0x00, 0x00, 0x00, 0x00, 0x00, 0x00, 0x00, 0x00, 0x00, 0x00, 0x00,
  0x00, 0x00, 0x00, 0x00, 0x00, 0x00, 0x00, 0x00, 0x00, 0x00, 0x00, 0x00, 0x00, 0x00, 0x00, 0x00,
  0x00, 0x00, 0x00, 0x00, 0x00, 0x00, 0x00, 0x00, 0x00, 0x00, 0x00, 0x00, 0x00, 0x00, 0x00, 0x00,
  0x00, 0x00, 0x00, 0x00, 0x00, 0x00, 0x00, 0x00, 0xff, 0xff, 0xff, 0x02, 0xff, 0xff, 0xff, 0x07,
  0xff, 0xff, 0xff, 0x0e, 0xf7, 0xf7, 0xf7, 0x24, 0xeb, 0xeb, 0xeb, 0x4e, 0xe6, 0xe6, 0xe6, 0x4a,
  0xec, 0xec, 0xec, 0x0e, 0x00, 0x00, 0x00, 0x00, 0x00, 0x00, 0x00, 0x00, 0x00, 0x00, 0x00, 0x00,
  0x00, 0x00, 0x00, 0x00, 0xff, 0xff, 0xff, 0x01, 0x7f, 0x7f, 0x7f, 0x02, 0xff, 0xff, 0xff, 0x01,
  0x00, 0x00, 0x00, 0x00, 0x00, 0x00, 0x00, 0x00, 0x00, 0x00, 0x00, 0x00, 0x00, 0x00, 0x00, 0x00,
  0xe3, 0xe3, 0xe3, 0x25, 0xde, 0xde, 0xde, 0x6d, 0xe3, 0xe3, 0xe3, 0x6e, 0xee, 0xee, 0xee, 0x3d,
  0xf1, 0xf1, 0xf1, 0x25, 0xff, 0xff, 0xff, 0x12, 0xff, 0xff, 0xff, 0x07, 0xff, 0xff, 0xff, 0x04,
  0xff, 0xff, 0xff, 0x01, 0x00, 0x00, 0x00, 0x00, 0x00, 0x00, 0x00, 0x00, 0x00, 0x00, 0x00, 0x00,
  0x00, 0x00, 0x00, 0x00, 0x00, 0x00, 0x00, 0x00, 0x00, 0x00, 0x00, 0x00, 0x00, 0x00, 0x00, 0x00,
  0x00, 0x00, 0x00, 0x00, 0x00, 0x00, 0x00, 0x00, 0x00, 0x00, 0x00, 0x00, 0x00, 0x00, 0x00, 0x00,
  0x00, 0x00, 0x00, 0x00, 0x00, 0x00, 0x00, 0x00, 0x00, 0x00, 0x00, 0x00, 0x00, 0x00, 0x00, 0x00,
  0x00, 0x00, 0x00, 0x00, 0x00, 0x00, 0x00, 0x00, 0x00, 0x00, 0x00, 0x00, 0x00, 0x00, 0x00, 0x00,
  0x00, 0x00, 0x00, 0x00, 0x00, 0x00, 0x00, 0x00, 0x00, 0x00, 0x00, 0x00, 0x00, 0x00, 0x00, 0x00,
  0x00, 0x00, 0x00, 0x00, 0x00, 0x00, 0x00, 0x00, 0x00, 0x00, 0x00, 0x00, 0x00, 0x00, 0x00, 0x00,
  0x00, 0x00, 0x00, 0x00, 0x00, 0x00, 0x00, 0x00, 0xff, 0xff, 0xff, 0x03, 0xff, 0xff, 0xff, 0x08,
  0xff, 0xff, 0xff, 0x0f, 0xf7, 0xf7, 0xf7, 0x23, 0xeb, 0xeb, 0xeb, 0x4f, 0xe5, 0xe5, 0xe5, 0x51,
  0xe7, 0xe7, 0xe7, 0x36, 0xe1, 0xe1, 0xe1, 0x11, 0xff, 0xff, 0xff, 0x05, 0x00, 0x00, 0x00, 0x00,
  0x00, 0x00, 0x00, 0x00, 0x00, 0x00, 0x00, 0x00, 0x00, 0x00, 0x00, 0x00, 0x00, 0x00, 0x00, 0x00,
  0xdf, 0xdf, 0xdf, 0x08, 0xe2, 0xe2, 0xe2, 0x1b, 0xe3, 0xe3, 0xe3, 0x4b, 0xe0, 0xe0, 0xe0, 0x75,
  0xe0, 0xe0, 0xe0, 0x6b, 0xf1, 0xf1, 0xf1, 0x38, 0xf7, 0xf7, 0xf7, 0x24, 0xff, 0xff, 0xff, 0x13,
  0xff, 0xff, 0xff, 0x09, 0xff, 0xff, 0xff, 0x03, 0x00, 0x00, 0x00, 0x00, 0x00, 0x00, 0x00, 0x00,
  0x00, 0x00, 0x00, 0x00, 0x00, 0x00, 0x00, 0x00, 0x00, 0x00, 0x00, 0x00, 0x00, 0x00, 0x00, 0x00,
  0x00, 0x00, 0x00, 0x00, 0x00, 0x00, 0x00, 0x00, 0x00, 0x00, 0x00, 0x00, 0x00, 0x00, 0x00, 0x00,
  0x00, 0x00, 0x00, 0x00, 0x00, 0x00, 0x00, 0x00, 0x00, 0x00, 0x00, 0x00, 0x00, 0x00, 0x00, 0x00,
  0x00, 0x00, 0x00, 0x00, 0x00, 0x00, 0x00, 0x00, 0x00, 0x00, 0x00, 0x00, 0x00, 0x00, 0x00, 0x00,
  0x00, 0x00, 0x00, 0x00, 0x00, 0x00, 0x00, 0x00, 0x00, 0x00, 0x00, 0x00, 0x00, 0x00, 0x00, 0x00,
  0x00, 0x00, 0x00, 0x00, 0x00, 0x00, 0x00, 0x00, 0x00, 0x00, 0x00, 0x00, 0x00, 0x00, 0x00, 0x00,
  0x00, 0x00, 0x00, 0x00, 0x00, 0x00, 0x00, 0x00, 0x00, 0x00, 0x00, 0x00, 0x00, 0x00, 0x00, 0x00,
  0x00, 0x00, 0x00, 0x00, 0x00, 0x00, 0x00, 0x00, 0xff, 0xff, 0xff, 0x02, 0xff, 0xff, 0xff, 0x08,
  0xff, 0xff, 0xff, 0x0f, 0xff, 0xff, 0xff, 0x19, 0xf0, 0xf0, 0xf0, 0x36, 0xe7, 0xe7, 0xe7, 0x56,
  0xe2, 0xe2, 0xe2, 0x64, 0xe9, 0xe9, 0xe9, 0x52, 0xe9, 0xe9, 0xe9, 0x3c, 0xdd, 0xdd, 0xdd, 0x2e,
  0xda, 0xda, 0xda, 0x2a, 0xe1, 0xe1, 0xe1, 0x34, 0xe9, 0xe9, 0xe9, 0x46, 0xe5, 0xe5, 0xe5, 0x64,
  0xdd, 0xdd, 0xdd, 0x7b, 0xe6, 0xe6, 0xe6, 0x68, 0xec, 0xec, 0xec, 0x45, 0xf9, 0xf9, 0xf9, 0x2c,
  0xf7, 0xf7, 0xf7, 0x20, 0xff, 0xff, 0xff, 0x12, 0xff, 0xff, 0xff, 0x09, 0xff, 0xff, 0xff, 0x03,
  0x00, 0x00, 0x00, 0x00, 0x00, 0x00, 0x00, 0x00, 0x00, 0x00, 0x00, 0x00, 0x00, 0x00, 0x00, 0x00,
  0x00, 0x00, 0x00, 0x00, 0x00, 0x00, 0x00, 0x00, 0x00, 0x00, 0x00, 0x00, 0x00, 0x00, 0x00, 0x00,
  0x00, 0x00, 0x00, 0x00, 0x00, 0x00, 0x00, 0x00, 0x00, 0x00, 0x00, 0x00, 0x00, 0x00, 0x00, 0x00,
  0x00, 0x00, 0x00, 0x00, 0x00, 0x00, 0x00, 0x00, 0x00, 0x00, 0x00, 0x00, 0x00, 0x00, 0x00, 0x00,
  0x00, 0x00, 0x00, 0x00, 0x00, 0x00, 0x00, 0x00, 0x00, 0x00, 0x00, 0x00, 0x00, 0x00, 0x00, 0x00,
  0x00, 0x00, 0x00, 0x00, 0x00, 0x00, 0x00, 0x00, 0x00, 0x00, 0x00, 0x00, 0x00, 0x00, 0x00, 0x00,
  0x00, 0x00, 0x00, 0x00, 0x00, 0x00, 0x00, 0x00, 0x00, 0x00, 0x00, 0x00, 0x00, 0x00, 0x00, 0x00,
  0x00, 0x00, 0x00, 0x00, 0x00, 0x00, 0x00, 0x00, 0x00, 0x00, 0x00, 0x00, 0x00, 0x00, 0x00, 0x00,
  0x00, 0x00, 0x00, 0x00, 0x00, 0x00, 0x00, 0x00, 0xff, 0xff, 0xff, 0x02, 0xff, 0xff, 0xff, 0x06,
  0xff, 0xff, 0xff, 0x0d, 0xff, 0xff, 0xff, 0x15, 0xf6, 0xf6, 0xf6, 0x1d, 0xee, 0xee, 0xee, 0x2f,
  0xec, 0xec, 0xec, 0x44, 0xe7, 0xe7, 0xe7, 0x55, 0xe4, 0xe4, 0xe4, 0x61, 0xe3, 0xe3, 0xe3, 0x65,
  0xe5, 0xe5, 0xe5, 0x63, 0xe6, 0xe6, 0xe6, 0x5c, 0xeb, 0xeb, 0xeb, 0x4d, 0xf1, 0xf1, 0xf1, 0x3a,
  0xf3, 0xf3, 0xf3, 0x2c, 0xff, 0xff, 0xff, 0x1f, 0xff, 0xff, 0xff, 0x18, 0xff, 0xff, 0xff, 0x0e,
  0xff, 0xff, 0xff, 0x07, 0xff, 0xff, 0xff, 0x03, 0x00, 0x00, 0x00, 0x00, 0x00, 0x00, 0x00, 0x00,
  0x00, 0x00, 0x00, 0x00, 0x00, 0x00, 0x00, 0x00, 0x00, 0x00, 0x00, 0x00, 0x00, 0x00, 0x00, 0x00,
  0x00, 0x00, 0x00, 0x00, 0x00, 0x00, 0x00, 0x00, 0x00, 0x00, 0x00, 0x00, 0x00, 0x00, 0x00, 0x00,
  0x00, 0x00, 0x00, 0x00, 0x00, 0x00, 0x00, 0x00, 0x00, 0x00, 0x00, 0x00, 0x00, 0x00, 0x00, 0x00,
  0x00, 0x00, 0x00, 0x00, 0x00, 0x00, 0x00, 0x00, 0x00, 0x00, 0x00, 0x00, 0x00, 0x00, 0x00, 0x00,
  0x00, 0x00, 0x00, 0x00, 0x00, 0x00, 0x00, 0x00, 0x00, 0x00, 0x00, 0x00, 0x00, 0x00, 0x00, 0x00,
  0x00, 0x00, 0x00, 0x00, 0x00, 0x00, 0x00, 0x00, 0x00, 0x00, 0x00, 0x00, 0x00, 0x00, 0x00, 0x00,
  0x00, 0x00, 0x00, 0x00, 0x00, 0x00, 0x00, 0x00, 0x00, 0x00, 0x00, 0x00, 0x00, 0x00, 0x00, 0x00,
  0x00, 0x00, 0x00, 0x00, 0x00, 0x00, 0x00, 0x00, 0x00, 0x00, 0x00, 0x00, 0x00, 0x00, 0x00, 0x00,
  0x00, 0x00, 0x00, 0x00, 0x00, 0x00, 0x00, 0x00, 0xff, 0xff, 0xff, 0x02, 0xff, 0xff, 0xff, 0x04,
  0xff, 0xff, 0xff, 0x0a, 0xff, 0xff, 0xff, 0x0f, 0xff, 0xff, 0xff, 0x13, 0xf4, 0xf4, 0xf4, 0x18,
  0xff, 0xff, 0xff, 0x1c, 0xf7, 0xf7, 0xf7, 0x21, 0xff, 0xff, 0xff, 0x22, 0xf7, 0xf7, 0xf7, 0x23,
  0xf7, 0xf7, 0xf7, 0x23, 0xf6, 0xf6, 0xf6, 0x1f, 0xf5, 0xf5, 0xf5, 0x1b, 0xff, 0xff, 0xff, 0x15,
  0xff, 0xff, 0xff, 0x10, 0xff, 0xff, 0xff, 0x0b, 0xff, 0xff, 0xff, 0x05, 0xff, 0xff, 0xff, 0x03,
  0x00, 0x00, 0x00, 0x00, 0x00, 0x00, 0x00, 0x00, 0x00, 0x00, 0x00, 0x00, 0x00, 0x00, 0x00, 0x00,
  0x00, 0x00, 0x00, 0x00, 0x00, 0x00, 0x00, 0x00, 0x00, 0x00, 0x00, 0x00, 0x00, 0x00, 0x00, 0x00,
  0x00, 0x00, 0x00, 0x00, 0x00, 0x00, 0x00, 0x00, 0x00, 0x00, 0x00, 0x00, 0x00, 0x00, 0x00, 0x00,
  0x00, 0x00, 0x00, 0x00, 0x00, 0x00, 0x00, 0x00, 0x00, 0x00, 0x00, 0x00, 0x00, 0x00, 0x00, 0x00,
  0x00, 0x00, 0x00, 0x00, 0x00, 0x00, 0x00, 0x00, 0x00, 0x00, 0x00, 0x00, 0x00, 0x00, 0x00, 0x00,
  0x00, 0x00, 0x00, 0x00, 0x00, 0x00, 0x00, 0x00, 0x00, 0x00, 0x00, 0x00, 0x00, 0x00, 0x00, 0x00,
  0x00, 0x00, 0x00, 0x00, 0x00, 0x00, 0x00, 0x00, 0x00, 0x00, 0x00, 0x00, 0x00, 0x00, 0x00, 0x00,
  0x00, 0x00, 0x00, 0x00, 0x00, 0x00, 0x00, 0x00, 0x00, 0x00, 0x00, 0x00, 0x00, 0x00, 0x00, 0x00,
  0x00, 0x00, 0x00, 0x00, 0x00, 0x00, 0x00, 0x00, 0x00, 0x00, 0x00, 0x00, 0x00, 0x00, 0x00, 0x00,
  0x00, 0x00, 0x00, 0x00, 0x00, 0x00, 0x00, 0x00, 0x00, 0x00, 0x00, 0x00, 0xff, 0xff, 0xff, 0x02,
  0xff, 0xff, 0xff, 0x05, 0xff, 0xff, 0xff, 0x06, 0xff, 0xff, 0xff, 0x0a, 0xff, 0xff, 0xff, 0x0d,
  0xff, 0xff, 0xff, 0x0f, 0xff, 0xff, 0xff, 0x0f, 0xff, 0xff, 0xff, 0x0f, 0xff, 0xff, 0xff, 0x0e,
  0xff, 0xff, 0xff, 0x0d, 0xff, 0xff, 0xff, 0x0b, 0xff, 0xff, 0xff, 0x07, 0xff, 0xff, 0xff, 0x05,
  0xff, 0xff, 0xff, 0x02, 0xff, 0xff, 0xff, 0x01, 0x00, 0x00, 0x00, 0x00, 0x00, 0x00, 0x00, 0x00,
  0x00, 0x00, 0x00, 0x00, 0x00, 0x00, 0x00, 0x00, 0x00, 0x00, 0x00, 0x00, 0x00, 0x00, 0x00, 0x00,
  0x00, 0x00, 0x00, 0x00, 0x00, 0x00, 0x00, 0x00, 0x00, 0x00, 0x00, 0x00, 0x00, 0x00, 0x00, 0x00,
  0x00, 0x00, 0x00, 0x00, 0x00, 0x00, 0x00, 0x00, 0x00, 0x00, 0x00, 0x00, 0x00, 0x00, 0x00, 0x00,
  0x00, 0x00, 0x00, 0x00, 0x00, 0x00, 0x00, 0x00, 0x00, 0x00, 0x00, 0x00, 0x00, 0x00, 0x00, 0x00,
  0x00, 0x00, 0x00, 0x00, 0x00, 0x00, 0x00, 0x00, 0x00, 0x00, 0x00, 0x00, 0x00, 0x00, 0x00, 0x00,
  0x00, 0x00, 0x00, 0x00, 0x00, 0x00, 0x00, 0x00, 0x00, 0x00, 0x00, 0x00, 0x00, 0x00, 0x00, 0x00,
  0x00, 0x00, 0x00, 0x00, 0x00, 0x00, 0x00, 0x00, 0x00, 0x00, 0x00, 0x00, 0x00, 0x00, 0x00, 0x00,
  0x00, 0x00, 0x00, 0x00, 0x00, 0x00, 0x00, 0x00, 0x00, 0x00, 0x00, 0x00, 0x00, 0x00, 0x00, 0x00,
  0x00, 0x00, 0x00, 0x00, 0x00, 0x00, 0x00, 0x00, 0x00, 0x00, 0x00, 0x00, 0x00, 0x00, 0x00, 0x00,
  0x00, 0x00, 0x00, 0x00, 0x00, 0x00, 0x00, 0x00, 0x00, 0x00, 0x00, 0x00, 0xff, 0xff, 0xff, 0x01,
  0xff, 0xff, 0xff, 0x01, 0xff, 0xff, 0xff, 0x03, 0xff, 0xff, 0xff, 0x05, 0xff, 0xff, 0xff, 0x05,
  0xff, 0xff, 0xff, 0x05, 0xff, 0xff, 0xff, 0x05, 0xff, 0xff, 0xff, 0x05, 0xff, 0xff, 0xff, 0x05,
  0xff, 0xff, 0xff, 0x04, 0xff, 0xff, 0xff, 0x01, 0xff, 0xff, 0xff, 0x01, 0x00, 0x00, 0x00, 0x00,
  0x00, 0x00, 0x00, 0x00, 0x00, 0x00, 0x00, 0x00, 0x00, 0x00, 0x00, 0x00, 0x00, 0x00, 0x00, 0x00,
  0x00, 0x00, 0x00, 0x00, 0x00, 0x00, 0x00, 0x00, 0x00, 0x00, 0x00, 0x00, 0x00, 0x00, 0x00, 0x00,
  0x00, 0x00, 0x00, 0x00, 0x00, 0x00, 0x00, 0x00, 0x00, 0x00, 0x00, 0x00, 0x00, 0x00, 0x00, 0x00,
  0x00, 0x00, 0x00, 0x00, 0x00, 0x00, 0x00, 0x00, 0x00, 0x00, 0x00, 0x00, 0x00, 0x00, 0x00, 0x00,
  0x00, 0x00, 0x00, 0x00, 0x00, 0x00, 0x00, 0x00, 0x00, 0x00, 0x00, 0x00, 0x00, 0x00, 0x00, 0x00,
  0x00, 0x00, 0x00, 0x00, 0x00, 0x00, 0x00, 0x00, 0x00, 0x00, 0x00, 0x00, 0x00, 0x00, 0x00, 0x00,
  0x00, 0x00, 0x00, 0x00, 0x00, 0x00, 0x00, 0x00, 0x00, 0x00, 0x00, 0x00, 0x00, 0x00, 0x00, 0x00,
  0x00, 0x00, 0x00, 0x00, 0x00, 0x00, 0x00, 0x00, 0x00, 0x00, 0x00, 0x00, 0x00, 0x00, 0x00, 0x00,
  0x00, 0x00, 0x00, 0x00,
};

const lv_image_dsc_t Thermometer = {
  .header.cf = LV_COLOR_FORMAT_ARGB8888,
  .header.magic = LV_IMAGE_HEADER_MAGIC,
  .header.w = 55,
  .header.h = 107,
  .data_size = 23540,
  .data = Thermometer_map,
};
